Date/Time,Electricity:Facility [J](Hourly),Electricity:HVAC [J](Hourly),Electricity:Facility [J](Monthly),Electricity:Building [J](Monthly),InteriorLights:Electricity [J](Monthly),Electricity:HVAC [J](Monthly),Electricity:Plant [J](Monthly),NaturalGas:Facility [J](Monthly),NaturalGas:Plant [J](Monthly),Electricity:Facility [J](RunPeriod),Electricity:Building [J](RunPeriod),InteriorLights:Electricity [J](RunPeriod),Electricity:HVAC [J](RunPeriod),Electricity:Plant [J](RunPeriod),NaturalGas:Facility [J](RunPeriod),NaturalGas:Plant [J](RunPeriod),MYGENERALLIGHTS [J](Monthly),MYGENERALLIGHTS [J](RunPeriod),MYBUILDINGELECTRIC [J](Monthly),MYBUILDINGELECTRIC [J](RunPeriod),MYBUILDINGOTHER [J](Monthly),MYBUILDINGOTHER [J](RunPeriod) 
 01/01  01:00:00,3064960.257918031,1354960.257918031 
 01/01  02:00:00,3065015.7201517066,1354960.257918031 
 01/01  03:00:00,3066988.5819907133,1354960.257918031 
 01/01  04:00:00,3070058.968935639,1354960.257918031 
 01/01  05:00:00,3073084.5786933415,1354960.257918031 
 01/01  06:00:00,3076738.64253913,1354960.257918031 
 01/01  07:00:00,3554354.363652503,1354960.257918031 
 01/01  08:00:00,3537489.8908222094,1354960.257918031 
 01/01  09:00:00,33047114.168364707,1354960.257918031 
 01/01  10:00:00,43324387.80022816,1354960.257918031 
 01/01  11:00:00,44649408.97009845,1354960.257918031 
 01/01  12:00:00,43285205.143044546,1354960.257918031 
 01/01  13:00:00,39228727.01772587,1354960.257918031 
 01/01  14:00:00,41920152.601511404,1354960.257918031 
 01/01  15:00:00,42817153.09572389,1354960.257918031 
 01/01  16:00:00,41017862.65072859,1354960.257918031 
 01/01  17:00:00,37421867.88074589,1354960.257918031 
 01/01  18:00:00,37424928.7577349,1354960.257918031 
 01/01  19:00:00,23047358.546217375,1354960.257918031 
 01/01  20:00:00,12281465.755498054,1354960.257918031 
 01/01  21:00:00,7114960.257918031,1354960.257918031 
 01/01  22:00:00,3064960.257918031,1354960.257918031 
 01/01  23:00:00,3064960.257918031,1354960.257918031 
 01/01  24:00:00,3064960.257918031,1354960.257918031 
 01/02  01:00:00,3064960.257918031,1354960.257918031 
 01/02  02:00:00,3064960.257918031,1354960.257918031 
 01/02  03:00:00,3064960.257918031,1354960.257918031 
 01/02  04:00:00,3064960.257918031,1354960.257918031 
 01/02  05:00:00,3064960.257918031,1354960.257918031 
 01/02  06:00:00,3064960.257918031,1354960.257918031 
 01/02  07:00:00,3486015.1491723293,1354960.257918031 
 01/02  08:00:00,3388348.3049890613,1354960.257918031 
 01/02  09:00:00,32957463.632526126,1354960.257918031 
 01/02  10:00:00,43276513.807521194,1354960.257918031 
 01/02  11:00:00,44615953.800788805,1354960.257918031 
 01/02  12:00:00,43261200.22128617,1354960.257918031 
 01/02  13:00:00,39211125.14931615,1354960.257918031 
 01/02  14:00:00,41910899.38368675,1354960.257918031 
 01/02  15:00:00,42812943.10208858,1354960.257918031 
 01/02  16:00:00,41012841.18771125,1354960.257918031 
 01/02  17:00:00,37419843.9422688,1354960.257918031 
 01/02  18:00:00,37423951.252921455,1354960.257918031 
 01/02  19:00:00,23040384.24372819,1354960.257918031 
 01/02  20:00:00,12271359.167417113,1354960.257918031 
 01/02  21:00:00,7114960.257918031,1354960.257918031 
 01/02  22:00:00,3064960.257918031,1354960.257918031 
 01/02  23:00:00,3064960.257918031,1354960.257918031 
 01/02  24:00:00,3064960.257918031,1354960.257918031 
 01/03  01:00:00,3064960.257918031,1354960.257918031 
 01/03  02:00:00,3064960.257918031,1354960.257918031 
 01/03  03:00:00,3064960.257918031,1354960.257918031 
 01/03  04:00:00,3064960.257918031,1354960.257918031 
 01/03  05:00:00,3064960.257918031,1354960.257918031 
 01/03  06:00:00,3064960.257918031,1354960.257918031 
 01/03  07:00:00,3493060.857476989,1354960.257918031 
 01/03  08:00:00,3447479.5064574555,1354960.257918031 
 01/03  09:00:00,32980251.009583205,1354960.257918031 
 01/03  10:00:00,43298617.02165308,1354960.257918031 
 01/03  11:00:00,44637810.42458971,1354960.257918031 
 01/03  12:00:00,43282454.068792835,1354960.257918031 
 01/03  13:00:00,39232328.81159715,1354960.257918031 
 01/03  14:00:00,41926237.80809866,1354960.257918031 
 01/03  15:00:00,42823755.00781446,1354960.257918031 
 01/03  16:00:00,41024390.926143326,1354960.257918031 
 01/03  17:00:00,37431248.98337343,1354960.257918031 
 01/03  18:00:00,37434506.67821413,1354960.257918031 
 01/03  19:00:00,23055322.58441217,1354960.257918031 
 01/03  20:00:00,12291725.43009115,1354960.257918031 
 01/03  21:00:00,7114960.257918031,1354960.257918031 
 01/03  22:00:00,3064960.257918031,1354960.257918031 
 01/03  23:00:00,3064960.257918031,1354960.257918031 
 01/03  24:00:00,3064960.257918031,1354960.257918031 
 01/04  01:00:00,3064960.257918031,1354960.257918031 
 01/04  02:00:00,3064960.257918031,1354960.257918031 
 01/04  03:00:00,3064960.257918031,1354960.257918031 
 01/04  04:00:00,3064960.257918031,1354960.257918031 
 01/04  05:00:00,3065126.8697555927,1354960.257918031 
 01/04  06:00:00,3065553.906546722,1354960.257918031 
 01/04  07:00:00,3496853.998756268,1354960.257918031 
 01/04  08:00:00,3458032.727288736,1354960.257918031 
 01/04  09:00:00,32975156.338188883,1354960.257918031 
 01/04  10:00:00,43288704.56314616,1354960.257918031 
 01/04  11:00:00,44627796.48219779,1354960.257918031 
 01/04  12:00:00,43273139.56215662,1354960.257918031 
 01/04  13:00:00,39222696.550897345,1354960.257918031 
 01/04  14:00:00,41916556.971828684,1354960.257918031 
 01/04  15:00:00,42816176.88115874,1354960.257918031 
 01/04  16:00:00,41019451.24369886,1354960.257918031 
 01/04  17:00:00,37433353.45986644,1354960.257918031 
 01/04  18:00:00,37445042.41820981,1354960.257918031 
 01/04  19:00:00,23082361.468905173,1354960.257918031 
 01/04  20:00:00,12336723.352824941,1354960.257918031 
 01/04  21:00:00,7114960.257918031,1354960.257918031 
 01/04  22:00:00,3064960.257918031,1354960.257918031 
 01/04  23:00:00,3064960.257918031,1354960.257918031 
 01/04  24:00:00,3064960.257918031,1354960.257918031 
 01/05  01:00:00,6304998.259236109,1354960.257918031 
 01/05  02:00:00,6305733.32518605,1354960.257918031 
 01/05  03:00:00,6306289.9949387275,1354960.257918031 
 01/05  04:00:00,6308348.3177185105,1354960.257918031 
 01/05  05:00:00,6313965.008827514,1354960.257918031 
 01/05  06:00:00,6319794.407234493,1354960.257918031 
 01/05  07:00:00,6324671.565248364,1354960.257918031 
 01/05  08:00:00,6326920.462339504,1354960.257918031 
 01/05  09:00:00,6325899.75381399,1354960.257918031 
 01/05  10:00:00,6320225.512515584,1354960.257918031 
 01/05  11:00:00,6315141.367864844,1354960.257918031 
 01/05  12:00:00,6310271.654979434,1354960.257918031 
 01/05  13:00:00,6305247.292531861,1354960.257918031 
 01/05  14:00:00,6304960.257918031,1354960.257918031 
 01/05  15:00:00,6304960.257918031,1354960.257918031 
 01/05  16:00:00,6304960.257918031,1354960.257918031 
 01/05  17:00:00,6304960.257918031,1354960.257918031 
 01/05  18:00:00,6304960.257918031,1354960.257918031 
 01/05  19:00:00,6304980.20087586,1354960.257918031 
 01/05  20:00:00,6305541.044618929,1354960.257918031 
 01/05  21:00:00,6307622.907272596,1354960.257918031 
 01/05  22:00:00,6309944.353745488,1354960.257918031 
 01/05  23:00:00,6312538.400265487,1354960.257918031 
 01/05  24:00:00,6315635.569627056,1354960.257918031 
 01/06  01:00:00,6319320.38099286,1354960.257918031 
 01/06  02:00:00,6321525.209444018,1354960.257918031 
 01/06  03:00:00,6323427.983848546,1354960.257918031 
 01/06  04:00:00,6326047.880237876,1354960.257918031 
 01/06  05:00:00,6328447.495058568,1354960.257918031 
 01/06  06:00:00,6330869.122614015,1354960.257918031 
 01/06  07:00:00,6334081.312314549,1354960.257918031 
 01/06  08:00:00,6333400.801241318,1354960.257918031 
 01/06  09:00:00,6330099.718896091,1354960.257918031 
 01/06  10:00:00,6323732.86688686,1354960.257918031 
 01/06  11:00:00,6318418.311647304,1354960.257918031 
 01/06  12:00:00,6313011.325174967,1354960.257918031 
 01/06  13:00:00,6310001.746178316,1354960.257918031 
 01/06  14:00:00,6307786.043689476,1354960.257918031 
 01/06  15:00:00,6306844.490299405,1354960.257918031 
 01/06  16:00:00,6306433.42207491,1354960.257918031 
 01/06  17:00:00,6308498.85504395,1354960.257918031 
 01/06  18:00:00,6314129.700705134,1354960.257918031 
 01/06  19:00:00,6322825.804154316,1354960.257918031 
 01/06  20:00:00,6329750.962267842,1354960.257918031 
 01/06  21:00:00,6333423.120143169,1354960.257918031 
 01/06  22:00:00,6339259.115237227,1354960.257918031 
 01/06  23:00:00,6344320.2634697985,1354960.257918031 
 01/06  24:00:00,6348980.871778579,1354960.257918031 
 01/07  01:00:00,3116172.863489786,1354960.257918031 
 01/07  02:00:00,3118366.3185147676,1354960.257918031 
 01/07  03:00:00,3120223.4153076448,1354960.257918031 
 01/07  04:00:00,3124421.104213455,1354960.257918031 
 01/07  05:00:00,3126617.233345526,1354960.257918031 
 01/07  06:00:00,3128877.9583357507,1354960.257918031 
 01/07  07:00:00,3613548.207527157,1354960.257918031 
 01/07  08:00:00,3613548.207527157,1354960.257918031 
 01/07  09:00:00,33294584.97046801,1354960.257918031 
 01/07  10:00:00,43471874.72192453,1354960.257918031 
 01/07  11:00:00,44781100.160958745,1354960.257918031 
 01/07  12:00:00,43408099.8297842,1354960.257918031 
 01/07  13:00:00,39343771.15708884,1354960.257918031 
 01/07  14:00:00,42024802.24815131,1354960.257918031 
 01/07  15:00:00,42928205.89922103,1363774.5323827341 
 01/07  16:00:00,41155346.72839319,1383326.8862739955 
 01/07  17:00:00,37571487.41666523,1354960.257918031 
 01/07  18:00:00,37600331.576476656,1354960.257918031 
 01/07  19:00:00,23256912.26284262,1354960.257918031 
 01/07  20:00:00,12545182.677515864,1354960.257918031 
 01/07  21:00:00,7114960.25791803,1354960.257918031 
 01/07  22:00:00,3065936.9092452344,1354960.257918031 
 01/07  23:00:00,3073549.752867912,1354960.257918031 
 01/07  24:00:00,3081648.980943681,1354960.257918031 
 01/08  01:00:00,3091614.42935778,1354960.257918031 
 01/08  02:00:00,3100043.280858233,1354960.257918031 
 01/08  03:00:00,3106855.471537943,1354960.257918031 
 01/08  04:00:00,3112522.5106276283,1354960.257918031 
 01/08  05:00:00,3117476.1437940863,1354960.257918031 
 01/08  06:00:00,3121580.8674996486,1354960.257918031 
 01/08  07:00:00,3613548.207527157,1354960.257918031 
 01/08  08:00:00,3613548.207527157,1354960.257918031 
 01/08  09:00:00,33244699.625405427,1354960.257918031 
 01/08  10:00:00,43445513.02387719,1354960.257918031 
 01/08  11:00:00,44742484.885145426,1354960.257918031 
 01/08  12:00:00,43367784.65468271,1354960.257918031 
 01/08  13:00:00,39302140.41628022,1354960.257918031 
 01/08  14:00:00,41987014.38732979,1354960.257918031 
 01/08  15:00:00,42879399.99438074,1355843.1898746463 
 01/08  16:00:00,41075992.46675021,1355813.1500133632 
 01/08  17:00:00,37483143.47817222,1354960.257918031 
 01/08  18:00:00,37494398.80180659,1354960.257918031 
 01/08  19:00:00,23128956.72284991,1354960.257918031 
 01/08  20:00:00,12384626.786934404,1354960.257918031 
 01/08  21:00:00,7114960.257918031,1354960.257918031 
 01/08  22:00:00,3064960.257918031,1354960.257918031 
 01/08  23:00:00,3065095.4294073097,1354960.257918031 
 01/08  24:00:00,3067886.749818974,1354960.257918031 
 01/09  01:00:00,3071376.8934210422,1354960.257918031 
 01/09  02:00:00,3075040.6050027553,1354960.257918031 
 01/09  03:00:00,3078062.297537539,1354960.257918031 
 01/09  04:00:00,3080381.8767158915,1354960.257918031 
 01/09  05:00:00,3082531.0110887075,1354960.257918031 
 01/09  06:00:00,3084130.4618057134,1354960.257918031 
 01/09  07:00:00,3528483.6339132255,1354960.257918031 
 01/09  08:00:00,3520713.9839665466,1354960.257918031 
 01/09  09:00:00,33062151.618178405,1354960.257918031 
 01/09  10:00:00,43308085.110434934,1354960.257918031 
 01/09  11:00:00,44637076.33196768,1354960.257918031 
 01/09  12:00:00,43274277.08379713,1354960.257918031 
 01/09  13:00:00,39217962.27635614,1354960.257918031 
 01/09  14:00:00,41911168.40490445,1354960.257918031 
 01/09  15:00:00,42807630.61832798,1354960.257918031 
 01/09  16:00:00,41007678.80547031,1354960.257918031 
 01/09  17:00:00,37414865.21312338,1354960.257918031 
 01/09  18:00:00,37420782.5561475,1354960.257918031 
 01/09  19:00:00,23042805.678448264,1354960.257918031 
 01/09  20:00:00,12280485.599774174,1354960.257918031 
 01/09  21:00:00,7114960.257918031,1354960.257918031 
 01/09  22:00:00,3064960.257918031,1354960.257918031 
 01/09  23:00:00,3064960.257918031,1354960.257918031 
 01/09  24:00:00,3064960.257918031,1354960.257918031 
 01/10  01:00:00,3064960.257918031,1354960.257918031 
 01/10  02:00:00,3064960.257918031,1354960.257918031 
 01/10  03:00:00,3064960.257918031,1354960.257918031 
 01/10  04:00:00,3064960.257918031,1354960.257918031 
 01/10  05:00:00,3064960.257918031,1354960.257918031 
 01/10  06:00:00,3064960.257918031,1354960.257918031 
 01/10  07:00:00,3491447.74681663,1354960.257918031 
 01/10  08:00:00,3421062.695426478,1354960.257918031 
 01/10  09:00:00,32957624.026898418,1354960.257918031 
 01/10  10:00:00,43274944.446315125,1354960.257918031 
 01/10  11:00:00,44634675.79275681,1385272.9870222379 
 01/10  12:00:00,43299634.22863484,1414899.3847720998 
 01/10  13:00:00,39249240.32184191,1418648.7101205816 
 01/10  14:00:00,42036505.86443567,1520518.5109617335 
 01/10  15:00:00,42978498.2523857,1567507.9789561266 
 01/10  16:00:00,41125612.20977706,1503632.3289347466 
 01/10  17:00:00,37436118.17529994,1384813.5198261319 
 01/10  18:00:00,37420546.36454571,1354960.257918031 
 01/10  19:00:00,23049686.390312962,1354960.257918031 
 01/10  20:00:00,12293630.26072919,1354960.257918031 
 01/10  21:00:00,7114960.257918031,1354960.257918031 
 01/10  22:00:00,3064960.257918031,1354960.257918031 
 01/10  23:00:00,3064960.257918031,1354960.257918031 
 01/10  24:00:00,3064960.257918031,1354960.257918031 
 01/11  01:00:00,3064960.257918031,1354960.257918031 
 01/11  02:00:00,3064960.257918031,1354960.257918031 
 01/11  03:00:00,3064961.7179650385,1354960.257918031 
 01/11  04:00:00,3064966.0980541073,1354960.257918031 
 01/11  05:00:00,3065319.6687385156,1354960.257918031 
 01/11  06:00:00,3066214.567408921,1354960.257918031 
 01/11  07:00:00,3499995.7685744483,1354960.257918031 
 01/11  08:00:00,3472610.7664520233,1354960.257918031 
 01/11  09:00:00,32986514.854026236,1354960.257918031 
 01/11  10:00:00,43291733.4590326,1354960.257918031 
 01/11  11:00:00,44626695.256189406,1354960.257918031 
 01/11  12:00:00,43268645.390555896,1354960.257918031 
 01/11  13:00:00,39212703.28028722,1354960.257918031 
 01/11  14:00:00,41935450.27942941,1394073.699253257 
 01/11  15:00:00,42917934.35808532,1486968.4949562973 
 01/11  16:00:00,41117373.66222641,1478155.183712325 
 01/11  17:00:00,37430589.4932954,1354960.257918031 
 01/11  18:00:00,37407891.1164176,1354960.257918031 
 01/11  19:00:00,23024987.840958152,1354960.257918031 
 01/11  20:00:00,12260075.164009482,1354960.257918031 
 01/11  21:00:00,7114960.257918031,1354960.257918031 
 01/11  22:00:00,3064960.257918031,1354960.257918031 
 01/11  23:00:00,3064960.257918031,1354960.257918031 
 01/11  24:00:00,3064960.257918031,1354960.257918031 
 01/12  01:00:00,6304960.257918031,1354960.257918031 
 01/12  02:00:00,6304960.257918031,1354960.257918031 
 01/12  03:00:00,6304960.257918031,1354960.257918031 
 01/12  04:00:00,6304960.257918031,1354960.257918031 
 01/12  05:00:00,6304960.257918031,1354960.257918031 
 01/12  06:00:00,6304960.257918031,1354960.257918031 
 01/12  07:00:00,6304960.257918031,1354960.257918031 
 01/12  08:00:00,6304960.257918031,1354960.257918031 
 01/12  09:00:00,6304960.257918031,1354960.257918031 
 01/12  10:00:00,6304960.257918031,1354960.257918031 
 01/12  11:00:00,6304960.257918031,1354960.257918031 
 01/12  12:00:00,6304960.257918031,1354960.257918031 
 01/12  13:00:00,6304960.257918031,1354960.257918031 
 01/12  14:00:00,6304960.257918031,1354960.257918031 
 01/12  15:00:00,6304960.257918031,1354960.257918031 
 01/12  16:00:00,6304960.257918031,1354960.257918031 
 01/12  17:00:00,6304960.257918031,1354960.257918031 
 01/12  18:00:00,6304960.257918031,1354960.257918031 
 01/12  19:00:00,6304960.257918031,1354960.257918031 
 01/12  20:00:00,6304960.257918031,1354960.257918031 
 01/12  21:00:00,6304961.717180156,1354960.257918031 
 01/12  22:00:00,6306909.664155389,1354960.257918031 
 01/12  23:00:00,6309426.552147804,1354960.257918031 
 01/12  24:00:00,6311949.466070724,1354960.257918031 
 01/13  01:00:00,6315113.332295259,1354960.257918031 
 01/13  02:00:00,6317092.271979102,1354960.257918031 
 01/13  03:00:00,6320688.642088578,1354960.257918031 
 01/13  04:00:00,6324758.194533212,1354960.257918031 
 01/13  05:00:00,6326477.408412932,1354960.257918031 
 01/13  06:00:00,6326991.279594721,1354960.257918031 
 01/13  07:00:00,6327154.619396349,1354960.257918031 
 01/13  08:00:00,6327063.73773665,1354960.257918031 
 01/13  09:00:00,6323146.787451064,1354960.257918031 
 01/13  10:00:00,6316620.987921478,1354960.257918031 
 01/13  11:00:00,6312752.160934284,1354960.257918031 
 01/13  12:00:00,6306817.6183884,1354960.257918031 
 01/13  13:00:00,6304960.257918031,1354960.257918031 
 01/13  14:00:00,6304960.257918031,1354960.257918031 
 01/13  15:00:00,6304960.257918031,1354960.257918031 
 01/13  16:00:00,6304960.257918031,1354960.257918031 
 01/13  17:00:00,6304960.257918031,1354960.257918031 
 01/13  18:00:00,6304960.257918031,1354960.257918031 
 01/13  19:00:00,6304960.257918031,1354960.257918031 
 01/13  20:00:00,6305090.934230398,1354960.257918031 
 01/13  21:00:00,6306033.295986058,1354960.257918031 
 01/13  22:00:00,6308299.277776726,1354960.257918031 
 01/13  23:00:00,6310123.246359149,1354960.257918031 
 01/13  24:00:00,6311407.524151217,1354960.257918031 
 01/14  01:00:00,3075865.2202046346,1354960.257918031 
 01/14  02:00:00,3077594.1589730135,1354960.257918031 
 01/14  03:00:00,3076146.4299813937,1354960.257918031 
 01/14  04:00:00,3075167.6865692316,1354960.257918031 
 01/14  05:00:00,3074286.5956958174,1354960.257918031 
 01/14  06:00:00,3074588.5587967285,1354960.257918031 
 01/14  07:00:00,3513453.299386358,1354960.257918031 
 01/14  08:00:00,3493169.393038569,1354960.257918031 
 01/14  09:00:00,33005680.804177664,1354960.257918031 
 01/14  10:00:00,43308150.84109904,1354960.257918031 
 01/14  11:00:00,44647413.348989554,1354960.257918031 
 01/14  12:00:00,43292879.70142747,1354960.257918031 
 01/14  13:00:00,39241795.93581002,1354960.257918031 
 01/14  14:00:00,41931525.47834665,1354960.257918031 
 01/14  15:00:00,42844333.80309705,1378307.7337674454 
 01/14  16:00:00,41042133.72776584,1372600.0056097775 
 01/14  17:00:00,37440061.867611915,1354960.257918031 
 01/14  18:00:00,37453514.41556761,1354960.257918031 
 01/14  19:00:00,23086691.934360053,1354960.257918031 
 01/14  20:00:00,12337177.688561045,1354960.257918031 
 01/14  21:00:00,7114960.257918031,1354960.257918031 
 01/14  22:00:00,3064960.257918031,1354960.257918031 
 01/14  23:00:00,3064960.257918031,1354960.257918031 
 01/14  24:00:00,3065345.9135073414,1354960.257918031 
 01/15  01:00:00,3069439.19492317,1354960.257918031 
 01/15  02:00:00,3073667.2900565467,1354960.257918031 
 01/15  03:00:00,3079079.470412929,1354960.257918031 
 01/15  04:00:00,3081951.549647591,1354960.257918031 
 01/15  05:00:00,3085691.7405728344,1354960.257918031 
 01/15  06:00:00,3089075.2876883484,1354960.257918031 
 01/15  07:00:00,3558559.6793686287,1354960.257918031 
 01/15  08:00:00,3529978.880160759,1354960.257918031 
 01/15  09:00:00,33042229.696709,1354960.257918031 
 01/15  10:00:00,43308763.62804947,1354960.257918031 
 01/15  11:00:00,44637464.13103077,1354960.257918031 
 01/15  12:00:00,43280192.383951046,1363338.1901706823 
 01/15  13:00:00,39221014.88343778,1360433.3724640762 
 01/15  14:00:00,41933394.47385641,1388857.6075975639 
 01/15  15:00:00,42835365.2333131,1395435.0412816878 
 01/15  16:00:00,41040433.18870925,1386166.0726391585 
 01/15  17:00:00,37414873.79849843,1354960.257918031 
 01/15  18:00:00,37413736.719538204,1354960.257918031 
 01/15  19:00:00,23040194.19607584,1354960.257918031 
 01/15  20:00:00,12279398.768966893,1354960.257918031 
 01/15  21:00:00,7114960.257918031,1354960.257918031 
 01/15  22:00:00,3064960.257918031,1354960.257918031 
 01/15  23:00:00,3064960.257918031,1354960.257918031 
 01/15  24:00:00,3064960.257918031,1354960.257918031 
 01/16  01:00:00,3064960.257918031,1354960.257918031 
 01/16  02:00:00,3064960.257918031,1354960.257918031 
 01/16  03:00:00,3064960.257918031,1354960.257918031 
 01/16  04:00:00,3065392.140004067,1354960.257918031 
 01/16  05:00:00,3066461.255072092,1354960.257918031 
 01/16  06:00:00,3067691.047413666,1354960.257918031 
 01/16  07:00:00,3505078.317157531,1354960.257918031 
 01/16  08:00:00,3468691.213029557,1354960.257918031 
 01/16  09:00:00,32969845.82858251,1354960.257918031 
 01/16  10:00:00,43276389.37414975,1354960.257918031 
 01/16  11:00:00,44613245.47759949,1354960.257918031 
 01/16  12:00:00,43272241.05345477,1354960.257918031 
 01/16  13:00:00,39228526.21793416,1354960.257918031 
 01/16  14:00:00,41955167.74238225,1427623.0990149442 
 01/16  15:00:00,42857717.799849585,1455947.911900808 
 01/16  16:00:00,41021351.12754017,1417812.8731099723 
 01/16  17:00:00,37383677.176003784,1360585.856829894 
 01/16  18:00:00,37393689.75091639,1354960.257918031 
 01/16  19:00:00,22988361.504314702,1354960.257918031 
 01/16  20:00:00,12206222.346489199,1354960.257918031 
 01/16  21:00:00,7114960.257918031,1354960.257918031 
 01/16  22:00:00,3064960.257918031,1354960.257918031 
 01/16  23:00:00,3064960.257918031,1354960.257918031 
 01/16  24:00:00,3064960.257918031,1354960.257918031 
 01/17  01:00:00,3064960.257918031,1354960.257918031 
 01/17  02:00:00,3064960.257918031,1354960.257918031 
 01/17  03:00:00,3064960.257918031,1354960.257918031 
 01/17  04:00:00,3064960.257918031,1354960.257918031 
 01/17  05:00:00,3064960.257918031,1354960.257918031 
 01/17  06:00:00,3064960.257918031,1354960.257918031 
 01/17  07:00:00,3447192.652483762,1354960.257918031 
 01/17  08:00:00,3290756.2759355903,1354960.257918031 
 01/17  09:00:00,32928809.787291523,1354960.257918031 
 01/17  10:00:00,43273220.65684856,1372739.4154883423 
 01/17  11:00:00,44655267.59008585,1428437.5220206133 
 01/17  12:00:00,44207366.59615371,1503655.1380194868 
 01/17  13:00:00,41061849.451599576,1449632.8336136346 
 01/17  14:00:00,44299450.30373567,1520661.4116061043 
 01/17  15:00:00,45048336.45091309,1473978.7864911612 
 01/17  16:00:00,41009216.80556022,1406414.422244383 
 01/17  17:00:00,37386616.45260416,1363869.9635682392 
 01/17  18:00:00,37416636.84456288,1354960.257918031 
 01/17  19:00:00,23001530.45161431,1354960.257918031 
 01/17  20:00:00,12216123.900413169,1354960.257918031 
 01/17  21:00:00,7114960.257918031,1354960.257918031 
 01/17  22:00:00,3064960.257918031,1354960.257918031 
 01/17  23:00:00,3064960.257918031,1354960.257918031 
 01/17  24:00:00,3064960.257918031,1354960.257918031 
 01/18  01:00:00,3064960.257918031,1354960.257918031 
 01/18  02:00:00,3064960.257918031,1354960.257918031 
 01/18  03:00:00,3064960.257918031,1354960.257918031 
 01/18  04:00:00,3064960.257918031,1354960.257918031 
 01/18  05:00:00,3064960.257918031,1354960.257918031 
 01/18  06:00:00,3064960.257918031,1354960.257918031 
 01/18  07:00:00,3380122.172175602,1354960.257918031 
 01/18  08:00:00,3233898.652753776,1354960.257918031 
 01/18  09:00:00,32904214.182596706,1354960.257918031 
 01/18  10:00:00,43253597.97664672,1354960.257918031 
 01/18  11:00:00,44628018.749304116,1354960.257918031 
 01/18  12:00:00,43280470.53648039,1354960.257918031 
 01/18  13:00:00,39238401.31523063,1354960.257918031 
 01/18  14:00:00,41934975.99177768,1354960.257918031 
 01/18  15:00:00,42833678.818528414,1354960.257918031 
 01/18  16:00:00,41019221.176781826,1354960.257918031 
 01/18  17:00:00,37413859.57862727,1354960.257918031 
 01/18  18:00:00,37416551.273506485,1354960.257918031 
 01/18  19:00:00,23033320.006635483,1354960.257918031 
 01/18  20:00:00,12263424.184941195,1354960.257918031 
 01/18  21:00:00,7114960.257918031,1354960.257918031 
 01/18  22:00:00,3064960.257918031,1354960.257918031 
 01/18  23:00:00,3064960.257918031,1354960.257918031 
 01/18  24:00:00,3064960.257918031,1354960.257918031 
 01/19  01:00:00,6304960.257918031,1354960.257918031 
 01/19  02:00:00,6304960.257918031,1354960.257918031 
 01/19  03:00:00,6304960.257918031,1354960.257918031 
 01/19  04:00:00,6304960.257918031,1354960.257918031 
 01/19  05:00:00,6304960.257918031,1354960.257918031 
 01/19  06:00:00,6304960.257918031,1354960.257918031 
 01/19  07:00:00,6304960.257918031,1354960.257918031 
 01/19  08:00:00,6304960.257918031,1354960.257918031 
 01/19  09:00:00,6304960.257918031,1354960.257918031 
 01/19  10:00:00,6304960.257918031,1354960.257918031 
 01/19  11:00:00,6304960.257918031,1354960.257918031 
 01/19  12:00:00,6304960.257918031,1354960.257918031 
 01/19  13:00:00,6304960.257918031,1354960.257918031 
 01/19  14:00:00,6304960.257918031,1354960.257918031 
 01/19  15:00:00,6304960.257918031,1354960.257918031 
 01/19  16:00:00,6304960.257918031,1354960.257918031 
 01/19  17:00:00,6304960.257918031,1354960.257918031 
 01/19  18:00:00,6304960.257918031,1354960.257918031 
 01/19  19:00:00,6304960.257918031,1354960.257918031 
 01/19  20:00:00,6304960.257918031,1354960.257918031 
 01/19  21:00:00,6304960.257918031,1354960.257918031 
 01/19  22:00:00,6304960.257918031,1354960.257918031 
 01/19  23:00:00,6304960.257918031,1354960.257918031 
 01/19  24:00:00,6304960.257918031,1354960.257918031 
 01/20  01:00:00,6304960.257918031,1354960.257918031 
 01/20  02:00:00,6304960.257918031,1354960.257918031 
 01/20  03:00:00,6304973.828189818,1354960.257918031 
 01/20  04:00:00,6305112.136384235,1354960.257918031 
 01/20  05:00:00,6305252.115578473,1354960.257918031 
 01/20  06:00:00,6305359.297257893,1354960.257918031 
 01/20  07:00:00,6305435.34658678,1354960.257918031 
 01/20  08:00:00,6305475.52787493,1354960.257918031 
 01/20  09:00:00,6305418.143165608,1354960.257918031 
 01/20  10:00:00,6305159.552826556,1354960.257918031 
 01/20  11:00:00,6304960.257918031,1354960.257918031 
 01/20  12:00:00,6304960.257918031,1354960.257918031 
 01/20  13:00:00,6304960.257918031,1354960.257918031 
 01/20  14:00:00,6304960.257918031,1354960.257918031 
 01/20  15:00:00,6304960.257918031,1354960.257918031 
 01/20  16:00:00,6304960.257918031,1354960.257918031 
 01/20  17:00:00,6304960.257918031,1354960.257918031 
 01/20  18:00:00,6304960.257918031,1354960.257918031 
 01/20  19:00:00,6304960.257918031,1354960.257918031 
 01/20  20:00:00,6304960.257918031,1354960.257918031 
 01/20  21:00:00,6304960.257918031,1354960.257918031 
 01/20  22:00:00,6304960.257918031,1354960.257918031 
 01/20  23:00:00,6304960.257918031,1354960.257918031 
 01/20  24:00:00,6304960.257918031,1354960.257918031 
 01/21  01:00:00,3064960.257918031,1354960.257918031 
 01/21  02:00:00,3064960.257918031,1354960.257918031 
 01/21  03:00:00,3064960.257918031,1354960.257918031 
 01/21  04:00:00,3064960.257918031,1354960.257918031 
 01/21  05:00:00,3064960.257918031,1354960.257918031 
 01/21  06:00:00,3064960.257918031,1354960.257918031 
 01/21  07:00:00,3486523.2908846308,1354960.257918031 
 01/21  08:00:00,3424480.7556107724,1354960.257918031 
 01/21  09:00:00,32949915.15995729,1354960.257918031 
 01/21  10:00:00,43264999.37162804,1354960.257918031 
 01/21  11:00:00,44628189.46306778,1358048.2359350445 
 01/21  12:00:00,43283770.97872914,1362031.2025584497 
 01/21  13:00:00,39227683.97860546,1354960.257918031 
 01/21  14:00:00,41899026.94934939,1379903.3647587383 
 01/21  15:00:00,43723644.740517974,1395482.7511220295 
 01/21  16:00:00,41940375.86527252,1384452.3202521314 
 01/21  17:00:00,38314218.887766756,1357422.0917145442 
 01/21  18:00:00,37387593.027169906,1354960.257918031 
 01/21  19:00:00,23026489.203024648,1354960.257918031 
 01/21  20:00:00,12270929.670086347,1354960.257918031 
 01/21  21:00:00,7114960.257918031,1354960.257918031 
 01/21  22:00:00,3064960.257918031,1354960.257918031 
 01/21  23:00:00,3064960.257918031,1354960.257918031 
 01/21  24:00:00,3064960.257918031,1354960.257918031 
 01/22  01:00:00,3064960.257918031,1354960.257918031 
 01/22  02:00:00,3064960.257918031,1354960.257918031 
 01/22  03:00:00,3064960.257918031,1354960.257918031 
 01/22  04:00:00,3064960.257918031,1354960.257918031 
 01/22  05:00:00,3064960.257918031,1354960.257918031 
 01/22  06:00:00,3064960.257918031,1354960.257918031 
 01/22  07:00:00,3478028.4015543046,1354960.257918031 
 01/22  08:00:00,3404353.472082601,1354960.257918031 
 01/22  09:00:00,32955783.68748867,1354960.257918031 
 01/22  10:00:00,43272401.58286013,1354960.257918031 
 01/22  11:00:00,44612764.31420745,1354960.257918031 
 01/22  12:00:00,43261660.28525458,1361022.0358355492 
 01/22  13:00:00,39209808.80872546,1360545.2767731147 
 01/22  14:00:00,41969663.26566234,1446973.5116203884 
 01/22  15:00:00,42957438.46475255,1547208.4999903617 
 01/22  16:00:00,41154528.23322129,1546192.0684123586 
 01/22  17:00:00,37428914.58950554,1389270.8854871495 
 01/22  18:00:00,37414973.72692989,1354960.257918031 
 01/22  19:00:00,23041515.138792746,1354960.257918031 
 01/22  20:00:00,12283484.178015176,1354960.257918031 
 01/22  21:00:00,7114960.257918031,1354960.257918031 
 01/22  22:00:00,3064960.257918031,1354960.257918031 
 01/22  23:00:00,3064960.257918031,1354960.257918031 
 01/22  24:00:00,3064960.257918031,1354960.257918031 
 01/23  01:00:00,3064960.257918031,1354960.257918031 
 01/23  02:00:00,3064960.257918031,1354960.257918031 
 01/23  03:00:00,3064960.257918031,1354960.257918031 
 01/23  04:00:00,3065231.4339765115,1354960.257918031 
 01/23  05:00:00,3066941.5406808686,1354960.257918031 
 01/23  06:00:00,3068069.075883676,1354960.257918031 
 01/23  07:00:00,3527644.8799944855,1354960.257918031 
 01/23  08:00:00,3504362.8178425846,1354960.257918031 
 01/23  09:00:00,32988990.12828189,1354960.257918031 
 01/23  10:00:00,43287876.400768004,1354960.257918031 
 01/23  11:00:00,44627760.89517667,1365013.8895582338 
 01/23  12:00:00,43273073.22361601,1372232.7607933616 
 01/23  13:00:00,39212121.7917878,1362160.026825758 
 01/23  14:00:00,41963481.305436164,1438912.8283871163 
 01/23  15:00:00,42947767.937887706,1536975.7180909694 
 01/23  16:00:00,41122163.01874901,1511001.9420238282 
 01/23  17:00:00,37439377.10937803,1377315.683713546 
 01/23  18:00:00,37412896.80265775,1354960.257918031 
 01/23  19:00:00,23036793.940156147,1354960.257918031 
 01/23  20:00:00,12274434.588565288,1354960.257918031 
 01/23  21:00:00,7114960.257918031,1354960.257918031 
 01/23  22:00:00,3064960.257918031,1354960.257918031 
 01/23  23:00:00,3064960.257918031,1354960.257918031 
 01/23  24:00:00,3064960.257918031,1354960.257918031 
 01/24  01:00:00,3064960.257918031,1354960.257918031 
 01/24  02:00:00,3064960.257918031,1354960.257918031 
 01/24  03:00:00,3064960.257918031,1354960.257918031 
 01/24  04:00:00,3064960.257918031,1354960.257918031 
 01/24  05:00:00,3064960.257918031,1354960.257918031 
 01/24  06:00:00,3064960.257918031,1354960.257918031 
 01/24  07:00:00,3487257.860743849,1354960.257918031 
 01/24  08:00:00,3420087.74116342,1354960.257918031 
 01/24  09:00:00,32963673.023957606,1354960.257918031 
 01/24  10:00:00,43279938.44879866,1354960.257918031 
 01/24  11:00:00,44617559.53049086,1354960.257918031 
 01/24  12:00:00,43262557.10734816,1354960.257918031 
 01/24  13:00:00,39213361.09567427,1354960.257918031 
 01/24  14:00:00,41908265.02611473,1354960.257918031 
 01/24  15:00:00,42807047.17388492,1354960.257918031 
 01/24  16:00:00,41008913.39630801,1354960.257918031 
 01/24  17:00:00,37414758.704660095,1354960.257918031 
 01/24  18:00:00,37416307.78281449,1354960.257918031 
 01/24  19:00:00,23043483.82084453,1354960.257918031 
 01/24  20:00:00,12287067.868839875,1354960.257918031 
 01/24  21:00:00,7114960.257918031,1354960.257918031 
 01/24  22:00:00,3064960.257918031,1354960.257918031 
 01/24  23:00:00,3064960.257918031,1354960.257918031 
 01/24  24:00:00,3064960.257918031,1354960.257918031 
 01/25  01:00:00,3064960.257918031,1354960.257918031 
 01/25  02:00:00,3064960.257918031,1354960.257918031 
 01/25  03:00:00,3064960.257918031,1354960.257918031 
 01/25  04:00:00,3064960.257918031,1354960.257918031 
 01/25  05:00:00,3064960.257918031,1354960.257918031 
 01/25  06:00:00,3064960.257918031,1354960.257918031 
 01/25  07:00:00,3485567.117220536,1354960.257918031 
 01/25  08:00:00,3417340.105074325,1354960.257918031 
 01/25  09:00:00,32966883.678199094,1354960.257918031 
 01/25  10:00:00,43282685.29181767,1354960.257918031 
 01/25  11:00:00,44627862.75155437,1354960.257918031 
 01/25  12:00:00,43278048.6015313,1354960.257918031 
 01/25  13:00:00,39231463.06923365,1354960.257918031 
 01/25  14:00:00,41924042.86678988,1354960.257918031 
 01/25  15:00:00,42819311.303711295,1354960.257918031 
 01/25  16:00:00,41021208.35667583,1354960.257918031 
 01/25  17:00:00,37429677.346727595,1354960.257918031 
 01/25  18:00:00,37445689.59914197,1354960.257918031 
 01/25  19:00:00,23079947.998485472,1354960.257918031 
 01/25  20:00:00,12340101.944409808,1354960.257918031 
 01/25  21:00:00,7114960.257918031,1354960.257918031 
 01/25  22:00:00,3064960.257918031,1354960.257918031 
 01/25  23:00:00,3064960.257918031,1354960.257918031 
 01/25  24:00:00,3064960.257918031,1354960.257918031 
 01/26  01:00:00,6304998.271861363,1354960.257918031 
 01/26  02:00:00,6305437.174744224,1354960.257918031 
 01/26  03:00:00,6306014.593881785,1354960.257918031 
 01/26  04:00:00,6308147.390588244,1354960.257918031 
 01/26  05:00:00,6310570.68036863,1354960.257918031 
 01/26  06:00:00,6312139.129409566,1354960.257918031 
 01/26  07:00:00,6315179.07952923,1354960.257918031 
 01/26  08:00:00,6316434.466188574,1354960.257918031 
 01/26  09:00:00,6316480.464848838,1354960.257918031 
 01/26  10:00:00,6315748.99341757,1354960.257918031 
 01/26  11:00:00,6314746.157996243,1354960.257918031 
 01/26  12:00:00,6314854.232411358,1354960.257918031 
 01/26  13:00:00,6313523.520126471,1354960.257918031 
 01/26  14:00:00,6311707.2713434445,1354960.257918031 
 01/26  15:00:00,6311558.6609945055,1354960.257918031 
 01/26  16:00:00,6314633.271913681,1354960.257918031 
 01/26  17:00:00,6319960.8299481375,1354960.257918031 
 01/26  18:00:00,6331045.0386229,1354960.257918031 
 01/26  19:00:00,6340395.973285681,1354960.257918031 
 01/26  20:00:00,6349910.555948852,1354960.257918031 
 01/26  21:00:00,6357195.78194115,1354960.257918031 
 01/26  22:00:00,6362381.360131857,1354960.257918031 
 01/26  23:00:00,6368430.621897371,1354960.257918031 
 01/26  24:00:00,6368835.709851613,1354960.257918031 
 01/27  01:00:00,6373580.7090070285,1354960.257918031 
 01/27  02:00:00,6377951.936420985,1354960.257918031 
 01/27  03:00:00,6374526.526467411,1354960.257918031 
 01/27  04:00:00,6374122.6408972405,1354960.257918031 
 01/27  05:00:00,6377881.085359789,1354960.257918031 
 01/27  06:00:00,6379714.077070603,1354960.257918031 
 01/27  07:00:00,6382834.694715562,1354960.257918031 
 01/27  08:00:00,6381130.333393918,1354960.257918031 
 01/27  09:00:00,6370657.052720532,1354960.257918031 
 01/27  10:00:00,6355777.844921544,1354960.257918031 
 01/27  11:00:00,6342604.254356457,1354960.257918031 
 01/27  12:00:00,6331856.336297781,1354960.257918031 
 01/27  13:00:00,6321980.793764358,1354960.257918031 
 01/27  14:00:00,6314248.455950065,1354960.257918031 
 01/27  15:00:00,6310702.361878708,1354960.257918031 
 01/27  16:00:00,6308963.795598277,1354960.257918031 
 01/27  17:00:00,6311254.098287584,1354960.257918031 
 01/27  18:00:00,6317084.133059309,1354960.257918031 
 01/27  19:00:00,6324257.30518629,1354960.257918031 
 01/27  20:00:00,6330664.84787623,1354960.257918031 
 01/27  21:00:00,6334591.7706261985,1354960.257918031 
 01/27  22:00:00,6338832.249062231,1354960.257918031 
 01/27  23:00:00,6343467.7410222255,1354960.257918031 
 01/27  24:00:00,6346634.504669663,1354960.257918031 
 01/28  01:00:00,3111514.956977476,1354960.257918031 
 01/28  02:00:00,3112950.5805522436,1354960.257918031 
 01/28  03:00:00,3115579.903525052,1354960.257918031 
 01/28  04:00:00,3115746.2443938702,1354960.257918031 
 01/28  05:00:00,3114037.3452598033,1354960.257918031 
 01/28  06:00:00,3113978.3267726926,1354960.257918031 
 01/28  07:00:00,3613548.207527157,1354960.257918031 
 01/28  08:00:00,3613548.207527157,1354960.257918031 
 01/28  09:00:00,33236084.165554307,1354960.257918031 
 01/28  10:00:00,43425408.38734519,1354960.257918031 
 01/28  11:00:00,44743128.27265982,1354960.257918031 
 01/28  12:00:00,43372592.64954865,1354960.257918031 
 01/28  13:00:00,39312585.576889545,1354960.257918031 
 01/28  14:00:00,41986977.022129744,1354960.257918031 
 01/28  15:00:00,42877820.23280532,1354960.257918031 
 01/28  16:00:00,41080704.79393387,1354960.257918031 
 01/28  17:00:00,37484735.33021821,1354960.257918031 
 01/28  18:00:00,37486725.363351405,1354960.257918031 
 01/28  19:00:00,23119518.30257491,1354960.257918031 
 01/28  20:00:00,12377157.789786575,1354960.257918031 
 01/28  21:00:00,7114960.257918031,1354960.257918031 
 01/28  22:00:00,3064960.257918031,1354960.257918031 
 01/28  23:00:00,3064960.257918031,1354960.257918031 
 01/28  24:00:00,3065053.4766601874,1354960.257918031 
 01/29  01:00:00,3066327.126595214,1354960.257918031 
 01/29  02:00:00,3066648.2801266015,1354960.257918031 
 01/29  03:00:00,3067811.457518926,1354960.257918031 
 01/29  04:00:00,3069776.5463248305,1354960.257918031 
 01/29  05:00:00,3072313.8777642683,1354960.257918031 
 01/29  06:00:00,3075975.9543398265,1354960.257918031 
 01/29  07:00:00,3520524.3894696413,1354960.257918031 
 01/29  08:00:00,3519017.1099002836,1354960.257918031 
 01/29  09:00:00,33072247.692405913,1354960.257918031 
 01/29  10:00:00,43349884.227226235,1354960.257918031 
 01/29  11:00:00,44684623.29688719,1354960.257918031 
 01/29  12:00:00,43322448.799320035,1354960.257918031 
 01/29  13:00:00,39271063.7165415,1354960.257918031 
 01/29  14:00:00,41962079.92494169,1354960.257918031 
 01/29  15:00:00,42860983.561042085,1354960.257918031 
 01/29  16:00:00,41066830.49439397,1354960.257918031 
 01/29  17:00:00,37487110.94064481,1354960.257918031 
 01/29  18:00:00,37505568.998368785,1354960.257918031 
 01/29  19:00:00,23151404.502196927,1354960.257918031 
 01/29  20:00:00,12428898.405255878,1354960.257918031 
 01/29  21:00:00,7114960.25791803,1354960.257918031 
 01/29  22:00:00,3064960.257918031,1354960.257918031 
 01/29  23:00:00,3066785.705773184,1354960.257918031 
 01/29  24:00:00,3072124.6784153865,1354960.257918031 
 01/30  01:00:00,3075580.6126911547,1354960.257918031 
 01/30  02:00:00,3081277.4635816533,1354960.257918031 
 01/30  03:00:00,3087520.475237162,1354960.257918031 
 01/30  04:00:00,3092974.6701786015,1354960.257918031 
 01/30  05:00:00,3097524.779600811,1354960.257918031 
 01/30  06:00:00,3101281.1975442898,1354960.257918031 
 01/30  07:00:00,3613548.207527157,1354960.257918031 
 01/30  08:00:00,3612452.789002034,1354960.257918031 
 01/30  09:00:00,33157765.946084924,1354960.257918031 
 01/30  10:00:00,43390628.51153827,1354960.257918031 
 01/30  11:00:00,44712217.60341816,1354960.257918031 
 01/30  12:00:00,43346211.80319707,1354960.257918031 
 01/30  13:00:00,39289401.87217501,1354960.257918031 
 01/30  14:00:00,41974871.49843034,1354960.257918031 
 01/30  15:00:00,42863133.95982613,1354960.257918031 
 01/30  16:00:00,41061262.0278769,1354960.257918031 
 01/30  17:00:00,37462673.298764065,1354960.257918031 
 01/30  18:00:00,37461811.993379995,1354960.257918031 
 01/30  19:00:00,23090753.624405723,1354960.257918031 
 01/30  20:00:00,12326988.04363464,1354960.257918031 
 01/30  21:00:00,7114960.257918031,1354960.257918031 
 01/30  22:00:00,3064960.257918031,1354960.257918031 
 01/30  23:00:00,3064960.257918031,1354960.257918031 
 01/30  24:00:00,3064960.257918031,1354960.257918031 
 01/31  01:00:00,3064960.257918031,1354960.257918031 
 01/31  02:00:00,3064960.257918031,1354960.257918031 
 01/31  03:00:00,3065575.3161696102,1354960.257918031 
 01/31  04:00:00,3067848.9516940066,1354960.257918031 
 01/31  05:00:00,3070300.7550493283,1354960.257918031 
 01/31  06:00:00,3072099.3882647515,1354960.257918031 
 01/31  07:00:00,3512157.2446836345,1354960.257918031 
 01/31  08:00:00,3489748.6920870533,1354960.257918031 
 01/31  09:00:00,32989684.02962139,1354960.257918031 
 01/31  10:00:00,43295972.25805919,1354960.257918031 
 01/31  11:00:00,44633020.958704084,1354960.257918031 
 01/31  12:00:00,43275543.51584913,1354960.257918031 
 01/31  13:00:00,39223564.83557251,1354960.257918031 
 01/31  14:00:00,41920039.181808814,1354960.257918031 
 01/31  15:00:00,42822081.66145243,1354960.257918031 
 01/31  16:00:00,41025647.442684226,1354960.257918031 
 01/31  17:00:00,37432289.57481461,1354960.257918031 
 01/31  18:00:00,37436325.773148336,1354960.257918031 
 01/31  19:00:00,23060924.433590848,1354960.257918031 
 01/31  20:00:00,12305012.071628325,1354960.257918031 
 01/31  21:00:00,7114960.257918031,1354960.257918031 
 01/31  22:00:00,3064960.257918031,1354960.257918031 
 01/31  23:00:00,3064960.257918031,1354960.257918031 
 01/31  24:00:00,3064960.257918031,1354960.257918031,12295154031.02063,11223810000.0,7121250000.0,1011324409.387593,60019621.63277953,15356654517.051434,15356654517.051434,,,,,,,,7121250000.0,,11223810000.0,,4102560000.0 
 02/01  01:00:00,3064960.257918031,1354960.257918031 
 02/01  02:00:00,3067266.0141412267,1354960.257918031 
 02/01  03:00:00,3071299.247465435,1354960.257918031 
 02/01  04:00:00,3075209.713669345,1354960.257918031 
 02/01  05:00:00,3080779.9046114488,1354960.257918031 
 02/01  06:00:00,3086694.869511008,1354960.257918031 
 02/01  07:00:00,3597400.270589695,1354960.257918031 
 02/01  08:00:00,3597946.282943849,1354960.257918031 
 02/01  09:00:00,33155705.69499862,1354960.257918031 
 02/01  10:00:00,43370072.252108365,1354960.257918031 
 02/01  11:00:00,44684900.12624631,1354960.257918031 
 02/01  12:00:00,43315017.58480761,1354960.257918031 
 02/01  13:00:00,39255335.06424469,1354960.257918031 
 02/01  14:00:00,41944583.87786311,1354960.257918031 
 02/01  15:00:00,42877410.033362806,1409066.004359065 
 02/01  16:00:00,41094993.31165571,1433708.2168150942 
 02/01  17:00:00,37457069.12796741,1378240.6010147675 
 02/01  18:00:00,37455844.49483727,1354960.257918031 
 02/01  19:00:00,23108792.7156826,1354960.257918031 
 02/01  20:00:00,12377321.353536572,1354960.257918031 
 02/01  21:00:00,7114960.257918031,1354960.257918031 
 02/01  22:00:00,3064960.257918031,1354960.257918031 
 02/01  23:00:00,3064960.257918031,1354960.257918031 
 02/01  24:00:00,3067676.8458823333,1354960.257918031 
 02/02  01:00:00,6309900.584490019,1354960.257918031 
 02/02  02:00:00,6313583.729995207,1354960.257918031 
 02/02  03:00:00,6318228.185966117,1354960.257918031 
 02/02  04:00:00,6323065.407462568,1354960.257918031 
 02/02  05:00:00,6326449.221014387,1354960.257918031 
 02/02  06:00:00,6329916.239664274,1354960.257918031 
 02/02  07:00:00,6332630.6470527155,1354960.257918031 
 02/02  08:00:00,6330348.111652378,1354960.257918031 
 02/02  09:00:00,6326639.778619701,1354960.257918031 
 02/02  10:00:00,6321763.398639396,1354960.257918031 
 02/02  11:00:00,6317523.594057314,1354960.257918031 
 02/02  12:00:00,6311706.614698437,1354960.257918031 
 02/02  13:00:00,6306012.3330968395,1354960.257918031 
 02/02  14:00:00,6304960.257918031,1354960.257918031 
 02/02  15:00:00,6304960.257918031,1354960.257918031 
 02/02  16:00:00,6304960.257918031,1354960.257918031 
 02/02  17:00:00,6304960.257918031,1354960.257918031 
 02/02  18:00:00,6304960.257918031,1354960.257918031 
 02/02  19:00:00,6304960.257918031,1354960.257918031 
 02/02  20:00:00,6304960.257918031,1354960.257918031 
 02/02  21:00:00,6304960.257918031,1354960.257918031 
 02/02  22:00:00,6304960.257918031,1354960.257918031 
 02/02  23:00:00,6304992.725668874,1354960.257918031 
 02/02  24:00:00,6305134.511386275,1354960.257918031 
 02/03  01:00:00,6305268.162598822,1354960.257918031 
 02/03  02:00:00,6305348.027005209,1354960.257918031 
 02/03  03:00:00,6305407.123854751,1354960.257918031 
 02/03  04:00:00,6305450.751976537,1354960.257918031 
 02/03  05:00:00,6305494.4111303985,1354960.257918031 
 02/03  06:00:00,6305573.064227428,1354960.257918031 
 02/03  07:00:00,6305752.893494972,1354960.257918031 
 02/03  08:00:00,6305943.6565040555,1354960.257918031 
 02/03  09:00:00,6305755.690058606,1354960.257918031 
 02/03  10:00:00,6305212.212378601,1354960.257918031 
 02/03  11:00:00,6304961.9926577015,1354960.257918031 
 02/03  12:00:00,6304960.257918031,1354960.257918031 
 02/03  13:00:00,6304960.257918031,1354960.257918031 
 02/03  14:00:00,6304960.257918031,1354960.257918031 
 02/03  15:00:00,6304960.257918031,1354960.257918031 
 02/03  16:00:00,6304960.257918031,1354960.257918031 
 02/03  17:00:00,6304960.257918031,1354960.257918031 
 02/03  18:00:00,6304960.257918031,1354960.257918031 
 02/03  19:00:00,6304960.257918031,1354960.257918031 
 02/03  20:00:00,6304960.257918031,1354960.257918031 
 02/03  21:00:00,6304960.257918031,1354960.257918031 
 02/03  22:00:00,6304960.257918031,1354960.257918031 
 02/03  23:00:00,6304960.257918031,1354960.257918031 
 02/03  24:00:00,6304960.257918031,1354960.257918031 
 02/04  01:00:00,3064960.257918031,1354960.257918031 
 02/04  02:00:00,3064960.257918031,1354960.257918031 
 02/04  03:00:00,3064960.257918031,1354960.257918031 
 02/04  04:00:00,3064960.257918031,1354960.257918031 
 02/04  05:00:00,3065019.9219575427,1354960.257918031 
 02/04  06:00:00,3065124.0651791748,1354960.257918031 
 02/04  07:00:00,3492077.419336387,1354960.257918031 
 02/04  08:00:00,3393204.0799938394,1354960.257918031 
 02/04  09:00:00,32958859.91926246,1354960.257918031 
 02/04  10:00:00,43278506.68997493,1354960.257918031 
 02/04  11:00:00,44622127.94329724,1354960.257918031 
 02/04  12:00:00,43269383.42328713,1354960.257918031 
 02/04  13:00:00,39222324.13529763,1354960.257918031 
 02/04  14:00:00,41919244.58429283,1354960.257918031 
 02/04  15:00:00,42821611.36923225,1354960.257918031 
 02/04  16:00:00,41029263.56947458,1354960.257918031 
 02/04  17:00:00,37445958.76031639,1354960.257918031 
 02/04  18:00:00,37458829.362655945,1354960.257918031 
 02/04  19:00:00,23095988.931485113,1354960.257918031 
 02/04  20:00:00,12353895.70750337,1354960.257918031 
 02/04  21:00:00,7114960.257918031,1354960.257918031 
 02/04  22:00:00,3064960.257918031,1354960.257918031 
 02/04  23:00:00,3064960.257918031,1354960.257918031 
 02/04  24:00:00,3066159.6308044433,1354960.257918031 
 02/05  01:00:00,3071119.5553324595,1354960.257918031 
 02/05  02:00:00,3074624.427163386,1354960.257918031 
 02/05  03:00:00,3079383.369297882,1354960.257918031 
 02/05  04:00:00,3086579.331718544,1354960.257918031 
 02/05  05:00:00,3093163.5581111256,1354960.257918031 
 02/05  06:00:00,3097580.5955279414,1354960.257918031 
 02/05  07:00:00,3613548.207527157,1354960.257918031 
 02/05  08:00:00,3610747.690968967,1354960.257918031 
 02/05  09:00:00,33200120.875854764,1354960.257918031 
 02/05  10:00:00,43426238.49322468,1354960.257918031 
 02/05  11:00:00,44746767.82429808,1354960.257918031 
 02/05  12:00:00,43377400.92887534,1354960.257918031 
 02/05  13:00:00,39316594.844886884,1354960.257918031 
 02/05  14:00:00,42006483.52280458,1354960.257918031 
 02/05  15:00:00,42909630.608297385,1354960.257918031 
 02/05  16:00:00,41127394.29007748,1372968.9838313125 
 02/05  17:00:00,37529484.6699229,1354960.257918031 
 02/05  18:00:00,37558656.33566026,1354960.257918031 
 02/05  19:00:00,23232408.036771663,1354960.257918031 
 02/05  20:00:00,12520730.607991153,1354960.257918031 
 02/05  21:00:00,7114960.25791803,1354960.257918031 
 02/05  22:00:00,3065132.8791600033,1354960.257918031 
 02/05  23:00:00,3070519.1035259794,1354960.257918031 
 02/05  24:00:00,3079004.422565325,1354960.257918031 
 02/06  01:00:00,3088321.327699511,1354960.257918031 
 02/06  02:00:00,3095035.151122391,1354960.257918031 
 02/06  03:00:00,3102626.6513789254,1354960.257918031 
 02/06  04:00:00,3110414.422956821,1354960.257918031 
 02/06  05:00:00,3116715.279652791,1354960.257918031 
 02/06  06:00:00,3121276.9714894462,1354960.257918031 
 02/06  07:00:00,3613548.207527157,1354960.257918031 
 02/06  08:00:00,3613548.207527157,1354960.257918031 
 02/06  09:00:00,33248366.03813114,1354960.257918031 
 02/06  10:00:00,43454166.82691735,1354960.257918031 
 02/06  11:00:00,44760427.63244732,1354960.257918031 
 02/06  12:00:00,43371791.000704534,1354960.257918031 
 02/06  13:00:00,39298060.531581834,1354960.257918031 
 02/06  14:00:00,41977003.13245837,1354960.257918031 
 02/06  15:00:00,42891004.89689513,1379762.5975963161 
 02/06  16:00:00,41109172.333528765,1394745.3236788663 
 02/06  17:00:00,37500576.655660756,1354960.257918031 
 02/06  18:00:00,37534119.54806512,1354960.257918031 
 02/06  19:00:00,23203391.924509645,1354960.257918031 
 02/06  20:00:00,12491779.87251181,1354960.257918031 
 02/06  21:00:00,7114960.25791803,1354960.257918031 
 02/06  22:00:00,3065019.072555879,1354960.257918031 
 02/06  23:00:00,3070777.549715818,1354960.257918031 
 02/06  24:00:00,3078200.345554274,1354960.257918031 
 02/07  01:00:00,3085584.3901316025,1354960.257918031 
 02/07  02:00:00,3096207.6404179316,1354960.257918031 
 02/07  03:00:00,3104126.9799657958,1354960.257918031 
 02/07  04:00:00,3108610.3887608517,1354960.257918031 
 02/07  05:00:00,3112658.7137950645,1354960.257918031 
 02/07  06:00:00,3112537.040817659,1354960.257918031 
 02/07  07:00:00,3613548.207527157,1354960.257918031 
 02/07  08:00:00,3611221.472146788,1354960.257918031 
 02/07  09:00:00,33221511.530614167,1354960.257918031 
 02/07  10:00:00,43436035.52851115,1354960.257918031 
 02/07  11:00:00,44744097.24365015,1371351.735259727 
 02/07  12:00:00,43368131.001014546,1388110.7246275204 
 02/07  13:00:00,39281292.45785203,1360538.4401278088 
 02/07  14:00:00,41994197.17460048,1396792.7826091195 
 02/07  15:00:00,42920015.18864938,1432308.5507146325 
 02/07  16:00:00,41122346.10013814,1433331.721066661 
 02/07  17:00:00,37492845.46817214,1370294.0305539912 
 02/07  18:00:00,37509124.019461945,1354960.257918031 
 02/07  19:00:00,23159420.24282129,1354960.257918031 
 02/07  20:00:00,12412818.877129056,1354960.257918031 
 02/07  21:00:00,7114960.257918031,1354960.257918031 
 02/07  22:00:00,3064960.257918031,1354960.257918031 
 02/07  23:00:00,3064960.257918031,1354960.257918031 
 02/07  24:00:00,3066520.497078308,1354960.257918031 
 02/08  01:00:00,3070608.7096643425,1354960.257918031 
 02/08  02:00:00,3073589.962563777,1354960.257918031 
 02/08  03:00:00,3076690.329424043,1354960.257918031 
 02/08  04:00:00,3080261.7749288953,1354960.257918031 
 02/08  05:00:00,3083275.437167565,1354960.257918031 
 02/08  06:00:00,3086113.9144150326,1354960.257918031 
 02/08  07:00:00,3554881.3501830734,1354960.257918031 
 02/08  08:00:00,3549132.7006025803,1354960.257918031 
 02/08  09:00:00,33101700.266160443,1354960.257918031 
 02/08  10:00:00,43352552.2651961,1354960.257918031 
 02/08  11:00:00,44673489.48000962,1354960.257918031 
 02/08  12:00:00,43307383.57155898,1354960.257918031 
 02/08  13:00:00,39248933.087934986,1354960.257918031 
 02/08  14:00:00,41939173.896459565,1354960.257918031 
 02/08  15:00:00,42857080.89527753,1389083.062705422 
 02/08  16:00:00,41051566.92176797,1385937.1653181417 
 02/08  17:00:00,37444442.56913963,1371143.6941028726 
 02/08  18:00:00,37440279.90400049,1354960.257918031 
 02/08  19:00:00,23072796.108874917,1354960.257918031 
 02/08  20:00:00,12326037.269054875,1354960.257918031 
 02/08  21:00:00,7114960.257918031,1354960.257918031 
 02/08  22:00:00,3064960.257918031,1354960.257918031 
 02/08  23:00:00,3064960.257918031,1354960.257918031 
 02/08  24:00:00,3064960.257918031,1354960.257918031 
 02/09  01:00:00,6304960.257918031,1354960.257918031 
 02/09  02:00:00,6305212.577230409,1354960.257918031 
 02/09  03:00:00,6305311.299682131,1354960.257918031 
 02/09  04:00:00,6305231.732348623,1354960.257918031 
 02/09  05:00:00,6306024.958503824,1354960.257918031 
 02/09  06:00:00,6307254.295226043,1354960.257918031 
 02/09  07:00:00,6307206.983732371,1354960.257918031 
 02/09  08:00:00,6307305.951521328,1354960.257918031 
 02/09  09:00:00,6306833.352222451,1354960.257918031 
 02/09  10:00:00,6305411.267135965,1354960.257918031 
 02/09  11:00:00,6304960.257918031,1354960.257918031 
 02/09  12:00:00,6304960.257918031,1354960.257918031 
 02/09  13:00:00,6304960.257918031,1354960.257918031 
 02/09  14:00:00,6304960.257918031,1354960.257918031 
 02/09  15:00:00,6304960.257918031,1354960.257918031 
 02/09  16:00:00,6304960.257918031,1354960.257918031 
 02/09  17:00:00,6304960.257918031,1354960.257918031 
 02/09  18:00:00,6304960.257918031,1354960.257918031 
 02/09  19:00:00,6304960.257918031,1354960.257918031 
 02/09  20:00:00,6304960.257918031,1354960.257918031 
 02/09  21:00:00,6304960.257918031,1354960.257918031 
 02/09  22:00:00,6304960.257918031,1354960.257918031 
 02/09  23:00:00,6304960.257918031,1354960.257918031 
 02/09  24:00:00,6304960.257918031,1354960.257918031 
 02/10  01:00:00,6304960.257918031,1354960.257918031 
 02/10  02:00:00,6304960.257918031,1354960.257918031 
 02/10  03:00:00,6304960.257918031,1354960.257918031 
 02/10  04:00:00,6304960.257918031,1354960.257918031 
 02/10  05:00:00,6304960.257918031,1354960.257918031 
 02/10  06:00:00,6304960.257918031,1354960.257918031 
 02/10  07:00:00,6304960.257918031,1354960.257918031 
 02/10  08:00:00,6304960.257918031,1354960.257918031 
 02/10  09:00:00,6304960.257918031,1354960.257918031 
 02/10  10:00:00,6304960.257918031,1354960.257918031 
 02/10  11:00:00,6304960.257918031,1354960.257918031 
 02/10  12:00:00,6304960.257918031,1354960.257918031 
 02/10  13:00:00,6304960.257918031,1354960.257918031 
 02/10  14:00:00,6304960.257918031,1354960.257918031 
 02/10  15:00:00,6304960.257918031,1354960.257918031 
 02/10  16:00:00,6304960.257918031,1354960.257918031 
 02/10  17:00:00,6304960.257918031,1354960.257918031 
 02/10  18:00:00,6304960.257918031,1354960.257918031 
 02/10  19:00:00,6304960.257918031,1354960.257918031 
 02/10  20:00:00,6304960.257918031,1354960.257918031 
 02/10  21:00:00,6304960.257918031,1354960.257918031 
 02/10  22:00:00,6304960.257918031,1354960.257918031 
 02/10  23:00:00,6304960.257918031,1354960.257918031 
 02/10  24:00:00,6304960.257918031,1354960.257918031 
 02/11  01:00:00,3064960.257918031,1354960.257918031 
 02/11  02:00:00,3064960.257918031,1354960.257918031 
 02/11  03:00:00,3064960.257918031,1354960.257918031 
 02/11  04:00:00,3064960.257918031,1354960.257918031 
 02/11  05:00:00,3064960.257918031,1354960.257918031 
 02/11  06:00:00,3064960.257918031,1354960.257918031 
 02/11  07:00:00,3465420.7348344917,1354960.257918031 
 02/11  08:00:00,3301249.3360048365,1354960.257918031 
 02/11  09:00:00,32930010.827740338,1354960.257918031 
 02/11  10:00:00,43273795.74001134,1354960.257918031 
 02/11  11:00:00,44658462.83363287,1412804.8047716315 
 02/11  12:00:00,43280193.78939545,1421244.1819665236 
 02/11  13:00:00,39197327.78048816,1392581.0544216586 
 02/11  14:00:00,44183889.15229922,1518206.2124330597 
 02/11  15:00:00,46296272.317567825,1620214.4934216884 
 02/11  16:00:00,44590892.17950213,1616400.8401382484 
 02/11  17:00:00,40078693.35360579,1502776.1505880258 
 02/11  18:00:00,37409299.51997024,1401999.0514997798 
 02/11  19:00:00,22997120.83733681,1354960.257918031 
 02/11  20:00:00,12225057.06726731,1354960.257918031 
 02/11  21:00:00,7114960.257918031,1354960.257918031 
 02/11  22:00:00,3064960.257918031,1354960.257918031 
 02/11  23:00:00,3064960.257918031,1354960.257918031 
 02/11  24:00:00,3064960.257918031,1354960.257918031 
 02/12  01:00:00,3064960.257918031,1354960.257918031 
 02/12  02:00:00,3064960.257918031,1354960.257918031 
 02/12  03:00:00,3064960.257918031,1354960.257918031 
 02/12  04:00:00,3064960.257918031,1354960.257918031 
 02/12  05:00:00,3064960.257918031,1354960.257918031 
 02/12  06:00:00,3064960.257918031,1354960.257918031 
 02/12  07:00:00,3414184.4306814987,1354960.257918031 
 02/12  08:00:00,3257115.931729522,1354960.257918031 
 02/12  09:00:00,32915610.146609392,1354960.257918031 
 02/12  10:00:00,43245527.55697479,1354960.257918031 
 02/12  11:00:00,44607494.78504066,1354960.257918031 
 02/12  12:00:00,43278187.86611814,1354960.257918031 
 02/12  13:00:00,39238225.83911968,1354960.257918031 
 02/12  14:00:00,41930616.92685595,1354960.257918031 
 02/12  15:00:00,42830750.96205918,1354960.257918031 
 02/12  16:00:00,41033183.972546175,1354960.257918031 
 02/12  17:00:00,37436701.65200171,1354960.257918031 
 02/12  18:00:00,37422980.58559322,1354960.257918031 
 02/12  19:00:00,23023967.460599516,1354960.257918031 
 02/12  20:00:00,12258794.077220166,1354960.257918031 
 02/12  21:00:00,7114960.257918031,1354960.257918031 
 02/12  22:00:00,3064960.257918031,1354960.257918031 
 02/12  23:00:00,3064960.257918031,1354960.257918031 
 02/12  24:00:00,3064960.257918031,1354960.257918031 
 02/13  01:00:00,3064960.257918031,1354960.257918031 
 02/13  02:00:00,3064960.257918031,1354960.257918031 
 02/13  03:00:00,3064960.257918031,1354960.257918031 
 02/13  04:00:00,3064960.257918031,1354960.257918031 
 02/13  05:00:00,3064960.257918031,1354960.257918031 
 02/13  06:00:00,3064960.257918031,1354960.257918031 
 02/13  07:00:00,3475766.408177314,1354960.257918031 
 02/13  08:00:00,3391781.609129523,1354960.257918031 
 02/13  09:00:00,32950308.571954135,1354960.257918031 
 02/13  10:00:00,43269418.34329669,1354960.257918031 
 02/13  11:00:00,44610786.13361882,1354960.257918031 
 02/13  12:00:00,43259209.183781624,1354960.257918031 
 02/13  13:00:00,39211751.27729204,1354960.257918031 
 02/13  14:00:00,41907474.69574625,1354960.257918031 
 02/13  15:00:00,42805193.64521215,1354960.257918031 
 02/13  16:00:00,41004267.70178357,1354960.257918031 
 02/13  17:00:00,37406216.88764699,1354960.257918031 
 02/13  18:00:00,37409112.21195058,1354960.257918031 
 02/13  19:00:00,23030603.75710778,1354960.257918031 
 02/13  20:00:00,12269378.865161747,1354960.257918031 
 02/13  21:00:00,7114960.257918031,1354960.257918031 
 02/13  22:00:00,3064960.257918031,1354960.257918031 
 02/13  23:00:00,3064960.257918031,1354960.257918031 
 02/13  24:00:00,3064960.257918031,1354960.257918031 
 02/14  01:00:00,3064960.257918031,1354960.257918031 
 02/14  02:00:00,3064960.257918031,1354960.257918031 
 02/14  03:00:00,3064960.257918031,1354960.257918031 
 02/14  04:00:00,3064960.257918031,1354960.257918031 
 02/14  05:00:00,3064960.257918031,1354960.257918031 
 02/14  06:00:00,3064960.257918031,1354960.257918031 
 02/14  07:00:00,3491479.0220069163,1354960.257918031 
 02/14  08:00:00,3441808.6689101616,1354960.257918031 
 02/14  09:00:00,32973309.900845516,1354960.257918031 
 02/14  10:00:00,43285954.900910854,1354960.257918031 
 02/14  11:00:00,44625568.35660816,1354960.257918031 
 02/14  12:00:00,43272367.44831767,1354960.257918031 
 02/14  13:00:00,39225688.70681682,1354960.257918031 
 02/14  14:00:00,41921300.89854109,1354960.257918031 
 02/14  15:00:00,42822047.63953915,1354960.257918031 
 02/14  16:00:00,41025608.20990125,1354960.257918031 
 02/14  17:00:00,37434600.98392294,1354960.257918031 
 02/14  18:00:00,37442009.04152184,1354960.257918031 
 02/14  19:00:00,23068855.30796078,1354960.257918031 
 02/14  20:00:00,12312783.40948683,1354960.257918031 
 02/14  21:00:00,7114960.257918031,1354960.257918031 
 02/14  22:00:00,3064960.257918031,1354960.257918031 
 02/14  23:00:00,3064960.257918031,1354960.257918031 
 02/14  24:00:00,3064960.257918031,1354960.257918031 
 02/15  01:00:00,3065189.8576887813,1354960.257918031 
 02/15  02:00:00,3067673.722555047,1354960.257918031 
 02/15  03:00:00,3070440.4287079014,1354960.257918031 
 02/15  04:00:00,3072777.125872087,1354960.257918031 
 02/15  05:00:00,3075397.4848687532,1354960.257918031 
 02/15  06:00:00,3079366.922556181,1354960.257918031 
 02/15  07:00:00,3556093.832121213,1354960.257918031 
 02/15  08:00:00,3522634.9623210407,1354960.257918031 
 02/15  09:00:00,33068407.466500014,1354960.257918031 
 02/15  10:00:00,43328355.343620405,1355225.095538991 
 02/15  11:00:00,44661715.42325105,1367283.0078469377 
 02/15  12:00:00,43296047.35485895,1358561.3139584046 
 02/15  13:00:00,39238100.5221736,1354960.257918031 
 02/15  14:00:00,41931235.04527333,1354960.257918031 
 02/15  15:00:00,42842843.83340943,1375565.1119749863 
 02/15  16:00:00,41100396.91035163,1450321.0898714596 
 02/15  17:00:00,37457240.55579495,1391263.8654630173 
 02/15  18:00:00,37446229.73978502,1354960.257918031 
 02/15  19:00:00,23078089.752526484,1354960.257918031 
 02/15  20:00:00,12341316.512748394,1354960.257918031 
 02/15  21:00:00,7114960.257918031,1354960.257918031 
 02/15  22:00:00,3064960.257918031,1354960.257918031 
 02/15  23:00:00,3064960.257918031,1354960.257918031 
 02/15  24:00:00,3064964.522117936,1354960.257918031 
 02/16  01:00:00,6305769.26632939,1354960.257918031 
 02/16  02:00:00,6308020.193424984,1354960.257918031 
 02/16  03:00:00,6311272.021845836,1354960.257918031 
 02/16  04:00:00,6315344.583031829,1354960.257918031 
 02/16  05:00:00,6318037.782629347,1354960.257918031 
 02/16  06:00:00,6320959.036780659,1354960.257918031 
 02/16  07:00:00,6322678.336265934,1354960.257918031 
 02/16  08:00:00,6320401.231862061,1354960.257918031 
 02/16  09:00:00,6317957.361652917,1354960.257918031 
 02/16  10:00:00,6313939.310796918,1354960.257918031 
 02/16  11:00:00,6308943.85245375,1354960.257918031 
 02/16  12:00:00,6305174.646383583,1354960.257918031 
 02/16  13:00:00,6304960.257918031,1354960.257918031 
 02/16  14:00:00,6304960.257918031,1354960.257918031 
 02/16  15:00:00,6304960.257918031,1354960.257918031 
 02/16  16:00:00,6304960.257918031,1354960.257918031 
 02/16  17:00:00,6304960.257918031,1354960.257918031 
 02/16  18:00:00,6304960.257918031,1354960.257918031 
 02/16  19:00:00,6304960.257918031,1354960.257918031 
 02/16  20:00:00,6304960.257918031,1354960.257918031 
 02/16  21:00:00,6304960.257918031,1354960.257918031 
 02/16  22:00:00,6304960.257918031,1354960.257918031 
 02/16  23:00:00,6304960.257918031,1354960.257918031 
 02/16  24:00:00,6305710.406682665,1354960.257918031 
 02/17  01:00:00,6308085.955542725,1354960.257918031 
 02/17  02:00:00,6311225.603449089,1354960.257918031 
 02/17  03:00:00,6313502.204417033,1354960.257918031 
 02/17  04:00:00,6315521.190020775,1354960.257918031 
 02/17  05:00:00,6316945.544329859,1354960.257918031 
 02/17  06:00:00,6317906.693149351,1354960.257918031 
 02/17  07:00:00,6317927.425516966,1354960.257918031 
 02/17  08:00:00,6316575.572946927,1354960.257918031 
 02/17  09:00:00,6314515.918526076,1354960.257918031 
 02/17  10:00:00,6312705.785822293,1354960.257918031 
 02/17  11:00:00,6310215.535359678,1354960.257918031 
 02/17  12:00:00,6306370.401617756,1354960.257918031 
 02/17  13:00:00,6304960.257918031,1354960.257918031 
 02/17  14:00:00,6304960.257918031,1354960.257918031 
 02/17  15:00:00,6304960.257918031,1354960.257918031 
 02/17  16:00:00,6304960.257918031,1354960.257918031 
 02/17  17:00:00,6304960.257918031,1354960.257918031 
 02/17  18:00:00,6304960.257918031,1354960.257918031 
 02/17  19:00:00,6304960.257918031,1354960.257918031 
 02/17  20:00:00,6304960.257918031,1354960.257918031 
 02/17  21:00:00,6304960.257918031,1354960.257918031 
 02/17  22:00:00,6304960.257918031,1354960.257918031 
 02/17  23:00:00,6304960.257918031,1354960.257918031 
 02/17  24:00:00,6304960.257918031,1354960.257918031 
 02/18  01:00:00,3064960.257918031,1354960.257918031 
 02/18  02:00:00,3064960.257918031,1354960.257918031 
 02/18  03:00:00,3064960.257918031,1354960.257918031 
 02/18  04:00:00,3064960.257918031,1354960.257918031 
 02/18  05:00:00,3064960.257918031,1354960.257918031 
 02/18  06:00:00,3064960.257918031,1354960.257918031 
 02/18  07:00:00,3483399.9274793896,1354960.257918031 
 02/18  08:00:00,3371562.289189171,1354960.257918031 
 02/18  09:00:00,32950153.625080068,1354960.257918031 
 02/18  10:00:00,43267767.00450876,1354960.257918031 
 02/18  11:00:00,44624820.85066089,1368222.7487114512 
 02/18  12:00:00,43285883.661587946,1363596.7497286822 
 02/18  13:00:00,39230081.565316714,1354960.257918031 
 02/18  14:00:00,41930054.532113634,1354960.257918031 
 02/18  15:00:00,42810454.47403069,1376186.25444345 
 02/18  16:00:00,41046484.05545048,1436668.4619348017 
 02/18  17:00:00,37423717.37146269,1392422.7832412769 
 02/18  18:00:00,37434305.139464125,1354978.9619254707 
 02/18  19:00:00,23022902.792478032,1354960.257918031 
 02/18  20:00:00,12248885.439750906,1354960.257918031 
 02/18  21:00:00,7114960.257918031,1354960.257918031 
 02/18  22:00:00,3064960.257918031,1354960.257918031 
 02/18  23:00:00,3064960.257918031,1354960.257918031 
 02/18  24:00:00,3064960.257918031,1354960.257918031 
 02/19  01:00:00,3064960.257918031,1354960.257918031 
 02/19  02:00:00,3064960.257918031,1354960.257918031 
 02/19  03:00:00,3064960.257918031,1354960.257918031 
 02/19  04:00:00,3064960.257918031,1354960.257918031 
 02/19  05:00:00,3064960.257918031,1354960.257918031 
 02/19  06:00:00,3064960.257918031,1354960.257918031 
 02/19  07:00:00,3479983.084180757,1354960.257918031 
 02/19  08:00:00,3371386.670205202,1354960.257918031 
 02/19  09:00:00,32953200.287401114,1354960.257918031 
 02/19  10:00:00,43276223.73040441,1354960.257918031 
 02/19  11:00:00,44620511.30641481,1354960.257918031 
 02/19  12:00:00,43271201.972403795,1354960.257918031 
 02/19  13:00:00,39222446.95349134,1354960.257918031 
 02/19  14:00:00,41918354.7316353,1354960.257918031 
 02/19  15:00:00,42818268.42248107,1354960.257918031 
 02/19  16:00:00,41021967.13514608,1354960.257918031 
 02/19  17:00:00,37427205.66653354,1354960.257918031 
 02/19  18:00:00,37432817.85329091,1354960.257918031 
 02/19  19:00:00,23068885.79566878,1354960.257918031 
 02/19  20:00:00,12318518.12590095,1354960.257918031 
 02/19  21:00:00,7114960.257918031,1354960.257918031 
 02/19  22:00:00,3064960.257918031,1354960.257918031 
 02/19  23:00:00,3064960.257918031,1354960.257918031 
 02/19  24:00:00,3064960.257918031,1354960.257918031 
 02/20  01:00:00,3064960.257918031,1354960.257918031 
 02/20  02:00:00,3064960.257918031,1354960.257918031 
 02/20  03:00:00,3064960.257918031,1354960.257918031 
 02/20  04:00:00,3065141.961523948,1354960.257918031 
 02/20  05:00:00,3067233.803564543,1354960.257918031 
 02/20  06:00:00,3070268.168571557,1354960.257918031 
 02/20  07:00:00,3542138.174069247,1354960.257918031 
 02/20  08:00:00,3493405.6027956707,1354960.257918031 
 02/20  09:00:00,32992515.874636225,1354960.257918031 
 02/20  10:00:00,43298483.73613615,1365294.6547251032 
 02/20  11:00:00,44645527.14511069,1386381.3987807578 
 02/20  12:00:00,43268269.884547286,1354960.257918031 
 02/20  13:00:00,39217661.08166352,1354960.257918031 
 02/20  14:00:00,41913357.41979141,1354960.257918031 
 02/20  15:00:00,42813685.62963651,1354960.257918031 
 02/20  16:00:00,41017618.86859743,1354960.257918031 
 02/20  17:00:00,37426731.921131514,1354960.257918031 
 02/20  18:00:00,37434141.93067969,1354960.257918031 
 02/20  19:00:00,23059156.7999624,1354960.257918031 
 02/20  20:00:00,12300390.850620626,1354960.257918031 
 02/20  21:00:00,7114960.257918031,1354960.257918031 
 02/20  22:00:00,3064960.257918031,1354960.257918031 
 02/20  23:00:00,3064960.257918031,1354960.257918031 
 02/20  24:00:00,3064960.257918031,1354960.257918031 
 02/21  01:00:00,3064960.257918031,1354960.257918031 
 02/21  02:00:00,3064960.257918031,1354960.257918031 
 02/21  03:00:00,3065064.243974644,1354960.257918031 
 02/21  04:00:00,3066600.7248082203,1354960.257918031 
 02/21  05:00:00,3069625.456199683,1354960.257918031 
 02/21  06:00:00,3073062.7549501527,1354960.257918031 
 02/21  07:00:00,3541218.4073540885,1354960.257918031 
 02/21  08:00:00,3508944.0984965414,1354960.257918031 
 02/21  09:00:00,32997641.691406686,1354960.257918031 
 02/21  10:00:00,43294161.868092805,1354960.257918031 
 02/21  11:00:00,44625667.95008462,1354960.257918031 
 02/21  12:00:00,43268513.71033343,1354960.257918031 
 02/21  13:00:00,39218927.6002059,1354960.257918031 
 02/21  14:00:00,41912079.089104235,1354960.257918031 
 02/21  15:00:00,42806921.54225952,1354960.257918031 
 02/21  16:00:00,41004994.38483853,1354960.257918031 
 02/21  17:00:00,37406723.177393354,1354960.257918031 
 02/21  18:00:00,37412203.8676178,1354960.257918031 
 02/21  19:00:00,23039653.55753547,1354960.257918031 
 02/21  20:00:00,12283497.525168814,1354960.257918031 
 02/21  21:00:00,7114960.257918031,1354960.257918031 
 02/21  22:00:00,3064960.257918031,1354960.257918031 
 02/21  23:00:00,3064960.257918031,1354960.257918031 
 02/21  24:00:00,3064960.257918031,1354960.257918031 
 02/22  01:00:00,3064960.257918031,1354960.257918031 
 02/22  02:00:00,3064960.257918031,1354960.257918031 
 02/22  03:00:00,3064960.257918031,1354960.257918031 
 02/22  04:00:00,3064960.257918031,1354960.257918031 
 02/22  05:00:00,3064960.257918031,1354960.257918031 
 02/22  06:00:00,3064960.257918031,1354960.257918031 
 02/22  07:00:00,3473199.401979719,1354960.257918031 
 02/22  08:00:00,3315111.418273122,1354960.257918031 
 02/22  09:00:00,32927815.314352967,1354960.257918031 
 02/22  10:00:00,43269699.029322,1354960.257918031 
 02/22  11:00:00,44621606.9804307,1396224.6923163477 
 02/22  12:00:00,43257988.09305243,1400628.9268995665 
 02/22  13:00:00,39649277.61395427,1360159.8085029456 
 02/22  14:00:00,41924938.67944814,1422734.9267518795 
 02/22  15:00:00,42843530.012060046,1436733.5180765844 
 02/22  16:00:00,41021853.780332804,1399007.0987514048 
 02/22  17:00:00,37434363.75882687,1357176.5355959202 
 02/22  18:00:00,37416581.83111586,1354960.257918031 
 02/22  19:00:00,23024144.19781138,1354960.257918031 
 02/22  20:00:00,12253863.679236062,1354960.257918031 
 02/22  21:00:00,7114960.257918031,1354960.257918031 
 02/22  22:00:00,3064960.257918031,1354960.257918031 
 02/22  23:00:00,3064960.257918031,1354960.257918031 
 02/22  24:00:00,3064960.257918031,1354960.257918031 
 02/23  01:00:00,6304960.257918031,1354960.257918031 
 02/23  02:00:00,6304960.257918031,1354960.257918031 
 02/23  03:00:00,6304960.257918031,1354960.257918031 
 02/23  04:00:00,6304960.257918031,1354960.257918031 
 02/23  05:00:00,6304960.257918031,1354960.257918031 
 02/23  06:00:00,6304960.257918031,1354960.257918031 
 02/23  07:00:00,6304960.257918031,1354960.257918031 
 02/23  08:00:00,6304960.257918031,1354960.257918031 
 02/23  09:00:00,6304960.257918031,1354960.257918031 
 02/23  10:00:00,6304960.257918031,1354960.257918031 
 02/23  11:00:00,6304960.257918031,1354960.257918031 
 02/23  12:00:00,6304960.257918031,1354960.257918031 
 02/23  13:00:00,6304960.257918031,1354960.257918031 
 02/23  14:00:00,6304960.257918031,1354960.257918031 
 02/23  15:00:00,6304960.257918031,1354960.257918031 
 02/23  16:00:00,6304960.257918031,1354960.257918031 
 02/23  17:00:00,6304960.257918031,1354960.257918031 
 02/23  18:00:00,6304960.257918031,1354960.257918031 
 02/23  19:00:00,6304960.257918031,1354960.257918031 
 02/23  20:00:00,6304960.257918031,1354960.257918031 
 02/23  21:00:00,6304960.257918031,1354960.257918031 
 02/23  22:00:00,6304960.257918031,1354960.257918031 
 02/23  23:00:00,6304960.257918031,1354960.257918031 
 02/23  24:00:00,6304960.257918031,1354960.257918031 
 02/24  01:00:00,6304960.257918031,1354960.257918031 
 02/24  02:00:00,6304960.257918031,1354960.257918031 
 02/24  03:00:00,6304960.257918031,1354960.257918031 
 02/24  04:00:00,6304960.257918031,1354960.257918031 
 02/24  05:00:00,6304960.257918031,1354960.257918031 
 02/24  06:00:00,6304960.257918031,1354960.257918031 
 02/24  07:00:00,6304960.257918031,1354960.257918031 
 02/24  08:00:00,6304960.257918031,1354960.257918031 
 02/24  09:00:00,6304960.257918031,1354960.257918031 
 02/24  10:00:00,6304960.257918031,1354960.257918031 
 02/24  11:00:00,6304960.257918031,1354960.257918031 
 02/24  12:00:00,6304960.257918031,1354960.257918031 
 02/24  13:00:00,6304960.257918031,1354960.257918031 
 02/24  14:00:00,6304960.257918031,1354960.257918031 
 02/24  15:00:00,6304960.257918031,1354960.257918031 
 02/24  16:00:00,6304960.257918031,1354960.257918031 
 02/24  17:00:00,6304960.257918031,1354960.257918031 
 02/24  18:00:00,6304960.257918031,1354960.257918031 
 02/24  19:00:00,6304960.257918031,1354960.257918031 
 02/24  20:00:00,6304960.257918031,1354960.257918031 
 02/24  21:00:00,6304960.257918031,1354960.257918031 
 02/24  22:00:00,6304960.257918031,1354960.257918031 
 02/24  23:00:00,6304960.257918031,1354960.257918031 
 02/24  24:00:00,6304960.257918031,1354960.257918031 
 02/25  01:00:00,3064960.257918031,1354960.257918031 
 02/25  02:00:00,3064960.257918031,1354960.257918031 
 02/25  03:00:00,3064960.257918031,1354960.257918031 
 02/25  04:00:00,3064960.257918031,1354960.257918031 
 02/25  05:00:00,3064960.257918031,1354960.257918031 
 02/25  06:00:00,3064960.257918031,1354960.257918031 
 02/25  07:00:00,3481026.496544689,1354960.257918031 
 02/25  08:00:00,3433757.163187019,1354960.257918031 
 02/25  09:00:00,32968408.614021648,1354960.257918031 
 02/25  10:00:00,43271939.884441935,1354960.257918031 
 02/25  11:00:00,44610276.12810175,1354960.257918031 
 02/25  12:00:00,43261371.32649822,1354960.257918031 
 02/25  13:00:00,39212427.11766763,1354960.257918031 
 02/25  14:00:00,41911568.968379855,1354960.257918031 
 02/25  15:00:00,42829616.631351806,1354960.257918031 
 02/25  16:00:00,41031154.46538299,1354960.257918031 
 02/25  17:00:00,37435062.05079059,1354960.257918031 
 02/25  18:00:00,37419192.73631384,1354960.257918031 
 02/25  19:00:00,23027588.725308772,1354960.257918031 
 02/25  20:00:00,12265233.538055126,1354960.257918031 
 02/25  21:00:00,7114960.257918031,1354960.257918031 
 02/25  22:00:00,3064960.257918031,1354960.257918031 
 02/25  23:00:00,3064960.257918031,1354960.257918031 
 02/25  24:00:00,3064960.257918031,1354960.257918031 
 02/26  01:00:00,3064960.257918031,1354960.257918031 
 02/26  02:00:00,3064960.257918031,1354960.257918031 
 02/26  03:00:00,3064960.257918031,1354960.257918031 
 02/26  04:00:00,3064960.257918031,1354960.257918031 
 02/26  05:00:00,3064960.257918031,1354960.257918031 
 02/26  06:00:00,3064960.257918031,1354960.257918031 
 02/26  07:00:00,3494116.2263249727,1354960.257918031 
 02/26  08:00:00,3368534.235964466,1354960.257918031 
 02/26  09:00:00,32949268.14231927,1354960.257918031 
 02/26  10:00:00,43273097.421604805,1354960.257918031 
 02/26  11:00:00,44614563.10579373,1354960.257918031 
 02/26  12:00:00,43260934.501619264,1354960.257918031 
 02/26  13:00:00,39211778.504303634,1354960.257918031 
 02/26  14:00:00,41908067.724475466,1354960.257918031 
 02/26  15:00:00,42808314.50081213,1354960.257918031 
 02/26  16:00:00,41011641.92002033,1354960.257918031 
 02/26  17:00:00,37418422.74159485,1354960.257918031 
 02/26  18:00:00,37425858.05337981,1354960.257918031 
 02/26  19:00:00,23053832.758315325,1354960.257918031 
 02/26  20:00:00,12292323.641678311,1354960.257918031 
 02/26  21:00:00,7114960.257918031,1354960.257918031 
 02/26  22:00:00,3064960.257918031,1354960.257918031 
 02/26  23:00:00,3064960.257918031,1354960.257918031 
 02/26  24:00:00,3064960.257918031,1354960.257918031 
 02/27  01:00:00,3064960.257918031,1354960.257918031 
 02/27  02:00:00,3064960.257918031,1354960.257918031 
 02/27  03:00:00,3064960.257918031,1354960.257918031 
 02/27  04:00:00,3064960.257918031,1354960.257918031 
 02/27  05:00:00,3065411.4345337288,1354960.257918031 
 02/27  06:00:00,3065917.5448202044,1354960.257918031 
 02/27  07:00:00,3496933.8756860523,1354960.257918031 
 02/27  08:00:00,3448373.7261043345,1354960.257918031 
 02/27  09:00:00,32974039.22077152,1354960.257918031 
 02/27  10:00:00,43285134.3354024,1354960.257918031 
 02/27  11:00:00,44623819.14076015,1354960.257918031 
 02/27  12:00:00,43271446.13551313,1354960.257918031 
 02/27  13:00:00,39223975.126936734,1354960.257918031 
 02/27  14:00:00,41915980.14929667,1354960.257918031 
 02/27  15:00:00,42812666.71587513,1354960.257918031 
 02/27  16:00:00,41013829.67539497,1354960.257918031 
 02/27  17:00:00,37418176.67705801,1354960.257918031 
 02/27  18:00:00,37420724.5975151,1354960.257918031 
 02/27  19:00:00,23042261.916005418,1354960.257918031 
 02/27  20:00:00,12280315.318961445,1354960.257918031 
 02/27  21:00:00,7114960.257918031,1354960.257918031 
 02/27  22:00:00,3064960.257918031,1354960.257918031 
 02/27  23:00:00,3064960.257918031,1354960.257918031 
 02/27  24:00:00,3064960.257918031,1354960.257918031 
 02/28  01:00:00,3064960.257918031,1354960.257918031 
 02/28  02:00:00,3064960.257918031,1354960.257918031 
 02/28  03:00:00,3064960.257918031,1354960.257918031 
 02/28  04:00:00,3064960.257918031,1354960.257918031 
 02/28  05:00:00,3064960.257918031,1354960.257918031 
 02/28  06:00:00,3064989.449499311,1354960.257918031 
 02/28  07:00:00,3512733.6851850688,1354960.257918031 
 02/28  08:00:00,3431194.2695039124,1354960.257918031 
 02/28  09:00:00,32964360.41824803,1354960.257918031 
 02/28  10:00:00,43280142.08304213,1354960.257918031 
 02/28  11:00:00,44625754.522405356,1370177.0193616066 
 02/28  12:00:00,43275900.28469862,1380920.8017842933 
 02/28  13:00:00,39209069.22585174,1361335.4858853458 
 02/28  14:00:00,41927452.73908682,1396290.7952753894 
 02/28  15:00:00,42889303.5931883,1472137.912028032 
 02/28  16:00:00,41098758.609028935,1485242.2790259249 
 02/28  17:00:00,37426740.2326449,1390310.8894701428 
 02/28  18:00:00,37409641.25851177,1357785.7576332064 
 02/28  19:00:00,23027369.939500965,1354960.257918031 
 02/28  20:00:00,12267596.89391716,1354960.257918031 
 02/28  21:00:00,7114960.257918031,1354960.257918031 
 02/28  22:00:00,3064960.257918031,1354960.257918031 
 02/28  23:00:00,3064960.257918031,1354960.257918031 
 02/28  24:00:00,3064960.257918031,1354960.257918031,10849840264.557768,9883800000.0,6226200000.0,913202848.0203624,52837416.53718688,12142507249.49206,12142507249.49206,,,,,,,,6226200000.0,,9883800000.0,,3657600000.0 
 03/01  01:00:00,3064960.257918031,1354960.257918031 
 03/01  02:00:00,3064960.257918031,1354960.257918031 
 03/01  03:00:00,3064960.257918031,1354960.257918031 
 03/01  04:00:00,3064960.257918031,1354960.257918031 
 03/01  05:00:00,3064960.257918031,1354960.257918031 
 03/01  06:00:00,3064960.257918031,1354960.257918031 
 03/01  07:00:00,3458588.640380214,1354960.257918031 
 03/01  08:00:00,3322071.475240985,1354960.257918031 
 03/01  09:00:00,32938999.13622484,1354960.257918031 
 03/01  10:00:00,43262665.23494624,1354960.257918031 
 03/01  11:00:00,44628777.88091126,1354960.257918031 
 03/01  12:00:00,43281909.14368287,1354960.257918031 
 03/01  13:00:00,39227820.92236197,1354960.257918031 
 03/01  14:00:00,41920659.28212302,1354960.257918031 
 03/01  15:00:00,42821006.00359705,1354960.257918031 
 03/01  16:00:00,41015134.49645335,1354960.257918031 
 03/01  17:00:00,37428742.488689356,1354960.257918031 
 03/01  18:00:00,37436332.84671181,1354960.257918031 
 03/01  19:00:00,23031420.392032012,1354960.257918031 
 03/01  20:00:00,12247930.420034332,1354960.257918031 
 03/01  21:00:00,7114960.257918031,1354960.257918031 
 03/01  22:00:00,3064960.257918031,1354960.257918031 
 03/01  23:00:00,3064960.257918031,1354960.257918031 
 03/01  24:00:00,3064960.257918031,1354960.257918031 
 03/02  01:00:00,6304960.257918031,1354960.257918031 
 03/02  02:00:00,6304960.257918031,1354960.257918031 
 03/02  03:00:00,6304960.257918031,1354960.257918031 
 03/02  04:00:00,6304960.257918031,1354960.257918031 
 03/02  05:00:00,6304960.257918031,1354960.257918031 
 03/02  06:00:00,6304960.257918031,1354960.257918031 
 03/02  07:00:00,6304960.257918031,1354960.257918031 
 03/02  08:00:00,6304960.257918031,1354960.257918031 
 03/02  09:00:00,6304960.257918031,1354960.257918031 
 03/02  10:00:00,6304960.257918031,1354960.257918031 
 03/02  11:00:00,6304960.257918031,1354960.257918031 
 03/02  12:00:00,6304960.257918031,1354960.257918031 
 03/02  13:00:00,6304960.257918031,1354960.257918031 
 03/02  14:00:00,6304960.257918031,1354960.257918031 
 03/02  15:00:00,6304960.257918031,1354960.257918031 
 03/02  16:00:00,6304960.257918031,1354960.257918031 
 03/02  17:00:00,6304960.257918031,1354960.257918031 
 03/02  18:00:00,6304960.257918031,1354960.257918031 
 03/02  19:00:00,6304960.257918031,1354960.257918031 
 03/02  20:00:00,6304960.257918031,1354960.257918031 
 03/02  21:00:00,6304960.257918031,1354960.257918031 
 03/02  22:00:00,6304960.257918031,1354960.257918031 
 03/02  23:00:00,6304960.257918031,1354960.257918031 
 03/02  24:00:00,6304960.257918031,1354960.257918031 
 03/03  01:00:00,6304960.257918031,1354960.257918031 
 03/03  02:00:00,6304960.257918031,1354960.257918031 
 03/03  03:00:00,6304960.257918031,1354960.257918031 
 03/03  04:00:00,6304960.257918031,1354960.257918031 
 03/03  05:00:00,6304960.257918031,1354960.257918031 
 03/03  06:00:00,6304960.257918031,1354960.257918031 
 03/03  07:00:00,6304960.257918031,1354960.257918031 
 03/03  08:00:00,6304960.257918031,1354960.257918031 
 03/03  09:00:00,6304960.257918031,1354960.257918031 
 03/03  10:00:00,6304960.257918031,1354960.257918031 
 03/03  11:00:00,6304960.257918031,1354960.257918031 
 03/03  12:00:00,6304960.257918031,1354960.257918031 
 03/03  13:00:00,6304960.257918031,1354960.257918031 
 03/03  14:00:00,6304960.257918031,1354960.257918031 
 03/03  15:00:00,6304960.257918031,1354960.257918031 
 03/03  16:00:00,6304960.257918031,1354960.257918031 
 03/03  17:00:00,6304960.257918031,1354960.257918031 
 03/03  18:00:00,6304960.257918031,1354960.257918031 
 03/03  19:00:00,6304960.257918031,1354960.257918031 
 03/03  20:00:00,6304960.257918031,1354960.257918031 
 03/03  21:00:00,6304960.257918031,1354960.257918031 
 03/03  22:00:00,6304960.257918031,1354960.257918031 
 03/03  23:00:00,6304960.257918031,1354960.257918031 
 03/03  24:00:00,6304960.257918031,1354960.257918031 
 03/04  01:00:00,3064960.257918031,1354960.257918031 
 03/04  02:00:00,3064960.257918031,1354960.257918031 
 03/04  03:00:00,3064960.257918031,1354960.257918031 
 03/04  04:00:00,3064960.257918031,1354960.257918031 
 03/04  05:00:00,3064960.257918031,1354960.257918031 
 03/04  06:00:00,3064960.257918031,1354960.257918031 
 03/04  07:00:00,3480570.2088326523,1354960.257918031 
 03/04  08:00:00,3352622.464904584,1354960.257918031 
 03/04  09:00:00,32941993.61672532,1354960.257918031 
 03/04  10:00:00,43265396.57234267,1354960.257918031 
 03/04  11:00:00,44584388.80687478,1354960.257918031 
 03/04  12:00:00,43234001.613840744,1354960.257918031 
 03/04  13:00:00,39225368.01085462,1354960.257918031 
 03/04  14:00:00,41882342.621013336,1354960.257918031 
 03/04  15:00:00,42783961.3875974,1363185.7738531588 
 03/04  16:00:00,41009234.99876071,1355905.0675831237 
 03/04  17:00:00,37423332.76570742,1354960.257918031 
 03/04  18:00:00,37418107.33471613,1354960.257918031 
 03/04  19:00:00,23053394.59438098,1354960.257918031 
 03/04  20:00:00,12322204.991968872,1354960.257918031 
 03/04  21:00:00,7114960.257918031,1354960.257918031 
 03/04  22:00:00,3064960.257918031,1354960.257918031 
 03/04  23:00:00,3064960.257918031,1354960.257918031 
 03/04  24:00:00,3064960.257918031,1354960.257918031 
 03/05  01:00:00,3065551.392060777,1354960.257918031 
 03/05  02:00:00,3066816.407383424,1354960.257918031 
 03/05  03:00:00,3067590.8484395975,1354960.257918031 
 03/05  04:00:00,3069149.331358566,1354960.257918031 
 03/05  05:00:00,3071514.2320791828,1354960.257918031 
 03/05  06:00:00,3072692.5088922065,1354960.257918031 
 03/05  07:00:00,3503790.150315283,1354960.257918031 
 03/05  08:00:00,3484800.677643898,1354960.257918031 
 03/05  09:00:00,33003089.60879949,1354960.257918031 
 03/05  10:00:00,43293154.158484496,1354960.257918031 
 03/05  11:00:00,44631940.084724374,1354960.257918031 
 03/05  12:00:00,43278263.10612786,1354960.257918031 
 03/05  13:00:00,39228252.92625472,1354960.257918031 
 03/05  14:00:00,41921083.21081375,1354960.257918031 
 03/05  15:00:00,42818689.93635015,1354960.257918031 
 03/05  16:00:00,41023946.071701825,1354960.257918031 
 03/05  17:00:00,37438123.50803102,1354960.257918031 
 03/05  18:00:00,37448342.9610206,1354960.257918031 
 03/05  19:00:00,23079582.60938447,1354960.257918031 
 03/05  20:00:00,12327630.092011623,1354960.257918031 
 03/05  21:00:00,7114960.257918031,1354960.257918031 
 03/05  22:00:00,3064960.257918031,1354960.257918031 
 03/05  23:00:00,3064960.257918031,1354960.257918031 
 03/05  24:00:00,3064960.257918031,1354960.257918031 
 03/06  01:00:00,3064960.257918031,1354960.257918031 
 03/06  02:00:00,3064960.257918031,1354960.257918031 
 03/06  03:00:00,3064960.257918031,1354960.257918031 
 03/06  04:00:00,3065076.444222609,1354960.257918031 
 03/06  05:00:00,3065354.644277522,1354960.257918031 
 03/06  06:00:00,3065576.071769989,1354960.257918031 
 03/06  07:00:00,3497172.651181425,1354960.257918031 
 03/06  08:00:00,3392695.8476837957,1354960.257918031 
 03/06  09:00:00,32955847.146056965,1354960.257918031 
 03/06  10:00:00,43277073.094563216,1354960.257918031 
 03/06  11:00:00,44623623.140766434,1365896.6330850946 
 03/06  12:00:00,43281109.88574585,1387787.0580156546 
 03/06  13:00:00,39209055.885454684,1357216.8935183354 
 03/06  14:00:00,41909104.47169777,1364414.6636002462 
 03/06  15:00:00,42861469.229186565,1439330.8218721221 
 03/06  16:00:00,41050450.66488928,1427979.3402159824 
 03/06  17:00:00,37407541.37268693,1362544.257768236 
 03/06  18:00:00,37408630.45787305,1354960.257918031 
 03/06  19:00:00,23028715.439241383,1354960.257918031 
 03/06  20:00:00,12264148.392683703,1354960.257918031 
 03/06  21:00:00,7114960.257918031,1354960.257918031 
 03/06  22:00:00,3064960.257918031,1354960.257918031 
 03/06  23:00:00,3064960.257918031,1354960.257918031 
 03/06  24:00:00,3064960.257918031,1354960.257918031 
 03/07  01:00:00,3064960.257918031,1354960.257918031 
 03/07  02:00:00,3064960.257918031,1354960.257918031 
 03/07  03:00:00,3064960.257918031,1354960.257918031 
 03/07  04:00:00,3064960.257918031,1354960.257918031 
 03/07  05:00:00,3064960.257918031,1354960.257918031 
 03/07  06:00:00,3064960.257918031,1354960.257918031 
 03/07  07:00:00,3471933.9459194215,1354960.257918031 
 03/07  08:00:00,3320973.103283104,1354960.257918031 
 03/07  09:00:00,32946257.005215652,1354960.257918031 
 03/07  10:00:00,43269638.24623826,1354960.257918031 
 03/07  11:00:00,44610226.60129129,1354960.257918031 
 03/07  12:00:00,43275445.16375413,1354960.257918031 
 03/07  13:00:00,39231813.20061464,1354960.257918031 
 03/07  14:00:00,41921819.43120314,1354960.257918031 
 03/07  15:00:00,42796314.57906175,1363823.0881605705 
 03/07  16:00:00,40995946.43175021,1367753.2573342922 
 03/07  17:00:00,37396820.27864489,1354960.257918031 
 03/07  18:00:00,37420103.81006063,1354960.257918031 
 03/07  19:00:00,23008990.367612865,1354960.257918031 
 03/07  20:00:00,12230278.190048788,1354960.257918031 
 03/07  21:00:00,7114960.257918031,1354960.257918031 
 03/07  22:00:00,3064960.257918031,1354960.257918031 
 03/07  23:00:00,3064960.257918031,1354960.257918031 
 03/07  24:00:00,3064960.257918031,1354960.257918031 
 03/08  01:00:00,3064960.257918031,1354960.257918031 
 03/08  02:00:00,3064960.257918031,1354960.257918031 
 03/08  03:00:00,3064960.257918031,1354960.257918031 
 03/08  04:00:00,3064960.257918031,1354960.257918031 
 03/08  05:00:00,3064960.257918031,1354960.257918031 
 03/08  06:00:00,3064960.257918031,1354960.257918031 
 03/08  07:00:00,3440125.0098933484,1354960.257918031 
 03/08  08:00:00,3259944.2497393005,1354960.257918031 
 03/08  09:00:00,32923669.45959859,1354960.257918031 
 03/08  10:00:00,43309487.66699432,1415172.0400285393 
 03/08  11:00:00,44713088.86081712,1489845.8523483803 
 03/08  12:00:00,43332926.516960636,1478846.2631506538 
 03/08  13:00:00,39196420.69210906,1391090.2391425371 
 03/08  14:00:00,44104691.45202029,1492112.9991296763 
 03/08  15:00:00,45803433.08162649,1578391.7749990497 
 03/08  16:00:00,44436623.84504643,1626990.9260876896 
 03/08  17:00:00,40570072.632979356,1574334.4936782462 
 03/08  18:00:00,38566001.99143962,1433834.434102734 
 03/08  19:00:00,22989846.36333943,1354960.257918031 
 03/08  20:00:00,12216547.620698234,1354960.257918031 
 03/08  21:00:00,7114960.257918031,1354960.257918031 
 03/08  22:00:00,3064960.257918031,1354960.257918031 
 03/08  23:00:00,3064960.257918031,1354960.257918031 
 03/08  24:00:00,3064960.257918031,1354960.257918031 
 03/09  01:00:00,6304960.257918031,1354960.257918031 
 03/09  02:00:00,6304960.257918031,1354960.257918031 
 03/09  03:00:00,6304960.257918031,1354960.257918031 
 03/09  04:00:00,6304960.257918031,1354960.257918031 
 03/09  05:00:00,6304960.257918031,1354960.257918031 
 03/09  06:00:00,6304960.257918031,1354960.257918031 
 03/09  07:00:00,6304960.257918031,1354960.257918031 
 03/09  08:00:00,6304960.257918031,1354960.257918031 
 03/09  09:00:00,6304960.257918031,1354960.257918031 
 03/09  10:00:00,6304960.257918031,1354960.257918031 
 03/09  11:00:00,6304960.257918031,1354960.257918031 
 03/09  12:00:00,6304960.257918031,1354960.257918031 
 03/09  13:00:00,6304960.257918031,1354960.257918031 
 03/09  14:00:00,6304960.257918031,1354960.257918031 
 03/09  15:00:00,6304960.257918031,1354960.257918031 
 03/09  16:00:00,6304960.257918031,1354960.257918031 
 03/09  17:00:00,6304960.257918031,1354960.257918031 
 03/09  18:00:00,6304960.257918031,1354960.257918031 
 03/09  19:00:00,6304960.257918031,1354960.257918031 
 03/09  20:00:00,6304960.257918031,1354960.257918031 
 03/09  21:00:00,6304960.257918031,1354960.257918031 
 03/09  22:00:00,6304960.257918031,1354960.257918031 
 03/09  23:00:00,6304960.257918031,1354960.257918031 
 03/09  24:00:00,6304960.257918031,1354960.257918031 
 03/10  01:00:00,6304960.257918031,1354960.257918031 
 03/10  02:00:00,6304960.257918031,1354960.257918031 
 03/10  03:00:00,6304960.257918031,1354960.257918031 
 03/10  04:00:00,6304960.257918031,1354960.257918031 
 03/10  05:00:00,6304960.257918031,1354960.257918031 
 03/10  06:00:00,6304960.257918031,1354960.257918031 
 03/10  07:00:00,6304960.257918031,1354960.257918031 
 03/10  08:00:00,6304960.257918031,1354960.257918031 
 03/10  09:00:00,6304960.257918031,1354960.257918031 
 03/10  10:00:00,6304960.257918031,1354960.257918031 
 03/10  11:00:00,6304960.257918031,1354960.257918031 
 03/10  12:00:00,6304960.257918031,1354960.257918031 
 03/10  13:00:00,6304960.257918031,1354960.257918031 
 03/10  14:00:00,6304960.257918031,1354960.257918031 
 03/10  15:00:00,6304960.257918031,1354960.257918031 
 03/10  16:00:00,6304960.257918031,1354960.257918031 
 03/10  17:00:00,6304960.257918031,1354960.257918031 
 03/10  18:00:00,6304960.257918031,1354960.257918031 
 03/10  19:00:00,6304960.257918031,1354960.257918031 
 03/10  20:00:00,6304960.257918031,1354960.257918031 
 03/10  21:00:00,6304960.257918031,1354960.257918031 
 03/10  22:00:00,6304960.257918031,1354960.257918031 
 03/10  23:00:00,6304960.257918031,1354960.257918031 
 03/10  24:00:00,6304960.257918031,1354960.257918031 
 03/11  01:00:00,3064960.257918031,1354960.257918031 
 03/11  02:00:00,3064960.257918031,1354960.257918031 
 03/11  03:00:00,3064960.257918031,1354960.257918031 
 03/11  04:00:00,3064960.257918031,1354960.257918031 
 03/11  05:00:00,3064960.257918031,1354960.257918031 
 03/11  06:00:00,3064960.257918031,1354960.257918031 
 03/11  07:00:00,3353592.090787093,1354960.257918031 
 03/11  08:00:00,3196607.8468547654,1354960.257918031 
 03/11  09:00:00,32887496.556716952,1354960.257918031 
 03/11  10:00:00,43240285.60328153,1354960.257918031 
 03/11  11:00:00,44589096.57990086,1370857.54368244 
 03/11  12:00:00,43240382.08553375,1377152.566193377 
 03/11  13:00:00,39167620.43900508,1354960.257918031 
 03/11  14:00:00,41895232.03543543,1390537.456788688 
 03/11  15:00:00,42814169.06811286,1412408.6025139082 
 03/11  16:00:00,41005812.125136435,1402685.3954463585 
 03/11  17:00:00,37381452.734032415,1375801.9609917284 
 03/11  18:00:00,37365321.36643797,1354960.257918031 
 03/11  19:00:00,22974668.945467643,1354960.257918031 
 03/11  20:00:00,12211880.910732262,1354960.257918031 
 03/11  21:00:00,7114960.257918031,1354960.257918031 
 03/11  22:00:00,3064960.257918031,1354960.257918031 
 03/11  23:00:00,3064960.257918031,1354960.257918031 
 03/11  24:00:00,3064960.257918031,1354960.257918031 
 03/12  01:00:00,3064960.257918031,1354960.257918031 
 03/12  02:00:00,3064960.257918031,1354960.257918031 
 03/12  03:00:00,3064960.257918031,1354960.257918031 
 03/12  04:00:00,3064960.257918031,1354960.257918031 
 03/12  05:00:00,3064960.257918031,1354960.257918031 
 03/12  06:00:00,3064960.257918031,1354960.257918031 
 03/12  07:00:00,3469956.9606127474,1354960.257918031 
 03/12  08:00:00,3327930.795497588,1354960.257918031 
 03/12  09:00:00,32930271.35760186,1354960.257918031 
 03/12  10:00:00,43293616.73600533,1396237.2423850603 
 03/12  11:00:00,44676794.635132395,1429111.4793079423 
 03/12  12:00:00,43314838.372109145,1414833.7655154853 
 03/12  13:00:00,39195999.57633699,1366025.9265383957 
 03/12  14:00:00,42379020.89463652,1417500.4385447544 
 03/12  15:00:00,44972916.1609285,1528225.6398881157 
 03/12  16:00:00,43186771.34212838,1519340.435146028 
 03/12  17:00:00,37420586.746952064,1412349.9232450132 
 03/12  18:00:00,37407586.14114982,1387505.6137842871 
 03/12  19:00:00,23015153.033695146,1354960.257918031 
 03/12  20:00:00,12236527.789753923,1354960.257918031 
 03/12  21:00:00,7114960.257918031,1354960.257918031 
 03/12  22:00:00,3064960.257918031,1354960.257918031 
 03/12  23:00:00,3064960.257918031,1354960.257918031 
 03/12  24:00:00,3064960.257918031,1354960.257918031 
 03/13  01:00:00,3064960.257918031,1354960.257918031 
 03/13  02:00:00,3064960.257918031,1354960.257918031 
 03/13  03:00:00,3064960.257918031,1354960.257918031 
 03/13  04:00:00,3064960.257918031,1354960.257918031 
 03/13  05:00:00,3064960.257918031,1354960.257918031 
 03/13  06:00:00,3064960.257918031,1354960.257918031 
 03/13  07:00:00,3474773.4214886315,1354960.257918031 
 03/13  08:00:00,3323335.5188581003,1354960.257918031 
 03/13  09:00:00,32943981.25817509,1354960.257918031 
 03/13  10:00:00,43272723.17563698,1354960.257918031 
 03/13  11:00:00,44615777.035186335,1354960.257918031 
 03/13  12:00:00,43263141.56948211,1354960.257918031 
 03/13  13:00:00,39215320.956479125,1354960.257918031 
 03/13  14:00:00,41909669.418464765,1354960.257918031 
 03/13  15:00:00,42806083.95689479,1354960.257918031 
 03/13  16:00:00,41014219.83132267,1354960.257918031 
 03/13  17:00:00,37416241.797106445,1354960.257918031 
 03/13  18:00:00,37410035.482924595,1354960.257918031 
 03/13  19:00:00,23025418.867257882,1354960.257918031 
 03/13  20:00:00,12257689.925775446,1354960.257918031 
 03/13  21:00:00,7114960.257918031,1354960.257918031 
 03/13  22:00:00,3064960.257918031,1354960.257918031 
 03/13  23:00:00,3064960.257918031,1354960.257918031 
 03/13  24:00:00,3064960.257918031,1354960.257918031 
 03/14  01:00:00,3064960.257918031,1354960.257918031 
 03/14  02:00:00,3064960.257918031,1354960.257918031 
 03/14  03:00:00,3064960.257918031,1354960.257918031 
 03/14  04:00:00,3064960.257918031,1354960.257918031 
 03/14  05:00:00,3064960.257918031,1354960.257918031 
 03/14  06:00:00,3064960.257918031,1354960.257918031 
 03/14  07:00:00,3471059.689204878,1354960.257918031 
 03/14  08:00:00,3313063.280895004,1354960.257918031 
 03/14  09:00:00,32931096.85871263,1357143.2113004343 
 03/14  10:00:00,43306372.87908076,1408272.1595080697 
 03/14  11:00:00,44698047.76613839,1439685.855351931 
 03/14  12:00:00,43299658.3202986,1435674.1978654405 
 03/14  13:00:00,39181629.503366746,1368107.134184271 
 03/14  14:00:00,41895822.77944249,1385163.7170830283 
 03/14  15:00:00,42863587.13431919,1460073.355451532 
 03/14  16:00:00,41532892.48299155,1473535.896068737 
 03/14  17:00:00,37438656.90523455,1434528.2777568402 
 03/14  18:00:00,37407215.67773743,1385299.8134414386 
 03/14  19:00:00,23020439.6543139,1354960.257918031 
 03/14  20:00:00,12234011.730506364,1354960.257918031 
 03/14  21:00:00,7114960.257918031,1354960.257918031 
 03/14  22:00:00,3064960.257918031,1354960.257918031 
 03/14  23:00:00,3064960.257918031,1354960.257918031 
 03/14  24:00:00,3064960.257918031,1354960.257918031 
 03/15  01:00:00,3064960.257918031,1354960.257918031 
 03/15  02:00:00,3064960.257918031,1354960.257918031 
 03/15  03:00:00,3064960.257918031,1354960.257918031 
 03/15  04:00:00,3064960.257918031,1354960.257918031 
 03/15  05:00:00,3064960.257918031,1354960.257918031 
 03/15  06:00:00,3064960.257918031,1354960.257918031 
 03/15  07:00:00,3466891.6325117475,1354960.257918031 
 03/15  08:00:00,3262878.582378468,1354960.257918031 
 03/15  09:00:00,32928284.09647778,1360377.6739131196 
 03/15  10:00:00,43320780.19149227,1434429.8425781047 
 03/15  11:00:00,44718945.29864562,1498319.5837034935 
 03/15  12:00:00,43340495.08028746,1482135.0080931 
 03/15  13:00:00,39203790.99395358,1391419.2505972255 
 03/15  14:00:00,43389143.355145514,1505076.4964633337 
 03/15  15:00:00,45386797.46962854,1599285.6222926835 
 03/15  16:00:00,44052058.767361246,1638945.6771889606 
 03/15  17:00:00,40490294.21842952,1621562.9385874704 
 03/15  18:00:00,38636441.65656575,1477738.0683571452 
 03/15  19:00:00,23008941.64254938,1354960.257918031 
 03/15  20:00:00,12228347.269640753,1354960.257918031 
 03/15  21:00:00,7114960.257918031,1354960.257918031 
 03/15  22:00:00,3064960.257918031,1354960.257918031 
 03/15  23:00:00,3064960.257918031,1354960.257918031 
 03/15  24:00:00,3064960.257918031,1354960.257918031 
 03/16  01:00:00,6304960.257918031,1354960.257918031 
 03/16  02:00:00,6304960.257918031,1354960.257918031 
 03/16  03:00:00,6304960.257918031,1354960.257918031 
 03/16  04:00:00,6304960.257918031,1354960.257918031 
 03/16  05:00:00,6304960.257918031,1354960.257918031 
 03/16  06:00:00,6304960.257918031,1354960.257918031 
 03/16  07:00:00,6304960.257918031,1354960.257918031 
 03/16  08:00:00,6304960.257918031,1354960.257918031 
 03/16  09:00:00,6304960.257918031,1354960.257918031 
 03/16  10:00:00,6304960.257918031,1354960.257918031 
 03/16  11:00:00,6304960.257918031,1354960.257918031 
 03/16  12:00:00,6304960.257918031,1354960.257918031 
 03/16  13:00:00,6304960.257918031,1354960.257918031 
 03/16  14:00:00,6304960.257918031,1354960.257918031 
 03/16  15:00:00,6304960.257918031,1354960.257918031 
 03/16  16:00:00,6304960.257918031,1354960.257918031 
 03/16  17:00:00,6304960.257918031,1354960.257918031 
 03/16  18:00:00,6304960.257918031,1354960.257918031 
 03/16  19:00:00,6304960.257918031,1354960.257918031 
 03/16  20:00:00,6304960.257918031,1354960.257918031 
 03/16  21:00:00,6304960.257918031,1354960.257918031 
 03/16  22:00:00,6304960.257918031,1354960.257918031 
 03/16  23:00:00,6304960.257918031,1354960.257918031 
 03/16  24:00:00,6304960.257918031,1354960.257918031 
 03/17  01:00:00,6304960.257918031,1354960.257918031 
 03/17  02:00:00,6304960.257918031,1354960.257918031 
 03/17  03:00:00,6304960.257918031,1354960.257918031 
 03/17  04:00:00,6304960.257918031,1354960.257918031 
 03/17  05:00:00,6304960.257918031,1354960.257918031 
 03/17  06:00:00,6304960.257918031,1354960.257918031 
 03/17  07:00:00,6304960.257918031,1354960.257918031 
 03/17  08:00:00,6304960.257918031,1354960.257918031 
 03/17  09:00:00,6304960.257918031,1354960.257918031 
 03/17  10:00:00,6304960.257918031,1354960.257918031 
 03/17  11:00:00,6304960.257918031,1354960.257918031 
 03/17  12:00:00,6304960.257918031,1354960.257918031 
 03/17  13:00:00,6304960.257918031,1354960.257918031 
 03/17  14:00:00,6304960.257918031,1354960.257918031 
 03/17  15:00:00,6304960.257918031,1354960.257918031 
 03/17  16:00:00,6304960.257918031,1354960.257918031 
 03/17  17:00:00,6304960.257918031,1354960.257918031 
 03/17  18:00:00,6304960.257918031,1354960.257918031 
 03/17  19:00:00,6304960.257918031,1354960.257918031 
 03/17  20:00:00,6304960.257918031,1354960.257918031 
 03/17  21:00:00,6304960.257918031,1354960.257918031 
 03/17  22:00:00,6304960.257918031,1354960.257918031 
 03/17  23:00:00,6304960.257918031,1354960.257918031 
 03/17  24:00:00,6304960.257918031,1354960.257918031 
 03/18  01:00:00,3064960.257918031,1354960.257918031 
 03/18  02:00:00,3065042.9593078857,1354960.257918031 
 03/18  03:00:00,3066463.2327887258,1354960.257918031 
 03/18  04:00:00,3068035.951172121,1354960.257918031 
 03/18  05:00:00,3069393.8865844496,1354960.257918031 
 03/18  06:00:00,3071858.833677461,1354960.257918031 
 03/18  07:00:00,3511286.8558889558,1354960.257918031 
 03/18  08:00:00,3368220.534752964,1354960.257918031 
 03/18  09:00:00,32949148.909504533,1354960.257918031 
 03/18  10:00:00,43296907.84966777,1397455.0633418662 
 03/18  11:00:00,44676416.51942247,1445602.0252038345 
 03/18  12:00:00,43315291.64948945,1432195.2613007105 
 03/18  13:00:00,39225663.38475539,1369147.3294087776 
 03/18  14:00:00,41942174.43972105,1422810.859086073 
 03/18  15:00:00,43850450.642779954,1521471.1166697992 
 03/18  16:00:00,43026971.63000876,1536873.9447696593 
 03/18  17:00:00,37457758.237878,1452279.5456511558 
 03/18  18:00:00,37421309.15195274,1369598.8856028602 
 03/18  19:00:00,23022076.126462948,1354960.257918031 
 03/18  20:00:00,12241773.283431605,1354960.257918031 
 03/18  21:00:00,7114960.257918031,1354960.257918031 
 03/18  22:00:00,3064960.257918031,1354960.257918031 
 03/18  23:00:00,3064960.257918031,1354960.257918031 
 03/18  24:00:00,3064960.257918031,1354960.257918031 
 03/19  01:00:00,3064960.257918031,1354960.257918031 
 03/19  02:00:00,3064960.257918031,1354960.257918031 
 03/19  03:00:00,3064960.257918031,1354960.257918031 
 03/19  04:00:00,3064960.257918031,1354960.257918031 
 03/19  05:00:00,3064960.257918031,1354960.257918031 
 03/19  06:00:00,3064960.257918031,1354960.257918031 
 03/19  07:00:00,3410748.019766105,1354960.257918031 
 03/19  08:00:00,3230447.1749544274,1354960.257918031 
 03/19  09:00:00,32881835.861040786,1354960.257918031 
 03/19  10:00:00,43218432.10558763,1356784.1476325977 
 03/19  11:00:00,45522677.624354154,1422680.5811731243 
 03/19  12:00:00,45907269.691995904,1496085.2444251755 
 03/19  13:00:00,42170822.962910146,1445946.4145825366 
 03/19  14:00:00,46448119.29672265,1650408.8339945162 
 03/19  15:00:00,48414943.28113483,1791440.7167578894 
 03/19  16:00:00,47070865.99281238,1788762.1731084392 
 03/19  17:00:00,42867390.83018868,1656568.5515850228 
 03/19  18:00:00,41291350.33082851,1493284.7369137374 
 03/19  19:00:00,25283320.435870618,1354960.257918031 
 03/19  20:00:00,12175706.063844241,1354960.257918031 
 03/19  21:00:00,7114960.257918031,1354960.257918031 
 03/19  22:00:00,3064960.257918031,1354960.257918031 
 03/19  23:00:00,3064960.257918031,1354960.257918031 
 03/19  24:00:00,3064960.257918031,1354960.257918031 
 03/20  01:00:00,3064960.257918031,1354960.257918031 
 03/20  02:00:00,3064960.257918031,1354960.257918031 
 03/20  03:00:00,3064960.257918031,1354960.257918031 
 03/20  04:00:00,3064960.257918031,1354960.257918031 
 03/20  05:00:00,3064960.257918031,1354960.257918031 
 03/20  06:00:00,3064960.257918031,1354960.257918031 
 03/20  07:00:00,3423668.152101127,1354960.2579180307 
 03/20  08:00:00,3244801.624585869,1354960.257918031 
 03/20  09:00:00,32907749.879874196,1355180.680879849 
 03/20  10:00:00,43295688.784022175,1403771.8667212857 
 03/20  11:00:00,44695230.32830831,1452212.7963203308 
 03/20  12:00:00,43289473.428556845,1422462.1816532908 
 03/20  13:00:00,39219104.69739639,1364771.0870244508 
 03/20  14:00:00,41916249.54582534,1375921.1542845056 
 03/20  15:00:00,42870425.74505301,1450752.0127482451 
 03/20  16:00:00,41072537.50709309,1448725.391308532 
 03/20  17:00:00,37419325.76798019,1385623.914304518 
 03/20  18:00:00,37405993.62693773,1358098.2440236083 
 03/20  19:00:00,23028517.521304253,1354960.257918031 
 03/20  20:00:00,12271148.691310236,1354960.257918031 
 03/20  21:00:00,7114960.257918031,1354960.257918031 
 03/20  22:00:00,3064960.257918031,1354960.257918031 
 03/20  23:00:00,3064960.257918031,1354960.257918031 
 03/20  24:00:00,3064960.257918031,1354960.257918031 
 03/21  01:00:00,3064960.257918031,1354960.257918031 
 03/21  02:00:00,3064960.257918031,1354960.257918031 
 03/21  03:00:00,3064960.257918031,1354960.257918031 
 03/21  04:00:00,3064960.257918031,1354960.257918031 
 03/21  05:00:00,3064960.257918031,1354960.257918031 
 03/21  06:00:00,3064960.257918031,1354960.257918031 
 03/21  07:00:00,3469437.8048361456,1354960.257918031 
 03/21  08:00:00,3311949.7200181577,1354960.257918031 
 03/21  09:00:00,32931527.908435434,1355579.8960471242 
 03/21  10:00:00,43301411.65556963,1410517.835148025 
 03/21  11:00:00,44697183.72916399,1448058.3456199034 
 03/21  12:00:00,43305528.84368923,1435357.3823942468 
 03/21  13:00:00,39208322.17694896,1369218.4320750823 
 03/21  14:00:00,41941004.96117831,1428883.5099637 
 03/21  15:00:00,44726147.7631931,1512179.7757403047 
 03/21  16:00:00,41050737.77432358,1445769.3270163443 
 03/21  17:00:00,37398548.287847854,1381528.8254707286 
 03/21  18:00:00,37414305.522173755,1364146.3601196972 
 03/21  19:00:00,23020571.212170634,1354960.257918031 
 03/21  20:00:00,12250163.117306352,1354960.257918031 
 03/21  21:00:00,7114960.257918031,1354960.257918031 
 03/21  22:00:00,3064960.257918031,1354960.257918031 
 03/21  23:00:00,3064960.257918031,1354960.257918031 
 03/21  24:00:00,3064960.257918031,1354960.257918031 
 03/22  01:00:00,3064960.257918031,1354960.257918031 
 03/22  02:00:00,3064960.257918031,1354960.257918031 
 03/22  03:00:00,3064960.257918031,1354960.257918031 
 03/22  04:00:00,3064960.257918031,1354960.257918031 
 03/22  05:00:00,3064960.257918031,1354960.257918031 
 03/22  06:00:00,3064960.257918031,1354960.257918031 
 03/22  07:00:00,3458682.9319760636,1354960.257918031 
 03/22  08:00:00,3286648.4254716886,1354960.257918031 
 03/22  09:00:00,32924356.56335889,1354960.257918031 
 03/22  10:00:00,43288523.897349454,1381663.1189427956 
 03/22  11:00:00,44657006.86312475,1436681.7183712702 
 03/22  12:00:00,43269446.13213412,1405927.2329283142 
 03/22  13:00:00,39179207.01060621,1357160.6043945393 
 03/22  14:00:00,41900162.108141154,1386637.1777542466 
 03/22  15:00:00,42811654.29709654,1401893.947240428 
 03/22  16:00:00,41005800.35109586,1395174.2945464961 
 03/22  17:00:00,37383711.1738721,1361706.0135667513 
 03/22  18:00:00,37419459.26811277,1354960.257918031 
 03/22  19:00:00,23011927.30963002,1354960.257918031 
 03/22  20:00:00,12227139.042434605,1354960.257918031 
 03/22  21:00:00,7114960.257918031,1354960.257918031 
 03/22  22:00:00,3064960.257918031,1354960.257918031 
 03/22  23:00:00,3064960.257918031,1354960.257918031 
 03/22  24:00:00,3064960.257918031,1354960.257918031 
 03/23  01:00:00,6304960.257918031,1354960.257918031 
 03/23  02:00:00,6304960.257918031,1354960.257918031 
 03/23  03:00:00,6304960.257918031,1354960.257918031 
 03/23  04:00:00,6304960.257918031,1354960.257918031 
 03/23  05:00:00,6304960.257918031,1354960.257918031 
 03/23  06:00:00,6304960.257918031,1354960.257918031 
 03/23  07:00:00,6304960.257918031,1354960.257918031 
 03/23  08:00:00,6304960.257918031,1354960.257918031 
 03/23  09:00:00,6304960.257918031,1354960.257918031 
 03/23  10:00:00,6304960.257918031,1354960.257918031 
 03/23  11:00:00,6304960.257918031,1354960.257918031 
 03/23  12:00:00,6304960.257918031,1354960.257918031 
 03/23  13:00:00,6304960.257918031,1354960.257918031 
 03/23  14:00:00,6304960.257918031,1354960.257918031 
 03/23  15:00:00,6304960.257918031,1354960.257918031 
 03/23  16:00:00,6304960.257918031,1354960.257918031 
 03/23  17:00:00,6304960.257918031,1354960.257918031 
 03/23  18:00:00,6304960.257918031,1354960.257918031 
 03/23  19:00:00,6304960.257918031,1354960.257918031 
 03/23  20:00:00,6304960.257918031,1354960.257918031 
 03/23  21:00:00,6304960.257918031,1354960.257918031 
 03/23  22:00:00,6304960.257918031,1354960.257918031 
 03/23  23:00:00,6304960.257918031,1354960.257918031 
 03/23  24:00:00,6304960.257918031,1354960.257918031 
 03/24  01:00:00,6304960.257918031,1354960.257918031 
 03/24  02:00:00,6304960.257918031,1354960.257918031 
 03/24  03:00:00,6304960.257918031,1354960.257918031 
 03/24  04:00:00,6304960.257918031,1354960.257918031 
 03/24  05:00:00,6304960.257918031,1354960.257918031 
 03/24  06:00:00,6304960.257918031,1354960.257918031 
 03/24  07:00:00,6304960.257918031,1354960.257918031 
 03/24  08:00:00,6304960.257918031,1354960.257918031 
 03/24  09:00:00,6304960.257918031,1354960.257918031 
 03/24  10:00:00,6304960.257918031,1354960.257918031 
 03/24  11:00:00,6304960.257918031,1354960.257918031 
 03/24  12:00:00,6304960.257918031,1354960.257918031 
 03/24  13:00:00,6304960.257918031,1354960.257918031 
 03/24  14:00:00,6304960.257918031,1354960.257918031 
 03/24  15:00:00,6304960.257918031,1354960.257918031 
 03/24  16:00:00,6304960.257918031,1354960.257918031 
 03/24  17:00:00,6304960.257918031,1354960.257918031 
 03/24  18:00:00,6304960.257918031,1354960.257918031 
 03/24  19:00:00,6304960.257918031,1354960.257918031 
 03/24  20:00:00,6304960.257918031,1354960.257918031 
 03/24  21:00:00,6304960.257918031,1354960.257918031 
 03/24  22:00:00,6304960.257918031,1354960.257918031 
 03/24  23:00:00,6304960.257918031,1354960.257918031 
 03/24  24:00:00,6304960.257918031,1354960.257918031 
 03/25  01:00:00,3064960.257918031,1354960.257918031 
 03/25  02:00:00,3064960.257918031,1354960.257918031 
 03/25  03:00:00,3064960.257918031,1354960.257918031 
 03/25  04:00:00,3064960.257918031,1354960.257918031 
 03/25  05:00:00,3064960.257918031,1354960.257918031 
 03/25  06:00:00,3064960.257918031,1354960.257918031 
 03/25  07:00:00,3458885.6546356347,1354960.257918031 
 03/25  08:00:00,3285000.1075789523,1354960.257918031 
 03/25  09:00:00,32924836.08646243,1354960.257918031 
 03/25  10:00:00,43274311.449834004,1354960.257918031 
 03/25  11:00:00,44620372.7637105,1354960.257918031 
 03/25  12:00:00,43259042.5682693,1380622.6633087348 
 03/25  13:00:00,39185911.134691775,1355668.9897150553 
 03/25  14:00:00,41935115.97793481,1422098.1268843422 
 03/25  15:00:00,42853797.84062395,1446010.0664699655 
 03/25  16:00:00,41022889.24297418,1412683.8744752922 
 03/25  17:00:00,37399578.272499815,1382900.704318499 
 03/25  18:00:00,37403016.535813674,1381367.0713231282 
 03/25  19:00:00,23019422.37113941,1354960.257918031 
 03/25  20:00:00,12235377.927100284,1354960.257918031 
 03/25  21:00:00,7114960.257918031,1354960.257918031 
 03/25  22:00:00,3064960.257918031,1354960.257918031 
 03/25  23:00:00,3064960.257918031,1354960.257918031 
 03/25  24:00:00,3064960.257918031,1354960.257918031 
 03/26  01:00:00,3064960.257918031,1354960.257918031 
 03/26  02:00:00,3064960.257918031,1354960.257918031 
 03/26  03:00:00,3064960.257918031,1354960.257918031 
 03/26  04:00:00,3064960.257918031,1354960.257918031 
 03/26  05:00:00,3064960.257918031,1354960.257918031 
 03/26  06:00:00,3064960.257918031,1354960.257918031 
 03/26  07:00:00,3420244.725079262,1354960.257918031 
 03/26  08:00:00,3233026.582531581,1354960.257918031 
 03/26  09:00:00,32888903.086034313,1356219.3153928504 
 03/26  10:00:00,43276635.23852885,1420048.9250995126 
 03/26  11:00:00,46673598.561737895,1485799.6238915878 
 03/26  12:00:00,46311108.20039952,1531990.3805079379 
 03/26  13:00:00,42578736.45961386,1441892.2280099057 
 03/26  14:00:00,46315110.57761329,1591438.0089494064 
 03/26  15:00:00,48910627.19422567,1746501.8370972713 
 03/26  16:00:00,47327485.25129917,1772950.8797288341 
 03/26  17:00:00,42732278.34117299,1603830.3666655929 
 03/26  18:00:00,41350177.564338714,1456059.5132121127 
 03/26  19:00:00,25853235.79142811,1354960.257918031 
 03/26  20:00:00,14760242.950228909,1354960.257918031 
 03/26  21:00:00,7114960.257918031,1354960.257918031 
 03/26  22:00:00,3064960.257918031,1354960.257918031 
 03/26  23:00:00,3064960.257918031,1354960.257918031 
 03/26  24:00:00,3064960.257918031,1354960.257918031 
 03/27  01:00:00,3064960.257918031,1354960.257918031 
 03/27  02:00:00,3064960.257918031,1354960.257918031 
 03/27  03:00:00,3064960.257918031,1354960.257918031 
 03/27  04:00:00,3064960.257918031,1354960.257918031 
 03/27  05:00:00,3064960.257918031,1354960.257918031 
 03/27  06:00:00,3064960.257918031,1354960.257918031 
 03/27  07:00:00,5212050.255514313,1354960.257918031 
 03/27  08:00:00,5208317.273073434,1354960.257918031 
 03/27  09:00:00,34976559.433563836,1354960.257918031 
 03/27  10:00:00,45403196.83598973,1354960.257918031 
 03/27  11:00:00,47123051.73882334,1395341.84362093 
 03/27  12:00:00,46918156.374444686,1454969.6979948003 
 03/27  13:00:00,43021724.77198416,1416384.3503546068 
 03/27  14:00:00,47123430.97723906,1588100.6990244226 
 03/27  15:00:00,49610786.54693927,1776843.1490793505 
 03/27  16:00:00,47411044.93045005,1695793.5204581243 
 03/27  17:00:00,42007744.6717652,1481313.427678224 
 03/27  18:00:00,40988965.344187886,1429201.4756833222 
 03/27  19:00:00,25561409.845130913,1354960.257918031 
 03/27  20:00:00,14402678.650122907,1354960.257918031 
 03/27  21:00:00,7114960.257918031,1354960.257918031 
 03/27  22:00:00,3064960.257918031,1354960.257918031 
 03/27  23:00:00,3064960.257918031,1354960.257918031 
 03/27  24:00:00,3064960.257918031,1354960.257918031 
 03/28  01:00:00,3064960.257918031,1354960.257918031 
 03/28  02:00:00,3064960.257918031,1354960.257918031 
 03/28  03:00:00,3064960.257918031,1354960.257918031 
 03/28  04:00:00,3064960.257918031,1354960.257918031 
 03/28  05:00:00,3064960.257918031,1354960.257918031 
 03/28  06:00:00,3064960.257918031,1354960.257918031 
 03/28  07:00:00,3310413.3434655624,1354960.257918031 
 03/28  08:00:00,3176718.248966644,1354960.257918031 
 03/28  09:00:00,32890378.10426629,1354960.257918031 
 03/28  10:00:00,43235337.92469624,1354960.257918031 
 03/28  11:00:00,44601514.40437445,1369309.578320657 
 03/28  12:00:00,43249401.612821236,1376222.2603283685 
 03/28  13:00:00,39189235.057211965,1354960.257918031 
 03/28  14:00:00,41899621.7943801,1372205.2001842665 
 03/28  15:00:00,42808697.20850924,1387936.213699535 
 03/28  16:00:00,41002067.430752136,1383951.888454745 
 03/28  17:00:00,37384672.19459358,1357634.3260663375 
 03/28  18:00:00,37406922.15177775,1354960.257918031 
 03/28  19:00:00,22994747.455639172,1354960.257918031 
 03/28  20:00:00,12205468.874375124,1354960.257918031 
 03/28  21:00:00,7114960.257918031,1354960.257918031 
 03/28  22:00:00,3064960.257918031,1354960.257918031 
 03/28  23:00:00,3064960.257918031,1354960.257918031 
 03/28  24:00:00,3064960.257918031,1354960.257918031 
 03/29  01:00:00,3064960.257918031,1354960.257918031 
 03/29  02:00:00,3064960.257918031,1354960.257918031 
 03/29  03:00:00,3064960.257918031,1354960.257918031 
 03/29  04:00:00,3064960.257918031,1354960.257918031 
 03/29  05:00:00,3064960.257918031,1354960.257918031 
 03/29  06:00:00,3064960.257918031,1354960.257918031 
 03/29  07:00:00,3332624.1637764233,1354960.257918031 
 03/29  08:00:00,3183900.25112501,1354960.257918031 
 03/29  09:00:00,32877628.462393075,1354960.257918031 
 03/29  10:00:00,43217440.29236961,1356312.5147008207 
 03/29  11:00:00,45097897.843174815,1408661.8937039059 
 03/29  12:00:00,45402674.46730543,1437939.7705767006 
 03/29  13:00:00,41416675.65299991,1398292.6526057338 
 03/29  14:00:00,44831516.20018386,1480061.7376053932 
 03/29  15:00:00,45595901.907099314,1486651.795233115 
 03/29  16:00:00,41019434.746431366,1415567.5634009228 
 03/29  17:00:00,37393165.98739239,1374225.1312077148 
 03/29  18:00:00,37400315.73498619,1354960.257918031 
 03/29  19:00:00,23016639.761996955,1354960.257918031 
 03/29  20:00:00,12241629.27084987,1354960.257918031 
 03/29  21:00:00,7114960.257918031,1354960.257918031 
 03/29  22:00:00,3064960.257918031,1354960.257918031 
 03/29  23:00:00,3064960.257918031,1354960.257918031 
 03/29  24:00:00,3064960.257918031,1354960.257918031 
 03/30  01:00:00,6304960.257918031,1354960.257918031 
 03/30  02:00:00,6304960.257918031,1354960.257918031 
 03/30  03:00:00,6304960.257918031,1354960.257918031 
 03/30  04:00:00,6304960.257918031,1354960.257918031 
 03/30  05:00:00,6304960.257918031,1354960.257918031 
 03/30  06:00:00,6304960.257918031,1354960.257918031 
 03/30  07:00:00,6304960.257918031,1354960.257918031 
 03/30  08:00:00,6304960.257918031,1354960.257918031 
 03/30  09:00:00,6304960.257918031,1354960.257918031 
 03/30  10:00:00,6304960.257918031,1354960.257918031 
 03/30  11:00:00,6304960.257918031,1354960.257918031 
 03/30  12:00:00,6304960.257918031,1354960.257918031 
 03/30  13:00:00,6304960.257918031,1354960.257918031 
 03/30  14:00:00,6304960.257918031,1354960.257918031 
 03/30  15:00:00,6304960.257918031,1354960.257918031 
 03/30  16:00:00,6304960.257918031,1354960.257918031 
 03/30  17:00:00,6304960.257918031,1354960.257918031 
 03/30  18:00:00,6304960.257918031,1354960.257918031 
 03/30  19:00:00,6304960.257918031,1354960.257918031 
 03/30  20:00:00,6304960.257918031,1354960.257918031 
 03/30  21:00:00,6304960.257918031,1354960.257918031 
 03/30  22:00:00,6304960.257918031,1354960.257918031 
 03/30  23:00:00,6304960.257918031,1354960.257918031 
 03/30  24:00:00,6304960.257918031,1354960.257918031 
 03/31  01:00:00,6304960.257918031,1354960.257918031 
 03/31  02:00:00,6304960.257918031,1354960.257918031 
 03/31  03:00:00,6304960.257918031,1354960.257918031 
 03/31  04:00:00,6304960.257918031,1354960.257918031 
 03/31  05:00:00,6304960.257918031,1354960.257918031 
 03/31  06:00:00,6304960.257918031,1354960.257918031 
 03/31  07:00:00,6304960.257918031,1354960.257918031 
 03/31  08:00:00,6304960.257918031,1354960.257918031 
 03/31  09:00:00,6304960.257918031,1354960.257918031 
 03/31  10:00:00,6304960.257918031,1354960.257918031 
 03/31  11:00:00,6304960.257918031,1354960.257918031 
 03/31  12:00:00,6304960.257918031,1354960.257918031 
 03/31  13:00:00,6304960.257918031,1354960.257918031 
 03/31  14:00:00,6304960.257918031,1354960.257918031 
 03/31  15:00:00,6304960.257918031,1354960.257918031 
 03/31  16:00:00,6304960.257918031,1354960.257918031 
 03/31  17:00:00,6304960.257918031,1354960.257918031 
 03/31  18:00:00,6304960.257918031,1354960.257918031 
 03/31  19:00:00,6304960.257918031,1354960.257918031 
 03/31  20:00:00,6304960.257918031,1354960.257918031 
 03/31  21:00:00,6304960.257918031,1354960.257918031 
 03/31  22:00:00,6304960.257918031,1354960.257918031 
 03/31  23:00:00,6304960.257918031,1354960.257918031 
 03/31  24:00:00,6304960.257918031,1354960.257918031,11774426766.88414,10568070000.0,6589350000.0,1020765801.2527432,185590965.63106766,6687231142.40364,6687231142.40364,,,,,,,,6589350000.0,,10568070000.0,,3978720000.0 
 04/01  01:00:00,1710000.0,0.0 
 04/01  02:00:00,1710000.0,0.0 
 04/01  03:00:00,1710000.0,0.0 
 04/01  04:00:00,1710000.0,0.0 
 04/01  05:00:00,1710000.0,0.0 
 04/01  06:00:00,1710000.0,0.0 
 04/01  07:00:00,3401285.5211716057,1354960.257918031 
 04/01  08:00:00,3213787.885590239,1354960.257918031 
 04/01  09:00:00,32890810.93309275,1354960.257918031 
 04/01  10:00:00,43242509.12020866,1374378.3550076755 
 04/01  11:00:00,44604717.928585455,1389421.995983271 
 04/01  12:00:00,43251688.77499133,1380136.1912814265 
 04/01  13:00:00,39205436.29566228,1355266.344351341 
 04/01  14:00:00,41892731.465226844,1354960.257918031 
 04/01  15:00:00,42780875.465215504,1354960.257918031 
 04/01  16:00:00,40984325.38696982,1354960.257918031 
 04/01  17:00:00,37389760.634404175,1354960.257918031 
 04/01  18:00:00,37393000.397704534,1354960.257918031 
 04/01  19:00:00,23008433.683660075,1354960.257918031 
 04/01  20:00:00,12236490.791707324,1354960.257918031 
 04/01  21:00:00,5760000.0,0.0 
 04/01  22:00:00,1710000.0,0.0 
 04/01  23:00:00,1710000.0,0.0 
 04/01  24:00:00,1710000.0,0.0 
 04/02  01:00:00,1710000.0,0.0 
 04/02  02:00:00,1710000.0,0.0 
 04/02  03:00:00,1710000.0,0.0 
 04/02  04:00:00,1710000.0,0.0 
 04/02  05:00:00,1710000.0,0.0 
 04/02  06:00:00,1710000.0,0.0 
 04/02  07:00:00,3382319.431168062,1354960.257918031 
 04/02  08:00:00,3219799.9383818787,1354960.257918031 
 04/02  09:00:00,32887497.56624507,1354960.257918031 
 04/02  10:00:00,43226548.00599362,1354960.257918031 
 04/02  11:00:00,44588693.92460577,1366895.8271948188 
 04/02  12:00:00,43246774.47109105,1358709.0304066592 
 04/02  13:00:00,39197659.22862241,1354960.257918031 
 04/02  14:00:00,41890891.68093251,1354960.257918031 
 04/02  15:00:00,43107112.87423362,1371329.8776607441 
 04/02  16:00:00,41011092.31365125,1354960.257918031 
 04/02  17:00:00,37388357.47491245,1354960.257918031 
 04/02  18:00:00,37378138.84365947,1354960.257918031 
 04/02  19:00:00,22994975.611589096,1354960.257918031 
 04/02  20:00:00,12221162.474232057,1354960.257918031 
 04/02  21:00:00,5760000.0,0.0 
 04/02  22:00:00,1710000.0,0.0 
 04/02  23:00:00,1710000.0,0.0 
 04/02  24:00:00,1710000.0,0.0 
 04/03  01:00:00,1710000.0,0.0 
 04/03  02:00:00,1710000.0,0.0 
 04/03  03:00:00,1710000.0,0.0 
 04/03  04:00:00,1710000.0,0.0 
 04/03  05:00:00,1710000.0,0.0 
 04/03  06:00:00,1710000.0,0.0 
 04/03  07:00:00,3385806.3993649175,1354960.257918031 
 04/03  08:00:00,3228533.9508111263,1354960.257918031 
 04/03  09:00:00,32901189.76146209,1354960.257918031 
 04/03  10:00:00,43232241.51507182,1354960.257918031 
 04/03  11:00:00,44577151.97282194,1354960.257918031 
 04/03  12:00:00,43228077.270288706,1354960.257918031 
 04/03  13:00:00,39177425.215741426,1354960.257918031 
 04/03  14:00:00,41882263.88341816,1354960.257918031 
 04/03  15:00:00,42808912.461490184,1395590.3672691158 
 04/03  16:00:00,41013771.075497136,1403134.7602898227 
 04/03  17:00:00,37397695.25262462,1383713.676944472 
 04/03  18:00:00,37393397.551057056,1378748.8260204543 
 04/03  19:00:00,22987030.65898263,1354960.257918031 
 04/03  20:00:00,12216305.331269009,1354960.257918031 
 04/03  21:00:00,5760000.0,0.0 
 04/03  22:00:00,1710000.0,0.0 
 04/03  23:00:00,1710000.0,0.0 
 04/03  24:00:00,1710000.0,0.0 
 04/04  01:00:00,1710000.0,0.0 
 04/04  02:00:00,1710000.0,0.0 
 04/04  03:00:00,1710000.0,0.0 
 04/04  04:00:00,1710000.0,0.0 
 04/04  05:00:00,1710000.0,0.0 
 04/04  06:00:00,1710000.0,0.0 
 04/04  07:00:00,3382396.7363095856,1354960.257918031 
 04/04  08:00:00,3211305.1638436355,1354960.257918031 
 04/04  09:00:00,32894822.58967489,1354960.257918031 
 04/04  10:00:00,43234103.836524434,1358009.042419494 
 04/04  11:00:00,44592922.3770299,1374243.5767224827 
 04/04  12:00:00,43229452.54253012,1358843.6055880722 
 04/04  13:00:00,39179515.328635566,1354960.257918031 
 04/04  14:00:00,41878284.02967402,1354960.257918031 
 04/04  15:00:00,42779071.51928413,1354960.257918031 
 04/04  16:00:00,40981912.45852834,1354960.257918031 
 04/04  17:00:00,37386753.091076806,1354960.257918031 
 04/04  18:00:00,37389842.630607806,1354960.257918031 
 04/04  19:00:00,23008298.31682881,1354960.257918031 
 04/04  20:00:00,12239480.820735732,1354960.257918031 
 04/04  21:00:00,5760000.0,0.0 
 04/04  22:00:00,1710000.0,0.0 
 04/04  23:00:00,1710000.0,0.0 
 04/04  24:00:00,1710000.0,0.0 
 04/05  01:00:00,1710000.0,0.0 
 04/05  02:00:00,1710000.0,0.0 
 04/05  03:00:00,1710000.0,0.0 
 04/05  04:00:00,1710000.0,0.0 
 04/05  05:00:00,1710000.0,0.0 
 04/05  06:00:00,1710000.0,0.0 
 04/05  07:00:00,3418405.4805208268,1354960.257918031 
 04/05  08:00:00,3227389.055943213,1354960.257918031 
 04/05  09:00:00,32894461.315237522,1354960.257918031 
 04/05  10:00:00,43228860.00289914,1355773.124532105 
 04/05  11:00:00,44590418.59248853,1370702.7203758082 
 04/05  12:00:00,43241150.77025454,1374595.0588033241 
 04/05  13:00:00,39181233.18460538,1354960.257918031 
 04/05  14:00:00,41897183.878939696,1354960.257918031 
 04/05  15:00:00,42821778.98263997,1354960.257918031 
 04/05  16:00:00,41025540.628637925,1354960.257918031 
 04/05  17:00:00,37403456.99966225,1354960.257918031 
 04/05  18:00:00,37377426.08846982,1354960.257918031 
 04/05  19:00:00,22992848.04256739,1354960.257918031 
 04/05  20:00:00,12223952.574040052,1354960.257918031 
 04/05  21:00:00,5760000.0,0.0 
 04/05  22:00:00,1710000.0,0.0 
 04/05  23:00:00,1710000.0,0.0 
 04/05  24:00:00,1710000.0,0.0 
 04/06  01:00:00,4950000.0,0.0 
 04/06  02:00:00,4950000.0,0.0 
 04/06  03:00:00,4950000.0,0.0 
 04/06  04:00:00,4950000.0,0.0 
 04/06  05:00:00,4950000.0,0.0 
 04/06  06:00:00,4950000.0,0.0 
 04/06  07:00:00,4950000.0,0.0 
 04/06  08:00:00,4950000.0,0.0 
 04/06  09:00:00,4950000.0,0.0 
 04/06  10:00:00,4950000.0,0.0 
 04/06  11:00:00,4950000.0,0.0 
 04/06  12:00:00,4950000.0,0.0 
 04/06  13:00:00,4950000.0,0.0 
 04/06  14:00:00,4950000.0,0.0 
 04/06  15:00:00,4950000.0,0.0 
 04/06  16:00:00,4950000.0,0.0 
 04/06  17:00:00,4950000.0,0.0 
 04/06  18:00:00,4950000.0,0.0 
 04/06  19:00:00,4950000.0,0.0 
 04/06  20:00:00,4950000.0,0.0 
 04/06  21:00:00,4950000.0,0.0 
 04/06  22:00:00,4950000.0,0.0 
 04/06  23:00:00,4950000.0,0.0 
 04/06  24:00:00,4950000.0,0.0 
 04/07  01:00:00,4950000.0,0.0 
 04/07  02:00:00,4950000.0,0.0 
 04/07  03:00:00,4950000.0,0.0 
 04/07  04:00:00,4950000.0,0.0 
 04/07  05:00:00,4950000.0,0.0 
 04/07  06:00:00,4950000.0,0.0 
 04/07  07:00:00,4950000.0,0.0 
 04/07  08:00:00,4950000.0,0.0 
 04/07  09:00:00,4950000.0,0.0 
 04/07  10:00:00,4950000.0,0.0 
 04/07  11:00:00,4950000.0,0.0 
 04/07  12:00:00,4950000.0,0.0 
 04/07  13:00:00,4950000.0,0.0 
 04/07  14:00:00,4950000.0,0.0 
 04/07  15:00:00,4950000.0,0.0 
 04/07  16:00:00,4950000.0,0.0 
 04/07  17:00:00,4950000.0,0.0 
 04/07  18:00:00,4950000.0,0.0 
 04/07  19:00:00,4950000.0,0.0 
 04/07  20:00:00,4950000.0,0.0 
 04/07  21:00:00,4950000.0,0.0 
 04/07  22:00:00,4950000.0,0.0 
 04/07  23:00:00,4950000.0,0.0 
 04/07  24:00:00,4950000.0,0.0 
 04/08  01:00:00,1710000.0,0.0 
 04/08  02:00:00,1710000.0,0.0 
 04/08  03:00:00,1710000.0,0.0 
 04/08  04:00:00,1710000.0,0.0 
 04/08  05:00:00,1710000.0,0.0 
 04/08  06:00:00,1710000.0,0.0 
 04/08  07:00:00,3297584.8113739304,1354960.257918031 
 04/08  08:00:00,3163652.8056829134,1354960.257918031 
 04/08  09:00:00,32869893.845254153,1354960.257918031 
 04/08  10:00:00,43207926.41553594,1354960.257918031 
 04/08  11:00:00,46119710.82635747,1354960.257918031 
 04/08  12:00:00,45425971.31178895,1354960.257918031 
 04/08  13:00:00,41539599.06366068,1354960.257918031 
 04/08  14:00:00,44286711.03376728,1354960.257918031 
 04/08  15:00:00,45234568.91818327,1354960.257918031 
 04/08  16:00:00,43466306.07650113,1354960.257918031 
 04/08  17:00:00,39892209.89859586,1354960.257918031 
 04/08  18:00:00,39918424.611726,1354960.257918031 
 04/08  19:00:00,23587467.143092267,1354960.257918031 
 04/08  20:00:00,12192270.309649082,1354960.257918031 
 04/08  21:00:00,5760000.0,0.0 
 04/08  22:00:00,1710000.0,0.0 
 04/08  23:00:00,1710000.0,0.0 
 04/08  24:00:00,1710000.0,0.0 
 04/09  01:00:00,1710000.0,0.0 
 04/09  02:00:00,1710000.0,0.0 
 04/09  03:00:00,1710000.0,0.0 
 04/09  04:00:00,1710000.0,0.0 
 04/09  05:00:00,1710000.0,0.0 
 04/09  06:00:00,1710000.0,0.0 
 04/09  07:00:00,3281943.8293435974,1354960.257918031 
 04/09  08:00:00,3169114.3189278827,1354960.257918031 
 04/09  09:00:00,32881889.739933256,1354960.257918031 
 04/09  10:00:00,43221224.83299416,1354960.257918031 
 04/09  11:00:00,44568968.92729051,1354960.257918031 
 04/09  12:00:00,43220204.393814385,1354960.257918031 
 04/09  13:00:00,39167582.018984586,1354960.257918031 
 04/09  14:00:00,42782860.50823261,1377138.6782039069 
 04/09  15:00:00,45795064.187288016,1435987.4680205053 
 04/09  16:00:00,44841529.27094663,1484110.5979577135 
 04/09  17:00:00,40872588.64347976,1440882.359464007 
 04/09  18:00:00,40315736.787203245,1405786.1043515285 
 04/09  19:00:00,22968948.436028093,1354960.257918031 
 04/09  20:00:00,12197813.844430536,1354960.257918031 
 04/09  21:00:00,5760000.0,0.0 
 04/09  22:00:00,1710000.0,0.0 
 04/09  23:00:00,1710000.0,0.0 
 04/09  24:00:00,1710000.0,0.0 
 04/10  01:00:00,1710000.0,0.0 
 04/10  02:00:00,1710000.0,0.0 
 04/10  03:00:00,1710000.0,0.0 
 04/10  04:00:00,1710000.0,0.0 
 04/10  05:00:00,1710000.0,0.0 
 04/10  06:00:00,1710000.0,0.0 
 04/10  07:00:00,3309939.253134614,1354960.257918031 
 04/10  08:00:00,3148090.4997366383,1354960.257918031 
 04/10  09:00:00,32864836.38361439,1357990.808543244 
 04/10  10:00:00,45790088.287962414,1424734.9435609314 
 04/10  11:00:00,48885495.00071,1503765.8274204785 
 04/10  12:00:00,48152534.622183576,1507635.4304397693 
 04/10  13:00:00,43770921.10934716,1417192.205932497 
 04/10  14:00:00,47579883.41209194,1498777.5524561575 
 04/10  15:00:00,49272880.74863425,1580041.042723004 
 04/10  16:00:00,48159248.23191545,1626158.2911308655 
 04/10  17:00:00,43883556.17147185,1554241.1443830065 
 04/10  18:00:00,42745973.82422938,1474583.0733959863 
 04/10  19:00:00,26268508.964335386,1354960.257918031 
 04/10  20:00:00,14999499.813222967,1354960.257918031 
 04/10  21:00:00,5760000.0,0.0 
 04/10  22:00:00,1710000.0,0.0 
 04/10  23:00:00,1710000.0,0.0 
 04/10  24:00:00,1710000.0,0.0 
 04/11  01:00:00,1710000.0,0.0 
 04/11  02:00:00,1710000.0,0.0 
 04/11  03:00:00,1710000.0,0.0 
 04/11  04:00:00,1710000.0,0.0 
 04/11  05:00:00,1710000.0,0.0 
 04/11  06:00:00,1710000.0,0.0 
 04/11  07:00:00,4739601.059595628,1354960.257918031 
 04/11  08:00:00,5582535.8781386055,1354960.257918031 
 04/11  09:00:00,35960422.90235699,1362496.4342358992 
 04/11  10:00:00,48428417.41470353,1466961.298445478 
 04/11  11:00:00,51724199.83050007,1614356.4691071527 
 04/11  12:00:00,50940802.02370688,1607337.5363395114 
 04/11  13:00:00,46203032.51158418,1493210.428795091 
 04/11  14:00:00,50488212.821403764,1601930.9993837674 
 04/11  15:00:00,52808790.80975939,1702373.2670122203 
 04/11  16:00:00,51206619.63599178,1712410.8346066396 
 04/11  17:00:00,46779350.132911876,1618252.1270371422 
 04/11  18:00:00,45742974.06768853,1539248.2434530836 
 04/11  19:00:00,28397472.982928224,1354960.257918031 
 04/11  20:00:00,17209812.128082357,1354960.257918031 
 04/11  21:00:00,5760000.0,0.0 
 04/11  22:00:00,1710000.0,0.0 
 04/11  23:00:00,1710000.0,0.0 
 04/11  24:00:00,1710000.0,0.0 
 04/12  01:00:00,1710000.0,0.0 
 04/12  02:00:00,1710000.0,0.0 
 04/12  03:00:00,1710000.0,0.0 
 04/12  04:00:00,1710000.0,0.0 
 04/12  05:00:00,1710000.0,0.0 
 04/12  06:00:00,1710000.0,0.0 
 04/12  07:00:00,6989428.8457562225,1354960.257918031 
 04/12  08:00:00,7047243.273494403,1354960.257918031 
 04/12  09:00:00,36987467.65480256,1354960.257918031 
 04/12  10:00:00,47654452.05697632,1371078.1413583597 
 04/12  11:00:00,49832580.05683828,1416787.2024867358 
 04/12  12:00:00,48597303.81537746,1414331.8460238928 
 04/12  13:00:00,43027384.17630755,1371814.7954695844 
 04/12  14:00:00,45408165.99409262,1402458.9051162533 
 04/12  15:00:00,46239088.06303288,1410922.4220150835 
 04/12  16:00:00,44199410.850118235,1398810.920194421 
 04/12  17:00:00,40085174.90251277,1367766.825106711 
 04/12  18:00:00,38569131.26781366,1354960.257918031 
 04/12  19:00:00,22967926.97651142,1354960.257918031 
 04/12  20:00:00,12188665.66077425,1354960.257918031 
 04/12  21:00:00,5760000.0,0.0 
 04/12  22:00:00,1710000.0,0.0 
 04/12  23:00:00,1710000.0,0.0 
 04/12  24:00:00,1710000.0,0.0 
 04/13  01:00:00,4950000.0,0.0 
 04/13  02:00:00,4950000.0,0.0 
 04/13  03:00:00,4950000.0,0.0 
 04/13  04:00:00,4950000.0,0.0 
 04/13  05:00:00,4950000.0,0.0 
 04/13  06:00:00,4950000.0,0.0 
 04/13  07:00:00,4950000.0,0.0 
 04/13  08:00:00,4950000.0,0.0 
 04/13  09:00:00,4950000.0,0.0 
 04/13  10:00:00,4950000.0,0.0 
 04/13  11:00:00,4950000.0,0.0 
 04/13  12:00:00,4950000.0,0.0 
 04/13  13:00:00,4950000.0,0.0 
 04/13  14:00:00,4950000.0,0.0 
 04/13  15:00:00,4950000.0,0.0 
 04/13  16:00:00,4950000.0,0.0 
 04/13  17:00:00,4950000.0,0.0 
 04/13  18:00:00,4950000.0,0.0 
 04/13  19:00:00,4950000.0,0.0 
 04/13  20:00:00,4950000.0,0.0 
 04/13  21:00:00,4950000.0,0.0 
 04/13  22:00:00,4950000.0,0.0 
 04/13  23:00:00,4950000.0,0.0 
 04/13  24:00:00,4950000.0,0.0 
 04/14  01:00:00,4950000.0,0.0 
 04/14  02:00:00,4950000.0,0.0 
 04/14  03:00:00,4950000.0,0.0 
 04/14  04:00:00,4950000.0,0.0 
 04/14  05:00:00,4950000.0,0.0 
 04/14  06:00:00,4950000.0,0.0 
 04/14  07:00:00,4950000.0,0.0 
 04/14  08:00:00,4950000.0,0.0 
 04/14  09:00:00,4950000.0,0.0 
 04/14  10:00:00,4950000.0,0.0 
 04/14  11:00:00,4950000.0,0.0 
 04/14  12:00:00,4950000.0,0.0 
 04/14  13:00:00,4950000.0,0.0 
 04/14  14:00:00,4950000.0,0.0 
 04/14  15:00:00,4950000.0,0.0 
 04/14  16:00:00,4950000.0,0.0 
 04/14  17:00:00,4950000.0,0.0 
 04/14  18:00:00,4950000.0,0.0 
 04/14  19:00:00,4950000.0,0.0 
 04/14  20:00:00,4950000.0,0.0 
 04/14  21:00:00,4950000.0,0.0 
 04/14  22:00:00,4950000.0,0.0 
 04/14  23:00:00,4950000.0,0.0 
 04/14  24:00:00,4950000.0,0.0 
 04/15  01:00:00,1710000.0,0.0 
 04/15  02:00:00,1710000.0,0.0 
 04/15  03:00:00,1710000.0,0.0 
 04/15  04:00:00,1710000.0,0.0 
 04/15  05:00:00,1710000.0,0.0 
 04/15  06:00:00,1710000.0,0.0 
 04/15  07:00:00,8258365.442364907,1354960.257918031 
 04/15  08:00:00,8835471.815922309,1354960.257918031 
 04/15  09:00:00,39940423.31995633,1380945.5561946444 
 04/15  10:00:00,54571641.152711086,1611546.590277576 
 04/15  11:00:00,59748497.15708368,1805560.953156551 
 04/15  12:00:00,59077363.35901461,1772142.9039791164 
 04/15  13:00:00,53573674.713679634,1609989.0449894222 
 04/15  14:00:00,57659359.43653181,1789247.4023993502 
 04/15  15:00:00,59938189.09258081,1938011.6965177942 
 04/15  16:00:00,58329426.81715432,1945077.0453341827 
 04/15  17:00:00,53012443.45118945,1792109.3868053749 
 04/15  18:00:00,51165305.547523126,1662274.9953838538 
 04/15  19:00:00,31702021.624493863,1362960.397658485 
 04/15  20:00:00,20758262.495674238,1354960.257918031 
 04/15  21:00:00,5760000.0,0.0 
 04/15  22:00:00,1710000.0,0.0 
 04/15  23:00:00,1710000.0,0.0 
 04/15  24:00:00,1710000.0,0.0 
 04/16  01:00:00,1710000.0,0.0 
 04/16  02:00:00,1710000.0,0.0 
 04/16  03:00:00,1710000.0,0.0 
 04/16  04:00:00,1710000.0,0.0 
 04/16  05:00:00,1710000.0,0.0 
 04/16  06:00:00,1710000.0,0.0 
 04/16  07:00:00,10153554.018764244,1354960.257918031 
 04/16  08:00:00,10841048.725690695,1354960.257918031 
 04/16  09:00:00,41933014.26536357,1409415.8213307394 
 04/16  10:00:00,56442616.388806984,1672639.3526604716 
 04/16  11:00:00,61012170.9138644,1851574.3936705436 
 04/16  12:00:00,59760292.769682735,1818197.4771706073 
 04/16  13:00:00,53818636.439997494,1621985.148508146 
 04/16  14:00:00,58294417.29227646,1793537.0662474616 
 04/16  15:00:00,60323875.96870303,1935255.0192043316 
 04/16  16:00:00,57433294.71330749,1855705.3016576963 
 04/16  17:00:00,50949103.003995195,1608306.2143676428 
 04/16  18:00:00,49218278.0111337,1512479.8794722576 
 04/16  19:00:00,31350282.523948774,1355194.033982409 
 04/16  20:00:00,20476427.623844147,1354960.257918031 
 04/16  21:00:00,5760000.0,0.0 
 04/16  22:00:00,1710000.0,0.0 
 04/16  23:00:00,1710000.0,0.0 
 04/16  24:00:00,1710000.0,0.0 
 04/17  01:00:00,1710000.0,0.0 
 04/17  02:00:00,1710000.0,0.0 
 04/17  03:00:00,1710000.0,0.0 
 04/17  04:00:00,1710000.0,0.0 
 04/17  05:00:00,1710000.0,0.0 
 04/17  06:00:00,1710000.0,0.0 
 04/17  07:00:00,9563933.517361188,1354960.257918031 
 04/17  08:00:00,9950451.133613488,1354960.257918031 
 04/17  09:00:00,40915072.11515112,1372928.7786655477 
 04/17  10:00:00,54610259.005740985,1538522.4047436835 
 04/17  11:00:00,58880671.8293295,1727212.5927209922 
 04/17  12:00:00,57983610.89554175,1729226.538477611 
 04/17  13:00:00,52025441.02754516,1574160.7313511365 
 04/17  14:00:00,56918024.67809268,1736428.0414242193 
 04/17  15:00:00,59331288.27770812,1885056.550315981 
 04/17  16:00:00,57107920.3066765,1905812.9602416102 
 04/17  17:00:00,51419666.479465455,1770506.1511111592 
 04/17  18:00:00,49342842.88589455,1659199.7175652417 
 04/17  19:00:00,30004070.48189989,1362930.5860092891 
 04/17  20:00:00,18311815.53719809,1354960.257918031 
 04/17  21:00:00,5760000.0,0.0 
 04/17  22:00:00,1710000.0,0.0 
 04/17  23:00:00,1710000.0,0.0 
 04/17  24:00:00,1710000.0,0.0 
 04/18  01:00:00,1710000.0,0.0 
 04/18  02:00:00,1710000.0,0.0 
 04/18  03:00:00,1710000.0,0.0 
 04/18  04:00:00,1710000.0,0.0 
 04/18  05:00:00,1710000.0,0.0 
 04/18  06:00:00,1710000.0,0.0 
 04/18  07:00:00,10240041.37722157,1354960.257918031 
 04/18  08:00:00,11186736.764345346,1354960.257918031 
 04/18  09:00:00,42195116.96426558,1379065.6535508926 
 04/18  10:00:00,55822168.56162907,1573281.6675169414 
 04/18  11:00:00,60834494.32647543,1802157.228402825 
 04/18  12:00:00,60137588.26648022,1804041.3598610838 
 04/18  13:00:00,54955210.00770042,1640703.0099242982 
 04/18  14:00:00,59460151.0433258,1826713.0415107762 
 04/18  15:00:00,61337938.0975604,1953113.3257116992 
 04/18  16:00:00,57152603.633795746,1778450.9789664529 
 04/18  17:00:00,50645068.753901176,1571003.1088483352 
 04/18  18:00:00,50631355.35965398,1563860.3433756276 
 04/18  19:00:00,32853817.77199819,1358472.2681116876 
 04/18  20:00:00,22130576.233256154,1354960.257918031 
 04/18  21:00:00,5760000.0,0.0 
 04/18  22:00:00,1710000.0,0.0 
 04/18  23:00:00,1710000.0,0.0 
 04/18  24:00:00,1710000.0,0.0 
 04/19  01:00:00,1710000.0,0.0 
 04/19  02:00:00,1710000.0,0.0 
 04/19  03:00:00,1710000.0,0.0 
 04/19  04:00:00,1710000.0,0.0 
 04/19  05:00:00,1710000.0,0.0 
 04/19  06:00:00,1710000.0,0.0 
 04/19  07:00:00,6959765.338525256,1354960.257918031 
 04/19  08:00:00,6776770.4815269,1354960.257918031 
 04/19  09:00:00,36686869.66295682,1354960.257918031 
 04/19  10:00:00,47737504.39770627,1431125.2049763093 
 04/19  11:00:00,50289432.52056058,1560740.244213762 
 04/19  12:00:00,49123221.60862906,1543134.6149040768 
 04/19  13:00:00,43569833.879703164,1425809.2414345378 
 04/19  14:00:00,46742227.21420709,1487682.3766291852 
 04/19  15:00:00,48206557.840732396,1532966.461086466 
 04/19  16:00:00,46024747.7457118,1510429.144220762 
 04/19  17:00:00,41170650.58744532,1420675.7949225411 
 04/19  18:00:00,40622133.67066045,1399141.0195768909 
 04/19  19:00:00,24205226.330713734,1354960.257918031 
 04/19  20:00:00,12179692.497912977,1354960.257918031 
 04/19  21:00:00,5760000.0,0.0 
 04/19  22:00:00,1710000.0,0.0 
 04/19  23:00:00,1710000.0,0.0 
 04/19  24:00:00,1710000.0,0.0 
 04/20  01:00:00,4950000.0,0.0 
 04/20  02:00:00,4950000.0,0.0 
 04/20  03:00:00,4950000.0,0.0 
 04/20  04:00:00,4950000.0,0.0 
 04/20  05:00:00,4950000.0,0.0 
 04/20  06:00:00,4950000.0,0.0 
 04/20  07:00:00,4950000.0,0.0 
 04/20  08:00:00,4950000.0,0.0 
 04/20  09:00:00,4950000.0,0.0 
 04/20  10:00:00,4950000.0,0.0 
 04/20  11:00:00,4950000.0,0.0 
 04/20  12:00:00,4950000.0,0.0 
 04/20  13:00:00,4950000.0,0.0 
 04/20  14:00:00,4950000.0,0.0 
 04/20  15:00:00,4950000.0,0.0 
 04/20  16:00:00,4950000.0,0.0 
 04/20  17:00:00,4950000.0,0.0 
 04/20  18:00:00,4950000.0,0.0 
 04/20  19:00:00,4950000.0,0.0 
 04/20  20:00:00,4950000.0,0.0 
 04/20  21:00:00,4950000.0,0.0 
 04/20  22:00:00,4950000.0,0.0 
 04/20  23:00:00,4950000.0,0.0 
 04/20  24:00:00,4950000.0,0.0 
 04/21  01:00:00,4950000.0,0.0 
 04/21  02:00:00,4950000.0,0.0 
 04/21  03:00:00,4950000.0,0.0 
 04/21  04:00:00,4950000.0,0.0 
 04/21  05:00:00,4950000.0,0.0 
 04/21  06:00:00,4950000.0,0.0 
 04/21  07:00:00,4950000.0,0.0 
 04/21  08:00:00,4950000.0,0.0 
 04/21  09:00:00,4950000.0,0.0 
 04/21  10:00:00,4950000.0,0.0 
 04/21  11:00:00,4950000.0,0.0 
 04/21  12:00:00,4950000.0,0.0 
 04/21  13:00:00,4950000.0,0.0 
 04/21  14:00:00,4950000.0,0.0 
 04/21  15:00:00,4950000.0,0.0 
 04/21  16:00:00,4950000.0,0.0 
 04/21  17:00:00,4950000.0,0.0 
 04/21  18:00:00,4950000.0,0.0 
 04/21  19:00:00,4950000.0,0.0 
 04/21  20:00:00,4950000.0,0.0 
 04/21  21:00:00,4950000.0,0.0 
 04/21  22:00:00,4950000.0,0.0 
 04/21  23:00:00,4950000.0,0.0 
 04/21  24:00:00,4950000.0,0.0 
 04/22  01:00:00,1710000.0,0.0 
 04/22  02:00:00,1710000.0,0.0 
 04/22  03:00:00,1710000.0,0.0 
 04/22  04:00:00,1710000.0,0.0 
 04/22  05:00:00,1710000.0,0.0 
 04/22  06:00:00,1710000.0,0.0 
 04/22  07:00:00,3339100.667438765,1354960.257918031 
 04/22  08:00:00,3189162.6704325676,1354960.257918031 
 04/22  09:00:00,32892556.3753551,1354960.257918031 
 04/22  10:00:00,43228274.65949487,1354960.257918031 
 04/22  11:00:00,44578466.23629367,1354960.257918031 
 04/22  12:00:00,43235598.76290907,1354960.257918031 
 04/22  13:00:00,39175855.6808965,1354960.257918031 
 04/22  14:00:00,41876805.02013214,1365501.8571396053 
 04/22  15:00:00,42798377.11077357,1393620.9083080678 
 04/22  16:00:00,41537235.19354439,1426450.0965783386 
 04/22  17:00:00,37434157.47626129,1433617.9515537464 
 04/22  18:00:00,37419933.26877697,1416379.6817367119 
 04/22  19:00:00,22977828.13285403,1354960.257918031 
 04/22  20:00:00,12200051.550691053,1354960.257918031 
 04/22  21:00:00,5760000.0,0.0 
 04/22  22:00:00,1710000.0,0.0 
 04/22  23:00:00,1710000.0,0.0 
 04/22  24:00:00,1710000.0,0.0 
 04/23  01:00:00,1710000.0,0.0 
 04/23  02:00:00,1710000.0,0.0 
 04/23  03:00:00,1710000.0,0.0 
 04/23  04:00:00,1710000.0,0.0 
 04/23  05:00:00,1710000.0,0.0 
 04/23  06:00:00,1710000.0,0.0 
 04/23  07:00:00,3305874.4960673465,1354960.257918031 
 04/23  08:00:00,3149569.7559722965,1354960.257918031 
 04/23  09:00:00,32872490.22535961,1360544.8342737143 
 04/23  10:00:00,44709761.53349395,1425197.3160365091 
 04/23  11:00:00,47499995.473232634,1480974.3972437633 
 04/23  12:00:00,46599136.161004275,1465064.7656458733 
 04/23  13:00:00,42318085.01053843,1391183.973500901 
 04/23  14:00:00,46233875.585593954,1464037.9385329778 
 04/23  15:00:00,48631855.735051185,1531943.909546129 
 04/23  16:00:00,47444279.030603044,1567023.8826430466 
 04/23  17:00:00,43256988.16436113,1513966.0287613221 
 04/23  18:00:00,42249741.71627262,1460680.428263942 
 04/23  19:00:00,26051739.083849337,1354960.257918031 
 04/23  20:00:00,14219370.252153685,1354960.257918031 
 04/23  21:00:00,5760000.0,0.0 
 04/23  22:00:00,1710000.0,0.0 
 04/23  23:00:00,1710000.0,0.0 
 04/23  24:00:00,1710000.0,0.0 
 04/24  01:00:00,1710000.0,0.0 
 04/24  02:00:00,1710000.0,0.0 
 04/24  03:00:00,1710000.0,0.0 
 04/24  04:00:00,1710000.0,0.0 
 04/24  05:00:00,1710000.0,0.0 
 04/24  06:00:00,1710000.0,0.0 
 04/24  07:00:00,5405420.956231277,1354960.257918031 
 04/24  08:00:00,5828087.438936483,1354960.257918031 
 04/24  09:00:00,36634151.88881083,1378495.9390803888 
 04/24  10:00:00,48911205.03252351,1500240.2107419327 
 04/24  11:00:00,52522060.99102449,1658136.3339404997 
 04/24  12:00:00,51807560.94172009,1650580.866867159 
 04/24  13:00:00,46686721.93257943,1506840.6386580865 
 04/24  14:00:00,49544287.25504733,1530621.5328872025 
 04/24  15:00:00,50581858.4247317,1492681.0907984653 
 04/24  16:00:00,47994452.587734774,1417084.5044950964 
 04/24  17:00:00,43913938.41285647,1388249.4002492907 
 04/24  18:00:00,41616273.171141446,1375911.974112964 
 04/24  19:00:00,25607655.86466814,1354960.257918031 
 04/24  20:00:00,14417120.321562858,1354960.257918031 
 04/24  21:00:00,5760000.0,0.0 
 04/24  22:00:00,1710000.0,0.0 
 04/24  23:00:00,1710000.0,0.0 
 04/24  24:00:00,1710000.0,0.0 
 04/25  01:00:00,1710000.0,0.0 
 04/25  02:00:00,1710000.0,0.0 
 04/25  03:00:00,1710000.0,0.0 
 04/25  04:00:00,1710000.0,0.0 
 04/25  05:00:00,1710000.0,0.0 
 04/25  06:00:00,1710000.0,0.0 
 04/25  07:00:00,3280875.919134137,1354960.257918031 
 04/25  08:00:00,3136392.7790458193,1354960.257918031 
 04/25  09:00:00,32864126.032874133,1356441.3130567572 
 04/25  10:00:00,45301479.71493229,1420371.273876964 
 04/25  11:00:00,47600750.34155862,1465331.307599302 
 04/25  12:00:00,46452186.465789095,1444103.7398092449 
 04/25  13:00:00,41940622.613609016,1378996.882717532 
 04/25  14:00:00,45359220.37000243,1429293.8442255468 
 04/25  15:00:00,46916865.8795579,1476279.6849811303 
 04/25  16:00:00,45431590.483819306,1498082.9496660244 
 04/25  17:00:00,41489095.98852949,1465247.6751641873 
 04/25  18:00:00,40912035.09271215,1431892.6180297784 
 04/25  19:00:00,25295121.66079966,1354960.257918031 
 04/25  20:00:00,12442764.286941884,1354960.257918031 
 04/25  21:00:00,5760000.0,0.0 
 04/25  22:00:00,1710000.0,0.0 
 04/25  23:00:00,1710000.0,0.0 
 04/25  24:00:00,1710000.0,0.0 
 04/26  01:00:00,1710000.0,0.0 
 04/26  02:00:00,1710000.0,0.0 
 04/26  03:00:00,1710000.0,0.0 
 04/26  04:00:00,1710000.0,0.0 
 04/26  05:00:00,1710000.0,0.0 
 04/26  06:00:00,1710000.0,0.0 
 04/26  07:00:00,3289509.8283356,1354960.257918031 
 04/26  08:00:00,3146946.729386616,1354960.257918031 
 04/26  09:00:00,32872595.829010766,1356611.5432349187 
 04/26  10:00:00,44016594.409007065,1422810.0621497207 
 04/26  11:00:00,47319721.45192733,1484696.4008242679 
 04/26  12:00:00,46362818.85693739,1470642.9232276403 
 04/26  13:00:00,41841105.90985394,1392767.3724456294 
 04/26  14:00:00,45612361.39960408,1463974.417150547 
 04/26  15:00:00,47176134.300475046,1515862.619472234 
 04/26  16:00:00,45583657.181241274,1532832.5742197265 
 04/26  17:00:00,41305018.10897473,1478226.7266444298 
 04/26  18:00:00,40536597.6176653,1437172.8192575353 
 04/26  19:00:00,22963383.423432454,1354960.257918031 
 04/26  20:00:00,12185765.29877645,1354960.257918031 
 04/26  21:00:00,5760000.0,0.0 
 04/26  22:00:00,1710000.0,0.0 
 04/26  23:00:00,1710000.0,0.0 
 04/26  24:00:00,1710000.0,0.0 
 04/27  01:00:00,4950000.0,0.0 
 04/27  02:00:00,4950000.0,0.0 
 04/27  03:00:00,4950000.0,0.0 
 04/27  04:00:00,4950000.0,0.0 
 04/27  05:00:00,4950000.0,0.0 
 04/27  06:00:00,4950000.0,0.0 
 04/27  07:00:00,4950000.0,0.0 
 04/27  08:00:00,4950000.0,0.0 
 04/27  09:00:00,4950000.0,0.0 
 04/27  10:00:00,4950000.0,0.0 
 04/27  11:00:00,4950000.0,0.0 
 04/27  12:00:00,4950000.0,0.0 
 04/27  13:00:00,4950000.0,0.0 
 04/27  14:00:00,4950000.0,0.0 
 04/27  15:00:00,4950000.0,0.0 
 04/27  16:00:00,4950000.0,0.0 
 04/27  17:00:00,4950000.0,0.0 
 04/27  18:00:00,4950000.0,0.0 
 04/27  19:00:00,4950000.0,0.0 
 04/27  20:00:00,4950000.0,0.0 
 04/27  21:00:00,4950000.0,0.0 
 04/27  22:00:00,4950000.0,0.0 
 04/27  23:00:00,4950000.0,0.0 
 04/27  24:00:00,4950000.0,0.0 
 04/28  01:00:00,4950000.0,0.0 
 04/28  02:00:00,4950000.0,0.0 
 04/28  03:00:00,4950000.0,0.0 
 04/28  04:00:00,4950000.0,0.0 
 04/28  05:00:00,4950000.0,0.0 
 04/28  06:00:00,4950000.0,0.0 
 04/28  07:00:00,4950000.0,0.0 
 04/28  08:00:00,4950000.0,0.0 
 04/28  09:00:00,4950000.0,0.0 
 04/28  10:00:00,4950000.0,0.0 
 04/28  11:00:00,4950000.0,0.0 
 04/28  12:00:00,4950000.0,0.0 
 04/28  13:00:00,4950000.0,0.0 
 04/28  14:00:00,4950000.0,0.0 
 04/28  15:00:00,4950000.0,0.0 
 04/28  16:00:00,4950000.0,0.0 
 04/28  17:00:00,4950000.0,0.0 
 04/28  18:00:00,4950000.0,0.0 
 04/28  19:00:00,4950000.0,0.0 
 04/28  20:00:00,4950000.0,0.0 
 04/28  21:00:00,4950000.0,0.0 
 04/28  22:00:00,4950000.0,0.0 
 04/28  23:00:00,4950000.0,0.0 
 04/28  24:00:00,4950000.0,0.0 
 04/29  01:00:00,1710000.0,0.0 
 04/29  02:00:00,1710000.0,0.0 
 04/29  03:00:00,1710000.0,0.0 
 04/29  04:00:00,1710000.0,0.0 
 04/29  05:00:00,1710000.0,0.0 
 04/29  06:00:00,1710000.0,0.0 
 04/29  07:00:00,3313223.125130727,1354960.257918031 
 04/29  08:00:00,3161103.305542152,1354960.257918031 
 04/29  09:00:00,32868043.839266993,1354960.257918031 
 04/29  10:00:00,43209007.103585444,1356384.274728129 
 04/29  11:00:00,47104677.577740684,1398837.7235955829 
 04/29  12:00:00,46203637.749938145,1410301.423946075 
 04/29  13:00:00,41915427.9375814,1367730.9693295055 
 04/29  14:00:00,45767033.511709176,1418378.5321478664 
 04/29  15:00:00,47896826.68214725,1488650.113742102 
 04/29  16:00:00,46791237.55727739,1529905.433661519 
 04/29  17:00:00,43141586.701160274,1497732.7764350655 
 04/29  18:00:00,42774043.01997388,1459896.9121566562 
 04/29  19:00:00,26703966.799592495,1354960.257918031 
 04/29  20:00:00,15186826.580379406,1354960.257918031 
 04/29  21:00:00,5760000.0,0.0 
 04/29  22:00:00,1710000.0,0.0 
 04/29  23:00:00,1710000.0,0.0 
 04/29  24:00:00,1710000.0,0.0 
 04/30  01:00:00,1710000.0,0.0 
 04/30  02:00:00,1710000.0,0.0 
 04/30  03:00:00,1710000.0,0.0 
 04/30  04:00:00,1710000.0,0.0 
 04/30  05:00:00,1710000.0,0.0 
 04/30  06:00:00,1710000.0,0.0 
 04/30  07:00:00,5106760.994407671,1354960.257918031 
 04/30  08:00:00,5149632.714619933,1354960.257918031 
 04/30  09:00:00,35102374.57461484,1354960.257918031 
 04/30  10:00:00,45706749.622133955,1365958.3617076576 
 04/30  11:00:00,47639128.333238885,1406032.9982934108 
 04/30  12:00:00,46585325.27023936,1409940.7262574807 
 04/30  13:00:00,42339598.17932237,1381334.0125929322 
 04/30  14:00:00,45880618.773763224,1440311.2732408938 
 04/30  15:00:00,47309567.61041637,1467566.2697690132 
 04/30  16:00:00,45465943.7011566,1446802.8035971345 
 04/30  17:00:00,41803091.19653269,1432917.5048204055 
 04/30  18:00:00,41109276.47673281,1400005.6477777855 
 04/30  19:00:00,25706113.671175182,1354960.257918031 
 04/30  20:00:00,14598660.16773405,1354960.257918031 
 04/30  21:00:00,5760000.0,0.0 
 04/30  22:00:00,1710000.0,0.0 
 04/30  23:00:00,1710000.0,0.0 
 04/30  24:00:00,1710000.0,0.0,12450495646.583141,10777140000.0,6822900000.0,442839487.0178748,1230516159.565247,3519589686.1512785,3519589686.1512785,,,,,,,,6822900000.0,,10777140000.0,,3954240000.0 
 05/01  01:00:00,1710000.0,0.0 
 05/01  02:00:00,1710000.0,0.0 
 05/01  03:00:00,1710000.0,0.0 
 05/01  04:00:00,1710000.0,0.0 
 05/01  05:00:00,1710000.0,0.0 
 05/01  06:00:00,1710000.0,0.0 
 05/01  07:00:00,4344861.168881231,1354960.257918031 
 05/01  08:00:00,5725371.033951983,1354960.257918031 
 05/01  09:00:00,35760064.57399627,1354960.257918031 
 05/01  10:00:00,46452828.06618196,1373519.2579035088 
 05/01  11:00:00,48913175.43471646,1444080.1222039165 
 05/01  12:00:00,48303340.71253537,1478650.7021071613 
 05/01  13:00:00,43816702.56364351,1422007.6998346567 
 05/01  14:00:00,47031168.84197685,1480191.6255541744 
 05/01  15:00:00,48398214.17963873,1492429.2124081233 
 05/01  16:00:00,46534478.61787276,1462137.7788066575 
 05/01  17:00:00,42353882.51978036,1411193.241464837 
 05/01  18:00:00,42098433.5934784,1395238.168230549 
 05/01  19:00:00,26685979.973460406,1354960.257918031 
 05/01  20:00:00,15217250.488514816,1354960.257918031 
 05/01  21:00:00,5760000.0,0.0 
 05/01  22:00:00,1710000.0,0.0 
 05/01  23:00:00,1710000.0,0.0 
 05/01  24:00:00,1710000.0,0.0 
 05/02  01:00:00,1710000.0,0.0 
 05/02  02:00:00,1710000.0,0.0 
 05/02  03:00:00,1710000.0,0.0 
 05/02  04:00:00,1710000.0,0.0 
 05/02  05:00:00,1710000.0,0.0 
 05/02  06:00:00,1710000.0,0.0 
 05/02  07:00:00,3263464.7705402425,1354960.257918031 
 05/02  08:00:00,4169518.049902112,1354960.257918031 
 05/02  09:00:00,35621032.587973356,1354960.257918031 
 05/02  10:00:00,47569808.99234238,1422620.0936610317 
 05/02  11:00:00,51571855.62732902,1587581.1139538202 
 05/02  12:00:00,51503928.45553441,1617602.421274472 
 05/02  13:00:00,47210924.35778192,1529880.5845821341 
 05/02  14:00:00,51693770.14875386,1690686.5876537615 
 05/02  15:00:00,53573196.14355336,1771087.6427517978 
 05/02  16:00:00,50992829.02508873,1680135.4875575406 
 05/02  17:00:00,46155157.29992919,1573686.7550745741 
 05/02  18:00:00,44332144.84033553,1495979.483166442 
 05/02  19:00:00,27307406.827073827,1354960.257918031 
 05/02  20:00:00,15930284.431400709,1354960.257918031 
 05/02  21:00:00,5760000.0,0.0 
 05/02  22:00:00,1710000.0,0.0 
 05/02  23:00:00,1710000.0,0.0 
 05/02  24:00:00,1710000.0,0.0 
 05/03  01:00:00,1710000.0,0.0 
 05/03  02:00:00,1710000.0,0.0 
 05/03  03:00:00,1710000.0,0.0 
 05/03  04:00:00,1710000.0,0.0 
 05/03  05:00:00,1710000.0,0.0 
 05/03  06:00:00,1710000.0,0.0 
 05/03  07:00:00,4961831.507634836,1354960.257918031 
 05/03  08:00:00,6395047.462513016,1354960.257918031 
 05/03  09:00:00,37449637.590624936,1399342.5878638853 
 05/03  10:00:00,50112119.137947164,1568081.543331726 
 05/03  11:00:00,53868710.66017236,1715301.7365080395 
 05/03  12:00:00,52967393.67458813,1670567.4962089192 
 05/03  13:00:00,47742210.72540216,1527048.277333731 
 05/03  14:00:00,51619425.56399831,1650624.442136218 
 05/03  15:00:00,53699331.6988025,1761150.8394302404 
 05/03  16:00:00,52042236.36082071,1779952.8956908246 
 05/03  17:00:00,47363488.17152804,1678550.8448002269 
 05/03  18:00:00,46253301.561144724,1608134.5648667342 
 05/03  19:00:00,28140784.46122549,1367635.3195763803 
 05/03  20:00:00,16313024.915872555,1354960.257918031 
 05/03  21:00:00,5760000.0,0.0 
 05/03  22:00:00,1710000.0,0.0 
 05/03  23:00:00,1710000.0,0.0 
 05/03  24:00:00,1710000.0,0.0 
 05/04  01:00:00,4950000.0,0.0 
 05/04  02:00:00,4950000.0,0.0 
 05/04  03:00:00,4950000.0,0.0 
 05/04  04:00:00,4950000.0,0.0 
 05/04  05:00:00,4950000.0,0.0 
 05/04  06:00:00,4950000.0,0.0 
 05/04  07:00:00,4950000.0,0.0 
 05/04  08:00:00,4950000.0,0.0 
 05/04  09:00:00,4950000.0,0.0 
 05/04  10:00:00,4950000.0,0.0 
 05/04  11:00:00,4950000.0,0.0 
 05/04  12:00:00,4950000.0,0.0 
 05/04  13:00:00,4950000.0,0.0 
 05/04  14:00:00,4950000.0,0.0 
 05/04  15:00:00,4950000.0,0.0 
 05/04  16:00:00,4950000.0,0.0 
 05/04  17:00:00,4950000.0,0.0 
 05/04  18:00:00,4950000.0,0.0 
 05/04  19:00:00,4950000.0,0.0 
 05/04  20:00:00,4950000.0,0.0 
 05/04  21:00:00,4950000.0,0.0 
 05/04  22:00:00,4950000.0,0.0 
 05/04  23:00:00,4950000.0,0.0 
 05/04  24:00:00,4950000.0,0.0 
 05/05  01:00:00,4950000.0,0.0 
 05/05  02:00:00,4950000.0,0.0 
 05/05  03:00:00,4950000.0,0.0 
 05/05  04:00:00,4950000.0,0.0 
 05/05  05:00:00,4950000.0,0.0 
 05/05  06:00:00,4950000.0,0.0 
 05/05  07:00:00,4950000.0,0.0 
 05/05  08:00:00,4950000.0,0.0 
 05/05  09:00:00,4950000.0,0.0 
 05/05  10:00:00,4950000.0,0.0 
 05/05  11:00:00,4950000.0,0.0 
 05/05  12:00:00,4950000.0,0.0 
 05/05  13:00:00,4950000.0,0.0 
 05/05  14:00:00,4950000.0,0.0 
 05/05  15:00:00,4950000.0,0.0 
 05/05  16:00:00,4950000.0,0.0 
 05/05  17:00:00,4950000.0,0.0 
 05/05  18:00:00,4950000.0,0.0 
 05/05  19:00:00,4950000.0,0.0 
 05/05  20:00:00,4950000.0,0.0 
 05/05  21:00:00,4950000.0,0.0 
 05/05  22:00:00,4950000.0,0.0 
 05/05  23:00:00,4950000.0,0.0 
 05/05  24:00:00,4950000.0,0.0 
 05/06  01:00:00,1710000.0,0.0 
 05/06  02:00:00,1710000.0,0.0 
 05/06  03:00:00,1710000.0,0.0 
 05/06  04:00:00,1710000.0,0.0 
 05/06  05:00:00,1710000.0,0.0 
 05/06  06:00:00,1710000.0,0.0 
 05/06  07:00:00,4745301.160821537,1354960.257918031 
 05/06  08:00:00,5885713.648345268,1354960.257918031 
 05/06  09:00:00,36577618.62868673,1390053.268412818 
 05/06  10:00:00,48856116.51681683,1537990.07995783 
 05/06  11:00:00,52026625.44670219,1659215.5324592101 
 05/06  12:00:00,51235929.84146175,1622409.8150499735 
 05/06  13:00:00,46379479.86710301,1504716.5701593477 
 05/06  14:00:00,50487313.99919626,1626768.2550202424 
 05/06  15:00:00,51819699.23428353,1669018.085039068 
 05/06  16:00:00,49426847.03888348,1621803.092943111 
 05/06  17:00:00,44317013.16737667,1508069.8335024717 
 05/06  18:00:00,43400720.797676936,1451541.464836863 
 05/06  19:00:00,27199208.350897472,1354960.257918031 
 05/06  20:00:00,15782896.500945356,1354960.257918031 
 05/06  21:00:00,5760000.0,0.0 
 05/06  22:00:00,1710000.0,0.0 
 05/06  23:00:00,1710000.0,0.0 
 05/06  24:00:00,1710000.0,0.0 
 05/07  01:00:00,1710000.0,0.0 
 05/07  02:00:00,1710000.0,0.0 
 05/07  03:00:00,1710000.0,0.0 
 05/07  04:00:00,1710000.0,0.0 
 05/07  05:00:00,1710000.0,0.0 
 05/07  06:00:00,1710000.0,0.0 
 05/07  07:00:00,3226943.3836767157,1354960.257918031 
 05/07  08:00:00,3118734.62881699,1354960.257918031 
 05/07  09:00:00,33431600.10426388,1362549.128348447 
 05/07  10:00:00,45790692.29489197,1420959.473188678 
 05/07  11:00:00,47515942.2951253,1438553.8263652956 
 05/07  12:00:00,46156793.21599759,1422739.1548872108 
 05/07  13:00:00,42030906.17346992,1386719.9494275237 
 05/07  14:00:00,45692210.900953524,1445535.023509127 
 05/07  15:00:00,46871434.6635149,1464427.04996135 
 05/07  16:00:00,44747730.8655473,1442827.4823576708 
 05/07  17:00:00,40535123.67591958,1399026.5309504445 
 05/07  18:00:00,40218408.67063691,1391633.6727483154 
 05/07  19:00:00,23534479.49256953,1354960.257918031 
 05/07  20:00:00,12182014.36440577,1354960.257918031 
 05/07  21:00:00,5760000.0,0.0 
 05/07  22:00:00,1710000.0,0.0 
 05/07  23:00:00,1710000.0,0.0 
 05/07  24:00:00,1710000.0,0.0 
 05/08  01:00:00,1710000.0,0.0 
 05/08  02:00:00,1710000.0,0.0 
 05/08  03:00:00,1710000.0,0.0 
 05/08  04:00:00,1710000.0,0.0 
 05/08  05:00:00,1710000.0,0.0 
 05/08  06:00:00,1710000.0,0.0 
 05/08  07:00:00,3260589.4852354834,1354960.257918031 
 05/08  08:00:00,3133886.1175516476,1354960.257918031 
 05/08  09:00:00,33337776.666134052,1354960.257918031 
 05/08  10:00:00,45356740.708028555,1381700.920320923 
 05/08  11:00:00,47295662.62634091,1421254.5020103408 
 05/08  12:00:00,46035497.08490818,1416232.9873087408 
 05/08  13:00:00,41755792.63846496,1381213.6258862463 
 05/08  14:00:00,45030692.11771935,1429459.922514511 
 05/08  15:00:00,46447917.204266585,1456516.7019044422 
 05/08  16:00:00,44745666.57493372,1447171.504669449 
 05/08  17:00:00,40554335.00883506,1395965.6976976893 
 05/08  18:00:00,40397066.95170441,1391190.0634143236 
 05/08  19:00:00,25371418.669234972,1354960.257918031 
 05/08  20:00:00,13252185.270445948,1354960.257918031 
 05/08  21:00:00,5760000.0,0.0 
 05/08  22:00:00,1710000.0,0.0 
 05/08  23:00:00,1710000.0,0.0 
 05/08  24:00:00,1710000.0,0.0 
 05/09  01:00:00,1710000.0,0.0 
 05/09  02:00:00,1710000.0,0.0 
 05/09  03:00:00,1710000.0,0.0 
 05/09  04:00:00,1710000.0,0.0 
 05/09  05:00:00,1710000.0,0.0 
 05/09  06:00:00,1710000.0,0.0 
 05/09  07:00:00,3223258.105122746,1354960.257918031 
 05/09  08:00:00,3341910.639055521,1354960.257918031 
 05/09  09:00:00,35034671.27237406,1371827.5252641654 
 05/09  10:00:00,46752694.64408596,1473775.1097267077 
 05/09  11:00:00,49468843.52957333,1554584.5934678968 
 05/09  12:00:00,48257565.04362378,1503200.1150620151 
 05/09  13:00:00,43820659.823527075,1428512.9356659653 
 05/09  14:00:00,47582988.78461514,1514128.1199114686 
 05/09  15:00:00,49505074.09622836,1588377.1045733544 
 05/09  16:00:00,48154523.80031469,1609958.283611702 
 05/09  17:00:00,44100886.98051011,1561754.598233223 
 05/09  18:00:00,43466095.82916799,1522521.660602781 
 05/09  19:00:00,26742386.852837555,1368269.8439362496 
 05/09  20:00:00,15152422.957059294,1354960.257918031 
 05/09  21:00:00,5760000.0,0.0 
 05/09  22:00:00,1710000.0,0.0 
 05/09  23:00:00,1710000.0,0.0 
 05/09  24:00:00,1710000.0,0.0 
 05/10  01:00:00,1710000.0,0.0 
 05/10  02:00:00,1710000.0,0.0 
 05/10  03:00:00,1710000.0,0.0 
 05/10  04:00:00,1710000.0,0.0 
 05/10  05:00:00,1710000.0,0.0 
 05/10  06:00:00,1710000.0,0.0 
 05/10  07:00:00,5280097.90818404,1354960.257918031 
 05/10  08:00:00,5388045.809688642,1354960.257918031 
 05/10  09:00:00,35514523.48651315,1354960.257918031 
 05/10  10:00:00,46660129.11416491,1375840.691778995 
 05/10  11:00:00,49834454.28252033,1469899.4240306152 
 05/10  12:00:00,49587781.007990636,1504564.338331662 
 05/10  13:00:00,45566224.73687811,1443722.2433991004 
 05/10  14:00:00,49313685.00405726,1520808.9376510028 
 05/10  15:00:00,49967774.21546945,1523232.051698598 
 05/10  16:00:00,47363490.60331686,1478048.8710968797 
 05/10  17:00:00,42783724.80292522,1411433.2676730966 
 05/10  18:00:00,41741237.46918613,1392306.5776889368 
 05/10  19:00:00,26266016.445597246,1354960.257918031 
 05/10  20:00:00,15349793.295472745,1354960.257918031 
 05/10  21:00:00,5760000.0,0.0 
 05/10  22:00:00,1710000.0,0.0 
 05/10  23:00:00,1710000.0,0.0 
 05/10  24:00:00,1710000.0,0.0 
 05/11  01:00:00,4950000.0,0.0 
 05/11  02:00:00,4950000.0,0.0 
 05/11  03:00:00,4950000.0,0.0 
 05/11  04:00:00,4950000.0,0.0 
 05/11  05:00:00,4950000.0,0.0 
 05/11  06:00:00,4950000.0,0.0 
 05/11  07:00:00,4950000.0,0.0 
 05/11  08:00:00,4950000.0,0.0 
 05/11  09:00:00,4950000.0,0.0 
 05/11  10:00:00,4950000.0,0.0 
 05/11  11:00:00,4950000.0,0.0 
 05/11  12:00:00,4950000.0,0.0 
 05/11  13:00:00,4950000.0,0.0 
 05/11  14:00:00,4950000.0,0.0 
 05/11  15:00:00,4950000.0,0.0 
 05/11  16:00:00,4950000.0,0.0 
 05/11  17:00:00,4950000.0,0.0 
 05/11  18:00:00,4950000.0,0.0 
 05/11  19:00:00,4950000.0,0.0 
 05/11  20:00:00,4950000.0,0.0 
 05/11  21:00:00,4950000.0,0.0 
 05/11  22:00:00,4950000.0,0.0 
 05/11  23:00:00,4950000.0,0.0 
 05/11  24:00:00,4950000.0,0.0 
 05/12  01:00:00,4950000.0,0.0 
 05/12  02:00:00,4950000.0,0.0 
 05/12  03:00:00,4950000.0,0.0 
 05/12  04:00:00,4950000.0,0.0 
 05/12  05:00:00,4950000.0,0.0 
 05/12  06:00:00,4950000.0,0.0 
 05/12  07:00:00,4950000.0,0.0 
 05/12  08:00:00,4950000.0,0.0 
 05/12  09:00:00,4950000.0,0.0 
 05/12  10:00:00,4950000.0,0.0 
 05/12  11:00:00,4950000.0,0.0 
 05/12  12:00:00,4950000.0,0.0 
 05/12  13:00:00,4950000.0,0.0 
 05/12  14:00:00,4950000.0,0.0 
 05/12  15:00:00,4950000.0,0.0 
 05/12  16:00:00,4950000.0,0.0 
 05/12  17:00:00,4950000.0,0.0 
 05/12  18:00:00,4950000.0,0.0 
 05/12  19:00:00,4950000.0,0.0 
 05/12  20:00:00,4950000.0,0.0 
 05/12  21:00:00,4950000.0,0.0 
 05/12  22:00:00,4950000.0,0.0 
 05/12  23:00:00,4950000.0,0.0 
 05/12  24:00:00,4950000.0,0.0 
 05/13  01:00:00,1710000.0,0.0 
 05/13  02:00:00,1710000.0,0.0 
 05/13  03:00:00,1710000.0,0.0 
 05/13  04:00:00,1710000.0,0.0 
 05/13  05:00:00,1710000.0,0.0 
 05/13  06:00:00,1710000.0,0.0 
 05/13  07:00:00,3247977.623236208,1354960.257918031 
 05/13  08:00:00,3135315.2633436713,1354960.257918031 
 05/13  09:00:00,34620868.22611745,1354960.257918031 
 05/13  10:00:00,45629622.94960243,1361409.427093598 
 05/13  11:00:00,48302043.21330187,1416178.8491569804 
 05/13  12:00:00,48746221.54923697,1425911.5944899698 
 05/13  13:00:00,44844144.585897356,1407856.1141371573 
 05/13  14:00:00,48029547.78630257,1493466.873997616 
 05/13  15:00:00,48621100.4560718,1512013.8363423941 
 05/13  16:00:00,45481479.444326885,1455413.5507534696 
 05/13  17:00:00,40568441.331194595,1396484.6627283297 
 05/13  18:00:00,40031621.27857563,1388581.4402107382 
 05/13  19:00:00,22964576.51754882,1354960.257918031 
 05/13  20:00:00,12186177.742051749,1354960.257918031 
 05/13  21:00:00,5760000.0,0.0 
 05/13  22:00:00,1710000.0,0.0 
 05/13  23:00:00,1710000.0,0.0 
 05/13  24:00:00,1710000.0,0.0 
 05/14  01:00:00,1710000.0,0.0 
 05/14  02:00:00,1710000.0,0.0 
 05/14  03:00:00,1710000.0,0.0 
 05/14  04:00:00,1710000.0,0.0 
 05/14  05:00:00,1710000.0,0.0 
 05/14  06:00:00,1710000.0,0.0 
 05/14  07:00:00,3198983.8391435617,1354960.257918031 
 05/14  08:00:00,4093044.067893381,1354960.257918031 
 05/14  09:00:00,35414154.32037936,1384451.7685241061 
 05/14  10:00:00,47575056.90924054,1494347.6036836638 
 05/14  11:00:00,50441910.243850015,1585150.0749671473 
 05/14  12:00:00,48651883.09688779,1518399.5506830243 
 05/14  13:00:00,43732431.718868814,1427338.274182435 
 05/14  14:00:00,47537992.607627876,1509095.2366441665 
 05/14  15:00:00,49050213.80253361,1566653.1525064022 
 05/14  16:00:00,47049281.154196516,1542559.8713542267 
 05/14  17:00:00,42843131.6481757,1489752.2566883806 
 05/14  18:00:00,42414720.89950127,1473233.0752491127 
 05/14  19:00:00,26078275.22470977,1363634.7384552239 
 05/14  20:00:00,13325887.788610598,1354960.257918031 
 05/14  21:00:00,5760000.0,0.0 
 05/14  22:00:00,1710000.0,0.0 
 05/14  23:00:00,1710000.0,0.0 
 05/14  24:00:00,1710000.0,0.0 
 05/15  01:00:00,1710000.0,0.0 
 05/15  02:00:00,1710000.0,0.0 
 05/15  03:00:00,1710000.0,0.0 
 05/15  04:00:00,1710000.0,0.0 
 05/15  05:00:00,1710000.0,0.0 
 05/15  06:00:00,1710000.0,0.0 
 05/15  07:00:00,3220933.5403937427,1354960.257918031 
 05/15  08:00:00,3594973.7366090333,1354960.257918031 
 05/15  09:00:00,35326638.00750313,1355559.1810626998 
 05/15  10:00:00,47056461.36827053,1438832.7091344653 
 05/15  11:00:00,49742913.23010076,1524010.1117805329 
 05/15  12:00:00,48618602.25836461,1501106.3860478867 
 05/15  13:00:00,43838473.488750495,1416598.3082240855 
 05/15  14:00:00,47501059.79789442,1491291.0767651128 
 05/15  15:00:00,49161182.11385075,1557008.0484769873 
 05/15  16:00:00,47589009.84838605,1583416.8277411493 
 05/15  17:00:00,43405086.18881619,1534564.9152445518 
 05/15  18:00:00,42718147.6478979,1498918.0202757686 
 05/15  19:00:00,26250536.280910306,1367990.7130970964 
 05/15  20:00:00,14184654.942489304,1354960.257918031 
 05/15  21:00:00,5760000.0,0.0 
 05/15  22:00:00,1710000.0,0.0 
 05/15  23:00:00,1710000.0,0.0 
 05/15  24:00:00,1710000.0,0.0 
 05/16  01:00:00,1710000.0,0.0 
 05/16  02:00:00,1710000.0,0.0 
 05/16  03:00:00,1710000.0,0.0 
 05/16  04:00:00,1710000.0,0.0 
 05/16  05:00:00,1710000.0,0.0 
 05/16  06:00:00,1710000.0,0.0 
 05/16  07:00:00,4141572.636602763,1354960.257918031 
 05/16  08:00:00,5410120.869990267,1354960.257918031 
 05/16  09:00:00,35999179.418466955,1362327.255636321 
 05/16  10:00:00,47805447.8503985,1480180.7592865834 
 05/16  11:00:00,50493082.79862592,1584596.7473839156 
 05/16  12:00:00,49098465.55887409,1543108.770291405 
 05/16  13:00:00,44196456.749681234,1446957.788507814 
 05/16  14:00:00,47709744.08504633,1517440.0944700802 
 05/16  15:00:00,48432287.543054834,1504344.9417702947 
 05/16  16:00:00,46032934.52937781,1456321.4059425232 
 05/16  17:00:00,41455053.439279586,1396865.3262841122 
 05/16  18:00:00,40988548.278035924,1388690.6861217832 
 05/16  19:00:00,25708373.16079056,1354960.257918031 
 05/16  20:00:00,14639214.84667907,1354960.257918031 
 05/16  21:00:00,5760000.0,0.0 
 05/16  22:00:00,1710000.0,0.0 
 05/16  23:00:00,1710000.0,0.0 
 05/16  24:00:00,1710000.0,0.0 
 05/17  01:00:00,1710000.0,0.0 
 05/17  02:00:00,1710000.0,0.0 
 05/17  03:00:00,1710000.0,0.0 
 05/17  04:00:00,1710000.0,0.0 
 05/17  05:00:00,1710000.0,0.0 
 05/17  06:00:00,1710000.0,0.0 
 05/17  07:00:00,3223250.616297598,1354960.257918031 
 05/17  08:00:00,5161564.6166817285,1354960.257918031 
 05/17  09:00:00,35145659.813955724,1354960.257918031 
 05/17  10:00:00,46042527.44877929,1373450.189207242 
 05/17  11:00:00,48812177.42031787,1435810.8863979462 
 05/17  12:00:00,48067612.02710769,1451362.0407176549 
 05/17  13:00:00,43630721.85516973,1407729.7835946693 
 05/17  14:00:00,47208218.35006627,1468551.0881319516 
 05/17  15:00:00,48086012.47192426,1458578.7493803778 
 05/17  16:00:00,45755693.65142277,1421771.7270999253 
 05/17  17:00:00,41335645.118047394,1388909.0347071383 
 05/17  18:00:00,40938615.89646665,1377352.8163757052 
 05/17  19:00:00,25938137.73444289,1354960.257918031 
 05/17  20:00:00,14973475.200843532,1354960.257918031 
 05/17  21:00:00,5760000.0,0.0 
 05/17  22:00:00,1710000.0,0.0 
 05/17  23:00:00,1710000.0,0.0 
 05/17  24:00:00,1710000.0,0.0 
 05/18  01:00:00,4950000.0,0.0 
 05/18  02:00:00,4950000.0,0.0 
 05/18  03:00:00,4950000.0,0.0 
 05/18  04:00:00,4950000.0,0.0 
 05/18  05:00:00,4950000.0,0.0 
 05/18  06:00:00,4950000.0,0.0 
 05/18  07:00:00,4950000.0,0.0 
 05/18  08:00:00,4950000.0,0.0 
 05/18  09:00:00,4950000.0,0.0 
 05/18  10:00:00,4950000.0,0.0 
 05/18  11:00:00,4950000.0,0.0 
 05/18  12:00:00,4950000.0,0.0 
 05/18  13:00:00,4950000.0,0.0 
 05/18  14:00:00,4950000.0,0.0 
 05/18  15:00:00,4950000.0,0.0 
 05/18  16:00:00,4950000.0,0.0 
 05/18  17:00:00,4950000.0,0.0 
 05/18  18:00:00,4950000.0,0.0 
 05/18  19:00:00,4950000.0,0.0 
 05/18  20:00:00,4950000.0,0.0 
 05/18  21:00:00,4950000.0,0.0 
 05/18  22:00:00,4950000.0,0.0 
 05/18  23:00:00,4950000.0,0.0 
 05/18  24:00:00,4950000.0,0.0 
 05/19  01:00:00,4950000.0,0.0 
 05/19  02:00:00,4950000.0,0.0 
 05/19  03:00:00,4950000.0,0.0 
 05/19  04:00:00,4950000.0,0.0 
 05/19  05:00:00,4950000.0,0.0 
 05/19  06:00:00,4950000.0,0.0 
 05/19  07:00:00,4950000.0,0.0 
 05/19  08:00:00,4950000.0,0.0 
 05/19  09:00:00,4950000.0,0.0 
 05/19  10:00:00,4950000.0,0.0 
 05/19  11:00:00,4950000.0,0.0 
 05/19  12:00:00,4950000.0,0.0 
 05/19  13:00:00,4950000.0,0.0 
 05/19  14:00:00,4950000.0,0.0 
 05/19  15:00:00,4950000.0,0.0 
 05/19  16:00:00,4950000.0,0.0 
 05/19  17:00:00,4950000.0,0.0 
 05/19  18:00:00,4950000.0,0.0 
 05/19  19:00:00,4950000.0,0.0 
 05/19  20:00:00,4950000.0,0.0 
 05/19  21:00:00,4950000.0,0.0 
 05/19  22:00:00,4950000.0,0.0 
 05/19  23:00:00,4950000.0,0.0 
 05/19  24:00:00,4950000.0,0.0 
 05/20  01:00:00,1710000.0,0.0 
 05/20  02:00:00,1710000.0,0.0 
 05/20  03:00:00,1710000.0,0.0 
 05/20  04:00:00,1710000.0,0.0 
 05/20  05:00:00,1710000.0,0.0 
 05/20  06:00:00,1710000.0,0.0 
 05/20  07:00:00,5445399.689909167,1354960.257918031 
 05/20  08:00:00,6026039.709249331,1354960.257918031 
 05/20  09:00:00,36843988.47629504,1381654.327272942 
 05/20  10:00:00,49210063.12763974,1531346.8816900784 
 05/20  11:00:00,52617616.93003072,1667178.3763342847 
 05/20  12:00:00,52118615.90904519,1641055.800394326 
 05/20  13:00:00,47229097.895970725,1523578.6244875276 
 05/20  14:00:00,51872363.7716824,1678121.9458179357 
 05/20  15:00:00,54140152.61238601,1791464.961776738 
 05/20  16:00:00,51988021.90582624,1763220.528775143 
 05/20  17:00:00,46634657.06929505,1619272.0835192963 
 05/20  18:00:00,44953524.478345826,1505093.7881108588 
 05/20  19:00:00,27708281.73179711,1354960.257918031 
 05/20  20:00:00,16051335.707445448,1354960.257918031 
 05/20  21:00:00,5760000.0,0.0 
 05/20  22:00:00,1710000.0,0.0 
 05/20  23:00:00,1710000.0,0.0 
 05/20  24:00:00,1710000.0,0.0 
 05/21  01:00:00,1710000.0,0.0 
 05/21  02:00:00,1710000.0,0.0 
 05/21  03:00:00,1710000.0,0.0 
 05/21  04:00:00,1710000.0,0.0 
 05/21  05:00:00,1710000.0,0.0 
 05/21  06:00:00,1710000.0,0.0 
 05/21  07:00:00,5585725.275701026,1354960.257918031 
 05/21  08:00:00,6353542.273352288,1354960.257918031 
 05/21  09:00:00,37456171.89010187,1394676.682821549 
 05/21  10:00:00,50977880.62958598,1596948.0342755823 
 05/21  11:00:00,55048785.05946232,1764707.5867758468 
 05/21  12:00:00,54542345.4406905,1728740.1504800094 
 05/21  13:00:00,49582419.60152594,1581404.4193601375 
 05/21  14:00:00,53701371.35399098,1753659.519289372 
 05/21  15:00:00,55816311.91272731,1866432.202382528 
 05/21  16:00:00,54034051.9147175,1876463.2692383048 
 05/21  17:00:00,49320703.33001184,1749436.4612333328 
 05/21  18:00:00,47520660.48438324,1644958.7767712045 
 05/21  19:00:00,28879396.3432255,1372820.2657691187 
 05/21  20:00:00,16824224.815179028,1354960.257918031 
 05/21  21:00:00,5760000.0,0.0 
 05/21  22:00:00,1710000.0,0.0 
 05/21  23:00:00,1710000.0,0.0 
 05/21  24:00:00,1710000.0,0.0 
 05/22  01:00:00,1710000.0,0.0 
 05/22  02:00:00,1710000.0,0.0 
 05/22  03:00:00,1710000.0,0.0 
 05/22  04:00:00,1710000.0,0.0 
 05/22  05:00:00,1710000.0,0.0 
 05/22  06:00:00,1710000.0,0.0 
 05/22  07:00:00,6420136.628507522,1354960.257918031 
 05/22  08:00:00,7439765.109259657,1354960.257918031 
 05/22  09:00:00,39101344.48818654,1445587.139363044 
 05/22  10:00:00,52640035.30569411,1695768.4177477714 
 05/22  11:00:00,55964035.049694344,1823875.388529958 
 05/22  12:00:00,54248869.195429094,1754183.6477015074 
 05/22  13:00:00,49517733.56744261,1593600.7673979334 
 05/22  14:00:00,54300100.62638176,1762259.1383121468 
 05/22  15:00:00,56135251.632477954,1875587.901264689 
 05/22  16:00:00,54490303.44550527,1891589.0990236923 
 05/22  17:00:00,49576355.03331551,1756080.226181641 
 05/22  18:00:00,48091114.862674974,1654673.3970319794 
 05/22  19:00:00,29458295.16788971,1373756.6166032217 
 05/22  20:00:00,17470232.046101585,1354960.257918031 
 05/22  21:00:00,5760000.0,0.0 
 05/22  22:00:00,1710000.0,0.0 
 05/22  23:00:00,1710000.0,0.0 
 05/22  24:00:00,1710000.0,0.0 
 05/23  01:00:00,1710000.0,0.0 
 05/23  02:00:00,1710000.0,0.0 
 05/23  03:00:00,1710000.0,0.0 
 05/23  04:00:00,1710000.0,0.0 
 05/23  05:00:00,1710000.0,0.0 
 05/23  06:00:00,1710000.0,0.0 
 05/23  07:00:00,6584877.645878799,1354960.257918031 
 05/23  08:00:00,7271506.6470750095,1354960.257918031 
 05/23  09:00:00,37812752.67236069,1370546.328008519 
 05/23  10:00:00,50572252.18765767,1540420.9897125612 
 05/23  11:00:00,53160290.41480752,1616905.2311958557 
 05/23  12:00:00,51402785.01577249,1581001.7399761365 
 05/23  13:00:00,45323340.79068432,1438533.7056667157 
 05/23  14:00:00,49017300.2120459,1527704.7179514456 
 05/23  15:00:00,50626661.1299272,1560107.1773121182 
 05/23  16:00:00,48923983.716549724,1515423.674992091 
 05/23  17:00:00,45602362.35812935,1444338.3606703328 
 05/23  18:00:00,44507807.21778028,1414233.6864731528 
 05/23  19:00:00,27873383.571109995,1354960.257918031 
 05/23  20:00:00,16260685.011644324,1354960.257918031 
 05/23  21:00:00,5760000.0,0.0 
 05/23  22:00:00,1710000.0,0.0 
 05/23  23:00:00,1710000.0,0.0 
 05/23  24:00:00,1710000.0,0.0 
 05/24  01:00:00,1710000.0,0.0 
 05/24  02:00:00,1710000.0,0.0 
 05/24  03:00:00,1710000.0,0.0 
 05/24  04:00:00,1710000.0,0.0 
 05/24  05:00:00,1710000.0,0.0 
 05/24  06:00:00,1710000.0,0.0 
 05/24  07:00:00,7027937.846270637,1354960.257918031 
 05/24  08:00:00,7547786.492238638,1354960.257918031 
 05/24  09:00:00,37953581.791369416,1354960.257918031 
 05/24  10:00:00,50089202.90469505,1430287.2281896542 
 05/24  11:00:00,54749438.40562858,1586867.9859357295 
 05/24  12:00:00,54806686.2001953,1593530.0086129282 
 05/24  13:00:00,50355483.28807318,1506679.9654411168 
 05/24  14:00:00,54874775.03815712,1653680.048384266 
 05/24  15:00:00,56898048.08319433,1746784.8713137025 
 05/24  16:00:00,54595515.69923012,1724143.8108727797 
 05/24  17:00:00,49578928.40042153,1618713.7572433464 
 05/24  18:00:00,47626768.61380427,1512982.0047727833 
 05/24  19:00:00,29066023.537797563,1354960.257918031 
 05/24  20:00:00,17147072.026439816,1354960.257918031 
 05/24  21:00:00,5760000.0,0.0 
 05/24  22:00:00,1710000.0,0.0 
 05/24  23:00:00,1710000.0,0.0 
 05/24  24:00:00,1710000.0,0.0 
 05/25  01:00:00,4950000.0,0.0 
 05/25  02:00:00,4950000.0,0.0 
 05/25  03:00:00,4950000.0,0.0 
 05/25  04:00:00,4950000.0,0.0 
 05/25  05:00:00,4950000.0,0.0 
 05/25  06:00:00,4950000.0,0.0 
 05/25  07:00:00,4950000.0,0.0 
 05/25  08:00:00,4950000.0,0.0 
 05/25  09:00:00,4950000.0,0.0 
 05/25  10:00:00,4950000.0,0.0 
 05/25  11:00:00,4950000.0,0.0 
 05/25  12:00:00,4950000.0,0.0 
 05/25  13:00:00,4950000.0,0.0 
 05/25  14:00:00,4950000.0,0.0 
 05/25  15:00:00,4950000.0,0.0 
 05/25  16:00:00,4950000.0,0.0 
 05/25  17:00:00,4950000.0,0.0 
 05/25  18:00:00,4950000.0,0.0 
 05/25  19:00:00,4950000.0,0.0 
 05/25  20:00:00,4950000.0,0.0 
 05/25  21:00:00,4950000.0,0.0 
 05/25  22:00:00,4950000.0,0.0 
 05/25  23:00:00,4950000.0,0.0 
 05/25  24:00:00,4950000.0,0.0 
 05/26  01:00:00,4950000.0,0.0 
 05/26  02:00:00,4950000.0,0.0 
 05/26  03:00:00,4950000.0,0.0 
 05/26  04:00:00,4950000.0,0.0 
 05/26  05:00:00,4950000.0,0.0 
 05/26  06:00:00,4950000.0,0.0 
 05/26  07:00:00,4950000.0,0.0 
 05/26  08:00:00,4950000.0,0.0 
 05/26  09:00:00,4950000.0,0.0 
 05/26  10:00:00,4950000.0,0.0 
 05/26  11:00:00,4950000.0,0.0 
 05/26  12:00:00,4950000.0,0.0 
 05/26  13:00:00,4950000.0,0.0 
 05/26  14:00:00,4950000.0,0.0 
 05/26  15:00:00,4950000.0,0.0 
 05/26  16:00:00,4950000.0,0.0 
 05/26  17:00:00,4950000.0,0.0 
 05/26  18:00:00,4950000.0,0.0 
 05/26  19:00:00,4950000.0,0.0 
 05/26  20:00:00,4950000.0,0.0 
 05/26  21:00:00,4950000.0,0.0 
 05/26  22:00:00,4950000.0,0.0 
 05/26  23:00:00,4950000.0,0.0 
 05/26  24:00:00,4950000.0,0.0 
 05/27  01:00:00,1710000.0,0.0 
 05/27  02:00:00,1710000.0,0.0 
 05/27  03:00:00,1710000.0,0.0 
 05/27  04:00:00,1710000.0,0.0 
 05/27  05:00:00,1710000.0,0.0 
 05/27  06:00:00,1710000.0,0.0 
 05/27  07:00:00,5934698.217861023,1354960.257918031 
 05/27  08:00:00,6926363.624374055,1354960.257918031 
 05/27  09:00:00,37726373.630891606,1375040.538990668 
 05/27  10:00:00,50607905.06504834,1554736.5137180816 
 05/27  11:00:00,54232699.23848075,1721976.5176503132 
 05/27  12:00:00,53726657.86313029,1687673.5214715835 
 05/27  13:00:00,49202769.53873201,1559271.6003192426 
 05/27  14:00:00,53832219.68338086,1751408.086731943 
 05/27  15:00:00,57113836.4287927,1931218.111121435 
 05/27  16:00:00,55422981.192647286,1963533.0800004955 
 05/27  17:00:00,51211510.874332204,1825251.9667392932 
 05/27  18:00:00,49758452.82345809,1701541.1847648274 
 05/27  19:00:00,29975220.572495352,1377426.818623642 
 05/27  20:00:00,17641918.061162736,1354960.257918031 
 05/27  21:00:00,5760000.0,0.0 
 05/27  22:00:00,1710000.0,0.0 
 05/27  23:00:00,1710000.0,0.0 
 05/27  24:00:00,1710000.0,0.0 
 05/28  01:00:00,1710000.0,0.0 
 05/28  02:00:00,1710000.0,0.0 
 05/28  03:00:00,1710000.0,0.0 
 05/28  04:00:00,1710000.0,0.0 
 05/28  05:00:00,1710000.0,0.0 
 05/28  06:00:00,1710000.0,0.0 
 05/28  07:00:00,8020399.8216685485,1354960.257918031 
 05/28  08:00:00,8681034.959166765,1354960.257918031 
 05/28  09:00:00,40008467.28476799,1431673.1228747633 
 05/28  10:00:00,55000099.81420831,1686793.4223884891 
 05/28  11:00:00,59832174.27692981,1856065.617346259 
 05/28  12:00:00,59108296.70984412,1803283.1926490555 
 05/28  13:00:00,52220402.02515399,1562459.1032290102 
 05/28  14:00:00,56223416.9547199,1693341.7824248949 
 05/28  15:00:00,57756107.21223016,1782132.051248658 
 05/28  16:00:00,52786037.103183866,1583062.6786198092 
 05/28  17:00:00,46969974.24351756,1444457.177861152 
 05/28  18:00:00,46673688.07363148,1413937.5192618482 
 05/28  19:00:00,30797648.856898304,1354960.257918031 
 05/28  20:00:00,19634141.560449213,1354960.257918031 
 05/28  21:00:00,5760000.0,0.0 
 05/28  22:00:00,1710000.0,0.0 
 05/28  23:00:00,1710000.0,0.0 
 05/28  24:00:00,1710000.0,0.0 
 05/29  01:00:00,1710000.0,0.0 
 05/29  02:00:00,1710000.0,0.0 
 05/29  03:00:00,1710000.0,0.0 
 05/29  04:00:00,1710000.0,0.0 
 05/29  05:00:00,1710000.0,0.0 
 05/29  06:00:00,1710000.0,0.0 
 05/29  07:00:00,9549066.610431995,1354960.257918031 
 05/29  08:00:00,10102142.866075132,1354960.257918031 
 05/29  09:00:00,40269928.26635447,1354960.257918031 
 05/29  10:00:00,53929484.910785854,1507276.0627339203 
 05/29  11:00:00,59121834.16813172,1693130.4732978754 
 05/29  12:00:00,59390168.21281908,1708206.117855611 
 05/29  13:00:00,54644727.55226146,1589300.3984953735 
 05/29  14:00:00,54834895.17485121,1621762.133021694 
 05/29  15:00:00,53474015.41458021,1563278.698288186 
 05/29  16:00:00,52339325.987528875,1581143.0240743018 
 05/29  17:00:00,47500444.873696975,1494346.7992616096 
 05/29  18:00:00,47481547.895768665,1475694.3189331263 
 05/29  19:00:00,30430321.57931967,1355068.774642317 
 05/29  20:00:00,19189637.49980505,1354960.257918031 
 05/29  21:00:00,5760000.0,0.0 
 05/29  22:00:00,1710000.0,0.0 
 05/29  23:00:00,1710000.0,0.0 
 05/29  24:00:00,1710000.0,0.0 
 05/30  01:00:00,1710000.0,0.0 
 05/30  02:00:00,1710000.0,0.0 
 05/30  03:00:00,1710000.0,0.0 
 05/30  04:00:00,1710000.0,0.0 
 05/30  05:00:00,1710000.0,0.0 
 05/30  06:00:00,1710000.0,0.0 
 05/30  07:00:00,11129429.141716994,1354960.257918031 
 05/30  08:00:00,11504146.086739618,1354960.257918031 
 05/30  09:00:00,42408999.349955894,1356862.2211812567 
 05/30  10:00:00,55356582.2290539,1481318.3896167586 
 05/30  11:00:00,57101161.554863095,1568807.045203808 
 05/30  12:00:00,55276641.6174687,1587768.6288005465 
 05/30  13:00:00,51774449.341651976,1510093.8248927752 
 05/30  14:00:00,57688481.6203621,1680457.459074141 
 05/30  15:00:00,59942588.61731488,1780860.5344224148 
 05/30  16:00:00,58853625.76338902,1749272.2261602157 
 05/30  17:00:00,54341757.5953735,1626895.7024985861 
 05/30  18:00:00,51870739.53716763,1581518.70720489 
 05/30  19:00:00,31214993.232432574,1362871.3927471796 
 05/30  20:00:00,18874298.754923403,1354960.257918031 
 05/30  21:00:00,5760000.0,0.0 
 05/30  22:00:00,1710000.0,0.0 
 05/30  23:00:00,1710000.0,0.0 
 05/30  24:00:00,1710000.0,0.0 
 05/31  01:00:00,1710000.0,0.0 
 05/31  02:00:00,1710000.0,0.0 
 05/31  03:00:00,1710000.0,0.0 
 05/31  04:00:00,1710000.0,0.0 
 05/31  05:00:00,1710000.0,0.0 
 05/31  06:00:00,1710000.0,0.0 
 05/31  07:00:00,7955738.33303682,1354960.257918031 
 05/31  08:00:00,8420851.956981182,1354960.257918031 
 05/31  09:00:00,39212575.85802953,1422002.3258516763 
 05/31  10:00:00,52977677.00994515,1650661.8501978647 
 05/31  11:00:00,56041777.82008904,1772938.541160842 
 05/31  12:00:00,54333609.16613403,1709553.1903964034 
 05/31  13:00:00,49026777.47995466,1558388.1369637353 
 05/31  14:00:00,53579142.896440975,1730412.019049171 
 05/31  15:00:00,55708384.232967734,1856824.9616136733 
 05/31  16:00:00,54095340.03267754,1860644.3841669192 
 05/31  17:00:00,48858324.24581822,1690859.3409379423 
 05/31  18:00:00,47120766.73658267,1535554.9102359873 
 05/31  19:00:00,28719444.730843082,1355144.7883469386 
 05/31  20:00:00,17349325.71186058,1354960.257918031 
 05/31  21:00:00,5760000.0,0.0 
 05/31  22:00:00,1710000.0,0.0 
 05/31  23:00:00,1710000.0,0.0 
 05/31  24:00:00,1710000.0,0.0,13739768100.930786,11223810000.0,7121250000.0,480218412.29564554,2035739688.6351562,1781426965.5411265,1781426965.5411265,,,,,,,,7121250000.0,,11223810000.0,,4102560000.0 
 06/01  01:00:00,4950000.0,0.0 
 06/01  02:00:00,4950000.0,0.0 
 06/01  03:00:00,4950000.0,0.0 
 06/01  04:00:00,4950000.0,0.0 
 06/01  05:00:00,4950000.0,0.0 
 06/01  06:00:00,4950000.0,0.0 
 06/01  07:00:00,4950000.0,0.0 
 06/01  08:00:00,4950000.0,0.0 
 06/01  09:00:00,4950000.0,0.0 
 06/01  10:00:00,4950000.0,0.0 
 06/01  11:00:00,4950000.0,0.0 
 06/01  12:00:00,4950000.0,0.0 
 06/01  13:00:00,4950000.0,0.0 
 06/01  14:00:00,4950000.0,0.0 
 06/01  15:00:00,4950000.0,0.0 
 06/01  16:00:00,4950000.0,0.0 
 06/01  17:00:00,4950000.0,0.0 
 06/01  18:00:00,4950000.0,0.0 
 06/01  19:00:00,4950000.0,0.0 
 06/01  20:00:00,4950000.0,0.0 
 06/01  21:00:00,4950000.0,0.0 
 06/01  22:00:00,4950000.0,0.0 
 06/01  23:00:00,4950000.0,0.0 
 06/01  24:00:00,4950000.0,0.0 
 06/02  01:00:00,4950000.0,0.0 
 06/02  02:00:00,4950000.0,0.0 
 06/02  03:00:00,4950000.0,0.0 
 06/02  04:00:00,4950000.0,0.0 
 06/02  05:00:00,4950000.0,0.0 
 06/02  06:00:00,4950000.0,0.0 
 06/02  07:00:00,4950000.0,0.0 
 06/02  08:00:00,4950000.0,0.0 
 06/02  09:00:00,4950000.0,0.0 
 06/02  10:00:00,4950000.0,0.0 
 06/02  11:00:00,4950000.0,0.0 
 06/02  12:00:00,4950000.0,0.0 
 06/02  13:00:00,4950000.0,0.0 
 06/02  14:00:00,4950000.0,0.0 
 06/02  15:00:00,4950000.0,0.0 
 06/02  16:00:00,4950000.0,0.0 
 06/02  17:00:00,4950000.0,0.0 
 06/02  18:00:00,4950000.0,0.0 
 06/02  19:00:00,4950000.0,0.0 
 06/02  20:00:00,4950000.0,0.0 
 06/02  21:00:00,4950000.0,0.0 
 06/02  22:00:00,4950000.0,0.0 
 06/02  23:00:00,4950000.0,0.0 
 06/02  24:00:00,4950000.0,0.0 
 06/03  01:00:00,1710000.0,0.0 
 06/03  02:00:00,1710000.0,0.0 
 06/03  03:00:00,1710000.0,0.0 
 06/03  04:00:00,1710000.0,0.0 
 06/03  05:00:00,1710000.0,0.0 
 06/03  06:00:00,1710000.0,0.0 
 06/03  07:00:00,6599637.426726151,1354960.257918031 
 06/03  08:00:00,7348352.434412464,1354960.257918031 
 06/03  09:00:00,38950109.02531954,1438793.9515535843 
 06/03  10:00:00,52838190.457543075,1666619.1460477659 
 06/03  11:00:00,56248731.20141543,1787216.2230154409 
 06/03  12:00:00,55110029.19514422,1732873.6111831362 
 06/03  13:00:00,50304499.60177353,1599042.3583786325 
 06/03  14:00:00,54524325.913641945,1791981.6214591064 
 06/03  15:00:00,55483156.3540045,1855664.5275327694 
 06/03  16:00:00,52242794.623778574,1799951.3667609552 
 06/03  17:00:00,47812393.98958501,1689330.2870078427 
 06/03  18:00:00,47277315.86587851,1628944.1755579782 
 06/03  19:00:00,29293981.408327565,1379678.4453324098 
 06/03  20:00:00,17218383.86729797,1354960.257918031 
 06/03  21:00:00,5760000.0,0.0 
 06/03  22:00:00,1710000.0,0.0 
 06/03  23:00:00,1710000.0,0.0 
 06/03  24:00:00,1710000.0,0.0 
 06/04  01:00:00,1710000.0,0.0 
 06/04  02:00:00,1710000.0,0.0 
 06/04  03:00:00,1710000.0,0.0 
 06/04  04:00:00,1710000.0,0.0 
 06/04  05:00:00,1710000.0,0.0 
 06/04  06:00:00,1710000.0,0.0 
 06/04  07:00:00,7614586.926261108,1354960.257918031 
 06/04  08:00:00,8183852.459828385,1354960.257918031 
 06/04  09:00:00,40243154.31585176,1449104.5433576377 
 06/04  10:00:00,55232922.11513741,1780246.3496617782 
 06/04  11:00:00,59222488.40323155,1961895.3641253575 
 06/04  12:00:00,57856755.96865709,1904677.6275517882 
 06/04  13:00:00,51369652.67078759,1668178.3311175103 
 06/04  14:00:00,55523780.59280595,1830555.2114347871 
 06/04  15:00:00,57242506.62929603,1935314.2012764458 
 06/04  16:00:00,54948551.27847504,1855384.6367372202 
 06/04  17:00:00,48888808.225254975,1626897.3539679744 
 06/04  18:00:00,47197933.35460502,1538363.2602826776 
 06/04  19:00:00,30251089.491234265,1356147.3429082488 
 06/04  20:00:00,18602622.25765316,1354960.257918031 
 06/04  21:00:00,5760000.0,0.0 
 06/04  22:00:00,1710000.0,0.0 
 06/04  23:00:00,1710000.0,0.0 
 06/04  24:00:00,1710000.0,0.0 
 06/05  01:00:00,1710000.0,0.0 
 06/05  02:00:00,1710000.0,0.0 
 06/05  03:00:00,1710000.0,0.0 
 06/05  04:00:00,1710000.0,0.0 
 06/05  05:00:00,1710000.0,0.0 
 06/05  06:00:00,1710000.0,0.0 
 06/05  07:00:00,7484698.508736052,1354960.257918031 
 06/05  08:00:00,7191924.057274444,1354960.257918031 
 06/05  09:00:00,37531432.28595908,1398494.3414885716 
 06/05  10:00:00,49988253.90587462,1541714.009674272 
 06/05  11:00:00,53474883.79479869,1628916.021708652 
 06/05  12:00:00,52940558.66044177,1594568.7408644983 
 06/05  13:00:00,47659780.39583893,1488365.9998328798 
 06/05  14:00:00,51083559.01548342,1567631.2772249286 
 06/05  15:00:00,52951479.856561854,1640130.5480900432 
 06/05  16:00:00,51094121.99079086,1660606.4249565974 
 06/05  17:00:00,45866840.4684905,1599917.5825500924 
 06/05  18:00:00,44567158.21694342,1551619.204847202 
 06/05  19:00:00,27462832.65846326,1384047.866007131 
 06/05  20:00:00,15804517.065691952,1354960.257918031 
 06/05  21:00:00,5760000.0,0.0 
 06/05  22:00:00,1710000.0,0.0 
 06/05  23:00:00,1710000.0,0.0 
 06/05  24:00:00,1710000.0,0.0 
 06/06  01:00:00,1710000.0,0.0 
 06/06  02:00:00,1710000.0,0.0 
 06/06  03:00:00,1710000.0,0.0 
 06/06  04:00:00,1710000.0,0.0 
 06/06  05:00:00,1710000.0,0.0 
 06/06  06:00:00,1710000.0,0.0 
 06/06  07:00:00,6115091.062479569,1354960.257918031 
 06/06  08:00:00,7356050.925239567,1354960.257918031 
 06/06  09:00:00,40032509.28048952,1441074.6771256253 
 06/06  10:00:00,54586416.25977038,1685382.6143197287 
 06/06  11:00:00,59376951.55122542,1823003.4695760445 
 06/06  12:00:00,59171141.29210328,1816994.106685721 
 06/06  13:00:00,54430872.68238366,1651138.499104068 
 06/06  14:00:00,59842128.72627904,1857727.74034443 
 06/06  15:00:00,62611967.6336392,2006412.7365756836 
 06/06  16:00:00,61288687.29495445,2043364.2772908923 
 06/06  17:00:00,55858031.08289973,1892191.2169447537 
 06/06  18:00:00,53476122.783161275,1771384.3343849618 
 06/06  19:00:00,32605903.806482926,1406568.2138624 
 06/06  20:00:00,20143005.169965934,1354960.257918031 
 06/06  21:00:00,5760000.0,0.0 
 06/06  22:00:00,1710000.0,0.0 
 06/06  23:00:00,1710000.0,0.0 
 06/06  24:00:00,1710000.0,0.0 
 06/07  01:00:00,1710000.0,0.0 
 06/07  02:00:00,1710000.0,0.0 
 06/07  03:00:00,1710000.0,0.0 
 06/07  04:00:00,1710000.0,0.0 
 06/07  05:00:00,1710000.0,0.0 
 06/07  06:00:00,1710000.0,0.0 
 06/07  07:00:00,12746449.800638482,1354960.257918031 
 06/07  08:00:00,13467461.616580565,1354960.257918031 
 06/07  09:00:00,43290057.21874054,1355527.6895420281 
 06/07  10:00:00,56371914.68489206,1488580.0815444004 
 06/07  11:00:00,57235740.769515164,1541187.7906704308 
 06/07  12:00:00,54562286.172597915,1505025.2795336978 
 06/07  13:00:00,50761608.555117965,1458036.8003039286 
 06/07  14:00:00,55916463.72563057,1539539.9383565595 
 06/07  15:00:00,57992718.482272975,1595176.1869506459 
 06/07  16:00:00,57573587.05360182,1638964.5970899388 
 06/07  17:00:00,53553087.72739697,1590285.1253626333 
 06/07  18:00:00,53320901.8344613,1560480.9036252075 
 06/07  19:00:00,34474005.164648354,1358250.8701379253 
 06/07  20:00:00,22864768.950335115,1354960.257918031 
 06/07  21:00:00,5760000.0,0.0 
 06/07  22:00:00,1710000.0,0.0 
 06/07  23:00:00,1710000.0,0.0 
 06/07  24:00:00,1710000.0,0.0 
 06/08  01:00:00,4950000.0,0.0 
 06/08  02:00:00,4950000.0,0.0 
 06/08  03:00:00,4950000.0,0.0 
 06/08  04:00:00,4950000.0,0.0 
 06/08  05:00:00,4950000.0,0.0 
 06/08  06:00:00,4950000.0,0.0 
 06/08  07:00:00,4950000.0,0.0 
 06/08  08:00:00,4950000.0,0.0 
 06/08  09:00:00,4950000.0,0.0 
 06/08  10:00:00,4950000.0,0.0 
 06/08  11:00:00,4950000.0,0.0 
 06/08  12:00:00,4950000.0,0.0 
 06/08  13:00:00,4950000.0,0.0 
 06/08  14:00:00,4950000.0,0.0 
 06/08  15:00:00,4950000.0,0.0 
 06/08  16:00:00,4950000.0,0.0 
 06/08  17:00:00,4950000.0,0.0 
 06/08  18:00:00,4950000.0,0.0 
 06/08  19:00:00,4950000.0,0.0 
 06/08  20:00:00,4950000.0,0.0 
 06/08  21:00:00,4950000.0,0.0 
 06/08  22:00:00,4950000.0,0.0 
 06/08  23:00:00,4950000.0,0.0 
 06/08  24:00:00,4950000.0,0.0 
 06/09  01:00:00,4950000.0,0.0 
 06/09  02:00:00,4950000.0,0.0 
 06/09  03:00:00,4950000.0,0.0 
 06/09  04:00:00,4950000.0,0.0 
 06/09  05:00:00,4950000.0,0.0 
 06/09  06:00:00,4950000.0,0.0 
 06/09  07:00:00,4950000.0,0.0 
 06/09  08:00:00,4950000.0,0.0 
 06/09  09:00:00,4950000.0,0.0 
 06/09  10:00:00,4950000.0,0.0 
 06/09  11:00:00,4950000.0,0.0 
 06/09  12:00:00,4950000.0,0.0 
 06/09  13:00:00,4950000.0,0.0 
 06/09  14:00:00,4950000.0,0.0 
 06/09  15:00:00,4950000.0,0.0 
 06/09  16:00:00,4950000.0,0.0 
 06/09  17:00:00,4950000.0,0.0 
 06/09  18:00:00,4950000.0,0.0 
 06/09  19:00:00,4950000.0,0.0 
 06/09  20:00:00,4950000.0,0.0 
 06/09  21:00:00,4950000.0,0.0 
 06/09  22:00:00,4950000.0,0.0 
 06/09  23:00:00,4950000.0,0.0 
 06/09  24:00:00,4950000.0,0.0 
 06/10  01:00:00,1710000.0,0.0 
 06/10  02:00:00,1710000.0,0.0 
 06/10  03:00:00,1710000.0,0.0 
 06/10  04:00:00,1710000.0,0.0 
 06/10  05:00:00,1710000.0,0.0 
 06/10  06:00:00,1710000.0,0.0 
 06/10  07:00:00,13648881.847753698,1354960.257918031 
 06/10  08:00:00,11492539.421265306,1354960.257918031 
 06/10  09:00:00,38994104.94557098,1354960.257918031 
 06/10  10:00:00,48796306.55935683,1417053.9631896028 
 06/10  11:00:00,50685941.70860564,1492630.6368154155 
 06/10  12:00:00,49305933.95236468,1490911.4910057152 
 06/10  13:00:00,44254266.92326947,1424881.871522814 
 06/10  14:00:00,47684897.39845576,1492764.7301301125 
 06/10  15:00:00,49056685.80927308,1523132.2616898268 
 06/10  16:00:00,46491084.81527431,1460811.3726695075 
 06/10  17:00:00,42233759.8232113,1411345.583359149 
 06/10  18:00:00,42053920.945963465,1398224.9444213584 
 06/10  19:00:00,27013257.509381987,1354960.257918031 
 06/10  20:00:00,15951227.828977058,1354960.257918031 
 06/10  21:00:00,5760000.0,0.0 
 06/10  22:00:00,1710000.0,0.0 
 06/10  23:00:00,1710000.0,0.0 
 06/10  24:00:00,1710000.0,0.0 
 06/11  01:00:00,1710000.0,0.0 
 06/11  02:00:00,1710000.0,0.0 
 06/11  03:00:00,1710000.0,0.0 
 06/11  04:00:00,1710000.0,0.0 
 06/11  05:00:00,1710000.0,0.0 
 06/11  06:00:00,1710000.0,0.0 
 06/11  07:00:00,6485421.045262488,1354960.257918031 
 06/11  08:00:00,7031643.892418994,1354960.257918031 
 06/11  09:00:00,38270296.406384856,1402492.1212671003 
 06/11  10:00:00,52138399.20167876,1639652.1446289725 
 06/11  11:00:00,55824226.27400984,1773555.1829192154 
 06/11  12:00:00,54398046.64327179,1722354.2490372958 
 06/11  13:00:00,48653656.47001974,1572865.217899005 
 06/11  14:00:00,53865608.96590526,1769106.4416845862 
 06/11  15:00:00,56470673.09633294,1882528.8749081115 
 06/11  16:00:00,53673340.97271143,1789029.8737197705 
 06/11  17:00:00,48121930.41568308,1624699.7726291146 
 06/11  18:00:00,46946515.284578584,1537672.6722209519 
 06/11  19:00:00,29109173.810393427,1354990.81705428 
 06/11  20:00:00,17531623.513266936,1354960.257918031 
 06/11  21:00:00,5760000.0,0.0 
 06/11  22:00:00,1710000.0,0.0 
 06/11  23:00:00,1710000.0,0.0 
 06/11  24:00:00,1710000.0,0.0 
 06/12  01:00:00,1710000.0,0.0 
 06/12  02:00:00,1710000.0,0.0 
 06/12  03:00:00,1710000.0,0.0 
 06/12  04:00:00,1710000.0,0.0 
 06/12  05:00:00,1710000.0,0.0 
 06/12  06:00:00,1710000.0,0.0 
 06/12  07:00:00,6281813.206217653,1354960.257918031 
 06/12  08:00:00,6927685.550259747,1354960.257918031 
 06/12  09:00:00,38045097.4866226,1437705.3641602732 
 06/12  10:00:00,51008985.26616259,1625126.8484332464 
 06/12  11:00:00,53822439.37078044,1722662.705140657 
 06/12  12:00:00,51239408.13446463,1622576.9694948436 
 06/12  13:00:00,46010287.13345589,1503389.2329813174 
 06/12  14:00:00,50665436.91386772,1656661.711095747 
 06/12  15:00:00,52995170.05010301,1767733.649381009 
 06/12  16:00:00,51235549.57692394,1754165.4729451973 
 06/12  17:00:00,45646471.07316035,1575747.3758260738 
 06/12  18:00:00,44134655.160919204,1481808.2815133836 
 06/12  19:00:00,27585966.290636428,1354960.257918031 
 06/12  20:00:00,16526654.00456492,1354960.257918031 
 06/12  21:00:00,5760000.0,0.0 
 06/12  22:00:00,1710000.0,0.0 
 06/12  23:00:00,1710000.0,0.0 
 06/12  24:00:00,1710000.0,0.0 
 06/13  01:00:00,1710000.0,0.0 
 06/13  02:00:00,1710000.0,0.0 
 06/13  03:00:00,1710000.0,0.0 
 06/13  04:00:00,1710000.0,0.0 
 06/13  05:00:00,1710000.0,0.0 
 06/13  06:00:00,1710000.0,0.0 
 06/13  07:00:00,7060405.397921462,1354960.257918031 
 06/13  08:00:00,7996489.069134734,1354960.257918031 
 06/13  09:00:00,39333575.09373014,1391177.5122592896 
 06/13  10:00:00,52469492.248447694,1548296.704591945 
 06/13  11:00:00,55887096.87606917,1655233.0365181575 
 06/13  12:00:00,54829603.76018092,1631533.0596876673 
 06/13  13:00:00,49604531.037489735,1507398.8481444325 
 06/13  14:00:00,52681558.20024657,1586753.444281545 
 06/13  15:00:00,54712833.48840994,1664911.4673525703 
 06/13  16:00:00,53437640.69136669,1652712.0690174098 
 06/13  17:00:00,49007667.0742955,1567695.6770542925 
 06/13  18:00:00,48604780.04294956,1542994.6665563001 
 06/13  19:00:00,30560598.807041198,1367687.7028981897 
 06/13  20:00:00,19010140.629903644,1354960.257918031 
 06/13  21:00:00,5760000.0,0.0 
 06/13  22:00:00,1710000.0,0.0 
 06/13  23:00:00,1710000.0,0.0 
 06/13  24:00:00,1710000.0,0.0 
 06/14  01:00:00,1710000.0,0.0 
 06/14  02:00:00,1710000.0,0.0 
 06/14  03:00:00,1710000.0,0.0 
 06/14  04:00:00,1710000.0,0.0 
 06/14  05:00:00,1710000.0,0.0 
 06/14  06:00:00,1710000.0,0.0 
 06/14  07:00:00,9336103.26751633,1354960.257918031 
 06/14  08:00:00,10142920.422356097,1354960.257918031 
 06/14  09:00:00,41475482.62640412,1389025.5875714873 
 06/14  10:00:00,56101570.25912137,1598000.835780633 
 06/14  11:00:00,60183074.3102172,1733241.2565233214 
 06/14  12:00:00,59483394.56012612,1749304.40888468 
 06/14  13:00:00,54345884.14041017,1597675.0958034177 
 06/14  14:00:00,60208396.772813484,1838952.1349563114 
 06/14  15:00:00,62492183.62537211,2004556.3721411345 
 06/14  16:00:00,60108063.35526098,1985631.0617904258 
 06/14  17:00:00,54641191.65788777,1798780.7544401633 
 06/14  18:00:00,53080620.36486772,1681666.0903182363 
 06/14  19:00:00,32864589.734360073,1373479.070877899 
 06/14  20:00:00,20819382.283699747,1354960.257918031 
 06/14  21:00:00,5760000.0,0.0 
 06/14  22:00:00,1710000.0,0.0 
 06/14  23:00:00,1710000.0,0.0 
 06/14  24:00:00,1710000.0,0.0 
 06/15  01:00:00,4950000.0,0.0 
 06/15  02:00:00,4950000.0,0.0 
 06/15  03:00:00,4950000.0,0.0 
 06/15  04:00:00,4950000.0,0.0 
 06/15  05:00:00,4950000.0,0.0 
 06/15  06:00:00,4950000.0,0.0 
 06/15  07:00:00,4950000.0,0.0 
 06/15  08:00:00,4950000.0,0.0 
 06/15  09:00:00,4950000.0,0.0 
 06/15  10:00:00,4950000.0,0.0 
 06/15  11:00:00,4950000.0,0.0 
 06/15  12:00:00,4950000.0,0.0 
 06/15  13:00:00,4950000.0,0.0 
 06/15  14:00:00,4950000.0,0.0 
 06/15  15:00:00,4950000.0,0.0 
 06/15  16:00:00,4950000.0,0.0 
 06/15  17:00:00,4950000.0,0.0 
 06/15  18:00:00,4950000.0,0.0 
 06/15  19:00:00,4950000.0,0.0 
 06/15  20:00:00,4950000.0,0.0 
 06/15  21:00:00,4950000.0,0.0 
 06/15  22:00:00,4950000.0,0.0 
 06/15  23:00:00,4950000.0,0.0 
 06/15  24:00:00,4950000.0,0.0 
 06/16  01:00:00,4950000.0,0.0 
 06/16  02:00:00,4950000.0,0.0 
 06/16  03:00:00,4950000.0,0.0 
 06/16  04:00:00,4950000.0,0.0 
 06/16  05:00:00,4950000.0,0.0 
 06/16  06:00:00,4950000.0,0.0 
 06/16  07:00:00,4950000.0,0.0 
 06/16  08:00:00,4950000.0,0.0 
 06/16  09:00:00,4950000.0,0.0 
 06/16  10:00:00,4950000.0,0.0 
 06/16  11:00:00,4950000.0,0.0 
 06/16  12:00:00,4950000.0,0.0 
 06/16  13:00:00,4950000.0,0.0 
 06/16  14:00:00,4950000.0,0.0 
 06/16  15:00:00,4950000.0,0.0 
 06/16  16:00:00,4950000.0,0.0 
 06/16  17:00:00,4950000.0,0.0 
 06/16  18:00:00,4950000.0,0.0 
 06/16  19:00:00,4950000.0,0.0 
 06/16  20:00:00,4950000.0,0.0 
 06/16  21:00:00,4950000.0,0.0 
 06/16  22:00:00,4950000.0,0.0 
 06/16  23:00:00,4950000.0,0.0 
 06/16  24:00:00,4950000.0,0.0 
 06/17  01:00:00,1710000.0,0.0 
 06/17  02:00:00,1710000.0,0.0 
 06/17  03:00:00,1710000.0,0.0 
 06/17  04:00:00,1710000.0,0.0 
 06/17  05:00:00,1710000.0,0.0 
 06/17  06:00:00,1710000.0,0.0 
 06/17  07:00:00,11100585.042875694,1354960.257918031 
 06/17  08:00:00,11007909.026409706,1354960.257918031 
 06/17  09:00:00,41861604.040626585,1406658.2052089218 
 06/17  10:00:00,53982734.534379326,1635689.2212484835 
 06/17  11:00:00,56202620.21752697,1707408.93278629 
 06/17  12:00:00,54019377.94353372,1603751.3019635105 
 06/17  13:00:00,48244407.75269126,1492813.8409376414 
 06/17  14:00:00,52782950.92311391,1641888.1886585504 
 06/17  15:00:00,54599812.47355243,1741602.072007273 
 06/17  16:00:00,51681099.01455923,1670442.6424511378 
 06/17  17:00:00,45006673.375787966,1474189.9883086309 
 06/17  18:00:00,44620384.99625988,1461640.7829371535 
 06/17  19:00:00,27568004.115924753,1354975.6729317387 
 06/17  20:00:00,16123743.363967586,1354960.257918031 
 06/17  21:00:00,5760000.0,0.0 
 06/17  22:00:00,1710000.0,0.0 
 06/17  23:00:00,1710000.0,0.0 
 06/17  24:00:00,1710000.0,0.0 
 06/18  01:00:00,1710000.0,0.0 
 06/18  02:00:00,1710000.0,0.0 
 06/18  03:00:00,1710000.0,0.0 
 06/18  04:00:00,1710000.0,0.0 
 06/18  05:00:00,1710000.0,0.0 
 06/18  06:00:00,1710000.0,0.0 
 06/18  07:00:00,6075991.676120896,1354960.257918031 
 06/18  08:00:00,6550473.099393006,1354960.257918031 
 06/18  09:00:00,36650263.396746315,1354960.257918031 
 06/18  10:00:00,47617224.393521816,1383265.362225236 
 06/18  11:00:00,49713841.45335123,1434500.9732334358 
 06/18  12:00:00,48341465.43510587,1433012.1339466257 
 06/18  13:00:00,44231331.38124084,1400282.9725119867 
 06/18  14:00:00,48366313.359384574,1480303.542962525 
 06/18  15:00:00,50679818.067318715,1564504.6432370818 
 06/18  16:00:00,49473579.320424736,1587130.1993985502 
 06/18  17:00:00,44426877.54155806,1497069.3340322995 
 06/18  18:00:00,42899266.895761795,1422539.8643558081 
 06/18  19:00:00,27089360.838859305,1354960.257918031 
 06/18  20:00:00,15658285.992713384,1354960.257918031 
 06/18  21:00:00,5760000.0,0.0 
 06/18  22:00:00,1710000.0,0.0 
 06/18  23:00:00,1710000.0,0.0 
 06/18  24:00:00,1710000.0,0.0 
 06/19  01:00:00,1710000.0,0.0 
 06/19  02:00:00,1710000.0,0.0 
 06/19  03:00:00,1710000.0,0.0 
 06/19  04:00:00,1710000.0,0.0 
 06/19  05:00:00,1710000.0,0.0 
 06/19  06:00:00,1710000.0,0.0 
 06/19  07:00:00,7071367.117351463,1354960.257918031 
 06/19  08:00:00,8025210.178895427,1354960.257918031 
 06/19  09:00:00,39438905.4811267,1376841.1630801265 
 06/19  10:00:00,53908046.980069086,1588131.7698089504 
 06/19  11:00:00,57478630.58947712,1747092.1112180061 
 06/19  12:00:00,56943529.96164804,1721224.8370711843 
 06/19  13:00:00,54169150.04442538,1615661.5731089842 
 06/19  14:00:00,60488293.6077194,1822080.7068080644 
 06/19  15:00:00,63490491.41988077,1932635.9278488508 
 06/19  16:00:00,62249815.218796276,1901354.0899910321 
 06/19  17:00:00,56247669.9377716,1656647.060623983 
 06/19  18:00:00,54783870.800974235,1580694.4381588132 
 06/19  19:00:00,35083346.43772395,1359485.5546059997 
 06/19  20:00:00,23574179.21181321,1354960.257918031 
 06/19  21:00:00,5760000.0,0.0 
 06/19  22:00:00,1710000.0,0.0 
 06/19  23:00:00,1710000.0,0.0 
 06/19  24:00:00,1710000.0,0.0 
 06/20  01:00:00,1710000.0,0.0 
 06/20  02:00:00,1710000.0,0.0 
 06/20  03:00:00,1710000.0,0.0 
 06/20  04:00:00,1710000.0,0.0 
 06/20  05:00:00,1710000.0,0.0 
 06/20  06:00:00,1710000.0,0.0 
 06/20  07:00:00,13842565.54608294,1354960.257918031 
 06/20  08:00:00,14033613.102854105,1354960.257918031 
 06/20  09:00:00,45264057.47312507,1397143.721405211 
 06/20  10:00:00,61152658.22332929,1741746.8770890764 
 06/20  11:00:00,65743283.801397264,1949247.848418858 
 06/20  12:00:00,64762290.135345764,1909034.209888753 
 06/20  13:00:00,59364608.18129733,1707672.3489132174 
 06/20  14:00:00,65280480.20533151,1946552.893427694 
 06/20  15:00:00,68083248.46421331,2076330.7569888867 
 06/20  16:00:00,63263833.66108967,1934807.6713510705 
 06/20  17:00:00,55710731.557890095,1723163.6889797181 
 06/20  18:00:00,53262683.50043818,1617823.6299343961 
 06/20  19:00:00,33161925.166703157,1365774.8680793429 
 06/20  20:00:00,20726953.477464095,1354960.257918031 
 06/20  21:00:00,5760000.0,0.0 
 06/20  22:00:00,1710000.0,0.0 
 06/20  23:00:00,1710000.0,0.0 
 06/20  24:00:00,1710000.0,0.0 
 06/21  01:00:00,1710000.0,0.0 
 06/21  02:00:00,1710000.0,0.0 
 06/21  03:00:00,1710000.0,0.0 
 06/21  04:00:00,1710000.0,0.0 
 06/21  05:00:00,1710000.0,0.0 
 06/21  06:00:00,1710000.0,0.0 
 06/21  07:00:00,10694175.72430724,1354960.257918031 
 06/21  08:00:00,11269365.378881436,1354960.257918031 
 06/21  09:00:00,43480116.514060065,1479121.583770276 
 06/21  10:00:00,58714332.52067026,1856743.7215346193 
 06/21  11:00:00,62204053.345923245,1975795.7085935473 
 06/21  12:00:00,59864393.08421251,1870731.8959821705 
 06/21  13:00:00,53264443.58838045,1659498.3989565899 
 06/21  14:00:00,58241346.24538025,1862268.978578722 
 06/21  15:00:00,60608024.5888243,1998683.568825122 
 06/21  16:00:00,58505399.23647206,1993818.9692096268 
 06/21  17:00:00,52778313.8668184,1816526.0386215737 
 06/21  18:00:00,51373872.894018784,1696552.4361636871 
 06/21  19:00:00,31856268.179992266,1382560.0616604993 
 06/21  20:00:00,19977739.35727916,1354960.257918031 
 06/21  21:00:00,5760000.0,0.0 
 06/21  22:00:00,1710000.0,0.0 
 06/21  23:00:00,1710000.0,0.0 
 06/21  24:00:00,1710000.0,0.0 
 06/22  01:00:00,4950000.0,0.0 
 06/22  02:00:00,4950000.0,0.0 
 06/22  03:00:00,4950000.0,0.0 
 06/22  04:00:00,4950000.0,0.0 
 06/22  05:00:00,4950000.0,0.0 
 06/22  06:00:00,4950000.0,0.0 
 06/22  07:00:00,4950000.0,0.0 
 06/22  08:00:00,4950000.0,0.0 
 06/22  09:00:00,4950000.0,0.0 
 06/22  10:00:00,4950000.0,0.0 
 06/22  11:00:00,4950000.0,0.0 
 06/22  12:00:00,4950000.0,0.0 
 06/22  13:00:00,4950000.0,0.0 
 06/22  14:00:00,4950000.0,0.0 
 06/22  15:00:00,4950000.0,0.0 
 06/22  16:00:00,4950000.0,0.0 
 06/22  17:00:00,4950000.0,0.0 
 06/22  18:00:00,4950000.0,0.0 
 06/22  19:00:00,4950000.0,0.0 
 06/22  20:00:00,4950000.0,0.0 
 06/22  21:00:00,4950000.0,0.0 
 06/22  22:00:00,4950000.0,0.0 
 06/22  23:00:00,4950000.0,0.0 
 06/22  24:00:00,4950000.0,0.0 
 06/23  01:00:00,4950000.0,0.0 
 06/23  02:00:00,4950000.0,0.0 
 06/23  03:00:00,4950000.0,0.0 
 06/23  04:00:00,4950000.0,0.0 
 06/23  05:00:00,4950000.0,0.0 
 06/23  06:00:00,4950000.0,0.0 
 06/23  07:00:00,4950000.0,0.0 
 06/23  08:00:00,4950000.0,0.0 
 06/23  09:00:00,4950000.0,0.0 
 06/23  10:00:00,4950000.0,0.0 
 06/23  11:00:00,4950000.0,0.0 
 06/23  12:00:00,4950000.0,0.0 
 06/23  13:00:00,4950000.0,0.0 
 06/23  14:00:00,4950000.0,0.0 
 06/23  15:00:00,4950000.0,0.0 
 06/23  16:00:00,4950000.0,0.0 
 06/23  17:00:00,4950000.0,0.0 
 06/23  18:00:00,4950000.0,0.0 
 06/23  19:00:00,4950000.0,0.0 
 06/23  20:00:00,4950000.0,0.0 
 06/23  21:00:00,4950000.0,0.0 
 06/23  22:00:00,4950000.0,0.0 
 06/23  23:00:00,4950000.0,0.0 
 06/23  24:00:00,4950000.0,0.0 
 06/24  01:00:00,1710000.0,0.0 
 06/24  02:00:00,1710000.0,0.0 
 06/24  03:00:00,1710000.0,0.0 
 06/24  04:00:00,1710000.0,0.0 
 06/24  05:00:00,1710000.0,0.0 
 06/24  06:00:00,1710000.0,0.0 
 06/24  07:00:00,5732292.012362866,1354960.257918031 
 06/24  08:00:00,6153212.9301324645,1354960.257918031 
 06/24  09:00:00,37168978.469318524,1414444.6467167584 
 06/24  10:00:00,50097281.020463444,1557224.9726556898 
 06/24  11:00:00,53104701.39520779,1621391.7305000164 
 06/24  12:00:00,51940989.52888151,1586642.4473352798 
 06/24  13:00:00,46440367.063295476,1473083.2090461846 
 06/24  14:00:00,50037613.97196593,1568159.1335271378 
 06/24  15:00:00,52155180.49300437,1668775.0193336369 
 06/24  16:00:00,50709172.625615776,1700694.1144392348 
 06/24  17:00:00,46382608.48667314,1636241.184035654 
 06/24  18:00:00,45710053.58850905,1593446.9387684325 
 06/24  19:00:00,28266997.805521782,1389014.3947950131 
 06/24  20:00:00,16177205.068221383,1354960.257918031 
 06/24  21:00:00,5760000.0,0.0 
 06/24  22:00:00,1710000.0,0.0 
 06/24  23:00:00,1710000.0,0.0 
 06/24  24:00:00,1710000.0,0.0 
 06/25  01:00:00,1710000.0,0.0 
 06/25  02:00:00,1710000.0,0.0 
 06/25  03:00:00,1710000.0,0.0 
 06/25  04:00:00,1710000.0,0.0 
 06/25  05:00:00,1710000.0,0.0 
 06/25  06:00:00,1710000.0,0.0 
 06/25  07:00:00,6028852.583633164,1354960.257918031 
 06/25  08:00:00,7492652.770972813,1354960.257918031 
 06/25  09:00:00,39471316.4057062,1440992.6886400678 
 06/25  10:00:00,52900954.1943419,1667472.4976765555 
 06/25  11:00:00,57112973.43404382,1810564.2129897703 
 06/25  12:00:00,55877060.03990115,1757255.174482045 
 06/25  13:00:00,49553790.62702845,1587718.8496550042 
 06/25  14:00:00,53465817.20125802,1729343.3690288437 
 06/25  15:00:00,55670320.520853736,1835517.4038251252 
 06/25  16:00:00,53953566.902002424,1847235.9625934998 
 06/25  17:00:00,48968175.32990813,1743871.2807263385 
 06/25  18:00:00,47796148.71566548,1679276.8357145013 
 06/25  19:00:00,29481169.343318652,1396469.0591468564 
 06/25  20:00:00,17292832.89180278,1354960.257918031 
 06/25  21:00:00,5760000.0,0.0 
 06/25  22:00:00,1710000.0,0.0 
 06/25  23:00:00,1710000.0,0.0 
 06/25  24:00:00,1710000.0,0.0 
 06/26  01:00:00,1710000.0,0.0 
 06/26  02:00:00,1710000.0,0.0 
 06/26  03:00:00,1710000.0,0.0 
 06/26  04:00:00,1710000.0,0.0 
 06/26  05:00:00,1710000.0,0.0 
 06/26  06:00:00,1710000.0,0.0 
 06/26  07:00:00,6957312.104939726,1354960.257918031 
 06/26  08:00:00,8118903.051975974,1354960.257918031 
 06/26  09:00:00,39223661.03823822,1429057.551563254 
 06/26  10:00:00,53200835.62290414,1656858.2066684794 
 06/26  11:00:00,57438687.368388295,1781241.8941133022 
 06/26  12:00:00,56605718.074600846,1741168.274134127 
 06/26  13:00:00,51370099.653339155,1587683.5576290565 
 06/26  14:00:00,56473341.30705984,1778134.5137454611 
 06/26  15:00:00,59047633.545391865,1908958.023642656 
 06/26  16:00:00,58076688.42193533,1968740.4985243415 
 06/26  17:00:00,53266445.19954117,1831022.7863603393 
 06/26  18:00:00,51589366.71565478,1735203.9022504583 
 06/26  19:00:00,31257302.3644325,1388837.3372991397 
 06/26  20:00:00,18582687.59756615,1354960.257918031 
 06/26  21:00:00,5760000.0,0.0 
 06/26  22:00:00,1710000.0,0.0 
 06/26  23:00:00,1710000.0,0.0 
 06/26  24:00:00,1710000.0,0.0 
 06/27  01:00:00,1710000.0,0.0 
 06/27  02:00:00,1710000.0,0.0 
 06/27  03:00:00,1710000.0,0.0 
 06/27  04:00:00,1710000.0,0.0 
 06/27  05:00:00,1710000.0,0.0 
 06/27  06:00:00,1710000.0,0.0 
 06/27  07:00:00,7660278.6615301715,1354960.257918031 
 06/27  08:00:00,8755390.158154754,1354960.257918031 
 06/27  09:00:00,39860168.78868209,1364391.4872503332 
 06/27  10:00:00,54611921.05803078,1546533.538923561 
 06/27  11:00:00,60159847.34707284,1769952.7066022004 
 06/27  12:00:00,59637405.89921929,1764007.9775751717 
 06/27  13:00:00,55195711.910179764,1626278.2867274466 
 06/27  14:00:00,60430450.60337593,1855458.0727308453 
 06/27  15:00:00,62733240.952114046,1985202.9630998855 
 06/27  16:00:00,60358248.21847842,1946313.4288965445 
 06/27  17:00:00,54101026.37114217,1737971.0910551208 
 06/27  18:00:00,53185559.629277304,1654766.2989642401 
 06/27  19:00:00,33546808.658855326,1372698.609703186 
 06/27  20:00:00,21221620.934818856,1354960.257918031 
 06/27  21:00:00,5760000.0,0.0 
 06/27  22:00:00,1710000.0,0.0 
 06/27  23:00:00,1710000.0,0.0 
 06/27  24:00:00,1710000.0,0.0 
 06/28  01:00:00,1710000.0,0.0 
 06/28  02:00:00,1710000.0,0.0 
 06/28  03:00:00,1710000.0,0.0 
 06/28  04:00:00,1710000.0,0.0 
 06/28  05:00:00,1710000.0,0.0 
 06/28  06:00:00,1710000.0,0.0 
 06/28  07:00:00,10701813.862941604,1354960.257918031 
 06/28  08:00:00,12836027.724409498,1354960.257918031 
 06/28  09:00:00,45713241.41742201,1492999.647472762 
 06/28  10:00:00,61536634.92852661,1858379.950116814 
 06/28  11:00:00,64530880.870957114,2003848.5438995324 
 06/28  12:00:00,62316048.58010496,1933598.6454215222 
 06/28  13:00:00,56836111.20669832,1692751.5266391141 
 06/28  14:00:00,62183307.10656794,1898344.4154097892 
 06/28  15:00:00,63150156.25932209,2017070.2058858033 
 06/28  16:00:00,61004985.65255099,1971039.4540908549 
 06/28  17:00:00,56001470.15742116,1797742.3347784425 
 06/28  18:00:00,53934777.095696986,1706344.5862468425 
 06/28  19:00:00,32572979.909692854,1375690.342862591 
 06/28  20:00:00,20366715.696427695,1354960.257918031 
 06/28  21:00:00,5760000.0,0.0 
 06/28  22:00:00,1710000.0,0.0 
 06/28  23:00:00,1710000.0,0.0 
 06/28  24:00:00,1710000.0,0.0 
 06/29  01:00:00,4950000.0,0.0 
 06/29  02:00:00,4950000.0,0.0 
 06/29  03:00:00,4950000.0,0.0 
 06/29  04:00:00,4950000.0,0.0 
 06/29  05:00:00,4950000.0,0.0 
 06/29  06:00:00,4950000.0,0.0 
 06/29  07:00:00,4950000.0,0.0 
 06/29  08:00:00,4950000.0,0.0 
 06/29  09:00:00,4950000.0,0.0 
 06/29  10:00:00,4950000.0,0.0 
 06/29  11:00:00,4950000.0,0.0 
 06/29  12:00:00,4950000.0,0.0 
 06/29  13:00:00,4950000.0,0.0 
 06/29  14:00:00,4950000.0,0.0 
 06/29  15:00:00,4950000.0,0.0 
 06/29  16:00:00,4950000.0,0.0 
 06/29  17:00:00,4950000.0,0.0 
 06/29  18:00:00,4950000.0,0.0 
 06/29  19:00:00,4950000.0,0.0 
 06/29  20:00:00,4950000.0,0.0 
 06/29  21:00:00,4950000.0,0.0 
 06/29  22:00:00,4950000.0,0.0 
 06/29  23:00:00,4950000.0,0.0 
 06/29  24:00:00,4950000.0,0.0 
 06/30  01:00:00,4950000.0,0.0 
 06/30  02:00:00,4950000.0,0.0 
 06/30  03:00:00,4950000.0,0.0 
 06/30  04:00:00,4950000.0,0.0 
 06/30  05:00:00,4950000.0,0.0 
 06/30  06:00:00,4950000.0,0.0 
 06/30  07:00:00,4950000.0,0.0 
 06/30  08:00:00,4950000.0,0.0 
 06/30  09:00:00,4950000.0,0.0 
 06/30  10:00:00,4950000.0,0.0 
 06/30  11:00:00,4950000.0,0.0 
 06/30  12:00:00,4950000.0,0.0 
 06/30  13:00:00,4950000.0,0.0 
 06/30  14:00:00,4950000.0,0.0 
 06/30  15:00:00,4950000.0,0.0 
 06/30  16:00:00,4950000.0,0.0 
 06/30  17:00:00,4950000.0,0.0 
 06/30  18:00:00,4950000.0,0.0 
 06/30  19:00:00,4950000.0,0.0 
 06/30  20:00:00,4950000.0,0.0 
 06/30  21:00:00,4950000.0,0.0 
 06/30  22:00:00,4950000.0,0.0 
 06/30  23:00:00,4950000.0,0.0 
 06/30  24:00:00,4950000.0,0.0,13467053913.566555,10121400000.0,6291000000.0,442166819.3286482,2903487094.2379284,838007669.9964466,838007669.9964466,,,,,,,,6291000000.0,,10121400000.0,,3830400000.0 
 07/01  01:00:00,1710000.0,0.0 
 07/01  02:00:00,1710000.0,0.0 
 07/01  03:00:00,1710000.0,0.0 
 07/01  04:00:00,1710000.0,0.0 
 07/01  05:00:00,1710000.0,0.0 
 07/01  06:00:00,1710000.0,0.0 
 07/01  07:00:00,7872048.627932295,1354960.257918031 
 07/01  08:00:00,8074969.874988508,1354960.257918031 
 07/01  09:00:00,38183221.65520893,1354960.257918031 
 07/01  10:00:00,49918988.248103686,1424690.3170480852 
 07/01  11:00:00,53775946.591576084,1555989.2832152252 
 07/01  12:00:00,53001451.525782086,1574007.6705180635 
 07/01  13:00:00,48018279.47065976,1491550.5967234077 
 07/01  14:00:00,51797224.38795524,1602048.4893465654 
 07/01  15:00:00,53056484.39522223,1625985.025979773 
 07/01  16:00:00,49564478.69924404,1504940.3988354555 
 07/01  17:00:00,44356556.31865625,1420244.3092933227 
 07/01  18:00:00,44258663.9367007,1404598.2168043002 
 07/01  19:00:00,28946192.30543455,1354960.257918031 
 07/01  20:00:00,17963922.028765503,1354960.257918031 
 07/01  21:00:00,5760000.0,0.0 
 07/01  22:00:00,1710000.0,0.0 
 07/01  23:00:00,1710000.0,0.0 
 07/01  24:00:00,1710000.0,0.0 
 07/02  01:00:00,1710000.0,0.0 
 07/02  02:00:00,1710000.0,0.0 
 07/02  03:00:00,1710000.0,0.0 
 07/02  04:00:00,1710000.0,0.0 
 07/02  05:00:00,1710000.0,0.0 
 07/02  06:00:00,1710000.0,0.0 
 07/02  07:00:00,8591621.667619715,1354960.257918031 
 07/02  08:00:00,8504532.43482272,1354960.257918031 
 07/02  09:00:00,38528323.07699775,1354960.257918031 
 07/02  10:00:00,50594636.30703648,1453264.448305527 
 07/02  11:00:00,54322007.05942158,1575690.7325148564 
 07/02  12:00:00,54035269.278415725,1597206.8987314894 
 07/02  13:00:00,49421907.01741839,1514682.6255010657 
 07/02  14:00:00,54117333.78500161,1663401.098237716 
 07/02  15:00:00,56273038.31061999,1762084.2640265974 
 07/02  16:00:00,54246328.83511564,1728465.9352700743 
 07/02  17:00:00,49682866.35116257,1635624.5800789674 
 07/02  18:00:00,48773036.29878505,1560987.255490784 
 07/02  19:00:00,30078639.817791246,1367728.3725120472 
 07/02  20:00:00,17465916.617209636,1354960.257918031 
 07/02  21:00:00,5760000.0,0.0 
 07/02  22:00:00,1710000.0,0.0 
 07/02  23:00:00,1710000.0,0.0 
 07/02  24:00:00,1710000.0,0.0 
 07/03  01:00:00,1710000.0,0.0 
 07/03  02:00:00,1710000.0,0.0 
 07/03  03:00:00,1710000.0,0.0 
 07/03  04:00:00,1710000.0,0.0 
 07/03  05:00:00,1710000.0,0.0 
 07/03  06:00:00,1710000.0,0.0 
 07/03  07:00:00,6261681.984398855,1354960.257918031 
 07/03  08:00:00,6586311.551121661,1354960.257918031 
 07/03  09:00:00,37352635.03976373,1416723.1574928407 
 07/03  10:00:00,50607617.640791684,1628845.0642420952 
 07/03  11:00:00,54419409.49673561,1767540.4794266452 
 07/03  12:00:00,53291575.14161233,1724182.4550339903 
 07/03  13:00:00,48495590.73149866,1575311.7998125346 
 07/03  14:00:00,53145381.07553248,1756329.0780616244 
 07/03  15:00:00,55421606.008773595,1856505.5010519312 
 07/03  16:00:00,53990562.08657227,1846660.125396301 
 07/03  17:00:00,49279372.60741839,1711197.8902432206 
 07/03  18:00:00,48712269.43777463,1627520.8985829302 
 07/03  19:00:00,30082207.00006517,1368852.369177516 
 07/03  20:00:00,18671326.003339726,1354960.257918031 
 07/03  21:00:00,5760000.0,0.0 
 07/03  22:00:00,1710000.0,0.0 
 07/03  23:00:00,1710000.0,0.0 
 07/03  24:00:00,1710000.0,0.0 
 07/04  01:00:00,1710000.0,0.0 
 07/04  02:00:00,1710000.0,0.0 
 07/04  03:00:00,1710000.0,0.0 
 07/04  04:00:00,1710000.0,0.0 
 07/04  05:00:00,1710000.0,0.0 
 07/04  06:00:00,1710000.0,0.0 
 07/04  07:00:00,9705016.183747847,1354960.257918031 
 07/04  08:00:00,10541388.89334752,1354960.257918031 
 07/04  09:00:00,42282643.13893607,1406473.0570253562 
 07/04  10:00:00,58043134.72660983,1702952.4403097786 
 07/04  11:00:00,61858721.980483316,1816015.3101601317 
 07/04  12:00:00,60952620.52244818,1779951.8646869294 
 07/04  13:00:00,56176958.538122036,1613331.4446984394 
 07/04  14:00:00,61980111.48369249,1820839.854594252 
 07/04  15:00:00,65022198.52213087,1975884.664253945 
 07/04  16:00:00,63682751.10258919,1987520.8898041467 
 07/04  17:00:00,58489254.82120927,1833155.9988562975 
 07/04  18:00:00,57078619.88450762,1710155.1948318786 
 07/04  19:00:00,36858360.170345396,1380925.9423855692 
 07/04  20:00:00,25312362.300799593,1354960.257918031 
 07/04  21:00:00,5760000.0,0.0 
 07/04  22:00:00,1710000.0,0.0 
 07/04  23:00:00,1710000.0,0.0 
 07/04  24:00:00,1710000.0,0.0 
 07/05  01:00:00,1710000.0,0.0 
 07/05  02:00:00,1710000.0,0.0 
 07/05  03:00:00,1710000.0,0.0 
 07/05  04:00:00,1710000.0,0.0 
 07/05  05:00:00,1710000.0,0.0 
 07/05  06:00:00,1710000.0,0.0 
 07/05  07:00:00,13855543.270292133,1354960.257918031 
 07/05  08:00:00,14773247.280572265,1354960.257918031 
 07/05  09:00:00,47585877.441940345,1516205.0353549933 
 07/05  10:00:00,63930102.55256983,1944789.9540655997 
 07/05  11:00:00,67991657.71315995,2061449.2020861208 
 07/05  12:00:00,65916266.73911819,1926221.6133496647 
 07/05  13:00:00,59713436.06035341,1694777.6104511993 
 07/05  14:00:00,65246904.78793291,1919422.2141803238 
 07/05  15:00:00,68137445.20689261,2100595.2962137605 
 07/05  16:00:00,66371685.76441992,2099947.6159010185 
 07/05  17:00:00,61022534.05854526,1916917.6835163978 
 07/05  18:00:00,59288576.96850559,1823714.280375288 
 07/05  19:00:00,38400204.475825444,1432367.4577446722 
 07/05  20:00:00,25407276.29591461,1355484.4496300493 
 07/05  21:00:00,5760000.0,0.0 
 07/05  22:00:00,1710000.0,0.0 
 07/05  23:00:00,1710000.0,0.0 
 07/05  24:00:00,1710000.0,0.0 
 07/06  01:00:00,4950000.0,0.0 
 07/06  02:00:00,4950000.0,0.0 
 07/06  03:00:00,4950000.0,0.0 
 07/06  04:00:00,4950000.0,0.0 
 07/06  05:00:00,4950000.0,0.0 
 07/06  06:00:00,4950000.0,0.0 
 07/06  07:00:00,4950000.0,0.0 
 07/06  08:00:00,4950000.0,0.0 
 07/06  09:00:00,4950000.0,0.0 
 07/06  10:00:00,4950000.0,0.0 
 07/06  11:00:00,4950000.0,0.0 
 07/06  12:00:00,4950000.0,0.0 
 07/06  13:00:00,4950000.0,0.0 
 07/06  14:00:00,4950000.0,0.0 
 07/06  15:00:00,4950000.0,0.0 
 07/06  16:00:00,4950000.0,0.0 
 07/06  17:00:00,4950000.0,0.0 
 07/06  18:00:00,4950000.0,0.0 
 07/06  19:00:00,4950000.0,0.0 
 07/06  20:00:00,4950000.0,0.0 
 07/06  21:00:00,4950000.0,0.0 
 07/06  22:00:00,4950000.0,0.0 
 07/06  23:00:00,4950000.0,0.0 
 07/06  24:00:00,4950000.0,0.0 
 07/07  01:00:00,4950000.0,0.0 
 07/07  02:00:00,4950000.0,0.0 
 07/07  03:00:00,4950000.0,0.0 
 07/07  04:00:00,4950000.0,0.0 
 07/07  05:00:00,4950000.0,0.0 
 07/07  06:00:00,4950000.0,0.0 
 07/07  07:00:00,4950000.0,0.0 
 07/07  08:00:00,4950000.0,0.0 
 07/07  09:00:00,4950000.0,0.0 
 07/07  10:00:00,4950000.0,0.0 
 07/07  11:00:00,4950000.0,0.0 
 07/07  12:00:00,4950000.0,0.0 
 07/07  13:00:00,4950000.0,0.0 
 07/07  14:00:00,4950000.0,0.0 
 07/07  15:00:00,4950000.0,0.0 
 07/07  16:00:00,4950000.0,0.0 
 07/07  17:00:00,4950000.0,0.0 
 07/07  18:00:00,4950000.0,0.0 
 07/07  19:00:00,4950000.0,0.0 
 07/07  20:00:00,4950000.0,0.0 
 07/07  21:00:00,4950000.0,0.0 
 07/07  22:00:00,4950000.0,0.0 
 07/07  23:00:00,4950000.0,0.0 
 07/07  24:00:00,4950000.0,0.0 
 07/08  01:00:00,1710000.0,0.0 
 07/08  02:00:00,1710000.0,0.0 
 07/08  03:00:00,1710000.0,0.0 
 07/08  04:00:00,1710000.0,0.0 
 07/08  05:00:00,1710000.0,0.0 
 07/08  06:00:00,1710000.0,0.0 
 07/08  07:00:00,11990316.531831592,1354960.257918031 
 07/08  08:00:00,12661649.467828387,1354960.257918031 
 07/08  09:00:00,44685353.99810874,1363716.1135939732 
 07/08  10:00:00,59781280.49618782,1582530.2671636376 
 07/08  11:00:00,64345841.32074155,1771015.2384253587 
 07/08  12:00:00,63693679.669239834,1772601.6277156575 
 07/08  13:00:00,56807695.17969313,1538145.6347025007 
 07/08  14:00:00,60716765.567172654,1619471.6288080602 
 07/08  15:00:00,63920869.66380633,1745325.9965022376 
 07/08  16:00:00,62121883.62931949,1716849.3255038045 
 07/08  17:00:00,57569611.483885586,1646151.3464193621 
 07/08  18:00:00,56201260.94529385,1562633.3930653087 
 07/08  19:00:00,35684054.77935156,1357209.1438396182 
 07/08  20:00:00,24504206.758357383,1354960.257918031 
 07/08  21:00:00,5760000.0,0.0 
 07/08  22:00:00,1710000.0,0.0 
 07/08  23:00:00,1710000.0,0.0 
 07/08  24:00:00,1710000.0,0.0 
 07/09  01:00:00,1710000.0,0.0 
 07/09  02:00:00,1710000.0,0.0 
 07/09  03:00:00,1710000.0,0.0 
 07/09  04:00:00,1710000.0,0.0 
 07/09  05:00:00,1710000.0,0.0 
 07/09  06:00:00,1710000.0,0.0 
 07/09  07:00:00,12415453.8012668,1354960.257918031 
 07/09  08:00:00,12244308.594346683,1354960.257918031 
 07/09  09:00:00,40625693.37073628,1354960.257918031 
 07/09  10:00:00,52267314.207750864,1475770.0834873172 
 07/09  11:00:00,56160523.449414946,1622364.0916497817 
 07/09  12:00:00,55091605.840584256,1628714.485654332 
 07/09  13:00:00,49779525.69017216,1523583.7249778763 
 07/09  14:00:00,54407062.60912047,1688206.3504893587 
 07/09  15:00:00,56499385.20253656,1805916.606671596 
 07/09  16:00:00,54266852.67343514,1776564.1480946727 
 07/09  17:00:00,48860048.291959256,1645250.4556682073 
 07/09  18:00:00,46895712.3676968,1571778.3498790548 
 07/09  19:00:00,28383308.414587244,1359253.2252924445 
 07/09  20:00:00,16995319.42115533,1354960.257918031 
 07/09  21:00:00,5760000.0,0.0 
 07/09  22:00:00,1710000.0,0.0 
 07/09  23:00:00,1710000.0,0.0 
 07/09  24:00:00,1710000.0,0.0 
 07/10  01:00:00,1710000.0,0.0 
 07/10  02:00:00,1710000.0,0.0 
 07/10  03:00:00,1710000.0,0.0 
 07/10  04:00:00,1710000.0,0.0 
 07/10  05:00:00,1710000.0,0.0 
 07/10  06:00:00,1710000.0,0.0 
 07/10  07:00:00,8843483.538223192,1354960.257918031 
 07/10  08:00:00,10006550.367367994,1354960.257918031 
 07/10  09:00:00,41035494.375236645,1354960.257918031 
 07/10  10:00:00,54221335.18838564,1466605.5992007162 
 07/10  11:00:00,57748136.244282015,1590762.7777727894 
 07/10  12:00:00,56301632.2462851,1559623.8565285704 
 07/10  13:00:00,52324112.090161204,1497471.848040673 
 07/10  14:00:00,57057911.6868379,1655224.5661290733 
 07/10  15:00:00,58457869.707274295,1648391.912744936 
 07/10  16:00:00,54978169.26109506,1556382.2476275153 
 07/10  17:00:00,49026542.320492335,1473808.3678931422 
 07/10  18:00:00,48028599.92957618,1445834.6870766622 
 07/10  19:00:00,31632590.69987645,1354960.257918031 
 07/10  20:00:00,21080983.211778075,1354960.257918031 
 07/10  21:00:00,5760000.0,0.0 
 07/10  22:00:00,1710000.0,0.0 
 07/10  23:00:00,1710000.0,0.0 
 07/10  24:00:00,1710000.0,0.0 
 07/11  01:00:00,1710000.0,0.0 
 07/11  02:00:00,1710000.0,0.0 
 07/11  03:00:00,1710000.0,0.0 
 07/11  04:00:00,1710000.0,0.0 
 07/11  05:00:00,1710000.0,0.0 
 07/11  06:00:00,1710000.0,0.0 
 07/11  07:00:00,11987694.073151553,1354960.257918031 
 07/11  08:00:00,12359453.480740653,1354960.257918031 
 07/11  09:00:00,42434814.44656409,1354960.257918031 
 07/11  10:00:00,54366422.59908581,1426238.3291733358 
 07/11  11:00:00,58166685.38758691,1532165.8834287557 
 07/11  12:00:00,58041943.40938732,1594799.3191666368 
 07/11  13:00:00,53286508.8055534,1518952.9292527894 
 07/11  14:00:00,58035550.70685553,1664077.7752742898 
 07/11  15:00:00,60252440.53793551,1734000.2625350486 
 07/11  16:00:00,59266513.54988922,1740167.2213972118 
 07/11  17:00:00,54716240.314236134,1648850.5476867473 
 07/11  18:00:00,53801871.58923194,1578168.0560977645 
 07/11  19:00:00,34951714.49872879,1356428.9341104226 
 07/11  20:00:00,23472945.380714,1354960.257918031 
 07/11  21:00:00,5760000.0,0.0 
 07/11  22:00:00,1710000.0,0.0 
 07/11  23:00:00,1710000.0,0.0 
 07/11  24:00:00,1710000.0,0.0 
 07/12  01:00:00,1710000.0,0.0 
 07/12  02:00:00,1710000.0,0.0 
 07/12  03:00:00,1710000.0,0.0 
 07/12  04:00:00,1710000.0,0.0 
 07/12  05:00:00,1710000.0,0.0 
 07/12  06:00:00,1710000.0,0.0 
 07/12  07:00:00,12136236.393343642,1354960.257918031 
 07/12  08:00:00,13164941.001933705,1354960.257918031 
 07/12  09:00:00,43141367.30982438,1354960.257918031 
 07/12  10:00:00,56550662.36423939,1478257.7590522564 
 07/12  11:00:00,60271553.61376172,1625571.4312744145 
 07/12  12:00:00,58857387.71367947,1641833.9839288017 
 07/12  13:00:00,54077368.52194295,1571222.5499742082 
 07/12  14:00:00,59419767.42599466,1769757.63448885 
 07/12  15:00:00,62568084.71628782,1896177.2567145424 
 07/12  16:00:00,59153967.3461265,1717889.5897375003 
 07/12  17:00:00,54158439.028763644,1622211.2671008976 
 07/12  18:00:00,53025089.162650794,1561164.4168800497 
 07/12  19:00:00,34420529.91004799,1357027.246034755 
 07/12  20:00:00,23586545.482154842,1354960.257918031 
 07/12  21:00:00,5760000.0,0.0 
 07/12  22:00:00,1710000.0,0.0 
 07/12  23:00:00,1710000.0,0.0 
 07/12  24:00:00,1710000.0,0.0 
 07/13  01:00:00,4950000.0,0.0 
 07/13  02:00:00,4950000.0,0.0 
 07/13  03:00:00,4950000.0,0.0 
 07/13  04:00:00,4950000.0,0.0 
 07/13  05:00:00,4950000.0,0.0 
 07/13  06:00:00,4950000.0,0.0 
 07/13  07:00:00,4950000.0,0.0 
 07/13  08:00:00,4950000.0,0.0 
 07/13  09:00:00,4950000.0,0.0 
 07/13  10:00:00,4950000.0,0.0 
 07/13  11:00:00,4950000.0,0.0 
 07/13  12:00:00,4950000.0,0.0 
 07/13  13:00:00,4950000.0,0.0 
 07/13  14:00:00,4950000.0,0.0 
 07/13  15:00:00,4950000.0,0.0 
 07/13  16:00:00,4950000.0,0.0 
 07/13  17:00:00,4950000.0,0.0 
 07/13  18:00:00,4950000.0,0.0 
 07/13  19:00:00,4950000.0,0.0 
 07/13  20:00:00,4950000.0,0.0 
 07/13  21:00:00,4950000.0,0.0 
 07/13  22:00:00,4950000.0,0.0 
 07/13  23:00:00,4950000.0,0.0 
 07/13  24:00:00,4950000.0,0.0 
 07/14  01:00:00,4950000.0,0.0 
 07/14  02:00:00,4950000.0,0.0 
 07/14  03:00:00,4950000.0,0.0 
 07/14  04:00:00,4950000.0,0.0 
 07/14  05:00:00,4950000.0,0.0 
 07/14  06:00:00,4950000.0,0.0 
 07/14  07:00:00,4950000.0,0.0 
 07/14  08:00:00,4950000.0,0.0 
 07/14  09:00:00,4950000.0,0.0 
 07/14  10:00:00,4950000.0,0.0 
 07/14  11:00:00,4950000.0,0.0 
 07/14  12:00:00,4950000.0,0.0 
 07/14  13:00:00,4950000.0,0.0 
 07/14  14:00:00,4950000.0,0.0 
 07/14  15:00:00,4950000.0,0.0 
 07/14  16:00:00,4950000.0,0.0 
 07/14  17:00:00,4950000.0,0.0 
 07/14  18:00:00,4950000.0,0.0 
 07/14  19:00:00,4950000.0,0.0 
 07/14  20:00:00,4950000.0,0.0 
 07/14  21:00:00,4950000.0,0.0 
 07/14  22:00:00,4950000.0,0.0 
 07/14  23:00:00,4950000.0,0.0 
 07/14  24:00:00,4950000.0,0.0 
 07/15  01:00:00,1710000.0,0.0 
 07/15  02:00:00,1710000.0,0.0 
 07/15  03:00:00,1710000.0,0.0 
 07/15  04:00:00,1710000.0,0.0 
 07/15  05:00:00,1710000.0,0.0 
 07/15  06:00:00,1710000.0,0.0 
 07/15  07:00:00,11122875.510219693,1354960.257918031 
 07/15  08:00:00,12440523.471019447,1354960.257918031 
 07/15  09:00:00,44575610.055988856,1393708.8129601858 
 07/15  10:00:00,61508869.970348865,1714178.931675248 
 07/15  11:00:00,66293995.275546186,1946991.3551027048 
 07/15  12:00:00,65934171.786758125,1941574.1012270642 
 07/15  13:00:00,61225744.555756174,1752703.6783515485 
 07/15  14:00:00,67108326.83754256,1996122.6307329163 
 07/15  15:00:00,69961487.41799524,2137806.7386870496 
 07/15  16:00:00,68412741.71719898,2076457.0896582196 
 07/15  17:00:00,61783436.12177525,1779652.9356021103 
 07/15  18:00:00,58158808.49079043,1605555.6321558908 
 07/15  19:00:00,38354466.481891,1366781.5736053556 
 07/15  20:00:00,23972928.99693898,1354960.257918031 
 07/15  21:00:00,5760000.0,0.0 
 07/15  22:00:00,1710000.0,0.0 
 07/15  23:00:00,1710000.0,0.0 
 07/15  24:00:00,1710000.0,0.0 
 07/16  01:00:00,1710000.0,0.0 
 07/16  02:00:00,1710000.0,0.0 
 07/16  03:00:00,1710000.0,0.0 
 07/16  04:00:00,1710000.0,0.0 
 07/16  05:00:00,1710000.0,0.0 
 07/16  06:00:00,1710000.0,0.0 
 07/16  07:00:00,16119521.045105925,1354960.257918031 
 07/16  08:00:00,16716979.014084317,1354960.257918031 
 07/16  09:00:00,49766683.75789976,1523577.784821022 
 07/16  10:00:00,66794915.90656172,1987994.1599532396 
 07/16  11:00:00,70488600.63242286,2108540.858355958 
 07/16  12:00:00,68734921.31341761,1990811.8604693431 
 07/16  13:00:00,62928349.1130141,1761369.5328461814 
 07/16  14:00:00,68775863.51834418,2022053.451945161 
 07/16  15:00:00,71418618.67364334,2198661.303451596 
 07/16  16:00:00,69217403.71667019,2159674.121767709 
 07/16  17:00:00,64210042.04677434,1971708.7909980388 
 07/16  18:00:00,62358746.859496824,1850707.9291774738 
 07/16  19:00:00,40867370.263454154,1435355.5861389013 
 07/16  20:00:00,28080965.5497548,1354960.257918031 
 07/16  21:00:00,5760000.0,0.0 
 07/16  22:00:00,1710000.0,0.0 
 07/16  23:00:00,1710000.0,0.0 
 07/16  24:00:00,1710000.0,0.0 
 07/17  01:00:00,1710000.0,0.0 
 07/17  02:00:00,1710000.0,0.0 
 07/17  03:00:00,1710000.0,0.0 
 07/17  04:00:00,1710000.0,0.0 
 07/17  05:00:00,1710000.0,0.0 
 07/17  06:00:00,1710000.0,0.0 
 07/17  07:00:00,16464948.91832031,1354960.257918031 
 07/17  08:00:00,17607249.126010243,1354960.257918031 
 07/17  09:00:00,50200620.74393154,1493875.6744918714 
 07/17  10:00:00,67328924.42058676,2002109.7100120035 
 07/17  11:00:00,71268122.08122279,2190068.4776173206 
 07/17  12:00:00,70199027.28161506,2124149.978042297 
 07/17  13:00:00,63550536.75530316,1862810.7467245997 
 07/17  14:00:00,67912774.0879609,2109069.989965141 
 07/17  15:00:00,71381633.45740855,2268180.9097900856 
 07/17  16:00:00,69076002.85617307,2209809.803083081 
 07/17  17:00:00,62312364.630535714,1933938.299785515 
 07/17  18:00:00,59724235.53644405,1754543.9208911501 
 07/17  19:00:00,38686287.48513499,1394162.8883134264 
 07/17  20:00:00,26382003.033108816,1354960.257918031 
 07/17  21:00:00,5760000.0,0.0 
 07/17  22:00:00,1710000.0,0.0 
 07/17  23:00:00,1710000.0,0.0 
 07/17  24:00:00,1710000.0,0.0 
 07/18  01:00:00,1710000.0,0.0 
 07/18  02:00:00,1710000.0,0.0 
 07/18  03:00:00,1710000.0,0.0 
 07/18  04:00:00,1710000.0,0.0 
 07/18  05:00:00,1710000.0,0.0 
 07/18  06:00:00,1710000.0,0.0 
 07/18  07:00:00,15800120.477305396,1354960.257918031 
 07/18  08:00:00,16448080.244658206,1354960.257918031 
 07/18  09:00:00,49062336.93656835,1498534.0851742346 
 07/18  10:00:00,66479465.57174509,1996451.1422693678 
 07/18  11:00:00,70918758.51004444,2173191.921322056 
 07/18  12:00:00,69749368.12018003,2068951.4725391755 
 07/18  13:00:00,63304907.11512679,1801384.79231503 
 07/18  14:00:00,68718322.88873717,2038113.242143973 
 07/18  15:00:00,70667748.09338465,2198140.494069338 
 07/18  16:00:00,69177653.52696113,2191058.633520015 
 07/18  17:00:00,63661527.88973833,1968123.520785248 
 07/18  18:00:00,61514425.927313805,1809113.4759004097 
 07/18  19:00:00,39986179.11519121,1410070.6680585335 
 07/18  20:00:00,27097355.23069796,1354960.257918031 
 07/18  21:00:00,5760000.0,0.0 
 07/18  22:00:00,1710000.0,0.0 
 07/18  23:00:00,1710000.0,0.0 
 07/18  24:00:00,1710000.0,0.0 
 07/19  01:00:00,1710000.0,0.0 
 07/19  02:00:00,1710000.0,0.0 
 07/19  03:00:00,1710000.0,0.0 
 07/19  04:00:00,1710000.0,0.0 
 07/19  05:00:00,1710000.0,0.0 
 07/19  06:00:00,1710000.0,0.0 
 07/19  07:00:00,15668936.003429692,1354960.257918031 
 07/19  08:00:00,16612673.954215271,1354960.257918031 
 07/19  09:00:00,48975711.2388064,1449879.2693450255 
 07/19  10:00:00,65945223.98982121,1879430.0288861129 
 07/19  11:00:00,71090964.20274729,2112728.4213584224 
 07/19  12:00:00,70604043.56951897,2063102.0097763268 
 07/19  13:00:00,63566894.93110392,1832452.1406177473 
 07/19  14:00:00,67837223.50590602,2058392.8605532488 
 07/19  15:00:00,71053730.01458183,2220046.0753444517 
 07/19  16:00:00,70010162.08239727,2135535.432266454 
 07/19  17:00:00,65134504.81871485,1902994.8370869977 
 07/19  18:00:00,62359026.60470941,1710067.2441924447 
 07/19  19:00:00,41166043.51970259,1383328.6553760986 
 07/19  20:00:00,26196576.43124556,1354960.257918031 
 07/19  21:00:00,5760000.0,0.0 
 07/19  22:00:00,1710000.0,0.0 
 07/19  23:00:00,1710000.0,0.0 
 07/19  24:00:00,1710000.0,0.0 
 07/20  01:00:00,4950000.0,0.0 
 07/20  02:00:00,4950000.0,0.0 
 07/20  03:00:00,4950000.0,0.0 
 07/20  04:00:00,4950000.0,0.0 
 07/20  05:00:00,4950000.0,0.0 
 07/20  06:00:00,4950000.0,0.0 
 07/20  07:00:00,4950000.0,0.0 
 07/20  08:00:00,4950000.0,0.0 
 07/20  09:00:00,4950000.0,0.0 
 07/20  10:00:00,4950000.0,0.0 
 07/20  11:00:00,4950000.0,0.0 
 07/20  12:00:00,4950000.0,0.0 
 07/20  13:00:00,4950000.0,0.0 
 07/20  14:00:00,4950000.0,0.0 
 07/20  15:00:00,4950000.0,0.0 
 07/20  16:00:00,4950000.0,0.0 
 07/20  17:00:00,4950000.0,0.0 
 07/20  18:00:00,4950000.0,0.0 
 07/20  19:00:00,4950000.0,0.0 
 07/20  20:00:00,4950000.0,0.0 
 07/20  21:00:00,4950000.0,0.0 
 07/20  22:00:00,4950000.0,0.0 
 07/20  23:00:00,4950000.0,0.0 
 07/20  24:00:00,4950000.0,0.0 
 07/21  01:00:00,4950000.0,0.0 
 07/21  02:00:00,4950000.0,0.0 
 07/21  03:00:00,4950000.0,0.0 
 07/21  04:00:00,4950000.0,0.0 
 07/21  05:00:00,4950000.0,0.0 
 07/21  06:00:00,4950000.0,0.0 
 07/21  07:00:00,4950000.0,0.0 
 07/21  08:00:00,4950000.0,0.0 
 07/21  09:00:00,4950000.0,0.0 
 07/21  10:00:00,4950000.0,0.0 
 07/21  11:00:00,4950000.0,0.0 
 07/21  12:00:00,4950000.0,0.0 
 07/21  13:00:00,4950000.0,0.0 
 07/21  14:00:00,4950000.0,0.0 
 07/21  15:00:00,4950000.0,0.0 
 07/21  16:00:00,4950000.0,0.0 
 07/21  17:00:00,4950000.0,0.0 
 07/21  18:00:00,4950000.0,0.0 
 07/21  19:00:00,4950000.0,0.0 
 07/21  20:00:00,4950000.0,0.0 
 07/21  21:00:00,4950000.0,0.0 
 07/21  22:00:00,4950000.0,0.0 
 07/21  23:00:00,4950000.0,0.0 
 07/21  24:00:00,4950000.0,0.0 
 07/22  01:00:00,1710000.0,0.0 
 07/22  02:00:00,1710000.0,0.0 
 07/22  03:00:00,1710000.0,0.0 
 07/22  04:00:00,1710000.0,0.0 
 07/22  05:00:00,1710000.0,0.0 
 07/22  06:00:00,1710000.0,0.0 
 07/22  07:00:00,12257471.029848948,1354960.257918031 
 07/22  08:00:00,13172722.353260694,1354960.257918031 
 07/22  09:00:00,45035385.53233776,1475937.9332268361 
 07/22  10:00:00,60686198.27999319,1871061.659713684 
 07/22  11:00:00,62668231.58046323,1937979.5235462347 
 07/22  12:00:00,60875649.12237571,1864722.3121501126 
 07/22  13:00:00,54230426.44637056,1679974.5518576566 
 07/22  14:00:00,59900548.537608035,1870297.1275395395 
 07/22  15:00:00,63557442.747895926,2018297.5891345479 
 07/22  16:00:00,60850123.93912869,1964423.0926641077 
 07/22  17:00:00,54500090.82028925,1763141.7375319465 
 07/22  18:00:00,52690465.52480698,1632561.8343459084 
 07/22  19:00:00,33303615.53397425,1366006.1005873415 
 07/22  20:00:00,21580342.643760674,1354960.257918031 
 07/22  21:00:00,5760000.0,0.0 
 07/22  22:00:00,1710000.0,0.0 
 07/22  23:00:00,1710000.0,0.0 
 07/22  24:00:00,1710000.0,0.0 
 07/23  01:00:00,1710000.0,0.0 
 07/23  02:00:00,1710000.0,0.0 
 07/23  03:00:00,1710000.0,0.0 
 07/23  04:00:00,1710000.0,0.0 
 07/23  05:00:00,1710000.0,0.0 
 07/23  06:00:00,1710000.0,0.0 
 07/23  07:00:00,12038813.219166253,1354960.257918031 
 07/23  08:00:00,13656051.788753524,1354960.257918031 
 07/23  09:00:00,44920356.231139645,1453119.2075769077 
 07/23  10:00:00,60130502.43383054,1854107.779104595 
 07/23  11:00:00,64037698.45941643,2050155.5035195856 
 07/23  12:00:00,62453135.48276689,1986483.5211635556 
 07/23  13:00:00,56473276.043575466,1742177.2224182023 
 07/23  14:00:00,62088437.754783064,1960206.74506394 
 07/23  15:00:00,64169486.68509748,2049221.3431648137 
 07/23  16:00:00,62128249.49735717,1996739.5261493158 
 07/23  17:00:00,56953459.38143444,1834063.6651131706 
 07/23  18:00:00,54960723.951328404,1691984.436113264 
 07/23  19:00:00,34671118.957635835,1375765.8444826805 
 07/23  20:00:00,22939436.10857508,1354960.257918031 
 07/23  21:00:00,5760000.0,0.0 
 07/23  22:00:00,1710000.0,0.0 
 07/23  23:00:00,1710000.0,0.0 
 07/23  24:00:00,1710000.0,0.0 
 07/24  01:00:00,1710000.0,0.0 
 07/24  02:00:00,1710000.0,0.0 
 07/24  03:00:00,1710000.0,0.0 
 07/24  04:00:00,1710000.0,0.0 
 07/24  05:00:00,1710000.0,0.0 
 07/24  06:00:00,1710000.0,0.0 
 07/24  07:00:00,13104582.898881316,1354960.257918031 
 07/24  08:00:00,14097107.561615366,1354960.257918031 
 07/24  09:00:00,45737214.592118114,1444666.98464013 
 07/24  10:00:00,61434722.9431551,1779492.9931693203 
 07/24  11:00:00,65589439.103417486,1936975.4380121962 
 07/24  12:00:00,65220700.505090185,1902406.8126158016 
 07/24  13:00:00,59671336.77647038,1715062.216196555 
 07/24  14:00:00,65615091.28847803,1955027.0535965587 
 07/24  15:00:00,68764974.39697415,2093852.1680974672 
 07/24  16:00:00,66102822.24733929,2053953.7277603694 
 07/24  17:00:00,60768597.04309542,1877012.1969021263 
 07/24  18:00:00,59671614.943004996,1759677.7850191994 
 07/24  19:00:00,38948654.682092905,1397709.094914113 
 07/24  20:00:00,26859094.42306174,1354960.257918031 
 07/24  21:00:00,5760000.0,0.0 
 07/24  22:00:00,1710000.0,0.0 
 07/24  23:00:00,1710000.0,0.0 
 07/24  24:00:00,1710000.0,0.0 
 07/25  01:00:00,1710000.0,0.0 
 07/25  02:00:00,1710000.0,0.0 
 07/25  03:00:00,1710000.0,0.0 
 07/25  04:00:00,1710000.0,0.0 
 07/25  05:00:00,1710000.0,0.0 
 07/25  06:00:00,1710000.0,0.0 
 07/25  07:00:00,12728350.532066947,1354960.257918031 
 07/25  08:00:00,13132638.332476113,1354960.257918031 
 07/25  09:00:00,44202637.313697375,1362103.3017960032 
 07/25  10:00:00,57790293.15679714,1536636.8865401535 
 07/25  11:00:00,61439928.11814334,1665115.0468816622 
 07/25  12:00:00,61460228.643464185,1682512.0543250174 
 07/25  13:00:00,57149287.188038796,1573517.938096919 
 07/25  14:00:00,62437528.68316866,1770250.65105688 
 07/25  15:00:00,64112849.83870487,1914236.0436802877 
 07/25  16:00:00,61862486.26925654,1918139.2893483923 
 07/25  17:00:00,56645347.17394203,1787658.2844162034 
 07/25  18:00:00,54616275.461492844,1690814.6630388722 
 07/25  19:00:00,33946121.33029802,1377336.5470306422 
 07/25  20:00:00,22047685.244972374,1354960.257918031 
 07/25  21:00:00,5760000.0,0.0 
 07/25  22:00:00,1710000.0,0.0 
 07/25  23:00:00,1710000.0,0.0 
 07/25  24:00:00,1710000.0,0.0 
 07/26  01:00:00,1710000.0,0.0 
 07/26  02:00:00,1710000.0,0.0 
 07/26  03:00:00,1710000.0,0.0 
 07/26  04:00:00,1710000.0,0.0 
 07/26  05:00:00,1710000.0,0.0 
 07/26  06:00:00,1710000.0,0.0 
 07/26  07:00:00,11688672.923921049,1354960.257918031 
 07/26  08:00:00,11965119.074248958,1354960.257918031 
 07/26  09:00:00,42504721.19730913,1386763.9468231802 
 07/26  10:00:00,57539290.09308548,1680506.4280091375 
 07/26  11:00:00,61860809.12600194,1851162.1528315009 
 07/26  12:00:00,60593135.02565509,1780563.9451773015 
 07/26  13:00:00,54407154.1968168,1610529.8733782014 
 07/26  14:00:00,58502233.29547967,1812002.2361350975 
 07/26  15:00:00,59764673.39224077,1946765.237620747 
 07/26  16:00:00,57831546.55974473,1895601.1562711226 
 07/26  17:00:00,52593864.016011775,1687246.1208287268 
 07/26  18:00:00,51846442.681486264,1640343.2673188185 
 07/26  19:00:00,32164760.769559696,1371424.7279829541 
 07/26  20:00:00,21270244.403389852,1354960.257918031 
 07/26  21:00:00,5760000.0,0.0 
 07/26  22:00:00,1710000.0,0.0 
 07/26  23:00:00,1710000.0,0.0 
 07/26  24:00:00,1710000.0,0.0 
 07/27  01:00:00,4950000.0,0.0 
 07/27  02:00:00,4950000.0,0.0 
 07/27  03:00:00,4950000.0,0.0 
 07/27  04:00:00,4950000.0,0.0 
 07/27  05:00:00,4950000.0,0.0 
 07/27  06:00:00,4950000.0,0.0 
 07/27  07:00:00,4950000.0,0.0 
 07/27  08:00:00,4950000.0,0.0 
 07/27  09:00:00,4950000.0,0.0 
 07/27  10:00:00,4950000.0,0.0 
 07/27  11:00:00,4950000.0,0.0 
 07/27  12:00:00,4950000.0,0.0 
 07/27  13:00:00,4950000.0,0.0 
 07/27  14:00:00,4950000.0,0.0 
 07/27  15:00:00,4950000.0,0.0 
 07/27  16:00:00,4950000.0,0.0 
 07/27  17:00:00,4950000.0,0.0 
 07/27  18:00:00,4950000.0,0.0 
 07/27  19:00:00,4950000.0,0.0 
 07/27  20:00:00,4950000.0,0.0 
 07/27  21:00:00,4950000.0,0.0 
 07/27  22:00:00,4950000.0,0.0 
 07/27  23:00:00,4950000.0,0.0 
 07/27  24:00:00,4950000.0,0.0 
 07/28  01:00:00,4950000.0,0.0 
 07/28  02:00:00,4950000.0,0.0 
 07/28  03:00:00,4950000.0,0.0 
 07/28  04:00:00,4950000.0,0.0 
 07/28  05:00:00,4950000.0,0.0 
 07/28  06:00:00,4950000.0,0.0 
 07/28  07:00:00,4950000.0,0.0 
 07/28  08:00:00,4950000.0,0.0 
 07/28  09:00:00,4950000.0,0.0 
 07/28  10:00:00,4950000.0,0.0 
 07/28  11:00:00,4950000.0,0.0 
 07/28  12:00:00,4950000.0,0.0 
 07/28  13:00:00,4950000.0,0.0 
 07/28  14:00:00,4950000.0,0.0 
 07/28  15:00:00,4950000.0,0.0 
 07/28  16:00:00,4950000.0,0.0 
 07/28  17:00:00,4950000.0,0.0 
 07/28  18:00:00,4950000.0,0.0 
 07/28  19:00:00,4950000.0,0.0 
 07/28  20:00:00,4950000.0,0.0 
 07/28  21:00:00,4950000.0,0.0 
 07/28  22:00:00,4950000.0,0.0 
 07/28  23:00:00,4950000.0,0.0 
 07/28  24:00:00,4950000.0,0.0 
 07/29  01:00:00,1710000.0,0.0 
 07/29  02:00:00,1710000.0,0.0 
 07/29  03:00:00,1710000.0,0.0 
 07/29  04:00:00,1710000.0,0.0 
 07/29  05:00:00,1710000.0,0.0 
 07/29  06:00:00,1710000.0,0.0 
 07/29  07:00:00,11477682.547154324,1354960.257918031 
 07/29  08:00:00,11809729.804577542,1354960.257918031 
 07/29  09:00:00,43103758.719384156,1452029.6772615137 
 07/29  10:00:00,57403556.91771448,1714178.987827753 
 07/29  11:00:00,60583863.53897311,1841790.6222945028 
 07/29  12:00:00,58877146.575782984,1791898.5050786284 
 07/29  13:00:00,52830323.05264069,1608675.0759173906 
 07/29  14:00:00,57217432.945810504,1786028.4183871704 
 07/29  15:00:00,59467074.26613855,1927174.391277858 
 07/29  16:00:00,57696125.28951396,1952549.421811923 
 07/29  17:00:00,52446432.85521266,1821618.755479462 
 07/29  18:00:00,51292932.202926785,1728351.79079932 
 07/29  19:00:00,31181035.646749016,1389431.1555432314 
 07/29  20:00:00,18754006.09356173,1354960.257918031 
 07/29  21:00:00,5760000.0,0.0 
 07/29  22:00:00,1710000.0,0.0 
 07/29  23:00:00,1710000.0,0.0 
 07/29  24:00:00,1710000.0,0.0 
 07/30  01:00:00,1710000.0,0.0 
 07/30  02:00:00,1710000.0,0.0 
 07/30  03:00:00,1710000.0,0.0 
 07/30  04:00:00,1710000.0,0.0 
 07/30  05:00:00,1710000.0,0.0 
 07/30  06:00:00,1710000.0,0.0 
 07/30  07:00:00,9310433.673447613,1354960.257918031 
 07/30  08:00:00,10757895.304603998,1354960.257918031 
 07/30  09:00:00,41088191.3571544,1364886.2782656867 
 07/30  10:00:00,55028318.71893127,1593946.5355244724 
 07/30  11:00:00,60074927.84551474,1834012.9899857093 
 07/30  12:00:00,59896204.23831473,1851240.503589685 
 07/30  13:00:00,53922192.39391206,1671323.1699172265 
 07/30  14:00:00,57840036.30188655,1902738.8762901938 
 07/30  15:00:00,59117432.460425705,1988760.3321239552 
 07/30  16:00:00,57778074.64222711,1917150.897456688 
 07/30  17:00:00,52312120.794356436,1704481.8239859417 
 07/30  18:00:00,50733215.11251721,1602864.9117701682 
 07/30  19:00:00,31259301.73257397,1363235.8996143315 
 07/30  20:00:00,20375816.60755198,1354960.257918031 
 07/30  21:00:00,5760000.0,0.0 
 07/30  22:00:00,1710000.0,0.0 
 07/30  23:00:00,1710000.0,0.0 
 07/30  24:00:00,1710000.0,0.0 
 07/31  01:00:00,1710000.0,0.0 
 07/31  02:00:00,1710000.0,0.0 
 07/31  03:00:00,1710000.0,0.0 
 07/31  04:00:00,1710000.0,0.0 
 07/31  05:00:00,1710000.0,0.0 
 07/31  06:00:00,1710000.0,0.0 
 07/31  07:00:00,11199912.522860348,1354960.257918031 
 07/31  08:00:00,11641539.843228094,1354960.257918031 
 07/31  09:00:00,43184424.31094332,1427979.9207146538 
 07/31  10:00:00,59280725.1705572,1814840.2449170481 
 07/31  11:00:00,63567821.75240578,2058275.1287197329 
 07/31  12:00:00,62906961.125657424,2011894.8239015983 
 07/31  13:00:00,59292565.375722215,1796131.8349013382 
 07/31  14:00:00,64306374.983932555,2049898.6677460845 
 07/31  15:00:00,64956779.5248388,2123321.3214606214 
 07/31  16:00:00,61992745.352201626,1932472.4707472513 
 07/31  17:00:00,55428402.44635798,1668415.9557270024 
 07/31  18:00:00,52513093.10943154,1552376.2508228733 
 07/31  19:00:00,33151934.082119398,1357934.864471071 
 07/31  20:00:00,21395627.258642767,1354960.257918031 
 07/31  21:00:00,5760000.0,0.0 
 07/31  22:00:00,1710000.0,0.0 
 07/31  23:00:00,1710000.0,0.0 
 07/31  24:00:00,1710000.0,0.0,16625518633.737318,11223810000.0,7121250000.0,529104262.2184429,4872604371.518904,832984792.0317745,832984792.0317745,,,,,,,,7121250000.0,,11223810000.0,,4102560000.0 
 08/01  01:00:00,1710000.0,0.0 
 08/01  02:00:00,1710000.0,0.0 
 08/01  03:00:00,1710000.0,0.0 
 08/01  04:00:00,1710000.0,0.0 
 08/01  05:00:00,1710000.0,0.0 
 08/01  06:00:00,1710000.0,0.0 
 08/01  07:00:00,9944290.364866622,1354960.257918031 
 08/01  08:00:00,10562806.264753586,1354960.257918031 
 08/01  09:00:00,40997700.8758177,1372881.7673168997 
 08/01  10:00:00,55698171.23120405,1638348.5887558754 
 08/01  11:00:00,60538017.04313193,1832653.2321498678 
 08/01  12:00:00,59708365.19827291,1804620.8091909282 
 08/01  13:00:00,53864004.354442514,1622008.3287434508 
 08/01  14:00:00,58452455.8345966,1789014.6541200464 
 08/01  15:00:00,59853962.27143509,1888248.3603242957 
 08/01  16:00:00,58505689.43971723,1927485.1464786544 
 08/01  17:00:00,53531298.828695714,1824736.3853568966 
 08/01  18:00:00,52260164.05723681,1749480.7085454718 
 08/01  19:00:00,32699679.039541848,1405506.602915888 
 08/01  20:00:00,20448657.932656676,1354960.257918031 
 08/01  21:00:00,5760000.0,0.0 
 08/01  22:00:00,1710000.0,0.0 
 08/01  23:00:00,1710000.0,0.0 
 08/01  24:00:00,1710000.0,0.0 
 08/02  01:00:00,1710000.0,0.0 
 08/02  02:00:00,1710000.0,0.0 
 08/02  03:00:00,1710000.0,0.0 
 08/02  04:00:00,1710000.0,0.0 
 08/02  05:00:00,1710000.0,0.0 
 08/02  06:00:00,1710000.0,0.0 
 08/02  07:00:00,10158508.762982968,1354960.257918031 
 08/02  08:00:00,11381126.188933028,1354960.257918031 
 08/02  09:00:00,43789692.0356267,1474230.4031546349 
 08/02  10:00:00,59139382.282803826,1857603.5698524765 
 08/02  11:00:00,63149775.59655557,2023541.296940667 
 08/02  12:00:00,61613047.851651,1935894.8026992488 
 08/02  13:00:00,55585733.75597692,1692771.5686703706 
 08/02  14:00:00,60630861.018917456,1878804.7621106948 
 08/02  15:00:00,63267469.66068489,2014077.2221542953 
 08/02  16:00:00,62251343.551947325,2037323.1452216452 
 08/02  17:00:00,57469390.13809581,1895723.657617781 
 08/02  18:00:00,56093860.159755796,1784919.4398085484 
 08/02  19:00:00,35224030.555461645,1404985.8737801216 
 08/02  20:00:00,22675838.49319727,1354960.257918031 
 08/02  21:00:00,5760000.0,0.0 
 08/02  22:00:00,1710000.0,0.0 
 08/02  23:00:00,1710000.0,0.0 
 08/02  24:00:00,1710000.0,0.0 
 08/03  01:00:00,4950000.0,0.0 
 08/03  02:00:00,4950000.0,0.0 
 08/03  03:00:00,4950000.0,0.0 
 08/03  04:00:00,4950000.0,0.0 
 08/03  05:00:00,4950000.0,0.0 
 08/03  06:00:00,4950000.0,0.0 
 08/03  07:00:00,4950000.0,0.0 
 08/03  08:00:00,4950000.0,0.0 
 08/03  09:00:00,4950000.0,0.0 
 08/03  10:00:00,4950000.0,0.0 
 08/03  11:00:00,4950000.0,0.0 
 08/03  12:00:00,4950000.0,0.0 
 08/03  13:00:00,4950000.0,0.0 
 08/03  14:00:00,4950000.0,0.0 
 08/03  15:00:00,4950000.0,0.0 
 08/03  16:00:00,4950000.0,0.0 
 08/03  17:00:00,4950000.0,0.0 
 08/03  18:00:00,4950000.0,0.0 
 08/03  19:00:00,4950000.0,0.0 
 08/03  20:00:00,4950000.0,0.0 
 08/03  21:00:00,4950000.0,0.0 
 08/03  22:00:00,4950000.0,0.0 
 08/03  23:00:00,4950000.0,0.0 
 08/03  24:00:00,4950000.0,0.0 
 08/04  01:00:00,4950000.0,0.0 
 08/04  02:00:00,4950000.0,0.0 
 08/04  03:00:00,4950000.0,0.0 
 08/04  04:00:00,4950000.0,0.0 
 08/04  05:00:00,4950000.0,0.0 
 08/04  06:00:00,4950000.0,0.0 
 08/04  07:00:00,4950000.0,0.0 
 08/04  08:00:00,4950000.0,0.0 
 08/04  09:00:00,4950000.0,0.0 
 08/04  10:00:00,4950000.0,0.0 
 08/04  11:00:00,4950000.0,0.0 
 08/04  12:00:00,4950000.0,0.0 
 08/04  13:00:00,4950000.0,0.0 
 08/04  14:00:00,4950000.0,0.0 
 08/04  15:00:00,4950000.0,0.0 
 08/04  16:00:00,4950000.0,0.0 
 08/04  17:00:00,4950000.0,0.0 
 08/04  18:00:00,4950000.0,0.0 
 08/04  19:00:00,4950000.0,0.0 
 08/04  20:00:00,4950000.0,0.0 
 08/04  21:00:00,4950000.0,0.0 
 08/04  22:00:00,4950000.0,0.0 
 08/04  23:00:00,4950000.0,0.0 
 08/04  24:00:00,4950000.0,0.0 
 08/05  01:00:00,1710000.0,0.0 
 08/05  02:00:00,1710000.0,0.0 
 08/05  03:00:00,1710000.0,0.0 
 08/05  04:00:00,1710000.0,0.0 
 08/05  05:00:00,1710000.0,0.0 
 08/05  06:00:00,1710000.0,0.0 
 08/05  07:00:00,11966086.180560673,1354960.257918031 
 08/05  08:00:00,12972111.387504995,1354960.257918031 
 08/05  09:00:00,43276280.83790535,1358654.527402302 
 08/05  10:00:00,57805914.037767634,1589810.2247794971 
 08/05  11:00:00,63101592.02573017,1807846.8189675475 
 08/05  12:00:00,62797270.57415187,1782704.3842530926 
 08/05  13:00:00,57179207.51744746,1611203.5895879716 
 08/05  14:00:00,59216446.17216391,1752261.7477349495 
 08/05  15:00:00,61372309.557636574,1896369.7959329234 
 08/05  16:00:00,60979903.70057197,1933229.2010879389 
 08/05  17:00:00,56311825.50958929,1824263.6186304686 
 08/05  18:00:00,55300163.976131044,1764979.275280941 
 08/05  19:00:00,35155824.952676654,1409697.9553028524 
 08/05  20:00:00,22700110.671603333,1354960.257918031 
 08/05  21:00:00,5760000.0,0.0 
 08/05  22:00:00,1710000.0,0.0 
 08/05  23:00:00,1710000.0,0.0 
 08/05  24:00:00,1710000.0,0.0 
 08/06  01:00:00,1710000.0,0.0 
 08/06  02:00:00,1710000.0,0.0 
 08/06  03:00:00,1710000.0,0.0 
 08/06  04:00:00,1710000.0,0.0 
 08/06  05:00:00,1710000.0,0.0 
 08/06  06:00:00,1710000.0,0.0 
 08/06  07:00:00,8903306.439634614,1354960.257918031 
 08/06  08:00:00,9233332.96810876,1354960.257918031 
 08/06  09:00:00,39965531.078640416,1392650.2986125117 
 08/06  10:00:00,52673037.951177135,1534302.8530642805 
 08/06  11:00:00,53513062.227935925,1542514.8943835539 
 08/06  12:00:00,50890306.72658478,1488975.4238808174 
 08/06  13:00:00,45848476.39856883,1433496.4824218045 
 08/06  14:00:00,48935234.36962126,1519766.632533695 
 08/06  15:00:00,49198157.02867656,1522993.4627099847 
 08/06  16:00:00,46614190.597227715,1483205.275579791 
 08/06  17:00:00,42285770.88990611,1417085.8826089017 
 08/06  18:00:00,42250811.09520641,1405240.428804983 
 08/06  19:00:00,27000182.71024841,1354960.257918031 
 08/06  20:00:00,15551327.569289166,1354960.257918031 
 08/06  21:00:00,5760000.0,0.0 
 08/06  22:00:00,1710000.0,0.0 
 08/06  23:00:00,1710000.0,0.0 
 08/06  24:00:00,1710000.0,0.0 
 08/07  01:00:00,1710000.0,0.0 
 08/07  02:00:00,1710000.0,0.0 
 08/07  03:00:00,1710000.0,0.0 
 08/07  04:00:00,1710000.0,0.0 
 08/07  05:00:00,1710000.0,0.0 
 08/07  06:00:00,1710000.0,0.0 
 08/07  07:00:00,5943415.922219744,1354960.257918031 
 08/07  08:00:00,6553961.898344086,1354960.257918031 
 08/07  09:00:00,37691670.30698619,1416108.3452940031 
 08/07  10:00:00,50378635.31978732,1624853.4916454102 
 08/07  11:00:00,53221722.386863306,1751090.718870841 
 08/07  12:00:00,52032601.74059312,1695664.071904234 
 08/07  13:00:00,46853821.38081609,1524494.1239420383 
 08/07  14:00:00,50588681.34743478,1650492.3909248612 
 08/07  15:00:00,52247505.33691215,1726107.2511284137 
 08/07  16:00:00,51007377.88439104,1727722.9410386398 
 08/07  17:00:00,46203446.25853256,1609236.7040682677 
 08/07  18:00:00,45619258.56664417,1567809.9948551008 
 08/07  19:00:00,27827159.76913183,1366165.6225409624 
 08/07  20:00:00,16192892.047673529,1354960.257918031 
 08/07  21:00:00,5760000.0,0.0 
 08/07  22:00:00,1710000.0,0.0 
 08/07  23:00:00,1710000.0,0.0 
 08/07  24:00:00,1710000.0,0.0 
 08/08  01:00:00,1710000.0,0.0 
 08/08  02:00:00,1710000.0,0.0 
 08/08  03:00:00,1710000.0,0.0 
 08/08  04:00:00,1710000.0,0.0 
 08/08  05:00:00,1710000.0,0.0 
 08/08  06:00:00,1710000.0,0.0 
 08/08  07:00:00,5973896.547314897,1354960.257918031 
 08/08  08:00:00,6613331.3573057745,1354960.257918031 
 08/08  09:00:00,37751028.48296383,1414102.664465649 
 08/08  10:00:00,51432420.03081462,1654601.420136051 
 08/08  11:00:00,55801165.659578435,1821979.64708727 
 08/08  12:00:00,54256876.20571842,1772407.4364228672 
 08/08  13:00:00,48716292.67255048,1587074.8405365665 
 08/08  14:00:00,52927756.30050613,1722136.4611269005 
 08/08  15:00:00,54981794.66573122,1798089.819377147 
 08/08  16:00:00,53136661.7788254,1728285.067262421 
 08/08  17:00:00,47721182.70570479,1582328.4708511608 
 08/08  18:00:00,46845169.30425076,1512736.344485718 
 08/08  19:00:00,29394837.512680523,1355517.5248777885 
 08/08  20:00:00,18280041.223424237,1354960.257918031 
 08/08  21:00:00,5760000.0,0.0 
 08/08  22:00:00,1710000.0,0.0 
 08/08  23:00:00,1710000.0,0.0 
 08/08  24:00:00,1710000.0,0.0 
 08/09  01:00:00,1710000.0,0.0 
 08/09  02:00:00,1710000.0,0.0 
 08/09  03:00:00,1710000.0,0.0 
 08/09  04:00:00,1710000.0,0.0 
 08/09  05:00:00,1710000.0,0.0 
 08/09  06:00:00,1710000.0,0.0 
 08/09  07:00:00,8093546.431415252,1354960.257918031 
 08/09  08:00:00,8820910.942165647,1354960.257918031 
 08/09  09:00:00,40117479.31807287,1417862.2993124216 
 08/09  10:00:00,55180922.88894052,1717659.3924765126 
 08/09  11:00:00,59356636.530431636,1891356.6130968104 
 08/09  12:00:00,57703477.94039553,1848611.8853914866 
 08/09  13:00:00,51178023.88888854,1623038.6936622697 
 08/09  14:00:00,56144662.890553914,1823851.6976028949 
 08/09  15:00:00,58261797.210808545,1924337.8463296995 
 08/09  16:00:00,55307941.749564566,1780140.4365862939 
 08/09  17:00:00,49247768.9849097,1585800.74676581 
 08/09  18:00:00,47804316.4836219,1513289.8401888998 
 08/09  19:00:00,30033279.25298319,1355673.6776739904 
 08/09  20:00:00,18940283.426009025,1354960.257918031 
 08/09  21:00:00,5760000.0,0.0 
 08/09  22:00:00,1710000.0,0.0 
 08/09  23:00:00,1710000.0,0.0 
 08/09  24:00:00,1710000.0,0.0 
 08/10  01:00:00,4950000.0,0.0 
 08/10  02:00:00,4950000.0,0.0 
 08/10  03:00:00,4950000.0,0.0 
 08/10  04:00:00,4950000.0,0.0 
 08/10  05:00:00,4950000.0,0.0 
 08/10  06:00:00,4950000.0,0.0 
 08/10  07:00:00,4950000.0,0.0 
 08/10  08:00:00,4950000.0,0.0 
 08/10  09:00:00,4950000.0,0.0 
 08/10  10:00:00,4950000.0,0.0 
 08/10  11:00:00,4950000.0,0.0 
 08/10  12:00:00,4950000.0,0.0 
 08/10  13:00:00,4950000.0,0.0 
 08/10  14:00:00,4950000.0,0.0 
 08/10  15:00:00,4950000.0,0.0 
 08/10  16:00:00,4950000.0,0.0 
 08/10  17:00:00,4950000.0,0.0 
 08/10  18:00:00,4950000.0,0.0 
 08/10  19:00:00,4950000.0,0.0 
 08/10  20:00:00,4950000.0,0.0 
 08/10  21:00:00,4950000.0,0.0 
 08/10  22:00:00,4950000.0,0.0 
 08/10  23:00:00,4950000.0,0.0 
 08/10  24:00:00,4950000.0,0.0 
 08/11  01:00:00,4950000.0,0.0 
 08/11  02:00:00,4950000.0,0.0 
 08/11  03:00:00,4950000.0,0.0 
 08/11  04:00:00,4950000.0,0.0 
 08/11  05:00:00,4950000.0,0.0 
 08/11  06:00:00,4950000.0,0.0 
 08/11  07:00:00,4950000.0,0.0 
 08/11  08:00:00,4950000.0,0.0 
 08/11  09:00:00,4950000.0,0.0 
 08/11  10:00:00,4950000.0,0.0 
 08/11  11:00:00,4950000.0,0.0 
 08/11  12:00:00,4950000.0,0.0 
 08/11  13:00:00,4950000.0,0.0 
 08/11  14:00:00,4950000.0,0.0 
 08/11  15:00:00,4950000.0,0.0 
 08/11  16:00:00,4950000.0,0.0 
 08/11  17:00:00,4950000.0,0.0 
 08/11  18:00:00,4950000.0,0.0 
 08/11  19:00:00,4950000.0,0.0 
 08/11  20:00:00,4950000.0,0.0 
 08/11  21:00:00,4950000.0,0.0 
 08/11  22:00:00,4950000.0,0.0 
 08/11  23:00:00,4950000.0,0.0 
 08/11  24:00:00,4950000.0,0.0 
 08/12  01:00:00,1710000.0,0.0 
 08/12  02:00:00,1710000.0,0.0 
 08/12  03:00:00,1710000.0,0.0 
 08/12  04:00:00,1710000.0,0.0 
 08/12  05:00:00,1710000.0,0.0 
 08/12  06:00:00,1710000.0,0.0 
 08/12  07:00:00,8638085.442669874,1354960.257918031 
 08/12  08:00:00,10533964.143583471,1354960.257918031 
 08/12  09:00:00,41641880.063110664,1396955.3631670992 
 08/12  10:00:00,56352893.485053524,1727197.748833565 
 08/12  11:00:00,60687455.804846846,1968748.8749365536 
 08/12  12:00:00,59220039.47606203,1937198.0846916472 
 08/12  13:00:00,53792128.05793106,1730021.1659106393 
 08/12  14:00:00,57154718.714639336,1862861.1169861895 
 08/12  15:00:00,56401408.67977068,1798184.1877442007 
 08/12  16:00:00,54443638.60244157,1704792.880111774 
 08/12  17:00:00,48240081.360179305,1539829.5755727328 
 08/12  18:00:00,46541509.03194198,1462469.2444714645 
 08/12  19:00:00,29695747.71296788,1354998.3240811354 
 08/12  20:00:00,18573895.238482423,1354960.257918031 
 08/12  21:00:00,5760000.0,0.0 
 08/12  22:00:00,1710000.0,0.0 
 08/12  23:00:00,1710000.0,0.0 
 08/12  24:00:00,1710000.0,0.0 
 08/13  01:00:00,1710000.0,0.0 
 08/13  02:00:00,1710000.0,0.0 
 08/13  03:00:00,1710000.0,0.0 
 08/13  04:00:00,1710000.0,0.0 
 08/13  05:00:00,1710000.0,0.0 
 08/13  06:00:00,1710000.0,0.0 
 08/13  07:00:00,8243372.892782046,1354960.257918031 
 08/13  08:00:00,9713093.433347642,1354960.257918031 
 08/13  09:00:00,41421475.839826845,1416852.3510036985 
 08/13  10:00:00,55933844.36872732,1713836.914114179 
 08/13  11:00:00,60304782.12924238,1907396.9892663653 
 08/13  12:00:00,59970501.70144573,1869982.1817967838 
 08/13  13:00:00,55389638.51836754,1684456.7854385907 
 08/13  14:00:00,59680056.00425433,1880400.4593324945 
 08/13  15:00:00,61005117.61587144,1969674.3669387354 
 08/13  16:00:00,59172501.63366027,1945198.7087301102 
 08/13  17:00:00,52980664.739746094,1748898.0262709046 
 08/13  18:00:00,50442454.46135233,1560810.4468175746 
 08/13  19:00:00,31657853.80463697,1356893.6756624472 
 08/13  20:00:00,20230157.29523073,1354960.257918031 
 08/13  21:00:00,5760000.0,0.0 
 08/13  22:00:00,1710000.0,0.0 
 08/13  23:00:00,1710000.0,0.0 
 08/13  24:00:00,1710000.0,0.0 
 08/14  01:00:00,1710000.0,0.0 
 08/14  02:00:00,1710000.0,0.0 
 08/14  03:00:00,1710000.0,0.0 
 08/14  04:00:00,1710000.0,0.0 
 08/14  05:00:00,1710000.0,0.0 
 08/14  06:00:00,1710000.0,0.0 
 08/14  07:00:00,10042577.691589851,1354960.257918031 
 08/14  08:00:00,10445516.545326058,1354960.257918031 
 08/14  09:00:00,40876781.7487636,1354960.257918031 
 08/14  10:00:00,54551149.440038055,1478600.3743118471 
 08/14  11:00:00,59712455.8154939,1665589.1289238322 
 08/14  12:00:00,58327090.5071064,1627073.3077455652 
 08/14  13:00:00,51051824.64110127,1513655.5581112285 
 08/14  14:00:00,54542764.625667,1633032.4805678253 
 08/14  15:00:00,54026871.532713994,1583494.9358239998 
 08/14  16:00:00,51484660.12034964,1529546.3967514974 
 08/14  17:00:00,47589517.709509104,1455821.5058065848 
 08/14  18:00:00,46963790.65691501,1422118.25580242 
 08/14  19:00:00,31468512.920430347,1354960.257918031 
 08/14  20:00:00,20961612.469942037,1354960.257918031 
 08/14  21:00:00,5760000.0,0.0 
 08/14  22:00:00,1710000.0,0.0 
 08/14  23:00:00,1710000.0,0.0 
 08/14  24:00:00,1710000.0,0.0 
 08/15  01:00:00,1710000.0,0.0 
 08/15  02:00:00,1710000.0,0.0 
 08/15  03:00:00,1710000.0,0.0 
 08/15  04:00:00,1710000.0,0.0 
 08/15  05:00:00,1710000.0,0.0 
 08/15  06:00:00,1710000.0,0.0 
 08/15  07:00:00,9838758.204424502,1354960.257918031 
 08/15  08:00:00,10623473.88268406,1354960.257918031 
 08/15  09:00:00,41375541.84893803,1356586.8107101722 
 08/15  10:00:00,54940950.66456142,1516043.6702776835 
 08/15  11:00:00,59123796.90810832,1694186.100453847 
 08/15  12:00:00,57892035.82370172,1676852.1601441687 
 08/15  13:00:00,51100378.23741165,1510489.9369211358 
 08/15  14:00:00,55056268.06163071,1619566.3068556595 
 08/15  15:00:00,56793268.93793349,1675106.1649106462 
 08/15  16:00:00,54625699.45171,1608558.6503194796 
 08/15  17:00:00,49275874.34202128,1527160.390332043 
 08/15  18:00:00,47378188.61680673,1461809.7139016385 
 08/15  19:00:00,30214609.513685003,1354960.257918031 
 08/15  20:00:00,19077369.3991707,1354960.257918031 
 08/15  21:00:00,5760000.0,0.0 
 08/15  22:00:00,1710000.0,0.0 
 08/15  23:00:00,1710000.0,0.0 
 08/15  24:00:00,1710000.0,0.0 
 08/16  01:00:00,1710000.0,0.0 
 08/16  02:00:00,1710000.0,0.0 
 08/16  03:00:00,1710000.0,0.0 
 08/16  04:00:00,1710000.0,0.0 
 08/16  05:00:00,1710000.0,0.0 
 08/16  06:00:00,1710000.0,0.0 
 08/16  07:00:00,7523619.966122845,1354960.257918031 
 08/16  08:00:00,8431448.717438955,1354960.257918031 
 08/16  09:00:00,38900614.10851854,1354960.257918031 
 08/16  10:00:00,51145532.47898972,1481937.1151612154 
 08/16  11:00:00,55044357.60326868,1657091.2784168443 
 08/16  12:00:00,53885318.89866896,1667279.756985944 
 08/16  13:00:00,49303959.83713786,1552112.6774708014 
 08/16  14:00:00,53879847.58002074,1688170.556957387 
 08/16  15:00:00,55862573.99102619,1778086.6359724342 
 08/16  16:00:00,53776580.07426822,1776552.468416031 
 08/16  17:00:00,49121098.14383192,1690691.8639676936 
 08/16  18:00:00,48411403.12160365,1623755.2629743796 
 08/16  19:00:00,29812602.949508984,1365906.5943426513 
 08/16  20:00:00,18382830.504402287,1354960.257918031 
 08/16  21:00:00,5760000.0,0.0 
 08/16  22:00:00,1710000.0,0.0 
 08/16  23:00:00,1710000.0,0.0 
 08/16  24:00:00,1710000.0,0.0 
 08/17  01:00:00,4950000.0,0.0 
 08/17  02:00:00,4950000.0,0.0 
 08/17  03:00:00,4950000.0,0.0 
 08/17  04:00:00,4950000.0,0.0 
 08/17  05:00:00,4950000.0,0.0 
 08/17  06:00:00,4950000.0,0.0 
 08/17  07:00:00,4950000.0,0.0 
 08/17  08:00:00,4950000.0,0.0 
 08/17  09:00:00,4950000.0,0.0 
 08/17  10:00:00,4950000.0,0.0 
 08/17  11:00:00,4950000.0,0.0 
 08/17  12:00:00,4950000.0,0.0 
 08/17  13:00:00,4950000.0,0.0 
 08/17  14:00:00,4950000.0,0.0 
 08/17  15:00:00,4950000.0,0.0 
 08/17  16:00:00,4950000.0,0.0 
 08/17  17:00:00,4950000.0,0.0 
 08/17  18:00:00,4950000.0,0.0 
 08/17  19:00:00,4950000.0,0.0 
 08/17  20:00:00,4950000.0,0.0 
 08/17  21:00:00,4950000.0,0.0 
 08/17  22:00:00,4950000.0,0.0 
 08/17  23:00:00,4950000.0,0.0 
 08/17  24:00:00,4950000.0,0.0 
 08/18  01:00:00,4950000.0,0.0 
 08/18  02:00:00,4950000.0,0.0 
 08/18  03:00:00,4950000.0,0.0 
 08/18  04:00:00,4950000.0,0.0 
 08/18  05:00:00,4950000.0,0.0 
 08/18  06:00:00,4950000.0,0.0 
 08/18  07:00:00,4950000.0,0.0 
 08/18  08:00:00,4950000.0,0.0 
 08/18  09:00:00,4950000.0,0.0 
 08/18  10:00:00,4950000.0,0.0 
 08/18  11:00:00,4950000.0,0.0 
 08/18  12:00:00,4950000.0,0.0 
 08/18  13:00:00,4950000.0,0.0 
 08/18  14:00:00,4950000.0,0.0 
 08/18  15:00:00,4950000.0,0.0 
 08/18  16:00:00,4950000.0,0.0 
 08/18  17:00:00,4950000.0,0.0 
 08/18  18:00:00,4950000.0,0.0 
 08/18  19:00:00,4950000.0,0.0 
 08/18  20:00:00,4950000.0,0.0 
 08/18  21:00:00,4950000.0,0.0 
 08/18  22:00:00,4950000.0,0.0 
 08/18  23:00:00,4950000.0,0.0 
 08/18  24:00:00,4950000.0,0.0 
 08/19  01:00:00,1710000.0,0.0 
 08/19  02:00:00,1710000.0,0.0 
 08/19  03:00:00,1710000.0,0.0 
 08/19  04:00:00,1710000.0,0.0 
 08/19  05:00:00,1710000.0,0.0 
 08/19  06:00:00,1710000.0,0.0 
 08/19  07:00:00,7561268.764764799,1354960.257918031 
 08/19  08:00:00,8717704.473523183,1354960.257918031 
 08/19  09:00:00,40149008.75129309,1405475.897042486 
 08/19  10:00:00,54167678.10704054,1663184.3659425091 
 08/19  11:00:00,58088648.19934432,1869074.7062554152 
 08/19  12:00:00,56976734.50434321,1829772.850232129 
 08/19  13:00:00,51298083.44248061,1642007.7844814062 
 08/19  14:00:00,55988458.70452353,1801132.844960858 
 08/19  15:00:00,58211000.11035281,1865324.8943229313 
 08/19  16:00:00,55631544.39661275,1778059.6696978828 
 08/19  17:00:00,49896268.03043348,1591349.635916778 
 08/19  18:00:00,48666893.86718504,1506905.274874239 
 08/19  19:00:00,31134564.52649837,1355468.8390788115 
 08/19  20:00:00,20153867.124228228,1354960.257918031 
 08/19  21:00:00,5760000.0,0.0 
 08/19  22:00:00,1710000.0,0.0 
 08/19  23:00:00,1710000.0,0.0 
 08/19  24:00:00,1710000.0,0.0 
 08/20  01:00:00,1710000.0,0.0 
 08/20  02:00:00,1710000.0,0.0 
 08/20  03:00:00,1710000.0,0.0 
 08/20  04:00:00,1710000.0,0.0 
 08/20  05:00:00,1710000.0,0.0 
 08/20  06:00:00,1710000.0,0.0 
 08/20  07:00:00,12672430.27624263,1354960.257918031 
 08/20  08:00:00,13122189.552649084,1354960.257918031 
 08/20  09:00:00,43717727.4956763,1359782.8939650112 
 08/20  10:00:00,57627963.74877557,1567328.6573977827 
 08/20  11:00:00,62382374.8362335,1819636.2053522314 
 08/20  12:00:00,61359035.61082435,1812412.1991920352 
 08/20  13:00:00,55876545.84911732,1668958.5080426063 
 08/20  14:00:00,59628133.752674565,1861453.828155343 
 08/20  15:00:00,61868541.76932214,1959852.303961504 
 08/20  16:00:00,58922380.99424659,1855516.8374436935 
 08/20  17:00:00,53046712.839406565,1669400.5391410454 
 08/20  18:00:00,50517260.61465494,1562541.8751028576 
 08/20  19:00:00,31208052.02030634,1356669.4941312817 
 08/20  20:00:00,19728949.693048943,1354960.257918031 
 08/20  21:00:00,5760000.0,0.0 
 08/20  22:00:00,1710000.0,0.0 
 08/20  23:00:00,1710000.0,0.0 
 08/20  24:00:00,1710000.0,0.0 
 08/21  01:00:00,1710000.0,0.0 
 08/21  02:00:00,1710000.0,0.0 
 08/21  03:00:00,1710000.0,0.0 
 08/21  04:00:00,1710000.0,0.0 
 08/21  05:00:00,1710000.0,0.0 
 08/21  06:00:00,1710000.0,0.0 
 08/21  07:00:00,9478565.984209018,1354960.257918031 
 08/21  08:00:00,10352755.68418002,1354960.257918031 
 08/21  09:00:00,41295619.687709264,1409520.32382889 
 08/21  10:00:00,56428059.75018005,1741198.4920840599 
 08/21  11:00:00,60856473.52319111,1967026.2200319066 
 08/21  12:00:00,59953341.38775474,1939753.6983458681 
 08/21  13:00:00,55197909.906008124,1728338.255549966 
 08/21  14:00:00,60695502.26961386,1935380.841348073 
 08/21  15:00:00,61861647.68355527,2005697.4132395897 
 08/21  16:00:00,59236902.46364325,1963009.273113839 
 08/21  17:00:00,53272953.9534712,1715900.9615284025 
 08/21  18:00:00,51851062.917398915,1589061.0919799614 
 08/21  19:00:00,33313401.47156237,1360704.3028384214 
 08/21  20:00:00,22564861.21932638,1354960.257918031 
 08/21  21:00:00,5760000.0,0.0 
 08/21  22:00:00,1710000.0,0.0 
 08/21  23:00:00,1710000.0,0.0 
 08/21  24:00:00,1710000.0,0.0 
 08/22  01:00:00,1710000.0,0.0 
 08/22  02:00:00,1710000.0,0.0 
 08/22  03:00:00,1710000.0,0.0 
 08/22  04:00:00,1710000.0,0.0 
 08/22  05:00:00,1710000.0,0.0 
 08/22  06:00:00,1710000.0,0.0 
 08/22  07:00:00,12891196.25006118,1354960.257918031 
 08/22  08:00:00,12679911.373787194,1354960.257918031 
 08/22  09:00:00,42870607.26345805,1354960.257918031 
 08/22  10:00:00,55842702.02890743,1472549.9657757971 
 08/22  11:00:00,60121920.93875332,1611976.0650505938 
 08/22  12:00:00,60483381.00984022,1667940.1823347255 
 08/22  13:00:00,55727242.75293321,1549616.2503794157 
 08/22  14:00:00,60133604.57488938,1672797.6970360663 
 08/22  15:00:00,63609732.92509847,1816489.9503038626 
 08/22  16:00:00,62501546.51765164,1811064.9956605872 
 08/22  17:00:00,58253435.24322833,1714226.5991034594 
 08/22  18:00:00,57048640.56061843,1627699.773592338 
 08/22  19:00:00,37186844.20523363,1364376.285916207 
 08/22  20:00:00,25635520.47564257,1354960.257918031 
 08/22  21:00:00,5760000.0,0.0 
 08/22  22:00:00,1710000.0,0.0 
 08/22  23:00:00,1710000.0,0.0 
 08/22  24:00:00,1710000.0,0.0 
 08/23  01:00:00,1710000.0,0.0 
 08/23  02:00:00,1710000.0,0.0 
 08/23  03:00:00,1710000.0,0.0 
 08/23  04:00:00,1710000.0,0.0 
 08/23  05:00:00,1710000.0,0.0 
 08/23  06:00:00,1710000.0,0.0 
 08/23  07:00:00,12105324.783919271,1354960.257918031 
 08/23  08:00:00,11916242.516028706,1354960.257918031 
 08/23  09:00:00,41818331.0556401,1354960.257918031 
 08/23  10:00:00,53466672.729206674,1426298.9085640465 
 08/23  11:00:00,56082568.38579608,1506646.6915549012 
 08/23  12:00:00,54612033.681422964,1500191.0525400531 
 08/23  13:00:00,49395124.43984231,1456319.973202995 
 08/23  14:00:00,53482762.88515785,1564457.303603373 
 08/23  15:00:00,55156161.97698511,1608519.880590413 
 08/23  16:00:00,52199602.864373796,1542093.5955425522 
 08/23  17:00:00,47084575.830663405,1451437.4646462293 
 08/23  18:00:00,46674540.20257024,1425223.0534471478 
 08/23  19:00:00,30135697.380618118,1354960.257918031 
 08/23  20:00:00,18964497.379001122,1354960.257918031 
 08/23  21:00:00,5760000.0,0.0 
 08/23  22:00:00,1710000.0,0.0 
 08/23  23:00:00,1710000.0,0.0 
 08/23  24:00:00,1710000.0,0.0 
 08/24  01:00:00,4950000.0,0.0 
 08/24  02:00:00,4950000.0,0.0 
 08/24  03:00:00,4950000.0,0.0 
 08/24  04:00:00,4950000.0,0.0 
 08/24  05:00:00,4950000.0,0.0 
 08/24  06:00:00,4950000.0,0.0 
 08/24  07:00:00,4950000.0,0.0 
 08/24  08:00:00,4950000.0,0.0 
 08/24  09:00:00,4950000.0,0.0 
 08/24  10:00:00,4950000.0,0.0 
 08/24  11:00:00,4950000.0,0.0 
 08/24  12:00:00,4950000.0,0.0 
 08/24  13:00:00,4950000.0,0.0 
 08/24  14:00:00,4950000.0,0.0 
 08/24  15:00:00,4950000.0,0.0 
 08/24  16:00:00,4950000.0,0.0 
 08/24  17:00:00,4950000.0,0.0 
 08/24  18:00:00,4950000.0,0.0 
 08/24  19:00:00,4950000.0,0.0 
 08/24  20:00:00,4950000.0,0.0 
 08/24  21:00:00,4950000.0,0.0 
 08/24  22:00:00,4950000.0,0.0 
 08/24  23:00:00,4950000.0,0.0 
 08/24  24:00:00,4950000.0,0.0 
 08/25  01:00:00,4950000.0,0.0 
 08/25  02:00:00,4950000.0,0.0 
 08/25  03:00:00,4950000.0,0.0 
 08/25  04:00:00,4950000.0,0.0 
 08/25  05:00:00,4950000.0,0.0 
 08/25  06:00:00,4950000.0,0.0 
 08/25  07:00:00,4950000.0,0.0 
 08/25  08:00:00,4950000.0,0.0 
 08/25  09:00:00,4950000.0,0.0 
 08/25  10:00:00,4950000.0,0.0 
 08/25  11:00:00,4950000.0,0.0 
 08/25  12:00:00,4950000.0,0.0 
 08/25  13:00:00,4950000.0,0.0 
 08/25  14:00:00,4950000.0,0.0 
 08/25  15:00:00,4950000.0,0.0 
 08/25  16:00:00,4950000.0,0.0 
 08/25  17:00:00,4950000.0,0.0 
 08/25  18:00:00,4950000.0,0.0 
 08/25  19:00:00,4950000.0,0.0 
 08/25  20:00:00,4950000.0,0.0 
 08/25  21:00:00,4950000.0,0.0 
 08/25  22:00:00,4950000.0,0.0 
 08/25  23:00:00,4950000.0,0.0 
 08/25  24:00:00,4950000.0,0.0 
 08/26  01:00:00,1710000.0,0.0 
 08/26  02:00:00,1710000.0,0.0 
 08/26  03:00:00,1710000.0,0.0 
 08/26  04:00:00,1710000.0,0.0 
 08/26  05:00:00,1710000.0,0.0 
 08/26  06:00:00,1710000.0,0.0 
 08/26  07:00:00,8941225.219028212,1354960.257918031 
 08/26  08:00:00,8898321.598929498,1354960.257918031 
 08/26  09:00:00,39104814.67874202,1354960.257918031 
 08/26  10:00:00,51453076.144504815,1446508.0887542933 
 08/26  11:00:00,55819286.36121801,1584666.294298992 
 08/26  12:00:00,55788141.27194714,1596565.6931694425 
 08/26  13:00:00,51416953.27335417,1507999.174586434 
 08/26  14:00:00,56900918.10368719,1662491.797033134 
 08/26  15:00:00,58496997.3338012,1692264.0716094426 
 08/26  16:00:00,55931790.43766963,1616957.1941561461 
 08/26  17:00:00,50029431.51791826,1476792.0135406423 
 08/26  18:00:00,49366670.89862657,1445773.7326993467 
 08/26  19:00:00,32660130.28195148,1354960.257918031 
 08/26  20:00:00,21219393.805809397,1354960.257918031 
 08/26  21:00:00,5760000.0,0.0 
 08/26  22:00:00,1710000.0,0.0 
 08/26  23:00:00,1710000.0,0.0 
 08/26  24:00:00,1710000.0,0.0 
 08/27  01:00:00,1710000.0,0.0 
 08/27  02:00:00,1710000.0,0.0 
 08/27  03:00:00,1710000.0,0.0 
 08/27  04:00:00,1710000.0,0.0 
 08/27  05:00:00,1710000.0,0.0 
 08/27  06:00:00,1710000.0,0.0 
 08/27  07:00:00,12092339.535316803,1354960.257918031 
 08/27  08:00:00,13361542.91932049,1354960.257918031 
 08/27  09:00:00,44329010.8823145,1389888.8738895257 
 08/27  10:00:00,59754170.25250749,1671971.7361965089 
 08/27  11:00:00,64749684.34905717,1908007.9577789435 
 08/27  12:00:00,64022010.935158856,1930822.0134111568 
 08/27  13:00:00,57909800.82310077,1700084.134155617 
 08/27  14:00:00,61940530.285184816,1845946.2422426967 
 08/27  15:00:00,63610501.09172814,1939572.8087095185 
 08/27  16:00:00,61867620.965485275,1892879.8847643074 
 08/27  17:00:00,55928681.06410624,1704027.6327299725 
 08/27  18:00:00,53115858.25737894,1559461.340352619 
 08/27  19:00:00,34017338.277298234,1356805.891170838 
 08/27  20:00:00,22692747.918296855,1354960.257918031 
 08/27  21:00:00,5760000.0,0.0 
 08/27  22:00:00,1710000.0,0.0 
 08/27  23:00:00,1710000.0,0.0 
 08/27  24:00:00,1710000.0,0.0 
 08/28  01:00:00,1710000.0,0.0 
 08/28  02:00:00,1710000.0,0.0 
 08/28  03:00:00,1710000.0,0.0 
 08/28  04:00:00,1710000.0,0.0 
 08/28  05:00:00,1710000.0,0.0 
 08/28  06:00:00,1710000.0,0.0 
 08/28  07:00:00,12601507.750327615,1354960.257918031 
 08/28  08:00:00,12574303.757111087,1354960.257918031 
 08/28  09:00:00,43536966.527845085,1354960.257918031 
 08/28  10:00:00,56835117.590959825,1471383.8039972698 
 08/28  11:00:00,60507798.46422827,1577293.7609243696 
 08/28  12:00:00,60359457.788951814,1611988.0256847523 
 08/28  13:00:00,55549704.75179577,1527178.1447200775 
 08/28  14:00:00,61412483.7825249,1719567.75471178 
 08/28  15:00:00,62867590.00633887,1770807.1325418886 
 08/28  16:00:00,59490000.95873064,1666472.6078329138 
 08/28  17:00:00,53797112.111489,1516806.4073807972 
 08/28  18:00:00,53037495.13421162,1479038.8578566418 
 08/28  19:00:00,35336984.08558801,1354960.257918031 
 08/28  20:00:00,23546058.143104985,1354960.257918031 
 08/28  21:00:00,5760000.0,0.0 
 08/28  22:00:00,1710000.0,0.0 
 08/28  23:00:00,1710000.0,0.0 
 08/28  24:00:00,1710000.0,0.0 
 08/29  01:00:00,1710000.0,0.0 
 08/29  02:00:00,1710000.0,0.0 
 08/29  03:00:00,1710000.0,0.0 
 08/29  04:00:00,1710000.0,0.0 
 08/29  05:00:00,1710000.0,0.0 
 08/29  06:00:00,1710000.0,0.0 
 08/29  07:00:00,12961384.879934343,1354960.257918031 
 08/29  08:00:00,13224300.657889076,1354960.257918031 
 08/29  09:00:00,43843085.03133885,1354960.257918031 
 08/29  10:00:00,57842133.083235,1481605.5063129712 
 08/29  11:00:00,62894167.052700296,1670919.2179326578 
 08/29  12:00:00,61666776.41039961,1742328.462003883 
 08/29  13:00:00,55849082.869133934,1630603.6780595994 
 08/29  14:00:00,61098881.574010186,1812605.6648387099 
 08/29  15:00:00,62269474.710036255,1865487.9615066638 
 08/29  16:00:00,59436541.55012674,1872162.892761059 
 08/29  17:00:00,52952516.19226311,1649843.6978799093 
 08/29  18:00:00,50569426.869485855,1521686.9679604613 
 08/29  19:00:00,31612685.303956743,1355512.327582864 
 08/29  20:00:00,19652620.89258655,1354960.257918031 
 08/29  21:00:00,5760000.0,0.0 
 08/29  22:00:00,1710000.0,0.0 
 08/29  23:00:00,1710000.0,0.0 
 08/29  24:00:00,1710000.0,0.0 
 08/30  01:00:00,1710000.0,0.0 
 08/30  02:00:00,1710000.0,0.0 
 08/30  03:00:00,1710000.0,0.0 
 08/30  04:00:00,1710000.0,0.0 
 08/30  05:00:00,1710000.0,0.0 
 08/30  06:00:00,1710000.0,0.0 
 08/30  07:00:00,7217391.0424327105,1354960.257918031 
 08/30  08:00:00,7705402.143292974,1354960.257918031 
 08/30  09:00:00,38330197.99898089,1385271.8759167076 
 08/30  10:00:00,52170256.07301933,1630971.1666817665 
 08/30  11:00:00,56254995.5101897,1811373.8692101769 
 08/30  12:00:00,55474450.9628713,1768714.7090858193 
 08/30  13:00:00,50185676.93314133,1593777.6922221081 
 08/30  14:00:00,54952843.6767212,1772835.8002659283 
 08/30  15:00:00,57922554.47668198,1941646.9715077886 
 08/30  16:00:00,57191835.334787205,1979701.7350466559 
 08/30  17:00:00,53136742.86791523,1866842.151574545 
 08/30  18:00:00,51980166.132364444,1715787.8397193344 
 08/30  19:00:00,31615631.42424232,1369201.4787348516 
 08/30  20:00:00,19609146.32504117,1354960.257918031 
 08/30  21:00:00,5760000.0,0.0 
 08/30  22:00:00,1710000.0,0.0 
 08/30  23:00:00,1710000.0,0.0 
 08/30  24:00:00,1710000.0,0.0 
 08/31  01:00:00,4950000.0,0.0 
 08/31  02:00:00,4950000.0,0.0 
 08/31  03:00:00,4950000.0,0.0 
 08/31  04:00:00,4950000.0,0.0 
 08/31  05:00:00,4950000.0,0.0 
 08/31  06:00:00,4950000.0,0.0 
 08/31  07:00:00,4950000.0,0.0 
 08/31  08:00:00,4950000.0,0.0 
 08/31  09:00:00,4950000.0,0.0 
 08/31  10:00:00,4950000.0,0.0 
 08/31  11:00:00,4950000.0,0.0 
 08/31  12:00:00,4950000.0,0.0 
 08/31  13:00:00,4950000.0,0.0 
 08/31  14:00:00,4950000.0,0.0 
 08/31  15:00:00,4950000.0,0.0 
 08/31  16:00:00,4950000.0,0.0 
 08/31  17:00:00,4950000.0,0.0 
 08/31  18:00:00,4950000.0,0.0 
 08/31  19:00:00,4950000.0,0.0 
 08/31  20:00:00,4950000.0,0.0 
 08/31  21:00:00,4950000.0,0.0 
 08/31  22:00:00,4950000.0,0.0 
 08/31  23:00:00,4950000.0,0.0 
 08/31  24:00:00,4950000.0,0.0,14989536278.542774,10895940000.0,6855300000.0,485488866.8932712,3608107411.649499,1001345630.8997316,1001345630.8997316,,,,,,,,6855300000.0,,10895940000.0,,4040640000.0 
 09/01  01:00:00,4950000.0,0.0 
 09/01  02:00:00,4950000.0,0.0 
 09/01  03:00:00,4950000.0,0.0 
 09/01  04:00:00,4950000.0,0.0 
 09/01  05:00:00,4950000.0,0.0 
 09/01  06:00:00,4950000.0,0.0 
 09/01  07:00:00,4950000.0,0.0 
 09/01  08:00:00,4950000.0,0.0 
 09/01  09:00:00,4950000.0,0.0 
 09/01  10:00:00,4950000.0,0.0 
 09/01  11:00:00,4950000.0,0.0 
 09/01  12:00:00,4950000.0,0.0 
 09/01  13:00:00,4950000.0,0.0 
 09/01  14:00:00,4950000.0,0.0 
 09/01  15:00:00,4950000.0,0.0 
 09/01  16:00:00,4950000.0,0.0 
 09/01  17:00:00,4950000.0,0.0 
 09/01  18:00:00,4950000.0,0.0 
 09/01  19:00:00,4950000.0,0.0 
 09/01  20:00:00,4950000.0,0.0 
 09/01  21:00:00,4950000.0,0.0 
 09/01  22:00:00,4950000.0,0.0 
 09/01  23:00:00,4950000.0,0.0 
 09/01  24:00:00,4950000.0,0.0 
 09/02  01:00:00,1710000.0,0.0 
 09/02  02:00:00,1710000.0,0.0 
 09/02  03:00:00,1710000.0,0.0 
 09/02  04:00:00,1710000.0,0.0 
 09/02  05:00:00,1710000.0,0.0 
 09/02  06:00:00,1710000.0,0.0 
 09/02  07:00:00,7161736.220268451,1354960.257918031 
 09/02  08:00:00,7347490.061710113,1354960.257918031 
 09/02  09:00:00,37226318.07586228,1354960.257918031 
 09/02  10:00:00,48792078.4828232,1452716.779208198 
 09/02  11:00:00,52161280.46450185,1556424.2128140372 
 09/02  12:00:00,51440894.688081086,1556682.7800064264 
 09/02  13:00:00,46376792.6506592,1471723.4176357896 
 09/02  14:00:00,49937692.03456593,1578297.256211876 
 09/02  15:00:00,51748274.81946397,1662626.364169991 
 09/02  16:00:00,50121533.93474084,1668561.435821829 
 09/02  17:00:00,45657736.00810573,1610452.809085631 
 09/02  18:00:00,44492551.73891254,1542139.4298696858 
 09/02  19:00:00,27119267.264201775,1354960.257918031 
 09/02  20:00:00,15931102.0642016,1354960.257918031 
 09/02  21:00:00,5760000.0,0.0 
 09/02  22:00:00,1710000.0,0.0 
 09/02  23:00:00,1710000.0,0.0 
 09/02  24:00:00,1710000.0,0.0 
 09/03  01:00:00,1710000.0,0.0 
 09/03  02:00:00,1710000.0,0.0 
 09/03  03:00:00,1710000.0,0.0 
 09/03  04:00:00,1710000.0,0.0 
 09/03  05:00:00,1710000.0,0.0 
 09/03  06:00:00,1710000.0,0.0 
 09/03  07:00:00,5637073.103726245,1354960.257918031 
 09/03  08:00:00,6736299.2358157365,1354960.257918031 
 09/03  09:00:00,37271937.76644209,1380303.0792340548 
 09/03  10:00:00,49939519.73932797,1563223.8181970709 
 09/03  11:00:00,53443747.48725057,1745879.8412421688 
 09/03  12:00:00,52342511.64427126,1707097.024504513 
 09/03  13:00:00,47351146.60770279,1547562.1064533202 
 09/03  14:00:00,51320409.154786125,1671728.5072332672 
 09/03  15:00:00,53093526.7782149,1789685.548079864 
 09/03  16:00:00,51319327.307697654,1802377.5851967111 
 09/03  17:00:00,46505826.7817765,1663219.9749130677 
 09/03  18:00:00,44678821.2188832,1532524.9391491062 
 09/03  19:00:00,27419539.37399945,1355625.0147373448 
 09/03  20:00:00,16187301.592111692,1354960.257918031 
 09/03  21:00:00,5760000.0,0.0 
 09/03  22:00:00,1710000.0,0.0 
 09/03  23:00:00,1710000.0,0.0 
 09/03  24:00:00,1710000.0,0.0 
 09/04  01:00:00,1710000.0,0.0 
 09/04  02:00:00,1710000.0,0.0 
 09/04  03:00:00,1710000.0,0.0 
 09/04  04:00:00,1710000.0,0.0 
 09/04  05:00:00,1710000.0,0.0 
 09/04  06:00:00,1710000.0,0.0 
 09/04  07:00:00,5995551.483374891,1354960.257918031 
 09/04  08:00:00,6589743.077992391,1354960.257918031 
 09/04  09:00:00,37687531.083094716,1392967.4720558776 
 09/04  10:00:00,51506876.91369136,1613629.0547075865 
 09/04  11:00:00,56517139.50392496,1812321.53348153 
 09/04  12:00:00,56649574.36675115,1793957.7765241158 
 09/04  13:00:00,51517817.70737444,1620952.7267212067 
 09/04  14:00:00,57312094.883720115,1810770.5136701171 
 09/04  15:00:00,60766810.5078726,1986131.3894869387 
 09/04  16:00:00,59147179.32143678,2023383.2156265895 
 09/04  17:00:00,53402415.74966004,1861043.570388055 
 09/04  18:00:00,50783872.92670467,1682397.0927056961 
 09/04  19:00:00,30605072.83381066,1364086.9351840164 
 09/04  20:00:00,19238923.127337433,1354960.257918031 
 09/04  21:00:00,5760000.0,0.0 
 09/04  22:00:00,1710000.0,0.0 
 09/04  23:00:00,1710000.0,0.0 
 09/04  24:00:00,1710000.0,0.0 
 09/05  01:00:00,1710000.0,0.0 
 09/05  02:00:00,1710000.0,0.0 
 09/05  03:00:00,1710000.0,0.0 
 09/05  04:00:00,1710000.0,0.0 
 09/05  05:00:00,1710000.0,0.0 
 09/05  06:00:00,1710000.0,0.0 
 09/05  07:00:00,7689611.031405704,1354960.257918031 
 09/05  08:00:00,8847149.245070484,1354960.257918031 
 09/05  09:00:00,40252148.41043098,1395191.679154485 
 09/05  10:00:00,55635698.17149078,1707048.9377665399 
 09/05  11:00:00,60801718.11016167,1949857.4392497386 
 09/05  12:00:00,59773091.44972876,1936779.7004451137 
 09/05  13:00:00,53835215.55517356,1725110.4614537503 
 09/05  14:00:00,58289476.548290074,1954593.1193385634 
 09/05  15:00:00,60999090.16719957,2116724.5842552506 
 09/05  16:00:00,59311335.85439329,2091734.1964580955 
 09/05  17:00:00,52863450.05048661,1865903.2172983726 
 09/05  18:00:00,49573745.685038894,1655232.3314012685 
 09/05  19:00:00,30142768.22689408,1362593.6964680816 
 09/05  20:00:00,18760952.46923744,1354960.257918031 
 09/05  21:00:00,5760000.0,0.0 
 09/05  22:00:00,1710000.0,0.0 
 09/05  23:00:00,1710000.0,0.0 
 09/05  24:00:00,1710000.0,0.0 
 09/06  01:00:00,1710000.0,0.0 
 09/06  02:00:00,1710000.0,0.0 
 09/06  03:00:00,1710000.0,0.0 
 09/06  04:00:00,1710000.0,0.0 
 09/06  05:00:00,1710000.0,0.0 
 09/06  06:00:00,1710000.0,0.0 
 09/06  07:00:00,8919277.311927624,1354960.257918031 
 09/06  08:00:00,9832981.052377924,1354960.257918031 
 09/06  09:00:00,41306606.65724424,1409846.0523394889 
 09/06  10:00:00,56801993.07177506,1720244.882023718 
 09/06  11:00:00,62553768.724923715,1963961.9415712103 
 09/06  12:00:00,61843354.97004039,1949735.463650281 
 09/06  13:00:00,55420518.599275105,1688415.4842845737 
 09/06  14:00:00,59112037.192394815,1856809.492675783 
 09/06  15:00:00,59585874.537461795,1834875.0196724762 
 09/06  16:00:00,57047588.17311818,1751242.8125725987 
 09/06  17:00:00,53052221.89926317,1625534.0559635363 
 09/06  18:00:00,51622481.89900695,1525569.3942650275 
 09/06  19:00:00,33163546.016667165,1355750.5293847525 
 09/06  20:00:00,21745622.752165303,1354960.257918031 
 09/06  21:00:00,5760000.0,0.0 
 09/06  22:00:00,1710000.0,0.0 
 09/06  23:00:00,1710000.0,0.0 
 09/06  24:00:00,1710000.0,0.0 
 09/07  01:00:00,4950000.0,0.0 
 09/07  02:00:00,4950000.0,0.0 
 09/07  03:00:00,4950000.0,0.0 
 09/07  04:00:00,4950000.0,0.0 
 09/07  05:00:00,4950000.0,0.0 
 09/07  06:00:00,4950000.0,0.0 
 09/07  07:00:00,4950000.0,0.0 
 09/07  08:00:00,4950000.0,0.0 
 09/07  09:00:00,4950000.0,0.0 
 09/07  10:00:00,4950000.0,0.0 
 09/07  11:00:00,4950000.0,0.0 
 09/07  12:00:00,4950000.0,0.0 
 09/07  13:00:00,4950000.0,0.0 
 09/07  14:00:00,4950000.0,0.0 
 09/07  15:00:00,4950000.0,0.0 
 09/07  16:00:00,4950000.0,0.0 
 09/07  17:00:00,4950000.0,0.0 
 09/07  18:00:00,4950000.0,0.0 
 09/07  19:00:00,4950000.0,0.0 
 09/07  20:00:00,4950000.0,0.0 
 09/07  21:00:00,4950000.0,0.0 
 09/07  22:00:00,4950000.0,0.0 
 09/07  23:00:00,4950000.0,0.0 
 09/07  24:00:00,4950000.0,0.0 
 09/08  01:00:00,4950000.0,0.0 
 09/08  02:00:00,4950000.0,0.0 
 09/08  03:00:00,4950000.0,0.0 
 09/08  04:00:00,4950000.0,0.0 
 09/08  05:00:00,4950000.0,0.0 
 09/08  06:00:00,4950000.0,0.0 
 09/08  07:00:00,4950000.0,0.0 
 09/08  08:00:00,4950000.0,0.0 
 09/08  09:00:00,4950000.0,0.0 
 09/08  10:00:00,4950000.0,0.0 
 09/08  11:00:00,4950000.0,0.0 
 09/08  12:00:00,4950000.0,0.0 
 09/08  13:00:00,4950000.0,0.0 
 09/08  14:00:00,4950000.0,0.0 
 09/08  15:00:00,4950000.0,0.0 
 09/08  16:00:00,4950000.0,0.0 
 09/08  17:00:00,4950000.0,0.0 
 09/08  18:00:00,4950000.0,0.0 
 09/08  19:00:00,4950000.0,0.0 
 09/08  20:00:00,4950000.0,0.0 
 09/08  21:00:00,4950000.0,0.0 
 09/08  22:00:00,4950000.0,0.0 
 09/08  23:00:00,4950000.0,0.0 
 09/08  24:00:00,4950000.0,0.0 
 09/09  01:00:00,1710000.0,0.0 
 09/09  02:00:00,1710000.0,0.0 
 09/09  03:00:00,1710000.0,0.0 
 09/09  04:00:00,1710000.0,0.0 
 09/09  05:00:00,1710000.0,0.0 
 09/09  06:00:00,1710000.0,0.0 
 09/09  07:00:00,7843829.805653238,1354960.257918031 
 09/09  08:00:00,8431137.248672804,1354960.257918031 
 09/09  09:00:00,39289010.38131676,1378362.4983222324 
 09/09  10:00:00,53243035.40901023,1604188.6684830848 
 09/09  11:00:00,57066365.620582774,1756218.9375438935 
 09/09  12:00:00,56377028.78948981,1759017.2209251141 
 09/09  13:00:00,50116581.554848254,1588162.3214968848 
 09/09  14:00:00,55001298.33426072,1759469.190938868 
 09/09  15:00:00,57076512.46601346,1854140.9220963994 
 09/09  16:00:00,55193675.696355745,1848670.534985159 
 09/09  17:00:00,49523531.92394581,1708183.0873841068 
 09/09  18:00:00,47162975.8532837,1565807.9145660524 
 09/09  19:00:00,28713144.1609394,1356025.6360347918 
 09/09  20:00:00,17642256.208838098,1354960.257918031 
 09/09  21:00:00,5760000.0,0.0 
 09/09  22:00:00,1710000.0,0.0 
 09/09  23:00:00,1710000.0,0.0 
 09/09  24:00:00,1710000.0,0.0 
 09/10  01:00:00,1710000.0,0.0 
 09/10  02:00:00,1710000.0,0.0 
 09/10  03:00:00,1710000.0,0.0 
 09/10  04:00:00,1710000.0,0.0 
 09/10  05:00:00,1710000.0,0.0 
 09/10  06:00:00,1710000.0,0.0 
 09/10  07:00:00,7382681.667651313,1354960.257918031 
 09/10  08:00:00,8862405.72261606,1354960.257918031 
 09/10  09:00:00,39219562.70099482,1378222.6801331989 
 09/10  10:00:00,52805329.56993345,1614786.3069663541 
 09/10  11:00:00,57039188.67298709,1800122.789466475 
 09/10  12:00:00,56566197.70555514,1818927.259415806 
 09/10  13:00:00,51634874.18299019,1650457.6026965491 
 09/10  14:00:00,55286640.74974662,1765836.947562896 
 09/10  15:00:00,55343786.10762663,1709860.0203560628 
 09/10  16:00:00,51695642.9917422,1585132.7085974282 
 09/10  17:00:00,45854506.734599486,1465051.3968388692 
 09/10  18:00:00,44935291.25930838,1426502.409318571 
 09/10  19:00:00,29149732.894039657,1354960.257918031 
 09/10  20:00:00,18461732.314795338,1354960.257918031 
 09/10  21:00:00,5760000.0,0.0 
 09/10  22:00:00,1710000.0,0.0 
 09/10  23:00:00,1710000.0,0.0 
 09/10  24:00:00,1710000.0,0.0 
 09/11  01:00:00,1710000.0,0.0 
 09/11  02:00:00,1710000.0,0.0 
 09/11  03:00:00,1710000.0,0.0 
 09/11  04:00:00,1710000.0,0.0 
 09/11  05:00:00,1710000.0,0.0 
 09/11  06:00:00,1710000.0,0.0 
 09/11  07:00:00,7512353.219835166,1354960.257918031 
 09/11  08:00:00,9007830.1662562,1354960.257918031 
 09/11  09:00:00,40215197.60075796,1374578.2986058346 
 09/11  10:00:00,53818671.4850907,1575384.2264931733 
 09/11  11:00:00,57597585.081505105,1748671.815007874 
 09/11  12:00:00,57030068.400886,1736645.5976387055 
 09/11  13:00:00,51820736.36865196,1586316.964466067 
 09/11  14:00:00,56046596.41461425,1724267.2202396528 
 09/11  15:00:00,58546331.78704047,1865970.0457522646 
 09/11  16:00:00,56874396.20777978,1922221.0069654428 
 09/11  17:00:00,51208070.891028434,1744714.1650222535 
 09/11  18:00:00,49005462.358566396,1572342.6571064063 
 09/11  19:00:00,30688801.444023788,1357356.3589474992 
 09/11  20:00:00,19094901.653859116,1354960.257918031 
 09/11  21:00:00,5760000.0,0.0 
 09/11  22:00:00,1710000.0,0.0 
 09/11  23:00:00,1710000.0,0.0 
 09/11  24:00:00,1710000.0,0.0 
 09/12  01:00:00,1710000.0,0.0 
 09/12  02:00:00,1710000.0,0.0 
 09/12  03:00:00,1710000.0,0.0 
 09/12  04:00:00,1710000.0,0.0 
 09/12  05:00:00,1710000.0,0.0 
 09/12  06:00:00,1710000.0,0.0 
 09/12  07:00:00,7764121.691035267,1354960.257918031 
 09/12  08:00:00,8175778.241171334,1354960.257918031 
 09/12  09:00:00,38742366.58431792,1362923.6020643543 
 09/12  10:00:00,51558827.468843326,1528403.0076395702 
 09/12  11:00:00,55835256.70450073,1729611.9199385298 
 09/12  12:00:00,55774159.65000102,1740663.636442642 
 09/12  13:00:00,49399437.703964084,1564854.2203651136 
 09/12  14:00:00,52886684.43830573,1685998.789986576 
 09/12  15:00:00,54914404.4693781,1778011.3245505434 
 09/12  16:00:00,52814099.928337246,1790243.8974345513 
 09/12  17:00:00,47142880.09876807,1630541.9464790775 
 09/12  18:00:00,45081743.999946505,1510514.420867199 
 09/12  19:00:00,27835187.0215172,1355210.1866994067 
 09/12  20:00:00,16319529.855055772,1354960.257918031 
 09/12  21:00:00,5760000.0,0.0 
 09/12  22:00:00,1710000.0,0.0 
 09/12  23:00:00,1710000.0,0.0 
 09/12  24:00:00,1710000.0,0.0 
 09/13  01:00:00,1710000.0,0.0 
 09/13  02:00:00,1710000.0,0.0 
 09/13  03:00:00,1710000.0,0.0 
 09/13  04:00:00,1710000.0,0.0 
 09/13  05:00:00,1710000.0,0.0 
 09/13  06:00:00,1710000.0,0.0 
 09/13  07:00:00,5006071.757578574,1354960.257918031 
 09/13  08:00:00,6228287.81694621,1354960.257918031 
 09/13  09:00:00,36598844.09548021,1354960.257918031 
 09/13  10:00:00,47799206.43208182,1390260.4270482645 
 09/13  11:00:00,50206809.69530622,1437043.419157991 
 09/13  12:00:00,48670222.52422105,1428573.0496791238 
 09/13  13:00:00,44117476.98567272,1397399.7759903967 
 09/13  14:00:00,48564325.10703251,1493985.384337583 
 09/13  15:00:00,51062325.12627451,1591571.8787057078 
 09/13  16:00:00,49199285.35390228,1559884.7174190371 
 09/13  17:00:00,44563045.60849533,1457408.4763448176 
 09/13  18:00:00,44072032.647025906,1427957.4916512547 
 09/13  19:00:00,27687772.104011472,1354960.257918031 
 09/13  20:00:00,16578931.10432371,1354960.257918031 
 09/13  21:00:00,5760000.0,0.0 
 09/13  22:00:00,1710000.0,0.0 
 09/13  23:00:00,1710000.0,0.0 
 09/13  24:00:00,1710000.0,0.0 
 09/14  01:00:00,4950000.0,0.0 
 09/14  02:00:00,4950000.0,0.0 
 09/14  03:00:00,4950000.0,0.0 
 09/14  04:00:00,4950000.0,0.0 
 09/14  05:00:00,4950000.0,0.0 
 09/14  06:00:00,4950000.0,0.0 
 09/14  07:00:00,4950000.0,0.0 
 09/14  08:00:00,4950000.0,0.0 
 09/14  09:00:00,4950000.0,0.0 
 09/14  10:00:00,4950000.0,0.0 
 09/14  11:00:00,4950000.0,0.0 
 09/14  12:00:00,4950000.0,0.0 
 09/14  13:00:00,4950000.0,0.0 
 09/14  14:00:00,4950000.0,0.0 
 09/14  15:00:00,4950000.0,0.0 
 09/14  16:00:00,4950000.0,0.0 
 09/14  17:00:00,4950000.0,0.0 
 09/14  18:00:00,4950000.0,0.0 
 09/14  19:00:00,4950000.0,0.0 
 09/14  20:00:00,4950000.0,0.0 
 09/14  21:00:00,4950000.0,0.0 
 09/14  22:00:00,4950000.0,0.0 
 09/14  23:00:00,4950000.0,0.0 
 09/14  24:00:00,4950000.0,0.0 
 09/15  01:00:00,4950000.0,0.0 
 09/15  02:00:00,4950000.0,0.0 
 09/15  03:00:00,4950000.0,0.0 
 09/15  04:00:00,4950000.0,0.0 
 09/15  05:00:00,4950000.0,0.0 
 09/15  06:00:00,4950000.0,0.0 
 09/15  07:00:00,4950000.0,0.0 
 09/15  08:00:00,4950000.0,0.0 
 09/15  09:00:00,4950000.0,0.0 
 09/15  10:00:00,4950000.0,0.0 
 09/15  11:00:00,4950000.0,0.0 
 09/15  12:00:00,4950000.0,0.0 
 09/15  13:00:00,4950000.0,0.0 
 09/15  14:00:00,4950000.0,0.0 
 09/15  15:00:00,4950000.0,0.0 
 09/15  16:00:00,4950000.0,0.0 
 09/15  17:00:00,4950000.0,0.0 
 09/15  18:00:00,4950000.0,0.0 
 09/15  19:00:00,4950000.0,0.0 
 09/15  20:00:00,4950000.0,0.0 
 09/15  21:00:00,4950000.0,0.0 
 09/15  22:00:00,4950000.0,0.0 
 09/15  23:00:00,4950000.0,0.0 
 09/15  24:00:00,4950000.0,0.0 
 09/16  01:00:00,1710000.0,0.0 
 09/16  02:00:00,1710000.0,0.0 
 09/16  03:00:00,1710000.0,0.0 
 09/16  04:00:00,1710000.0,0.0 
 09/16  05:00:00,1710000.0,0.0 
 09/16  06:00:00,1710000.0,0.0 
 09/16  07:00:00,11307473.310054729,1354960.257918031 
 09/16  08:00:00,11433190.149178082,1354960.257918031 
 09/16  09:00:00,41233520.090637535,1354960.257918031 
 09/16  10:00:00,52820938.5553447,1405250.5740442101 
 09/16  11:00:00,56021620.780823536,1477945.7914469028 
 09/16  12:00:00,54850991.746418364,1473553.9769328441 
 09/16  13:00:00,49530676.74826233,1417207.7750407099 
 09/16  14:00:00,53748492.31559179,1516233.8045974374 
 09/16  15:00:00,55971179.41616853,1577590.6733002798 
 09/16  16:00:00,54261452.47153174,1549759.6703679669 
 09/16  17:00:00,49588876.935726106,1466964.9920086 
 09/16  18:00:00,48845343.64645595,1434336.3203053004 
 09/16  19:00:00,32429497.030937646,1354960.257918031 
 09/16  20:00:00,21535394.510596678,1354960.257918031 
 09/16  21:00:00,5760000.0,0.0 
 09/16  22:00:00,1710000.0,0.0 
 09/16  23:00:00,1710000.0,0.0 
 09/16  24:00:00,1710000.0,0.0 
 09/17  01:00:00,1710000.0,0.0 
 09/17  02:00:00,1710000.0,0.0 
 09/17  03:00:00,1710000.0,0.0 
 09/17  04:00:00,1710000.0,0.0 
 09/17  05:00:00,1710000.0,0.0 
 09/17  06:00:00,1710000.0,0.0 
 09/17  07:00:00,10200297.352099102,1354960.257918031 
 09/17  08:00:00,10151713.526675731,1354960.257918031 
 09/17  09:00:00,40106277.504415095,1354960.257918031 
 09/17  10:00:00,51284067.56816601,1384368.8353037797 
 09/17  11:00:00,55426464.492807224,1479279.0566790758 
 09/17  12:00:00,54517615.669181466,1512448.4648471307 
 09/17  13:00:00,49167109.06532624,1446441.7756626292 
 09/17  14:00:00,53121098.11306467,1534888.8235849743 
 09/17  15:00:00,54237794.63179843,1535043.4186355816 
 09/17  16:00:00,52182678.344923556,1500191.5300162826 
 09/17  17:00:00,47454832.52118277,1431103.7532067692 
 09/17  18:00:00,46788463.48184377,1404094.9491398032 
 09/17  19:00:00,30824463.00263153,1354960.257918031 
 09/17  20:00:00,19886553.369353127,1354960.257918031 
 09/17  21:00:00,5760000.0,0.0 
 09/17  22:00:00,1710000.0,0.0 
 09/17  23:00:00,1710000.0,0.0 
 09/17  24:00:00,1710000.0,0.0 
 09/18  01:00:00,1710000.0,0.0 
 09/18  02:00:00,1710000.0,0.0 
 09/18  03:00:00,1710000.0,0.0 
 09/18  04:00:00,1710000.0,0.0 
 09/18  05:00:00,1710000.0,0.0 
 09/18  06:00:00,1710000.0,0.0 
 09/18  07:00:00,8591301.765503531,1354960.257918031 
 09/18  08:00:00,8276431.113044798,1354960.257918031 
 09/18  09:00:00,38136424.09741977,1354960.257918031 
 09/18  10:00:00,49286557.72965211,1392702.0490653361 
 09/18  11:00:00,52444949.605078414,1475600.8785935333 
 09/18  12:00:00,52062812.41331935,1494214.5403520346 
 09/18  13:00:00,47298506.809189215,1433878.3973753804 
 09/18  14:00:00,50578807.90909841,1484711.2827380681 
 09/18  15:00:00,51805251.71830081,1495312.50368949 
 09/18  16:00:00,49812002.63347013,1455998.0512732686 
 09/18  17:00:00,45020524.55685215,1401833.135389366 
 09/18  18:00:00,44522812.90686225,1394543.3145307011 
 09/18  19:00:00,29165543.860469867,1354960.257918031 
 09/18  20:00:00,17961768.854847927,1354960.257918031 
 09/18  21:00:00,5760000.0,0.0 
 09/18  22:00:00,1710000.0,0.0 
 09/18  23:00:00,1710000.0,0.0 
 09/18  24:00:00,1710000.0,0.0 
 09/19  01:00:00,1710000.0,0.0 
 09/19  02:00:00,1710000.0,0.0 
 09/19  03:00:00,1710000.0,0.0 
 09/19  04:00:00,1710000.0,0.0 
 09/19  05:00:00,1710000.0,0.0 
 09/19  06:00:00,1710000.0,0.0 
 09/19  07:00:00,5446246.935999962,1354960.257918031 
 09/19  08:00:00,5711811.569056442,1354960.257918031 
 09/19  09:00:00,36294273.88768208,1378452.5056778013 
 09/19  10:00:00,48591776.11658789,1508967.4267249678 
 09/19  11:00:00,52263011.63855292,1660865.7252882912 
 09/19  12:00:00,51421810.62348238,1644213.282435437 
 09/19  13:00:00,46589011.95640205,1529897.2838618946 
 09/19  14:00:00,50388648.54490787,1621813.897414835 
 09/19  15:00:00,51010251.209463194,1615295.4694543974 
 09/19  16:00:00,47793221.79346679,1511518.687856004 
 09/19  17:00:00,42726425.77976811,1416148.9297837995 
 09/19  18:00:00,42093817.91296228,1398970.516645469 
 09/19  19:00:00,26628380.197594255,1354960.257918031 
 09/19  20:00:00,15221502.412330361,1354960.257918031 
 09/19  21:00:00,5760000.0,0.0 
 09/19  22:00:00,1710000.0,0.0 
 09/19  23:00:00,1710000.0,0.0 
 09/19  24:00:00,1710000.0,0.0 
 09/20  01:00:00,1710000.0,0.0 
 09/20  02:00:00,1710000.0,0.0 
 09/20  03:00:00,1710000.0,0.0 
 09/20  04:00:00,1710000.0,0.0 
 09/20  05:00:00,1710000.0,0.0 
 09/20  06:00:00,1710000.0,0.0 
 09/20  07:00:00,5440244.160838582,1354960.257918031 
 09/20  08:00:00,5484143.9363201335,1354960.257918031 
 09/20  09:00:00,35501346.25805463,1354960.257918031 
 09/20  10:00:00,46541007.58994347,1373175.435365423 
 09/20  11:00:00,48401347.73805481,1419722.5860364488 
 09/20  12:00:00,48116442.636887655,1451999.131754708 
 09/20  13:00:00,43565109.65182277,1401753.5592956033 
 09/20  14:00:00,46828497.06928584,1455326.992958269 
 09/20  15:00:00,48217457.25022836,1474732.389812754 
 09/20  16:00:00,45991129.840853706,1437944.818013595 
 09/20  17:00:00,41926601.30748349,1405773.273772147 
 09/20  18:00:00,41700125.22109539,1394420.6294854784 
 09/20  19:00:00,26328124.641136467,1354960.257918031 
 09/20  20:00:00,15077350.140719693,1354960.257918031 
 09/20  21:00:00,5760000.0,0.0 
 09/20  22:00:00,1710000.0,0.0 
 09/20  23:00:00,1710000.0,0.0 
 09/20  24:00:00,1710000.0,0.0 
 09/21  01:00:00,4950000.0,0.0 
 09/21  02:00:00,4950000.0,0.0 
 09/21  03:00:00,4950000.0,0.0 
 09/21  04:00:00,4950000.0,0.0 
 09/21  05:00:00,4950000.0,0.0 
 09/21  06:00:00,4950000.0,0.0 
 09/21  07:00:00,4950000.0,0.0 
 09/21  08:00:00,4950000.0,0.0 
 09/21  09:00:00,4950000.0,0.0 
 09/21  10:00:00,4950000.0,0.0 
 09/21  11:00:00,4950000.0,0.0 
 09/21  12:00:00,4950000.0,0.0 
 09/21  13:00:00,4950000.0,0.0 
 09/21  14:00:00,4950000.0,0.0 
 09/21  15:00:00,4950000.0,0.0 
 09/21  16:00:00,4950000.0,0.0 
 09/21  17:00:00,4950000.0,0.0 
 09/21  18:00:00,4950000.0,0.0 
 09/21  19:00:00,4950000.0,0.0 
 09/21  20:00:00,4950000.0,0.0 
 09/21  21:00:00,4950000.0,0.0 
 09/21  22:00:00,4950000.0,0.0 
 09/21  23:00:00,4950000.0,0.0 
 09/21  24:00:00,4950000.0,0.0 
 09/22  01:00:00,4950000.0,0.0 
 09/22  02:00:00,4950000.0,0.0 
 09/22  03:00:00,4950000.0,0.0 
 09/22  04:00:00,4950000.0,0.0 
 09/22  05:00:00,4950000.0,0.0 
 09/22  06:00:00,4950000.0,0.0 
 09/22  07:00:00,4950000.0,0.0 
 09/22  08:00:00,4950000.0,0.0 
 09/22  09:00:00,4950000.0,0.0 
 09/22  10:00:00,4950000.0,0.0 
 09/22  11:00:00,4950000.0,0.0 
 09/22  12:00:00,4950000.0,0.0 
 09/22  13:00:00,4950000.0,0.0 
 09/22  14:00:00,4950000.0,0.0 
 09/22  15:00:00,4950000.0,0.0 
 09/22  16:00:00,4950000.0,0.0 
 09/22  17:00:00,4950000.0,0.0 
 09/22  18:00:00,4950000.0,0.0 
 09/22  19:00:00,4950000.0,0.0 
 09/22  20:00:00,4950000.0,0.0 
 09/22  21:00:00,4950000.0,0.0 
 09/22  22:00:00,4950000.0,0.0 
 09/22  23:00:00,4950000.0,0.0 
 09/22  24:00:00,4950000.0,0.0 
 09/23  01:00:00,1710000.0,0.0 
 09/23  02:00:00,1710000.0,0.0 
 09/23  03:00:00,1710000.0,0.0 
 09/23  04:00:00,1710000.0,0.0 
 09/23  05:00:00,1710000.0,0.0 
 09/23  06:00:00,1710000.0,0.0 
 09/23  07:00:00,4776142.498393962,1354960.257918031 
 09/23  08:00:00,5805513.868837356,1354960.257918031 
 09/23  09:00:00,36562355.36891408,1380959.2036819612 
 09/23  10:00:00,48883080.988284275,1513357.0595708815 
 09/23  11:00:00,53037368.86028119,1681279.0516685697 
 09/23  12:00:00,52456937.86682095,1663041.6273066066 
 09/23  13:00:00,47134862.48650378,1530229.960862554 
 09/23  14:00:00,51459969.838297784,1675557.3963055834 
 09/23  15:00:00,54357146.20683836,1827718.9601610266 
 09/23  16:00:00,52733100.99144174,1831168.606335567 
 09/23  17:00:00,47859765.6616658,1714150.8845617198 
 09/23  18:00:00,45758712.95504123,1528112.4167354885 
 09/23  19:00:00,28284391.866221674,1354974.0934637822 
 09/23  20:00:00,16996084.239243686,1354960.257918031 
 09/23  21:00:00,5760000.0,0.0 
 09/23  22:00:00,1710000.0,0.0 
 09/23  23:00:00,1710000.0,0.0 
 09/23  24:00:00,1710000.0,0.0 
 09/24  01:00:00,1710000.0,0.0 
 09/24  02:00:00,1710000.0,0.0 
 09/24  03:00:00,1710000.0,0.0 
 09/24  04:00:00,1710000.0,0.0 
 09/24  05:00:00,1710000.0,0.0 
 09/24  06:00:00,1710000.0,0.0 
 09/24  07:00:00,5629208.954489637,1354960.257918031 
 09/24  08:00:00,6973978.878530104,1354960.257918031 
 09/24  09:00:00,37415256.07831426,1354960.257918031 
 09/24  10:00:00,49069810.25105463,1463564.0015973786 
 09/24  11:00:00,52587457.59630497,1621771.8940798286 
 09/24  12:00:00,51530295.22065675,1616420.8713151962 
 09/24  13:00:00,46403047.98016049,1497869.5595810264 
 09/24  14:00:00,50251911.39762804,1623055.0654292055 
 09/24  15:00:00,51755819.370601326,1698779.1298046631 
 09/24  16:00:00,49468537.52323166,1677520.5502751656 
 09/24  17:00:00,44190814.96016564,1530988.5714311707 
 09/24  18:00:00,42347697.61017985,1425265.9430187442 
 09/24  19:00:00,26321160.87036535,1354960.257918031 
 09/24  20:00:00,14993742.727139583,1354960.257918031 
 09/24  21:00:00,5760000.0,0.0 
 09/24  22:00:00,1710000.0,0.0 
 09/24  23:00:00,1710000.0,0.0 
 09/24  24:00:00,1710000.0,0.0 
 09/25  01:00:00,1710000.0,0.0 
 09/25  02:00:00,1710000.0,0.0 
 09/25  03:00:00,1710000.0,0.0 
 09/25  04:00:00,1710000.0,0.0 
 09/25  05:00:00,1710000.0,0.0 
 09/25  06:00:00,1710000.0,0.0 
 09/25  07:00:00,3234760.9955320125,1354960.257918031 
 09/25  08:00:00,4235814.67729955,1354960.257918031 
 09/25  09:00:00,35851577.76683216,1357066.1318237116 
 09/25  10:00:00,47716142.17364214,1457929.8794047278 
 09/25  11:00:00,50971421.73401217,1611872.4369694593 
 09/25  12:00:00,50193191.36648134,1594424.2192982724 
 09/25  13:00:00,45824529.14331955,1493623.0997839454 
 09/25  14:00:00,50262338.23712251,1639207.7248671672 
 09/25  15:00:00,52085645.78978257,1776967.2921121586 
 09/25  16:00:00,50583110.13932452,1786080.4320629714 
 09/25  17:00:00,45902072.37044537,1662820.1706410772 
 09/25  18:00:00,43330098.00902228,1482480.5663465431 
 09/25  19:00:00,26253807.602871105,1354960.257918031 
 09/25  20:00:00,15056944.35820362,1354960.257918031 
 09/25  21:00:00,5760000.0,0.0 
 09/25  22:00:00,1710000.0,0.0 
 09/25  23:00:00,1710000.0,0.0 
 09/25  24:00:00,1710000.0,0.0 
 09/26  01:00:00,1710000.0,0.0 
 09/26  02:00:00,1710000.0,0.0 
 09/26  03:00:00,1710000.0,0.0 
 09/26  04:00:00,1710000.0,0.0 
 09/26  05:00:00,1710000.0,0.0 
 09/26  06:00:00,1710000.0,0.0 
 09/26  07:00:00,3768289.9267418953,1354960.257918031 
 09/26  08:00:00,5998779.339550935,1354960.257918031 
 09/26  09:00:00,37058897.58900343,1375547.229355705 
 09/26  10:00:00,49574811.88564977,1519444.717013745 
 09/26  11:00:00,53570343.44101916,1730838.5452389913 
 09/26  12:00:00,53371740.354288794,1732915.028613333 
 09/26  13:00:00,48996996.559816375,1597507.1354069577 
 09/26  14:00:00,54362398.432868086,1799814.6381003316 
 09/26  15:00:00,57231982.87955247,1945159.7171787103 
 09/26  16:00:00,55718614.93545155,1933315.729225263 
 09/26  17:00:00,49515767.3708205,1687945.1129027558 
 09/26  18:00:00,47407465.67978634,1525412.030174857 
 09/26  19:00:00,29839639.491660375,1355622.834255715 
 09/26  20:00:00,18574624.250357207,1354960.257918031 
 09/26  21:00:00,5760000.0,0.0 
 09/26  22:00:00,1710000.0,0.0 
 09/26  23:00:00,1710000.0,0.0 
 09/26  24:00:00,1710000.0,0.0 
 09/27  01:00:00,1710000.0,0.0 
 09/27  02:00:00,1710000.0,0.0 
 09/27  03:00:00,1710000.0,0.0 
 09/27  04:00:00,1710000.0,0.0 
 09/27  05:00:00,1710000.0,0.0 
 09/27  06:00:00,1710000.0,0.0 
 09/27  07:00:00,8239558.909729421,1354960.257918031 
 09/27  08:00:00,8924959.795464575,1354960.257918031 
 09/27  09:00:00,40096488.248623855,1388191.4268692508 
 09/27  10:00:00,53716792.86331148,1603197.8760161586 
 09/27  11:00:00,57135638.77903781,1774699.457636301 
 09/27  12:00:00,56314886.21072188,1744794.4408638352 
 09/27  13:00:00,51492167.11796678,1606553.862876722 
 09/27  14:00:00,56645131.895205215,1813527.3547551678 
 09/27  15:00:00,59271722.23059906,1967952.6810176498 
 09/27  16:00:00,57765044.23080981,1974860.4990350557 
 09/27  17:00:00,52581758.354084775,1825969.3408380589 
 09/27  18:00:00,48970442.03277815,1588219.7305779024 
 09/27  19:00:00,29904994.668909002,1359068.7906592723 
 09/27  20:00:00,18308054.700241663,1354960.257918031 
 09/27  21:00:00,5760000.0,0.0 
 09/27  22:00:00,1710000.0,0.0 
 09/27  23:00:00,1710000.0,0.0 
 09/27  24:00:00,1710000.0,0.0 
 09/28  01:00:00,4950000.0,0.0 
 09/28  02:00:00,4950000.0,0.0 
 09/28  03:00:00,4950000.0,0.0 
 09/28  04:00:00,4950000.0,0.0 
 09/28  05:00:00,4950000.0,0.0 
 09/28  06:00:00,4950000.0,0.0 
 09/28  07:00:00,4950000.0,0.0 
 09/28  08:00:00,4950000.0,0.0 
 09/28  09:00:00,4950000.0,0.0 
 09/28  10:00:00,4950000.0,0.0 
 09/28  11:00:00,4950000.0,0.0 
 09/28  12:00:00,4950000.0,0.0 
 09/28  13:00:00,4950000.0,0.0 
 09/28  14:00:00,4950000.0,0.0 
 09/28  15:00:00,4950000.0,0.0 
 09/28  16:00:00,4950000.0,0.0 
 09/28  17:00:00,4950000.0,0.0 
 09/28  18:00:00,4950000.0,0.0 
 09/28  19:00:00,4950000.0,0.0 
 09/28  20:00:00,4950000.0,0.0 
 09/28  21:00:00,4950000.0,0.0 
 09/28  22:00:00,4950000.0,0.0 
 09/28  23:00:00,4950000.0,0.0 
 09/28  24:00:00,4950000.0,0.0 
 09/29  01:00:00,4950000.0,0.0 
 09/29  02:00:00,4950000.0,0.0 
 09/29  03:00:00,4950000.0,0.0 
 09/29  04:00:00,4950000.0,0.0 
 09/29  05:00:00,4950000.0,0.0 
 09/29  06:00:00,4950000.0,0.0 
 09/29  07:00:00,4950000.0,0.0 
 09/29  08:00:00,4950000.0,0.0 
 09/29  09:00:00,4950000.0,0.0 
 09/29  10:00:00,4950000.0,0.0 
 09/29  11:00:00,4950000.0,0.0 
 09/29  12:00:00,4950000.0,0.0 
 09/29  13:00:00,4950000.0,0.0 
 09/29  14:00:00,4950000.0,0.0 
 09/29  15:00:00,4950000.0,0.0 
 09/29  16:00:00,4950000.0,0.0 
 09/29  17:00:00,4950000.0,0.0 
 09/29  18:00:00,4950000.0,0.0 
 09/29  19:00:00,4950000.0,0.0 
 09/29  20:00:00,4950000.0,0.0 
 09/29  21:00:00,4950000.0,0.0 
 09/29  22:00:00,4950000.0,0.0 
 09/29  23:00:00,4950000.0,0.0 
 09/29  24:00:00,4950000.0,0.0 
 09/30  01:00:00,1710000.0,0.0 
 09/30  02:00:00,1710000.0,0.0 
 09/30  03:00:00,1710000.0,0.0 
 09/30  04:00:00,1710000.0,0.0 
 09/30  05:00:00,1710000.0,0.0 
 09/30  06:00:00,1710000.0,0.0 
 09/30  07:00:00,4780349.234971629,1354960.257918031 
 09/30  08:00:00,5425376.00455332,1354960.257918031 
 09/30  09:00:00,35469011.089387536,1354960.257918031 
 09/30  10:00:00,46342338.16345262,1388681.3454764276 
 09/30  11:00:00,49497144.94097777,1521895.988151111 
 09/30  12:00:00,49055423.71337081,1546899.1707904444 
 09/30  13:00:00,44781852.54712811,1459276.6908214767 
 09/30  14:00:00,49044350.03501396,1581114.7742142137 
 09/30  15:00:00,50692961.021067694,1658953.1730833573 
 09/30  16:00:00,47975838.69722439,1581465.2624343382 
 09/30  17:00:00,42593673.84686351,1453187.6585831065 
 09/30  18:00:00,41602055.94352468,1407508.5632244088 
 09/30  19:00:00,25806249.27641341,1354960.257918031 
 09/30  20:00:00,13884864.137466824,1354960.257918031 
 09/30  21:00:00,5760000.0,0.0 
 09/30  22:00:00,1710000.0,0.0 
 09/30  23:00:00,1710000.0,0.0 
 09/30  24:00:00,1710000.0,0.0,13281645736.290924,10449270000.0,6556950000.0,449676954.3141166,2382698781.9768186,1438034656.1400921,1438034656.1400921,,,,,,,,6556950000.0,,10449270000.0,,3892320000.0 
 10/01  01:00:00,3064960.257918031,1354960.257918031 
 10/01  02:00:00,3064960.257918031,1354960.257918031 
 10/01  03:00:00,3064960.257918031,1354960.257918031 
 10/01  04:00:00,3064960.257918031,1354960.257918031 
 10/01  05:00:00,3064960.257918031,1354960.257918031 
 10/01  06:00:00,3064960.257918031,1354960.257918031 
 10/01  07:00:00,3639271.445584596,1354960.257918031 
 10/01  08:00:00,5173712.415971953,1354960.257918031 
 10/01  09:00:00,35529180.77724046,1377710.357399443 
 10/01  10:00:00,47273040.15779555,1621936.670696303 
 10/01  11:00:00,50842260.277963355,1959365.6703875575 
 10/01  12:00:00,50733542.00080481,2036710.7996029002 
 10/01  13:00:00,45749203.3867924,1738062.1992250883 
 10/01  14:00:00,50085049.0962417,2057986.6612022237 
 10/01  15:00:00,51509920.18598274,2144095.9615217885 
 10/01  16:00:00,49192715.41000998,2058731.7257905316 
 10/01  17:00:00,43802488.69360167,1754979.2334156341 
 10/01  18:00:00,41754483.93272835,1518343.4126015669 
 10/01  19:00:00,25565388.12047398,1355968.1299051882 
 10/01  20:00:00,14332326.80916453,1354960.257918031 
 10/01  21:00:00,7114960.257918031,1354960.257918031 
 10/01  22:00:00,3064960.257918031,1354960.257918031 
 10/01  23:00:00,3064960.257918031,1354960.257918031 
 10/01  24:00:00,3064960.257918031,1354960.257918031 
 10/02  01:00:00,3064960.257918031,1354960.257918031 
 10/02  02:00:00,3064960.257918031,1354960.257918031 
 10/02  03:00:00,3064960.257918031,1354960.257918031 
 10/02  04:00:00,3064960.257918031,1354960.257918031 
 10/02  05:00:00,3064960.257918031,1354960.257918031 
 10/02  06:00:00,3064960.257918031,1354960.257918031 
 10/02  07:00:00,3217668.0067790244,1354960.257918031 
 10/02  08:00:00,5066228.274591614,1354960.257918031 
 10/02  09:00:00,35663523.23380587,1377248.8496513488 
 10/02  10:00:00,47635649.80989073,1588844.278853409 
 10/02  11:00:00,51414697.321428835,1934352.7509334558 
 10/02  12:00:00,50864588.86914024,1910326.4015407928 
 10/02  13:00:00,46078274.50673113,1665260.9431468127 
 10/02  14:00:00,50392932.08848703,2001623.157025004 
 10/02  15:00:00,51755036.62176246,2082052.4041723078 
 10/02  16:00:00,48554516.80577159,1805764.085509683 
 10/02  17:00:00,42959163.12374917,1535294.614001623 
 10/02  18:00:00,41877284.99590338,1460389.0821674753 
 10/02  19:00:00,26696880.348205253,1354960.257918031 
 10/02  20:00:00,15913729.495621584,1354960.257918031 
 10/02  21:00:00,7114960.257918031,1354960.257918031 
 10/02  22:00:00,3064960.257918031,1354960.257918031 
 10/02  23:00:00,3064960.257918031,1354960.257918031 
 10/02  24:00:00,3064960.257918031,1354960.257918031 
 10/03  01:00:00,3064960.257918031,1354960.257918031 
 10/03  02:00:00,3064960.257918031,1354960.257918031 
 10/03  03:00:00,3064960.257918031,1354960.257918031 
 10/03  04:00:00,3064960.257918031,1354960.257918031 
 10/03  05:00:00,3064960.257918031,1354960.257918031 
 10/03  06:00:00,3064960.257918031,1354960.257918031 
 10/03  07:00:00,6599044.0979773225,1354960.257918031 
 10/03  08:00:00,6644350.7000581315,1354960.257918031 
 10/03  09:00:00,36318032.70235999,1354960.257918031 
 10/03  10:00:00,46549370.64616401,1421441.9425790524 
 10/03  11:00:00,48850991.501576245,1585681.8092277015 
 10/03  12:00:00,48396874.963493176,1646536.457486446 
 10/03  13:00:00,43862108.49353875,1542381.246086186 
 10/03  14:00:00,48252886.00797472,1778998.336502367 
 10/03  15:00:00,49970290.041192815,1970192.8452073394 
 10/03  16:00:00,47284936.31324374,1796506.9794497471 
 10/03  17:00:00,41988147.12512985,1547513.5149805364 
 10/03  18:00:00,40810551.290961206,1450794.1236552568 
 10/03  19:00:00,25379922.44865602,1354960.257918031 
 10/03  20:00:00,14299222.614332506,1354960.257918031 
 10/03  21:00:00,7114960.257918031,1354960.257918031 
 10/03  22:00:00,3064960.257918031,1354960.257918031 
 10/03  23:00:00,3064960.257918031,1354960.257918031 
 10/03  24:00:00,3064960.257918031,1354960.257918031 
 10/04  01:00:00,3064960.257918031,1354960.257918031 
 10/04  02:00:00,3064960.257918031,1354960.257918031 
 10/04  03:00:00,3064960.257918031,1354960.257918031 
 10/04  04:00:00,3064960.257918031,1354960.257918031 
 10/04  05:00:00,3064960.257918031,1354960.257918031 
 10/04  06:00:00,3064960.257918031,1354960.257918031 
 10/04  07:00:00,3235254.374581958,1354960.257918031 
 10/04  08:00:00,3129756.285732197,1354960.257918031 
 10/04  09:00:00,34260954.372361936,1354960.257918031 
 10/04  10:00:00,45334321.689141735,1394306.6078307321 
 10/04  11:00:00,47268261.720542006,1479885.516377392 
 10/04  12:00:00,46189191.87153419,1481534.4032514992 
 10/04  13:00:00,41927822.77271439,1416052.541379042 
 10/04  14:00:00,46087169.42309738,1593600.5508927358 
 10/04  15:00:00,48005124.629759416,1709727.184229203 
 10/04  16:00:00,46694148.05683803,1745977.5704036015 
 10/04  17:00:00,41731132.08863842,1546415.0435003657 
 10/04  18:00:00,40566714.064525664,1446142.978386322 
 10/04  19:00:00,25441897.396646433,1354960.257918031 
 10/04  20:00:00,14487537.848880863,1354960.257918031 
 10/04  21:00:00,7114960.257918031,1354960.257918031 
 10/04  22:00:00,3064960.257918031,1354960.257918031 
 10/04  23:00:00,3064960.257918031,1354960.257918031 
 10/04  24:00:00,3064960.257918031,1354960.257918031 
 10/05  01:00:00,6304960.257918031,1354960.257918031 
 10/05  02:00:00,6304960.257918031,1354960.257918031 
 10/05  03:00:00,6304960.257918031,1354960.257918031 
 10/05  04:00:00,6304960.257918031,1354960.257918031 
 10/05  05:00:00,6304960.257918031,1354960.257918031 
 10/05  06:00:00,6304960.257918031,1354960.257918031 
 10/05  07:00:00,6304960.257918031,1354960.257918031 
 10/05  08:00:00,6304960.257918031,1354960.257918031 
 10/05  09:00:00,6304960.257918031,1354960.257918031 
 10/05  10:00:00,6304960.257918031,1354960.257918031 
 10/05  11:00:00,6304960.257918031,1354960.257918031 
 10/05  12:00:00,6304960.257918031,1354960.257918031 
 10/05  13:00:00,6304960.257918031,1354960.257918031 
 10/05  14:00:00,6304960.257918031,1354960.257918031 
 10/05  15:00:00,6304960.257918031,1354960.257918031 
 10/05  16:00:00,6304960.257918031,1354960.257918031 
 10/05  17:00:00,6304960.257918031,1354960.257918031 
 10/05  18:00:00,6304960.257918031,1354960.257918031 
 10/05  19:00:00,6304960.257918031,1354960.257918031 
 10/05  20:00:00,6304960.257918031,1354960.257918031 
 10/05  21:00:00,6304960.257918031,1354960.257918031 
 10/05  22:00:00,6304960.257918031,1354960.257918031 
 10/05  23:00:00,6304960.257918031,1354960.257918031 
 10/05  24:00:00,6304960.257918031,1354960.257918031 
 10/06  01:00:00,6304960.257918031,1354960.257918031 
 10/06  02:00:00,6304960.257918031,1354960.257918031 
 10/06  03:00:00,6304960.257918031,1354960.257918031 
 10/06  04:00:00,6304960.257918031,1354960.257918031 
 10/06  05:00:00,6304960.257918031,1354960.257918031 
 10/06  06:00:00,6304960.257918031,1354960.257918031 
 10/06  07:00:00,6304960.257918031,1354960.257918031 
 10/06  08:00:00,6304960.257918031,1354960.257918031 
 10/06  09:00:00,6304960.257918031,1354960.257918031 
 10/06  10:00:00,6304960.257918031,1354960.257918031 
 10/06  11:00:00,6304960.257918031,1354960.257918031 
 10/06  12:00:00,6304960.257918031,1354960.257918031 
 10/06  13:00:00,6304960.257918031,1354960.257918031 
 10/06  14:00:00,6304960.257918031,1354960.257918031 
 10/06  15:00:00,6304960.257918031,1354960.257918031 
 10/06  16:00:00,6304960.257918031,1354960.257918031 
 10/06  17:00:00,6304960.257918031,1354960.257918031 
 10/06  18:00:00,6304960.257918031,1354960.257918031 
 10/06  19:00:00,6304960.257918031,1354960.257918031 
 10/06  20:00:00,6304960.257918031,1354960.257918031 
 10/06  21:00:00,6304960.257918031,1354960.257918031 
 10/06  22:00:00,6304960.257918031,1354960.257918031 
 10/06  23:00:00,6304960.257918031,1354960.257918031 
 10/06  24:00:00,6304960.257918031,1354960.257918031 
 10/07  01:00:00,3064960.257918031,1354960.257918031 
 10/07  02:00:00,3064960.257918031,1354960.257918031 
 10/07  03:00:00,3064960.257918031,1354960.257918031 
 10/07  04:00:00,3064960.257918031,1354960.257918031 
 10/07  05:00:00,3064960.257918031,1354960.257918031 
 10/07  06:00:00,3064960.257918031,1354960.257918031 
 10/07  07:00:00,3305096.3352304795,1354960.257918031 
 10/07  08:00:00,3151363.191418854,1354960.257918031 
 10/07  09:00:00,32873715.353469104,1354960.257918031 
 10/07  10:00:00,43254179.2458464,1397708.7631257772 
 10/07  11:00:00,46907008.608460076,1493116.0115337246 
 10/07  12:00:00,45712997.51961761,1489681.2216338734 
 10/07  13:00:00,39208960.098522544,1408891.0616875824 
 10/07  14:00:00,44012667.759823434,1474735.1292153085 
 10/07  15:00:00,44912121.59252791,1481953.0608145455 
 10/07  16:00:00,42929903.148062125,1448913.3820769284 
 10/07  17:00:00,37418323.428918876,1415568.5917570693 
 10/07  18:00:00,37392725.036022395,1382407.964824264 
 10/07  19:00:00,22980886.878345117,1354960.257918031 
 10/07  20:00:00,12197217.717338951,1354960.257918031 
 10/07  21:00:00,7114960.257918031,1354960.257918031 
 10/07  22:00:00,3064960.257918031,1354960.257918031 
 10/07  23:00:00,3064960.257918031,1354960.257918031 
 10/07  24:00:00,3064960.257918031,1354960.257918031 
 10/08  01:00:00,3064960.257918031,1354960.257918031 
 10/08  02:00:00,3064960.257918031,1354960.257918031 
 10/08  03:00:00,3064960.257918031,1354960.257918031 
 10/08  04:00:00,3064960.257918031,1354960.257918031 
 10/08  05:00:00,3064960.257918031,1354960.257918031 
 10/08  06:00:00,3064960.257918031,1354960.257918031 
 10/08  07:00:00,3373734.354308308,1354960.257918031 
 10/08  08:00:00,3191796.0643883254,1354960.257918031 
 10/08  09:00:00,32893771.235880155,1371983.2315138783 
 10/08  10:00:00,44187598.63220629,1485795.7357335023 
 10/08  11:00:00,47336705.71963992,1671248.4406639957 
 10/08  12:00:00,47114107.59086259,1750082.635705849 
 10/08  13:00:00,42803088.82842832,1604207.031840005 
 10/08  14:00:00,46858439.10691984,1829583.275254708 
 10/08  15:00:00,48543332.03524419,1914814.0543527696 
 10/08  16:00:00,46576275.574256755,1863133.511263532 
 10/08  17:00:00,41783361.88316512,1656411.9838763245 
 10/08  18:00:00,39988841.138439536,1466877.0622697794 
 10/08  19:00:00,22973215.604653858,1354960.257918031 
 10/08  20:00:00,12193236.223322188,1354960.257918031 
 10/08  21:00:00,7114960.257918031,1354960.257918031 
 10/08  22:00:00,3064960.257918031,1354960.257918031 
 10/08  23:00:00,3064960.257918031,1354960.257918031 
 10/08  24:00:00,3064960.257918031,1354960.257918031 
 10/09  01:00:00,3064960.257918031,1354960.257918031 
 10/09  02:00:00,3064960.257918031,1354960.257918031 
 10/09  03:00:00,3064960.257918031,1354960.257918031 
 10/09  04:00:00,3064960.257918031,1354960.257918031 
 10/09  05:00:00,3064960.257918031,1354960.257918031 
 10/09  06:00:00,3064960.257918031,1354960.257918031 
 10/09  07:00:00,3250803.053075996,1354960.257918031 
 10/09  08:00:00,3537378.351398044,1354960.257918031 
 10/09  09:00:00,34746574.99617594,1354960.257918031 
 10/09  10:00:00,46254957.47240672,1517667.9759224067 
 10/09  11:00:00,49855690.18435017,1817170.0854624244 
 10/09  12:00:00,49691718.875788495,1847097.8457368598 
 10/09  13:00:00,45652137.90062417,1712498.0013001855 
 10/09  14:00:00,50094909.0064886,2003340.9468280142 
 10/09  15:00:00,52046603.440367915,2126478.872347757 
 10/09  16:00:00,50142315.67898263,2045453.8562144851 
 10/09  17:00:00,45026613.39517365,1784901.6023629531 
 10/09  18:00:00,42848670.80558225,1537145.7150699026 
 10/09  19:00:00,26504361.4207255,1355566.5812633808 
 10/09  20:00:00,15449527.441256303,1354960.257918031 
 10/09  21:00:00,7114960.257918031,1354960.257918031 
 10/09  22:00:00,3064960.257918031,1354960.257918031 
 10/09  23:00:00,3064960.257918031,1354960.257918031 
 10/09  24:00:00,3064960.257918031,1354960.257918031 
 10/10  01:00:00,3064960.257918031,1354960.257918031 
 10/10  02:00:00,3064960.257918031,1354960.257918031 
 10/10  03:00:00,3064960.257918031,1354960.257918031 
 10/10  04:00:00,3064960.257918031,1354960.257918031 
 10/10  05:00:00,3064960.257918031,1354960.257918031 
 10/10  06:00:00,3064960.257918031,1354960.257918031 
 10/10  07:00:00,5274001.359616455,1354960.257918031 
 10/10  08:00:00,5393285.261792354,1354960.257918031 
 10/10  09:00:00,35518800.99680251,1354960.257918031 
 10/10  10:00:00,46181191.07362442,1403126.5799983968 
 10/10  11:00:00,48173269.92469182,1524220.6707156543 
 10/10  12:00:00,47184628.387708366,1556362.3501134068 
 10/10  13:00:00,42510895.160364516,1450437.9133303817 
 10/10  14:00:00,46000050.69497375,1583728.6677314048 
 10/10  15:00:00,47464715.045635074,1641012.9773876641 
 10/10  16:00:00,45935744.962156884,1675805.689163984 
 10/10  17:00:00,41076410.13109447,1474023.3581439508 
 10/10  18:00:00,40619213.88110096,1425934.8826119276 
 10/10  19:00:00,25910699.33547809,1354960.257918031 
 10/10  20:00:00,15160693.52008154,1354960.257918031 
 10/10  21:00:00,7114960.257918031,1354960.257918031 
 10/10  22:00:00,3064960.257918031,1354960.257918031 
 10/10  23:00:00,3064960.257918031,1354960.257918031 
 10/10  24:00:00,3064960.257918031,1354960.257918031 
 10/11  01:00:00,3064960.257918031,1354960.257918031 
 10/11  02:00:00,3064960.257918031,1354960.257918031 
 10/11  03:00:00,3064960.257918031,1354960.257918031 
 10/11  04:00:00,3064960.257918031,1354960.257918031 
 10/11  05:00:00,3064960.257918031,1354960.257918031 
 10/11  06:00:00,3064960.257918031,1354960.257918031 
 10/11  07:00:00,5275328.591078811,1354960.257918031 
 10/11  08:00:00,5270029.764614093,1354960.257918031 
 10/11  09:00:00,35326115.30669921,1354960.257918031 
 10/11  10:00:00,46560981.50303848,1512963.381661408 
 10/11  11:00:00,48812946.161766574,1637530.1952123565 
 10/11  12:00:00,47388948.66577724,1596744.8552094079 
 10/11  13:00:00,42738166.12191104,1464685.8964698203 
 10/11  14:00:00,46528066.78328361,1581781.4331851942 
 10/11  15:00:00,47838580.729624406,1624448.8262192633 
 10/11  16:00:00,45848362.99831582,1591148.5403871364 
 10/11  17:00:00,41209352.287400685,1473310.270380158 
 10/11  18:00:00,40578415.24975018,1425584.2221490787 
 10/11  19:00:00,25619793.167787466,1354960.257918031 
 10/11  20:00:00,14709108.050706703,1354960.257918031 
 10/11  21:00:00,7114960.257918031,1354960.257918031 
 10/11  22:00:00,3064960.257918031,1354960.257918031 
 10/11  23:00:00,3064960.257918031,1354960.257918031 
 10/11  24:00:00,3064960.257918031,1354960.257918031 
 10/12  01:00:00,6304960.257918031,1354960.257918031 
 10/12  02:00:00,6304960.257918031,1354960.257918031 
 10/12  03:00:00,6304960.257918031,1354960.257918031 
 10/12  04:00:00,6304960.257918031,1354960.257918031 
 10/12  05:00:00,6304960.257918031,1354960.257918031 
 10/12  06:00:00,6304960.257918031,1354960.257918031 
 10/12  07:00:00,6304960.257918031,1354960.257918031 
 10/12  08:00:00,6304960.257918031,1354960.257918031 
 10/12  09:00:00,6304960.257918031,1354960.257918031 
 10/12  10:00:00,6304960.257918031,1354960.257918031 
 10/12  11:00:00,6304960.257918031,1354960.257918031 
 10/12  12:00:00,6304960.257918031,1354960.257918031 
 10/12  13:00:00,6304960.257918031,1354960.257918031 
 10/12  14:00:00,6304960.257918031,1354960.257918031 
 10/12  15:00:00,6304960.257918031,1354960.257918031 
 10/12  16:00:00,6304960.257918031,1354960.257918031 
 10/12  17:00:00,6304960.257918031,1354960.257918031 
 10/12  18:00:00,6304960.257918031,1354960.257918031 
 10/12  19:00:00,6304960.257918031,1354960.257918031 
 10/12  20:00:00,6304960.257918031,1354960.257918031 
 10/12  21:00:00,6304960.257918031,1354960.257918031 
 10/12  22:00:00,6304960.257918031,1354960.257918031 
 10/12  23:00:00,6304960.257918031,1354960.257918031 
 10/12  24:00:00,6304960.257918031,1354960.257918031 
 10/13  01:00:00,6304960.257918031,1354960.257918031 
 10/13  02:00:00,6304960.257918031,1354960.257918031 
 10/13  03:00:00,6304960.257918031,1354960.257918031 
 10/13  04:00:00,6304960.257918031,1354960.257918031 
 10/13  05:00:00,6304960.257918031,1354960.257918031 
 10/13  06:00:00,6304960.257918031,1354960.257918031 
 10/13  07:00:00,6304960.257918031,1354960.257918031 
 10/13  08:00:00,6304960.257918031,1354960.257918031 
 10/13  09:00:00,6304960.257918031,1354960.257918031 
 10/13  10:00:00,6304960.257918031,1354960.257918031 
 10/13  11:00:00,6304960.257918031,1354960.257918031 
 10/13  12:00:00,6304960.257918031,1354960.257918031 
 10/13  13:00:00,6304960.257918031,1354960.257918031 
 10/13  14:00:00,6304960.257918031,1354960.257918031 
 10/13  15:00:00,6304960.257918031,1354960.257918031 
 10/13  16:00:00,6304960.257918031,1354960.257918031 
 10/13  17:00:00,6304960.257918031,1354960.257918031 
 10/13  18:00:00,6304960.257918031,1354960.257918031 
 10/13  19:00:00,6304960.257918031,1354960.257918031 
 10/13  20:00:00,6304960.257918031,1354960.257918031 
 10/13  21:00:00,6304960.257918031,1354960.257918031 
 10/13  22:00:00,6304960.257918031,1354960.257918031 
 10/13  23:00:00,6304960.257918031,1354960.257918031 
 10/13  24:00:00,6304960.257918031,1354960.257918031 
 10/14  01:00:00,3064960.257918031,1354960.257918031 
 10/14  02:00:00,3064960.257918031,1354960.257918031 
 10/14  03:00:00,3064960.257918031,1354960.257918031 
 10/14  04:00:00,3064960.257918031,1354960.257918031 
 10/14  05:00:00,3064960.257918031,1354960.257918031 
 10/14  06:00:00,3064960.257918031,1354960.257918031 
 10/14  07:00:00,3337622.029344211,1354960.257918031 
 10/14  08:00:00,3187788.5232832446,1354960.257918031 
 10/14  09:00:00,32887653.445407137,1354960.257918031 
 10/14  10:00:00,43250279.761170894,1382578.642070096 
 10/14  11:00:00,44671231.92517429,1467728.1260817153 
 10/14  12:00:00,44752656.84881505,1503058.377196405 
 10/14  13:00:00,39226565.45749886,1425252.1342331762 
 10/14  14:00:00,44454608.23550597,1592384.6239962177 
 10/14  15:00:00,45763772.093874864,1636176.0135891538 
 10/14  16:00:00,43913961.86387475,1584674.2042097666 
 10/14  17:00:00,39035598.76151557,1458075.4311146336 
 10/14  18:00:00,37425129.43689796,1418510.3964612163 
 10/14  19:00:00,22999020.42141315,1354960.257918031 
 10/14  20:00:00,12224170.710656282,1354960.257918031 
 10/14  21:00:00,7114960.257918031,1354960.257918031 
 10/14  22:00:00,3064960.257918031,1354960.257918031 
 10/14  23:00:00,3064960.257918031,1354960.257918031 
 10/14  24:00:00,3064960.257918031,1354960.257918031 
 10/15  01:00:00,3064960.257918031,1354960.257918031 
 10/15  02:00:00,3064960.257918031,1354960.257918031 
 10/15  03:00:00,3064960.257918031,1354960.257918031 
 10/15  04:00:00,3064960.257918031,1354960.257918031 
 10/15  05:00:00,3064960.257918031,1354960.257918031 
 10/15  06:00:00,3064960.257918031,1354960.257918031 
 10/15  07:00:00,3366502.055530671,1354960.257918031 
 10/15  08:00:00,3201501.3360089352,1354960.257918031 
 10/15  09:00:00,32894293.654474024,1354960.257918031 
 10/15  10:00:00,43252171.90892398,1354960.257918031 
 10/15  11:00:00,44620172.75923029,1387026.9403875966 
 10/15  12:00:00,43270851.20560211,1406507.4887741716 
 10/15  13:00:00,39182248.818489335,1368192.4719686094 
 10/15  14:00:00,41921771.11457115,1418357.412059758 
 10/15  15:00:00,44322171.12299858,1452228.4100993804 
 10/15  16:00:00,42969884.43965539,1438117.1110226142 
 10/15  17:00:00,37412007.55402128,1409704.696051986 
 10/15  18:00:00,37398676.16678462,1392252.046834156 
 10/15  19:00:00,22980102.689997673,1354960.257918031 
 10/15  20:00:00,12195394.329214746,1354960.257918031 
 10/15  21:00:00,7114960.257918031,1354960.257918031 
 10/15  22:00:00,3064960.257918031,1354960.257918031 
 10/15  23:00:00,3064960.257918031,1354960.257918031 
 10/15  24:00:00,3064960.257918031,1354960.257918031 
 10/16  01:00:00,3064960.257918031,1354960.257918031 
 10/16  02:00:00,3064960.257918031,1354960.257918031 
 10/16  03:00:00,3064960.257918031,1354960.257918031 
 10/16  04:00:00,3064960.257918031,1354960.257918031 
 10/16  05:00:00,3064960.257918031,1354960.257918031 
 10/16  06:00:00,3064960.257918031,1354960.257918031 
 10/16  07:00:00,3305851.6162670343,1354960.257918031 
 10/16  08:00:00,3177005.126465032,1354960.257918031 
 10/16  09:00:00,32890041.27029298,1354960.257918031 
 10/16  10:00:00,43240294.63608892,1370221.7887083127 
 10/16  11:00:00,45073012.6866418,1421308.3897523943 
 10/16  12:00:00,45306996.886301614,1457962.8666635253 
 10/16  13:00:00,41240015.478722945,1415079.3619572478 
 10/16  14:00:00,45263456.70152899,1646153.7318383192 
 10/16  15:00:00,46718094.252081886,1744362.3270050988 
 10/16  16:00:00,44401369.98764137,1634036.1396403993 
 10/16  17:00:00,39923596.35814548,1494835.5675693443 
 10/16  18:00:00,37427928.19272676,1421115.3766416856 
 10/16  19:00:00,22994199.700486798,1354960.257918031 
 10/16  20:00:00,12215194.312230138,1354960.257918031 
 10/16  21:00:00,7114960.257918031,1354960.257918031 
 10/16  22:00:00,3064960.257918031,1354960.257918031 
 10/16  23:00:00,3064960.257918031,1354960.257918031 
 10/16  24:00:00,3064960.257918031,1354960.257918031 
 10/17  01:00:00,3064960.257918031,1354960.257918031 
 10/17  02:00:00,3064960.257918031,1354960.257918031 
 10/17  03:00:00,3064960.257918031,1354960.257918031 
 10/17  04:00:00,3064960.257918031,1354960.257918031 
 10/17  05:00:00,3064960.257918031,1354960.257918031 
 10/17  06:00:00,3064960.257918031,1354960.257918031 
 10/17  07:00:00,3381612.5504598496,1354960.257918031 
 10/17  08:00:00,3198918.538697693,1354960.257918031 
 10/17  09:00:00,32883473.748883247,1356279.2197593874 
 10/17  10:00:00,43943969.32714538,1454946.6205503293 
 10/17  11:00:00,47299802.33590616,1642688.8918790147 
 10/17  12:00:00,46817502.087953,1680400.6922057483 
 10/17  13:00:00,42742672.17776876,1558496.977012987 
 10/17  14:00:00,46279456.582560256,1741036.1862126582 
 10/17  15:00:00,46685016.37154206,1605978.212835773 
 10/17  16:00:00,44343792.71548754,1493383.6502878633 
 10/17  17:00:00,40178871.60035321,1424123.3982981374 
 10/17  18:00:00,39862996.60479236,1417751.2430936503 
 10/17  19:00:00,25169756.15022569,1354960.257918031 
 10/17  20:00:00,14064980.271079633,1354960.257918031 
 10/17  21:00:00,7114960.257918031,1354960.257918031 
 10/17  22:00:00,3064960.257918031,1354960.257918031 
 10/17  23:00:00,3064960.257918031,1354960.257918031 
 10/17  24:00:00,3064960.257918031,1354960.257918031 
 10/18  01:00:00,3064960.257918031,1354960.257918031 
 10/18  02:00:00,3064960.257918031,1354960.257918031 
 10/18  03:00:00,3064960.257918031,1354960.257918031 
 10/18  04:00:00,3064960.257918031,1354960.257918031 
 10/18  05:00:00,3064960.257918031,1354960.257918031 
 10/18  06:00:00,3064960.257918031,1354960.257918031 
 10/18  07:00:00,3270461.0255171782,1354960.257918031 
 10/18  08:00:00,3142683.804827056,1354960.257918031 
 10/18  09:00:00,32866423.603829343,1354960.257918031 
 10/18  10:00:00,45145121.31542112,1446807.083136891 
 10/18  11:00:00,48067535.663193986,1596258.7011759789 
 10/18  12:00:00,46867213.43831951,1552270.4775062765 
 10/18  13:00:00,41887651.37118401,1424680.388706822 
 10/18  14:00:00,45131294.716088876,1516615.0466490784 
 10/18  15:00:00,46980971.81014618,1604695.8875672785 
 10/18  16:00:00,44609583.95903215,1511128.5148681575 
 10/18  17:00:00,40121027.666271634,1440119.5288025257 
 10/18  18:00:00,38462899.92293922,1419208.2685786935 
 10/18  19:00:00,22974463.308145773,1354960.257918031 
 10/18  20:00:00,12190397.55691587,1354960.257918031 
 10/18  21:00:00,7114960.257918031,1354960.257918031 
 10/18  22:00:00,3064960.257918031,1354960.257918031 
 10/18  23:00:00,3064960.257918031,1354960.257918031 
 10/18  24:00:00,3064960.257918031,1354960.257918031 
 10/19  01:00:00,6304960.257918031,1354960.257918031 
 10/19  02:00:00,6304960.257918031,1354960.257918031 
 10/19  03:00:00,6304960.257918031,1354960.257918031 
 10/19  04:00:00,6304960.257918031,1354960.257918031 
 10/19  05:00:00,6304960.257918031,1354960.257918031 
 10/19  06:00:00,6304960.257918031,1354960.257918031 
 10/19  07:00:00,6304960.257918031,1354960.257918031 
 10/19  08:00:00,6304960.257918031,1354960.257918031 
 10/19  09:00:00,6304960.257918031,1354960.257918031 
 10/19  10:00:00,6304960.257918031,1354960.257918031 
 10/19  11:00:00,6304960.257918031,1354960.257918031 
 10/19  12:00:00,6304960.257918031,1354960.257918031 
 10/19  13:00:00,6304960.257918031,1354960.257918031 
 10/19  14:00:00,6304960.257918031,1354960.257918031 
 10/19  15:00:00,6304960.257918031,1354960.257918031 
 10/19  16:00:00,6304960.257918031,1354960.257918031 
 10/19  17:00:00,6304960.257918031,1354960.257918031 
 10/19  18:00:00,6304960.257918031,1354960.257918031 
 10/19  19:00:00,6304960.257918031,1354960.257918031 
 10/19  20:00:00,6304960.257918031,1354960.257918031 
 10/19  21:00:00,6304960.257918031,1354960.257918031 
 10/19  22:00:00,6304960.257918031,1354960.257918031 
 10/19  23:00:00,6304960.257918031,1354960.257918031 
 10/19  24:00:00,6304960.257918031,1354960.257918031 
 10/20  01:00:00,6304960.257918031,1354960.257918031 
 10/20  02:00:00,6304960.257918031,1354960.257918031 
 10/20  03:00:00,6304960.257918031,1354960.257918031 
 10/20  04:00:00,6304960.257918031,1354960.257918031 
 10/20  05:00:00,6304960.257918031,1354960.257918031 
 10/20  06:00:00,6304960.257918031,1354960.257918031 
 10/20  07:00:00,6304960.257918031,1354960.257918031 
 10/20  08:00:00,6304960.257918031,1354960.257918031 
 10/20  09:00:00,6304960.257918031,1354960.257918031 
 10/20  10:00:00,6304960.257918031,1354960.257918031 
 10/20  11:00:00,6304960.257918031,1354960.257918031 
 10/20  12:00:00,6304960.257918031,1354960.257918031 
 10/20  13:00:00,6304960.257918031,1354960.257918031 
 10/20  14:00:00,6304960.257918031,1354960.257918031 
 10/20  15:00:00,6304960.257918031,1354960.257918031 
 10/20  16:00:00,6304960.257918031,1354960.257918031 
 10/20  17:00:00,6304960.257918031,1354960.257918031 
 10/20  18:00:00,6304960.257918031,1354960.257918031 
 10/20  19:00:00,6304960.257918031,1354960.257918031 
 10/20  20:00:00,6304960.257918031,1354960.257918031 
 10/20  21:00:00,6304960.257918031,1354960.257918031 
 10/20  22:00:00,6304960.257918031,1354960.257918031 
 10/20  23:00:00,6304960.257918031,1354960.257918031 
 10/20  24:00:00,6304960.257918031,1354960.257918031 
 10/21  01:00:00,3064960.257918031,1354960.257918031 
 10/21  02:00:00,3064960.257918031,1354960.257918031 
 10/21  03:00:00,3064960.257918031,1354960.257918031 
 10/21  04:00:00,3064960.257918031,1354960.257918031 
 10/21  05:00:00,3064960.257918031,1354960.257918031 
 10/21  06:00:00,3064960.257918031,1354960.257918031 
 10/21  07:00:00,5005760.591982823,1354960.257918031 
 10/21  08:00:00,5570231.663184207,1354960.257918031 
 10/21  09:00:00,35970349.34638888,1369923.518569749 
 10/21  10:00:00,47840695.28628616,1612736.283245673 
 10/21  11:00:00,52174790.2199371,2039580.417804313 
 10/21  12:00:00,52624101.31543624,2132587.648464111 
 10/21  13:00:00,47997150.16075884,1852136.4192550015 
 10/21  14:00:00,52185758.48930333,2097177.963167892 
 10/21  15:00:00,53216115.522031985,2161587.1214818954 
 10/21  16:00:00,50458112.914876014,2016375.6146710566 
 10/21  17:00:00,44240452.46087554,1622155.2607024135 
 10/21  18:00:00,42413184.32846866,1491283.9491903915 
 10/21  19:00:00,26968642.387252595,1355088.4014026031 
 10/21  20:00:00,16098514.913467785,1354960.257918031 
 10/21  21:00:00,7114960.257918031,1354960.257918031 
 10/21  22:00:00,3064960.257918031,1354960.257918031 
 10/21  23:00:00,3064960.257918031,1354960.257918031 
 10/21  24:00:00,3064960.257918031,1354960.257918031 
 10/22  01:00:00,3064960.257918031,1354960.257918031 
 10/22  02:00:00,3064960.257918031,1354960.257918031 
 10/22  03:00:00,3064960.257918031,1354960.257918031 
 10/22  04:00:00,3064960.257918031,1354960.257918031 
 10/22  05:00:00,3064960.257918031,1354960.257918031 
 10/22  06:00:00,3064960.257918031,1354960.257918031 
 10/22  07:00:00,5943168.033081873,1354960.257918031 
 10/22  08:00:00,5883320.294367807,1354960.257918031 
 10/22  09:00:00,36036020.922905795,1354960.257918031 
 10/22  10:00:00,47187899.06682924,1417530.1068904544 
 10/22  11:00:00,50752368.96742869,1661742.7007146608 
 10/22  12:00:00,50123150.80240132,1698003.8656923298 
 10/22  13:00:00,45579372.14156522,1567526.9043300385 
 10/22  14:00:00,49198372.21238014,1756531.525127766 
 10/22  15:00:00,49907218.295286,1746324.0171838352 
 10/22  16:00:00,46096593.56495939,1580385.4383016913 
 10/22  17:00:00,40705083.31236163,1436746.5664248455 
 10/22  18:00:00,40279438.81549567,1422722.8214010843 
 10/22  19:00:00,25275109.56289888,1354960.257918031 
 10/22  20:00:00,14230282.975035438,1354960.257918031 
 10/22  21:00:00,7114960.257918031,1354960.257918031 
 10/22  22:00:00,3064960.257918031,1354960.257918031 
 10/22  23:00:00,3064960.257918031,1354960.257918031 
 10/22  24:00:00,3064960.257918031,1354960.257918031 
 10/23  01:00:00,3064960.257918031,1354960.257918031 
 10/23  02:00:00,3064960.257918031,1354960.257918031 
 10/23  03:00:00,3064960.257918031,1354960.257918031 
 10/23  04:00:00,3064960.257918031,1354960.257918031 
 10/23  05:00:00,3064960.257918031,1354960.257918031 
 10/23  06:00:00,3064960.257918031,1354960.257918031 
 10/23  07:00:00,3259754.1217193115,1354960.257918031 
 10/23  08:00:00,3148522.359032229,1354960.257918031 
 10/23  09:00:00,32879828.835338023,1354960.257918031 
 10/23  10:00:00,43268082.12587275,1408971.913734194 
 10/23  11:00:00,46073663.069882534,1492715.1053892972 
 10/23  12:00:00,45488496.80420767,1497681.416441183 
 10/23  13:00:00,39765087.63515987,1430007.0269604358 
 10/23  14:00:00,44620174.53924951,1613197.5365392352 
 10/23  15:00:00,45995329.024177454,1660014.5716366326 
 10/23  16:00:00,43942564.88031788,1618076.3266108728 
 10/23  17:00:00,38592718.77679846,1481876.8413172227 
 10/23  18:00:00,37429167.16079074,1417993.5097179706 
 10/23  19:00:00,23013998.06949236,1354960.257918031 
 10/23  20:00:00,12217067.645123612,1354960.257918031 
 10/23  21:00:00,7114960.257918031,1354960.257918031 
 10/23  22:00:00,3064960.257918031,1354960.257918031 
 10/23  23:00:00,3064960.257918031,1354960.257918031 
 10/23  24:00:00,3064960.257918031,1354960.257918031 
 10/24  01:00:00,3064960.257918031,1354960.257918031 
 10/24  02:00:00,3064960.257918031,1354960.257918031 
 10/24  03:00:00,3064960.257918031,1354960.257918031 
 10/24  04:00:00,3064960.257918031,1354960.257918031 
 10/24  05:00:00,3064960.257918031,1354960.257918031 
 10/24  06:00:00,3064960.257918031,1354960.257918031 
 10/24  07:00:00,3389229.857983172,1354960.257918031 
 10/24  08:00:00,3210829.8499340964,1354960.257918031 
 10/24  09:00:00,32897425.33458975,1358379.3762617323 
 10/24  10:00:00,43322182.57563122,1459895.1625625428 
 10/24  11:00:00,46166514.24713217,1559999.4506149588 
 10/24  12:00:00,45715052.62828153,1572900.9856306484 
 10/24  13:00:00,41912240.13933479,1495560.344823612 
 10/24  14:00:00,45657306.69028643,1695087.8104925295 
 10/24  15:00:00,47237693.79738248,1754473.0821591732 
 10/24  16:00:00,45550868.93488486,1746709.9779620403 
 10/24  17:00:00,41292946.94981614,1591632.0615590273 
 10/24  18:00:00,39773492.395551525,1438938.809322896 
 10/24  19:00:00,22964287.55227992,1354960.257918031 
 10/24  20:00:00,12179023.052156232,1354960.257918031 
 10/24  21:00:00,7114960.257918031,1354960.257918031 
 10/24  22:00:00,3064960.257918031,1354960.257918031 
 10/24  23:00:00,3064960.257918031,1354960.257918031 
 10/24  24:00:00,3064960.257918031,1354960.257918031 
 10/25  01:00:00,3064960.257918031,1354960.257918031 
 10/25  02:00:00,3064960.257918031,1354960.257918031 
 10/25  03:00:00,3064960.257918031,1354960.257918031 
 10/25  04:00:00,3064960.257918031,1354960.257918031 
 10/25  05:00:00,3064960.257918031,1354960.257918031 
 10/25  06:00:00,3064960.257918031,1354960.257918031 
 10/25  07:00:00,3255117.8394585066,1354960.257918031 
 10/25  08:00:00,3147240.3061978607,1354960.257918031 
 10/25  09:00:00,32872657.70224431,1354960.257918031 
 10/25  10:00:00,43215757.685978696,1354960.257918031 
 10/25  11:00:00,45283847.020132825,1420232.038557297 
 10/25  12:00:00,45218477.23988294,1415691.4583167175 
 10/25  13:00:00,41676483.270634286,1382265.0243260537 
 10/25  14:00:00,45371909.37522317,1467083.3225825597 
 10/25  15:00:00,47061034.884681284,1519015.8542298358 
 10/25  16:00:00,45149968.80263947,1476972.9944019085 
 10/25  17:00:00,41279599.07829833,1417289.097508393 
 10/25  18:00:00,40957180.84032875,1413280.1215885687 
 10/25  19:00:00,25687342.47438998,1354960.257918031 
 10/25  20:00:00,14244351.004615434,1354960.257918031 
 10/25  21:00:00,7114960.257918031,1354960.257918031 
 10/25  22:00:00,3064960.257918031,1354960.257918031 
 10/25  23:00:00,3064960.257918031,1354960.257918031 
 10/25  24:00:00,3064960.257918031,1354960.257918031 
 10/26  01:00:00,6304960.257918031,1354960.257918031 
 10/26  02:00:00,6304960.257918031,1354960.257918031 
 10/26  03:00:00,6304960.257918031,1354960.257918031 
 10/26  04:00:00,6304960.257918031,1354960.257918031 
 10/26  05:00:00,6304960.257918031,1354960.257918031 
 10/26  06:00:00,6304960.257918031,1354960.257918031 
 10/26  07:00:00,6304960.257918031,1354960.257918031 
 10/26  08:00:00,6304960.257918031,1354960.257918031 
 10/26  09:00:00,6304960.257918031,1354960.257918031 
 10/26  10:00:00,6304960.257918031,1354960.257918031 
 10/26  11:00:00,6304960.257918031,1354960.257918031 
 10/26  12:00:00,6304960.257918031,1354960.257918031 
 10/26  13:00:00,6304960.257918031,1354960.257918031 
 10/26  14:00:00,6304960.257918031,1354960.257918031 
 10/26  15:00:00,6304960.257918031,1354960.257918031 
 10/26  16:00:00,6304960.257918031,1354960.257918031 
 10/26  17:00:00,6304960.257918031,1354960.257918031 
 10/26  18:00:00,6304960.257918031,1354960.257918031 
 10/26  19:00:00,6304960.257918031,1354960.257918031 
 10/26  20:00:00,6304960.257918031,1354960.257918031 
 10/26  21:00:00,6304960.257918031,1354960.257918031 
 10/26  22:00:00,6304960.257918031,1354960.257918031 
 10/26  23:00:00,6304960.257918031,1354960.257918031 
 10/26  24:00:00,6304960.257918031,1354960.257918031 
 10/27  01:00:00,6304960.257918031,1354960.257918031 
 10/27  02:00:00,6304960.257918031,1354960.257918031 
 10/27  03:00:00,6304960.257918031,1354960.257918031 
 10/27  04:00:00,6304960.257918031,1354960.257918031 
 10/27  05:00:00,6304960.257918031,1354960.257918031 
 10/27  06:00:00,6304960.257918031,1354960.257918031 
 10/27  07:00:00,6304960.257918031,1354960.257918031 
 10/27  08:00:00,6304960.257918031,1354960.257918031 
 10/27  09:00:00,6304960.257918031,1354960.257918031 
 10/27  10:00:00,6304960.257918031,1354960.257918031 
 10/27  11:00:00,6304960.257918031,1354960.257918031 
 10/27  12:00:00,6304960.257918031,1354960.257918031 
 10/27  13:00:00,6304960.257918031,1354960.257918031 
 10/27  14:00:00,6304960.257918031,1354960.257918031 
 10/27  15:00:00,6304960.257918031,1354960.257918031 
 10/27  16:00:00,6304960.257918031,1354960.257918031 
 10/27  17:00:00,6304960.257918031,1354960.257918031 
 10/27  18:00:00,6304960.257918031,1354960.257918031 
 10/27  19:00:00,6304960.257918031,1354960.257918031 
 10/27  20:00:00,6304960.257918031,1354960.257918031 
 10/27  21:00:00,6304960.257918031,1354960.257918031 
 10/27  22:00:00,6304960.257918031,1354960.257918031 
 10/27  23:00:00,6304960.257918031,1354960.257918031 
 10/27  24:00:00,6304960.257918031,1354960.257918031 
 10/28  01:00:00,3064960.257918031,1354960.257918031 
 10/28  02:00:00,3064960.257918031,1354960.257918031 
 10/28  03:00:00,3064960.257918031,1354960.257918031 
 10/28  04:00:00,3064960.257918031,1354960.257918031 
 10/28  05:00:00,3064960.257918031,1354960.257918031 
 10/28  06:00:00,3064960.257918031,1354960.257918031 
 10/28  07:00:00,3358323.7284677336,1354960.257918031 
 10/28  08:00:00,3194331.737673011,1354960.257918031 
 10/28  09:00:00,32886175.293013815,1354960.257918031 
 10/28  10:00:00,43722505.86459066,1445196.1617587493 
 10/28  11:00:00,47334381.460235566,1631264.8736108446 
 10/28  12:00:00,47319098.082831845,1747918.6305929597 
 10/28  13:00:00,42726498.899670586,1610371.0453380896 
 10/28  14:00:00,46192555.53737713,1757705.1788507332 
 10/28  15:00:00,47214722.0232409,1773714.4623196076 
 10/28  16:00:00,45158602.06334899,1735269.5783285277 
 10/28  17:00:00,40830629.98980802,1586370.4379230356 
 10/28  18:00:00,37978288.31703188,1440412.8803300126 
 10/28  19:00:00,22979078.136948735,1354960.257918031 
 10/28  20:00:00,12191942.83805784,1354960.257918031 
 10/28  21:00:00,7114960.257918031,1354960.257918031 
 10/28  22:00:00,3064960.257918031,1354960.257918031 
 10/28  23:00:00,3064960.257918031,1354960.257918031 
 10/28  24:00:00,3064960.257918031,1354960.257918031 
 10/29  01:00:00,3064960.257918031,1354960.257918031 
 10/29  02:00:00,3064960.257918031,1354960.257918031 
 10/29  03:00:00,3064960.257918031,1354960.257918031 
 10/29  04:00:00,3064960.257918031,1354960.257918031 
 10/29  05:00:00,3064960.257918031,1354960.257918031 
 10/29  06:00:00,3064960.257918031,1354960.257918031 
 10/29  07:00:00,3298167.021238942,1354960.257918031 
 10/29  08:00:00,3163354.0237309327,1354960.257918031 
 10/29  09:00:00,32878247.43977868,1354960.257918031 
 10/29  10:00:00,43228445.94736368,1368529.9519166646 
 10/29  11:00:00,46217666.474487014,1508115.9417038274 
 10/29  12:00:00,46414050.6054202,1634327.2586878259 
 10/29  13:00:00,42786448.551861785,1605125.9876788293 
 10/29  14:00:00,46487917.2701447,1766366.4707936216 
 10/29  15:00:00,47949439.92513419,1812993.5543362512 
 10/29  16:00:00,46091899.02040966,1775824.3049667566 
 10/29  17:00:00,41008647.767169386,1566976.4515220113 
 10/29  18:00:00,39062456.3689079,1438416.6784761087 
 10/29  19:00:00,22971849.79888824,1354960.257918031 
 10/29  20:00:00,12189733.369347949,1354960.257918031 
 10/29  21:00:00,7114960.257918031,1354960.257918031 
 10/29  22:00:00,3064960.257918031,1354960.257918031 
 10/29  23:00:00,3064960.257918031,1354960.257918031 
 10/29  24:00:00,3064960.257918031,1354960.257918031 
 10/30  01:00:00,3064960.257918031,1354960.257918031 
 10/30  02:00:00,3064960.257918031,1354960.257918031 
 10/30  03:00:00,3064960.257918031,1354960.257918031 
 10/30  04:00:00,3064960.257918031,1354960.257918031 
 10/30  05:00:00,3064960.257918031,1354960.257918031 
 10/30  06:00:00,3064960.257918031,1354960.257918031 
 10/30  07:00:00,3312812.6133869714,1354960.257918031 
 10/30  08:00:00,3158483.504066813,1354960.257918031 
 10/30  09:00:00,33288046.591524262,1360773.8001698211 
 10/30  10:00:00,45430611.111134455,1493851.7443229933 
 10/30  11:00:00,48778410.84378145,1778137.9844422638 
 10/30  12:00:00,49410626.96768067,1942430.1103485492 
 10/30  13:00:00,45100621.60811017,1731064.938663588 
 10/30  14:00:00,48976659.33540043,1881508.455890804 
 10/30  15:00:00,50664332.33190745,1960964.9612336694 
 10/30  16:00:00,48730815.02714817,1919418.3248759562 
 10/30  17:00:00,43133866.0817399,1669513.2785155517 
 10/30  18:00:00,41136660.46445766,1489113.663911256 
 10/30  19:00:00,25222997.414802037,1354960.257918031 
 10/30  20:00:00,12666062.94154576,1354960.257918031 
 10/30  21:00:00,7114960.257918031,1354960.257918031 
 10/30  22:00:00,3064960.257918031,1354960.257918031 
 10/30  23:00:00,3064960.257918031,1354960.257918031 
 10/30  24:00:00,3064960.257918031,1354960.257918031 
 10/31  01:00:00,3064960.257918031,1354960.257918031 
 10/31  02:00:00,3064960.257918031,1354960.257918031 
 10/31  03:00:00,3064960.257918031,1354960.257918031 
 10/31  04:00:00,3064960.257918031,1354960.257918031 
 10/31  05:00:00,3064960.257918031,1354960.257918031 
 10/31  06:00:00,3064960.257918031,1354960.257918031 
 10/31  07:00:00,3277490.493296916,1354960.257918031 
 10/31  08:00:00,3140371.614596761,1354960.257918031 
 10/31  09:00:00,33272374.59096229,1354960.257918031 
 10/31  10:00:00,45226279.88942404,1402306.5065410002 
 10/31  11:00:00,46883767.54252006,1452500.1953154663 
 10/31  12:00:00,45655440.86142056,1470034.063931553 
 10/31  13:00:00,41543210.66431602,1439798.819456078 
 10/31  14:00:00,45536272.76156527,1665309.1964478968 
 10/31  15:00:00,46980465.5458321,1736859.5150745562 
 10/31  16:00:00,44508300.53091773,1610776.3005981506 
 10/31  17:00:00,38600696.010418974,1445915.848729843 
 10/31  18:00:00,37422777.44701046,1415051.878348593 
 10/31  19:00:00,23000960.950448386,1354960.257918031 
 10/31  20:00:00,12225997.72464329,1354960.257918031 
 10/31  21:00:00,7114960.257918031,1354960.257918031 
 10/31  22:00:00,3064960.257918031,1354960.257918031 
 10/31  23:00:00,3064960.257918031,1354960.257918031 
 10/31  24:00:00,3064960.257918031,1354960.257918031,13145098789.905056,11223810000.0,7121250000.0,1059457084.0867816,861831705.8179085,3174633845.9191394,3174633845.9191394,,,,,,,,7121250000.0,,11223810000.0,,4102560000.0 
 11/01  01:00:00,3064960.257918031,1354960.257918031 
 11/01  02:00:00,3064960.257918031,1354960.257918031 
 11/01  03:00:00,3064960.257918031,1354960.257918031 
 11/01  04:00:00,3064960.257918031,1354960.257918031 
 11/01  05:00:00,3064960.257918031,1354960.257918031 
 11/01  06:00:00,3064960.257918031,1354960.257918031 
 11/01  07:00:00,6492088.375148277,1354960.257918031 
 11/01  08:00:00,6581490.094014342,1354960.257918031 
 11/01  09:00:00,36305585.24914318,1354960.257918031 
 11/01  10:00:00,46702022.38363346,1364283.9323922005 
 11/01  11:00:00,48182534.16269835,1403474.200353524 
 11/01  12:00:00,47006628.06177971,1409966.8734718421 
 11/01  13:00:00,42749421.990419574,1369743.2674562824 
 11/01  14:00:00,45447396.53116613,1412281.9757792333 
 11/01  15:00:00,46601255.45954353,1439324.8465937153 
 11/01  16:00:00,44562587.55471186,1419274.9148768845 
 11/01  17:00:00,40754701.589242324,1391056.1634785114 
 11/01  18:00:00,40804095.89998609,1383410.610982574 
 11/01  19:00:00,26279658.424517155,1354960.257918031 
 11/01  20:00:00,15390170.039844442,1354960.257918031 
 11/01  21:00:00,7114960.257918031,1354960.257918031 
 11/01  22:00:00,3064960.257918031,1354960.257918031 
 11/01  23:00:00,3064960.257918031,1354960.257918031 
 11/01  24:00:00,3064960.257918031,1354960.257918031 
 11/02  01:00:00,6304960.257918031,1354960.257918031 
 11/02  02:00:00,6304960.257918031,1354960.257918031 
 11/02  03:00:00,6304960.257918031,1354960.257918031 
 11/02  04:00:00,6304960.257918031,1354960.257918031 
 11/02  05:00:00,6304960.257918031,1354960.257918031 
 11/02  06:00:00,6304960.257918031,1354960.257918031 
 11/02  07:00:00,6304960.257918031,1354960.257918031 
 11/02  08:00:00,6304960.257918031,1354960.257918031 
 11/02  09:00:00,6304960.257918031,1354960.257918031 
 11/02  10:00:00,6304960.257918031,1354960.257918031 
 11/02  11:00:00,6304960.257918031,1354960.257918031 
 11/02  12:00:00,6304960.257918031,1354960.257918031 
 11/02  13:00:00,6304960.257918031,1354960.257918031 
 11/02  14:00:00,6304960.257918031,1354960.257918031 
 11/02  15:00:00,6304960.257918031,1354960.257918031 
 11/02  16:00:00,6304960.257918031,1354960.257918031 
 11/02  17:00:00,6304960.257918031,1354960.257918031 
 11/02  18:00:00,6304960.257918031,1354960.257918031 
 11/02  19:00:00,6304960.257918031,1354960.257918031 
 11/02  20:00:00,6304960.257918031,1354960.257918031 
 11/02  21:00:00,6304960.257918031,1354960.257918031 
 11/02  22:00:00,6304960.257918031,1354960.257918031 
 11/02  23:00:00,6304960.257918031,1354960.257918031 
 11/02  24:00:00,6304960.257918031,1354960.257918031 
 11/03  01:00:00,6304960.257918031,1354960.257918031 
 11/03  02:00:00,6304960.257918031,1354960.257918031 
 11/03  03:00:00,6304960.257918031,1354960.257918031 
 11/03  04:00:00,6304960.257918031,1354960.257918031 
 11/03  05:00:00,6304960.257918031,1354960.257918031 
 11/03  06:00:00,6304960.257918031,1354960.257918031 
 11/03  07:00:00,6304960.257918031,1354960.257918031 
 11/03  08:00:00,6304960.257918031,1354960.257918031 
 11/03  09:00:00,6304960.257918031,1354960.257918031 
 11/03  10:00:00,6304960.257918031,1354960.257918031 
 11/03  11:00:00,6304960.257918031,1354960.257918031 
 11/03  12:00:00,6304960.257918031,1354960.257918031 
 11/03  13:00:00,6304960.257918031,1354960.257918031 
 11/03  14:00:00,6304960.257918031,1354960.257918031 
 11/03  15:00:00,6304960.257918031,1354960.257918031 
 11/03  16:00:00,6304960.257918031,1354960.257918031 
 11/03  17:00:00,6304960.257918031,1354960.257918031 
 11/03  18:00:00,6304960.257918031,1354960.257918031 
 11/03  19:00:00,6304960.257918031,1354960.257918031 
 11/03  20:00:00,6304960.257918031,1354960.257918031 
 11/03  21:00:00,6304960.257918031,1354960.257918031 
 11/03  22:00:00,6304960.257918031,1354960.257918031 
 11/03  23:00:00,6304960.257918031,1354960.257918031 
 11/03  24:00:00,6304960.257918031,1354960.257918031 
 11/04  01:00:00,3064960.257918031,1354960.257918031 
 11/04  02:00:00,3064960.257918031,1354960.257918031 
 11/04  03:00:00,3064960.257918031,1354960.257918031 
 11/04  04:00:00,3064960.257918031,1354960.257918031 
 11/04  05:00:00,3064960.257918031,1354960.257918031 
 11/04  06:00:00,3064960.257918031,1354960.257918031 
 11/04  07:00:00,3256464.7352146995,1354960.257918031 
 11/04  08:00:00,4115274.1233234135,1354960.257918031 
 11/04  09:00:00,34838031.42309893,1354960.257918031 
 11/04  10:00:00,45636632.99286915,1434674.9414341694 
 11/04  11:00:00,48043719.49700845,1582283.1216349993 
 11/04  12:00:00,47357406.34467461,1638500.9030866632 
 11/04  13:00:00,43042350.55791131,1541705.3488913635 
 11/04  14:00:00,46372077.73706977,1650643.1408032537 
 11/04  15:00:00,47351833.32049419,1661073.634587264 
 11/04  16:00:00,45238444.37259579,1628017.2710910703 
 11/04  17:00:00,40341741.34342919,1480531.6244000823 
 11/04  18:00:00,37391267.47168666,1390324.6005451083 
 11/04  19:00:00,22967655.52831911,1354960.257918031 
 11/04  20:00:00,12184770.554869365,1354960.257918031 
 11/04  21:00:00,7114960.257918031,1354960.257918031 
 11/04  22:00:00,3064960.257918031,1354960.257918031 
 11/04  23:00:00,3064960.257918031,1354960.257918031 
 11/04  24:00:00,3064960.257918031,1354960.257918031 
 11/05  01:00:00,3064960.257918031,1354960.257918031 
 11/05  02:00:00,3064960.257918031,1354960.257918031 
 11/05  03:00:00,3064960.257918031,1354960.257918031 
 11/05  04:00:00,3064960.257918031,1354960.257918031 
 11/05  05:00:00,3064960.257918031,1354960.257918031 
 11/05  06:00:00,3064960.257918031,1354960.257918031 
 11/05  07:00:00,3270681.0688794525,1354960.257918031 
 11/05  08:00:00,3152740.9468851825,1354960.257918031 
 11/05  09:00:00,32869677.855006624,1354960.257918031 
 11/05  10:00:00,43213146.17099985,1354960.257918031 
 11/05  11:00:00,45965569.95344898,1389921.1221447147 
 11/05  12:00:00,45227639.17530531,1399442.4804220293 
 11/05  13:00:00,41301146.47018109,1364500.4787365394 
 11/05  14:00:00,44044446.97697753,1399620.278433203 
 11/05  15:00:00,45080197.06887874,1421107.236072616 
 11/05  16:00:00,43197086.10628898,1414028.3947493436 
 11/05  17:00:00,39356454.72256526,1388279.6860017928 
 11/05  18:00:00,39308860.95442913,1362344.3866135692 
 11/05  19:00:00,24833748.076328076,1354960.257918031 
 11/05  20:00:00,14039071.732237762,1354960.257918031 
 11/05  21:00:00,7114960.257918031,1354960.257918031 
 11/05  22:00:00,3064960.257918031,1354960.257918031 
 11/05  23:00:00,3064960.257918031,1354960.257918031 
 11/05  24:00:00,3064960.257918031,1354960.257918031 
 11/06  01:00:00,3064960.257918031,1354960.257918031 
 11/06  02:00:00,3064960.257918031,1354960.257918031 
 11/06  03:00:00,3064960.257918031,1354960.257918031 
 11/06  04:00:00,3064960.257918031,1354960.257918031 
 11/06  05:00:00,3064960.257918031,1354960.257918031 
 11/06  06:00:00,3064960.257918031,1354960.257918031 
 11/06  07:00:00,4972923.019375877,1354960.257918031 
 11/06  08:00:00,4887476.678786207,1354960.257918031 
 11/06  09:00:00,34765268.25762986,1354960.257918031 
 11/06  10:00:00,45199887.17405901,1363211.250284291 
 11/06  11:00:00,46716499.92230305,1398744.2672893135 
 11/06  12:00:00,45722049.956083074,1414926.3355168207 
 11/06  13:00:00,41763324.93798818,1372068.175041806 
 11/06  14:00:00,44553198.27973669,1423162.4994715126 
 11/06  15:00:00,45603319.960097775,1441128.6476885024 
 11/06  16:00:00,43529165.75675343,1413941.947967622 
 11/06  17:00:00,39582032.98531531,1388539.0836232433 
 11/06  18:00:00,39478446.6501543,1362708.6385559873 
 11/06  19:00:00,25064722.2835254,1354960.257918031 
 11/06  20:00:00,14348450.75644971,1354960.257918031 
 11/06  21:00:00,7114960.257918031,1354960.257918031 
 11/06  22:00:00,3064960.257918031,1354960.257918031 
 11/06  23:00:00,3064960.257918031,1354960.257918031 
 11/06  24:00:00,3064960.257918031,1354960.257918031 
 11/07  01:00:00,3064960.257918031,1354960.257918031 
 11/07  02:00:00,3064960.257918031,1354960.257918031 
 11/07  03:00:00,3064960.257918031,1354960.257918031 
 11/07  04:00:00,3064960.257918031,1354960.257918031 
 11/07  05:00:00,3064960.257918031,1354960.257918031 
 11/07  06:00:00,3064960.257918031,1354960.257918031 
 11/07  07:00:00,5568716.592314286,1354960.257918031 
 11/07  08:00:00,5513182.883744387,1354960.257918031 
 11/07  09:00:00,35276042.54128319,1354960.257918031 
 11/07  10:00:00,45638939.15253747,1366905.9770353315 
 11/07  11:00:00,47278080.41125114,1402913.7162308772 
 11/07  12:00:00,46240983.75797999,1422037.6622052237 
 11/07  13:00:00,42251103.60886274,1383341.8165285427 
 11/07  14:00:00,45584999.26937224,1458375.9687497243 
 11/07  15:00:00,46619571.00617643,1485962.3397583975 
 11/07  16:00:00,44406130.11949898,1439750.5496638995 
 11/07  17:00:00,40390584.6575716,1403240.8383474022 
 11/07  18:00:00,40114226.628424585,1394482.9912379275 
 11/07  19:00:00,25535155.692626365,1354960.257918031 
 11/07  20:00:00,14710917.922626192,1354960.257918031 
 11/07  21:00:00,7114960.257918031,1354960.257918031 
 11/07  22:00:00,3064960.257918031,1354960.257918031 
 11/07  23:00:00,3064960.257918031,1354960.257918031 
 11/07  24:00:00,3064960.257918031,1354960.257918031 
 11/08  01:00:00,3064960.257918031,1354960.257918031 
 11/08  02:00:00,3064960.257918031,1354960.257918031 
 11/08  03:00:00,3064960.257918031,1354960.257918031 
 11/08  04:00:00,3064960.257918031,1354960.257918031 
 11/08  05:00:00,3064960.257918031,1354960.257918031 
 11/08  06:00:00,3064960.257918031,1354960.257918031 
 11/08  07:00:00,5961373.764806097,1354960.257918031 
 11/08  08:00:00,6129312.2441884875,1354960.257918031 
 11/08  09:00:00,36035110.775184065,1354960.257918031 
 11/08  10:00:00,46756847.54798455,1377463.7161933132 
 11/08  11:00:00,49064366.08321382,1483690.172967814 
 11/08  12:00:00,48668282.82226165,1526000.953625777 
 11/08  13:00:00,44187339.47619848,1436853.2427748758 
 11/08  14:00:00,47170885.28435524,1525004.0732630792 
 11/08  15:00:00,48087171.36794166,1544210.1078396288 
 11/08  16:00:00,45952171.85555303,1491240.9281941308 
 11/08  17:00:00,41933612.51959898,1413635.859112716 
 11/08  18:00:00,41990415.29470438,1406933.3095695898 
 11/08  19:00:00,27495169.271570574,1354960.257918031 
 11/08  20:00:00,16639640.52471714,1354960.257918031 
 11/08  21:00:00,7114960.257918031,1354960.257918031 
 11/08  22:00:00,3064960.257918031,1354960.257918031 
 11/08  23:00:00,3064960.257918031,1354960.257918031 
 11/08  24:00:00,3064960.257918031,1354960.257918031 
 11/09  01:00:00,6304960.257918031,1354960.257918031 
 11/09  02:00:00,6304960.257918031,1354960.257918031 
 11/09  03:00:00,6304960.257918031,1354960.257918031 
 11/09  04:00:00,6304960.257918031,1354960.257918031 
 11/09  05:00:00,6304960.257918031,1354960.257918031 
 11/09  06:00:00,6304960.257918031,1354960.257918031 
 11/09  07:00:00,6304960.257918031,1354960.257918031 
 11/09  08:00:00,6304960.257918031,1354960.257918031 
 11/09  09:00:00,6304960.257918031,1354960.257918031 
 11/09  10:00:00,6304960.257918031,1354960.257918031 
 11/09  11:00:00,6304960.257918031,1354960.257918031 
 11/09  12:00:00,6304960.257918031,1354960.257918031 
 11/09  13:00:00,6304960.257918031,1354960.257918031 
 11/09  14:00:00,6304960.257918031,1354960.257918031 
 11/09  15:00:00,6304960.257918031,1354960.257918031 
 11/09  16:00:00,6304960.257918031,1354960.257918031 
 11/09  17:00:00,6304960.257918031,1354960.257918031 
 11/09  18:00:00,6304960.257918031,1354960.257918031 
 11/09  19:00:00,6304960.257918031,1354960.257918031 
 11/09  20:00:00,6304960.257918031,1354960.257918031 
 11/09  21:00:00,6304960.257918031,1354960.257918031 
 11/09  22:00:00,6304960.257918031,1354960.257918031 
 11/09  23:00:00,6304960.257918031,1354960.257918031 
 11/09  24:00:00,6304960.257918031,1354960.257918031 
 11/10  01:00:00,6304960.257918031,1354960.257918031 
 11/10  02:00:00,6304960.257918031,1354960.257918031 
 11/10  03:00:00,6304960.257918031,1354960.257918031 
 11/10  04:00:00,6304960.257918031,1354960.257918031 
 11/10  05:00:00,6304960.257918031,1354960.257918031 
 11/10  06:00:00,6304960.257918031,1354960.257918031 
 11/10  07:00:00,6304960.257918031,1354960.257918031 
 11/10  08:00:00,6304960.257918031,1354960.257918031 
 11/10  09:00:00,6304960.257918031,1354960.257918031 
 11/10  10:00:00,6304960.257918031,1354960.257918031 
 11/10  11:00:00,6304960.257918031,1354960.257918031 
 11/10  12:00:00,6304960.257918031,1354960.257918031 
 11/10  13:00:00,6304960.257918031,1354960.257918031 
 11/10  14:00:00,6304960.257918031,1354960.257918031 
 11/10  15:00:00,6304960.257918031,1354960.257918031 
 11/10  16:00:00,6304960.257918031,1354960.257918031 
 11/10  17:00:00,6304960.257918031,1354960.257918031 
 11/10  18:00:00,6304960.257918031,1354960.257918031 
 11/10  19:00:00,6304960.257918031,1354960.257918031 
 11/10  20:00:00,6304960.257918031,1354960.257918031 
 11/10  21:00:00,6304960.257918031,1354960.257918031 
 11/10  22:00:00,6304960.257918031,1354960.257918031 
 11/10  23:00:00,6304960.257918031,1354960.257918031 
 11/10  24:00:00,6304960.257918031,1354960.257918031 
 11/11  01:00:00,3064960.257918031,1354960.257918031 
 11/11  02:00:00,3064960.257918031,1354960.257918031 
 11/11  03:00:00,3064960.257918031,1354960.257918031 
 11/11  04:00:00,3064960.257918031,1354960.257918031 
 11/11  05:00:00,3064960.257918031,1354960.257918031 
 11/11  06:00:00,3064960.257918031,1354960.257918031 
 11/11  07:00:00,3480444.6734369146,1354960.257918031 
 11/11  08:00:00,3378825.9729771195,1354960.257918031 
 11/11  09:00:00,32944814.774757594,1354960.257918031 
 11/11  10:00:00,43264835.534403935,1354960.257918031 
 11/11  11:00:00,44608286.38105916,1354960.257918031 
 11/11  12:00:00,43263741.511288024,1357531.6802547865 
 11/11  13:00:00,39231635.248546615,1354960.257918031 
 11/11  14:00:00,41937627.68371646,1373393.8028729202 
 11/11  15:00:00,42861308.23450787,1420863.7782251008 
 11/11  16:00:00,41041939.08995381,1385409.309636761 
 11/11  17:00:00,37421998.90203108,1354960.257918031 
 11/11  18:00:00,37410586.62843526,1354960.257918031 
 11/11  19:00:00,23031433.43831121,1354960.257918031 
 11/11  20:00:00,12267165.369361095,1354960.257918031 
 11/11  21:00:00,7114960.257918031,1354960.257918031 
 11/11  22:00:00,3064960.257918031,1354960.257918031 
 11/11  23:00:00,3064960.257918031,1354960.257918031 
 11/11  24:00:00,3064960.257918031,1354960.257918031 
 11/12  01:00:00,3064960.257918031,1354960.257918031 
 11/12  02:00:00,3064960.257918031,1354960.257918031 
 11/12  03:00:00,3064960.257918031,1354960.257918031 
 11/12  04:00:00,3064960.257918031,1354960.257918031 
 11/12  05:00:00,3064960.257918031,1354960.257918031 
 11/12  06:00:00,3064960.257918031,1354960.257918031 
 11/12  07:00:00,3497839.9303920744,1354960.257918031 
 11/12  08:00:00,3439201.9988176376,1354960.257918031 
 11/12  09:00:00,32963291.72241465,1354960.257918031 
 11/12  10:00:00,43273544.384035915,1354960.257918031 
 11/12  11:00:00,44626090.66481041,1377494.5692851436 
 11/12  12:00:00,43276763.14877593,1386367.026801857 
 11/12  13:00:00,39222059.911182284,1376592.521002351 
 11/12  14:00:00,41978720.81158939,1458683.7732674736 
 11/12  15:00:00,42922899.16544015,1509634.018040636 
 11/12  16:00:00,41072910.56017862,1453974.2966865278 
 11/12  17:00:00,37409587.977118514,1359064.3788083063 
 11/12  18:00:00,37413230.58200186,1354960.257918031 
 11/12  19:00:00,23033368.277588785,1354960.257918031 
 11/12  20:00:00,12269696.597295461,1354960.257918031 
 11/12  21:00:00,7114960.257918031,1354960.257918031 
 11/12  22:00:00,3064960.257918031,1354960.257918031 
 11/12  23:00:00,3064960.257918031,1354960.257918031 
 11/12  24:00:00,3064960.257918031,1354960.257918031 
 11/13  01:00:00,3064960.257918031,1354960.257918031 
 11/13  02:00:00,3064960.257918031,1354960.257918031 
 11/13  03:00:00,3064960.257918031,1354960.257918031 
 11/13  04:00:00,3064960.257918031,1354960.257918031 
 11/13  05:00:00,3064960.257918031,1354960.257918031 
 11/13  06:00:00,3064960.257918031,1354960.257918031 
 11/13  07:00:00,3492873.2381316717,1354960.257918031 
 11/13  08:00:00,3341015.517233032,1354960.257918031 
 11/13  09:00:00,32940826.536681756,1354960.257918031 
 11/13  10:00:00,43264287.65452267,1354960.257918031 
 11/13  11:00:00,44625472.388871014,1354960.257918031 
 11/13  12:00:00,43278687.75220989,1354960.257918031 
 11/13  13:00:00,39235103.506838344,1354960.257918031 
 11/13  14:00:00,41934327.41663975,1354960.257918031 
 11/13  15:00:00,42841678.501518555,1354960.257918031 
 11/13  16:00:00,41041537.79641579,1354960.257918031 
 11/13  17:00:00,37426341.51704826,1354960.257918031 
 11/13  18:00:00,37408618.75309564,1354960.257918031 
 11/13  19:00:00,23025362.54513249,1354960.257918031 
 11/13  20:00:00,12255017.245107777,1354960.257918031 
 11/13  21:00:00,7114960.257918031,1354960.257918031 
 11/13  22:00:00,3064960.257918031,1354960.257918031 
 11/13  23:00:00,3064960.257918031,1354960.257918031 
 11/13  24:00:00,3064960.257918031,1354960.257918031 
 11/14  01:00:00,3064960.257918031,1354960.257918031 
 11/14  02:00:00,3064960.257918031,1354960.257918031 
 11/14  03:00:00,3064960.257918031,1354960.257918031 
 11/14  04:00:00,3064960.257918031,1354960.257918031 
 11/14  05:00:00,3064960.257918031,1354960.257918031 
 11/14  06:00:00,3064960.257918031,1354960.257918031 
 11/14  07:00:00,3445118.7119390797,1354960.257918031 
 11/14  08:00:00,3261831.585317823,1354960.257918031 
 11/14  09:00:00,32924604.12736863,1354960.257918031 
 11/14  10:00:00,43292780.97877735,1388034.9364155978 
 11/14  11:00:00,44703729.64052975,1479479.7073034048 
 11/14  12:00:00,44362841.23443168,1536988.1348373336 
 11/14  13:00:00,40749842.31648809,1489307.79589179 
 11/14  14:00:00,44736847.96632875,1607728.2116261255 
 11/14  15:00:00,46206618.096114516,1642583.9115279606 
 11/14  16:00:00,44247276.64190909,1617044.8749164832 
 11/14  17:00:00,38020695.573402606,1429463.6283394934 
 11/14  18:00:00,37404925.15362449,1375200.3465257413 
 11/14  19:00:00,22999937.0885173,1354960.257918031 
 11/14  20:00:00,12206555.876421161,1354960.257918031 
 11/14  21:00:00,7114960.257918031,1354960.257918031 
 11/14  22:00:00,3064960.257918031,1354960.257918031 
 11/14  23:00:00,3064960.257918031,1354960.257918031 
 11/14  24:00:00,3064960.257918031,1354960.257918031 
 11/15  01:00:00,3064960.257918031,1354960.257918031 
 11/15  02:00:00,3064960.257918031,1354960.257918031 
 11/15  03:00:00,3064960.257918031,1354960.257918031 
 11/15  04:00:00,3064960.257918031,1354960.257918031 
 11/15  05:00:00,3064960.257918031,1354960.257918031 
 11/15  06:00:00,3064960.257918031,1354960.257918031 
 11/15  07:00:00,3305295.018539879,1354960.257918031 
 11/15  08:00:00,3161106.3534691324,1354960.257918031 
 11/15  09:00:00,32868573.07028586,1354960.257918031 
 11/15  10:00:00,45219920.7915015,1354960.257918031 
 11/15  11:00:00,47196801.96634086,1425106.4422841417 
 11/15  12:00:00,46605413.40228654,1504928.2556286983 
 11/15  13:00:00,41813965.31505665,1391452.1315869512 
 11/15  14:00:00,44657056.9903992,1423249.403851957 
 11/15  15:00:00,45644564.61686873,1437715.1797297187 
 11/15  16:00:00,43706717.52857048,1421274.361421548 
 11/15  17:00:00,39737844.817354865,1396486.1761836885 
 11/15  18:00:00,39570446.998987466,1373073.2005884529 
 11/15  19:00:00,23479534.743671063,1354960.257918031 
 11/15  20:00:00,12188089.443033453,1354960.257918031 
 11/15  21:00:00,7114960.257918031,1354960.257918031 
 11/15  22:00:00,3064960.257918031,1354960.257918031 
 11/15  23:00:00,3064960.257918031,1354960.257918031 
 11/15  24:00:00,3064960.257918031,1354960.257918031 
 11/16  01:00:00,6304960.257918031,1354960.257918031 
 11/16  02:00:00,6304960.257918031,1354960.257918031 
 11/16  03:00:00,6304960.257918031,1354960.257918031 
 11/16  04:00:00,6304960.257918031,1354960.257918031 
 11/16  05:00:00,6304960.257918031,1354960.257918031 
 11/16  06:00:00,6304960.257918031,1354960.257918031 
 11/16  07:00:00,6304960.257918031,1354960.257918031 
 11/16  08:00:00,6304960.257918031,1354960.257918031 
 11/16  09:00:00,6304960.257918031,1354960.257918031 
 11/16  10:00:00,6304960.257918031,1354960.257918031 
 11/16  11:00:00,6304960.257918031,1354960.257918031 
 11/16  12:00:00,6304960.257918031,1354960.257918031 
 11/16  13:00:00,6304960.257918031,1354960.257918031 
 11/16  14:00:00,6304960.257918031,1354960.257918031 
 11/16  15:00:00,6304960.257918031,1354960.257918031 
 11/16  16:00:00,6304960.257918031,1354960.257918031 
 11/16  17:00:00,6304960.257918031,1354960.257918031 
 11/16  18:00:00,6304960.257918031,1354960.257918031 
 11/16  19:00:00,6304960.257918031,1354960.257918031 
 11/16  20:00:00,6304960.257918031,1354960.257918031 
 11/16  21:00:00,6304960.257918031,1354960.257918031 
 11/16  22:00:00,6304960.257918031,1354960.257918031 
 11/16  23:00:00,6304960.257918031,1354960.257918031 
 11/16  24:00:00,6304960.257918031,1354960.257918031 
 11/17  01:00:00,6304960.257918031,1354960.257918031 
 11/17  02:00:00,6304960.257918031,1354960.257918031 
 11/17  03:00:00,6304960.257918031,1354960.257918031 
 11/17  04:00:00,6304960.257918031,1354960.257918031 
 11/17  05:00:00,6304960.257918031,1354960.257918031 
 11/17  06:00:00,6304960.257918031,1354960.257918031 
 11/17  07:00:00,6304960.257918031,1354960.257918031 
 11/17  08:00:00,6304960.257918031,1354960.257918031 
 11/17  09:00:00,6304960.257918031,1354960.257918031 
 11/17  10:00:00,6304960.257918031,1354960.257918031 
 11/17  11:00:00,6304960.257918031,1354960.257918031 
 11/17  12:00:00,6304960.257918031,1354960.257918031 
 11/17  13:00:00,6304960.257918031,1354960.257918031 
 11/17  14:00:00,6304960.257918031,1354960.257918031 
 11/17  15:00:00,6304960.257918031,1354960.257918031 
 11/17  16:00:00,6304960.257918031,1354960.257918031 
 11/17  17:00:00,6304960.257918031,1354960.257918031 
 11/17  18:00:00,6304960.257918031,1354960.257918031 
 11/17  19:00:00,6304960.257918031,1354960.257918031 
 11/17  20:00:00,6304960.257918031,1354960.257918031 
 11/17  21:00:00,6304960.257918031,1354960.257918031 
 11/17  22:00:00,6304960.257918031,1354960.257918031 
 11/17  23:00:00,6304960.257918031,1354960.257918031 
 11/17  24:00:00,6304960.257918031,1354960.257918031 
 11/18  01:00:00,3064960.257918031,1354960.257918031 
 11/18  02:00:00,3064960.257918031,1354960.257918031 
 11/18  03:00:00,3064960.257918031,1354960.257918031 
 11/18  04:00:00,3064960.257918031,1354960.257918031 
 11/18  05:00:00,3064960.257918031,1354960.257918031 
 11/18  06:00:00,3064960.257918031,1354960.257918031 
 11/18  07:00:00,3460076.643804674,1354960.257918031 
 11/18  08:00:00,3309742.418848244,1354960.257918031 
 11/18  09:00:00,32937741.143826514,1354960.257918031 
 11/18  10:00:00,43263932.31456692,1354960.257918031 
 11/18  11:00:00,44624643.794431865,1357098.9082263177 
 11/18  12:00:00,43285585.18541077,1362318.260925619 
 11/18  13:00:00,39260696.1541411,1389183.2123485901 
 11/18  14:00:00,42038120.64668642,1511651.771433068 
 11/18  15:00:00,42973506.13164657,1570506.42632105 
 11/18  16:00:00,41173536.79829339,1572080.5885814973 
 11/18  17:00:00,37449208.12305391,1396847.7348945953 
 11/18  18:00:00,37422360.28534091,1354960.257918031 
 11/18  19:00:00,23018873.045580808,1354960.257918031 
 11/18  20:00:00,12242255.676951341,1354960.257918031 
 11/18  21:00:00,7114960.257918031,1354960.257918031 
 11/18  22:00:00,3064960.257918031,1354960.257918031 
 11/18  23:00:00,3064960.257918031,1354960.257918031 
 11/18  24:00:00,3064960.257918031,1354960.257918031 
 11/19  01:00:00,3064960.257918031,1354960.257918031 
 11/19  02:00:00,3064960.257918031,1354960.257918031 
 11/19  03:00:00,3064960.257918031,1354960.257918031 
 11/19  04:00:00,3064960.257918031,1354960.257918031 
 11/19  05:00:00,3064960.257918031,1354960.257918031 
 11/19  06:00:00,3064960.257918031,1354960.257918031 
 11/19  07:00:00,3445280.7215724913,1354960.257918031 
 11/19  08:00:00,3259428.347305428,1354960.257918031 
 11/19  09:00:00,32924543.69726632,1354960.257918031 
 11/19  10:00:00,43265491.462796405,1354960.257918031 
 11/19  11:00:00,44627061.35122239,1354960.257918031 
 11/19  12:00:00,43278919.040083185,1354960.257918031 
 11/19  13:00:00,39234557.048355855,1354960.257918031 
 11/19  14:00:00,41929639.09887742,1354960.257918031 
 11/19  15:00:00,42816886.17527265,1354960.257918031 
 11/19  16:00:00,41029363.207306385,1354960.257918031 
 11/19  17:00:00,37429286.60065752,1354960.257918031 
 11/19  18:00:00,37404786.311465174,1354960.257918031 
 11/19  19:00:00,23008339.859648883,1354960.257918031 
 11/19  20:00:00,12238883.891007824,1354960.257918031 
 11/19  21:00:00,7114960.257918031,1354960.257918031 
 11/19  22:00:00,3064960.257918031,1354960.257918031 
 11/19  23:00:00,3064960.257918031,1354960.257918031 
 11/19  24:00:00,3064960.257918031,1354960.257918031 
 11/20  01:00:00,3064960.257918031,1354960.257918031 
 11/20  02:00:00,3064960.257918031,1354960.257918031 
 11/20  03:00:00,3064960.257918031,1354960.257918031 
 11/20  04:00:00,3064960.257918031,1354960.257918031 
 11/20  05:00:00,3064960.257918031,1354960.257918031 
 11/20  06:00:00,3064960.257918031,1354960.257918031 
 11/20  07:00:00,3348402.8994344193,1354960.257918031 
 11/20  08:00:00,3188359.936361867,1354960.257918031 
 11/20  09:00:00,32874930.80955749,1354960.257918031 
 11/20  10:00:00,43213115.10871978,1354960.257918031 
 11/20  11:00:00,45427721.14357836,1354960.257918031 
 11/20  12:00:00,44981397.29634646,1366683.1492068565 
 11/20  13:00:00,40997664.628950864,1354960.257918031 
 11/20  14:00:00,44005219.441476196,1374404.101487207 
 11/20  15:00:00,45381980.74696398,1402536.7715571253 
 11/20  16:00:00,43804220.305415966,1399962.878962644 
 11/20  17:00:00,40241904.9259466,1376972.454257354 
 11/20  18:00:00,39532085.06683379,1359386.3154512474 
 11/20  19:00:00,22970393.209556714,1354960.257918031 
 11/20  20:00:00,12193060.579376873,1354960.257918031 
 11/20  21:00:00,7114960.257918031,1354960.257918031 
 11/20  22:00:00,3064960.257918031,1354960.257918031 
 11/20  23:00:00,3064960.257918031,1354960.257918031 
 11/20  24:00:00,3064960.257918031,1354960.257918031 
 11/21  01:00:00,3064960.257918031,1354960.257918031 
 11/21  02:00:00,3064960.257918031,1354960.257918031 
 11/21  03:00:00,3064960.257918031,1354960.257918031 
 11/21  04:00:00,3064960.257918031,1354960.257918031 
 11/21  05:00:00,3064960.257918031,1354960.257918031 
 11/21  06:00:00,3064960.257918031,1354960.257918031 
 11/21  07:00:00,3498729.437629653,1354960.257918031 
 11/21  08:00:00,3456341.9754772973,1354960.257918031 
 11/21  09:00:00,32971869.728447143,1354960.257918031 
 11/21  10:00:00,43279472.00754089,1354960.257918031 
 11/21  11:00:00,44624597.748554625,1364924.30737584 
 11/21  12:00:00,43277108.607199594,1380859.20248864 
 11/21  13:00:00,39227004.93861049,1385192.0883566535 
 11/21  14:00:00,41978564.413447164,1455688.08620593 
 11/21  15:00:00,42881104.194501504,1460401.3837090195 
 11/21  16:00:00,41014725.22385964,1368581.8571397373 
 11/21  17:00:00,37412972.78033405,1354960.257918031 
 11/21  18:00:00,37420952.074509874,1354960.257918031 
 11/21  19:00:00,23046934.035980113,1354960.257918031 
 11/21  20:00:00,12285965.355749747,1354960.257918031 
 11/21  21:00:00,7114960.257918031,1354960.257918031 
 11/21  22:00:00,3064960.257918031,1354960.257918031 
 11/21  23:00:00,3064960.257918031,1354960.257918031 
 11/21  24:00:00,3064960.257918031,1354960.257918031 
 11/22  01:00:00,3064960.257918031,1354960.257918031 
 11/22  02:00:00,3064960.257918031,1354960.257918031 
 11/22  03:00:00,3064960.257918031,1354960.257918031 
 11/22  04:00:00,3064960.257918031,1354960.257918031 
 11/22  05:00:00,3064960.257918031,1354960.257918031 
 11/22  06:00:00,3064990.9547163867,1354960.257918031 
 11/22  07:00:00,3502669.6652641874,1354960.257918031 
 11/22  08:00:00,3403772.139546137,1354960.257918031 
 11/22  09:00:00,32959217.12917564,1354960.257918031 
 11/22  10:00:00,43276477.70089702,1354960.257918031 
 11/22  11:00:00,44616089.27834062,1354960.257918031 
 11/22  12:00:00,43261300.03482829,1354960.257918031 
 11/22  13:00:00,39209712.16386074,1354960.257918031 
 11/22  14:00:00,41918768.096899845,1354960.257918031 
 11/22  15:00:00,42829749.95827998,1354960.257918031 
 11/22  16:00:00,41033499.93337895,1354960.257918031 
 11/22  17:00:00,37422666.149779335,1354960.257918031 
 11/22  18:00:00,37409399.275579005,1354960.257918031 
 11/22  19:00:00,23028842.421026655,1354960.257918031 
 11/22  20:00:00,12263951.701384867,1354960.257918031 
 11/22  21:00:00,7114960.257918031,1354960.257918031 
 11/22  22:00:00,3064960.257918031,1354960.257918031 
 11/22  23:00:00,3064960.257918031,1354960.257918031 
 11/22  24:00:00,3064960.257918031,1354960.257918031 
 11/23  01:00:00,6304960.257918031,1354960.257918031 
 11/23  02:00:00,6304960.257918031,1354960.257918031 
 11/23  03:00:00,6304960.257918031,1354960.257918031 
 11/23  04:00:00,6304960.257918031,1354960.257918031 
 11/23  05:00:00,6304960.257918031,1354960.257918031 
 11/23  06:00:00,6304960.257918031,1354960.257918031 
 11/23  07:00:00,6304960.257918031,1354960.257918031 
 11/23  08:00:00,6304960.257918031,1354960.257918031 
 11/23  09:00:00,6304960.257918031,1354960.257918031 
 11/23  10:00:00,6304960.257918031,1354960.257918031 
 11/23  11:00:00,6304960.257918031,1354960.257918031 
 11/23  12:00:00,6304960.257918031,1354960.257918031 
 11/23  13:00:00,6304960.257918031,1354960.257918031 
 11/23  14:00:00,6304960.257918031,1354960.257918031 
 11/23  15:00:00,6304960.257918031,1354960.257918031 
 11/23  16:00:00,6304960.257918031,1354960.257918031 
 11/23  17:00:00,6304960.257918031,1354960.257918031 
 11/23  18:00:00,6304960.257918031,1354960.257918031 
 11/23  19:00:00,6304960.257918031,1354960.257918031 
 11/23  20:00:00,6304960.257918031,1354960.257918031 
 11/23  21:00:00,6304960.257918031,1354960.257918031 
 11/23  22:00:00,6304960.257918031,1354960.257918031 
 11/23  23:00:00,6304960.257918031,1354960.257918031 
 11/23  24:00:00,6304960.257918031,1354960.257918031 
 11/24  01:00:00,6304960.257918031,1354960.257918031 
 11/24  02:00:00,6304960.257918031,1354960.257918031 
 11/24  03:00:00,6304960.257918031,1354960.257918031 
 11/24  04:00:00,6304960.257918031,1354960.257918031 
 11/24  05:00:00,6304960.257918031,1354960.257918031 
 11/24  06:00:00,6304960.257918031,1354960.257918031 
 11/24  07:00:00,6304960.257918031,1354960.257918031 
 11/24  08:00:00,6304960.257918031,1354960.257918031 
 11/24  09:00:00,6304960.257918031,1354960.257918031 
 11/24  10:00:00,6304960.257918031,1354960.257918031 
 11/24  11:00:00,6304960.257918031,1354960.257918031 
 11/24  12:00:00,6304960.257918031,1354960.257918031 
 11/24  13:00:00,6304960.257918031,1354960.257918031 
 11/24  14:00:00,6304960.257918031,1354960.257918031 
 11/24  15:00:00,6304960.257918031,1354960.257918031 
 11/24  16:00:00,6304960.257918031,1354960.257918031 
 11/24  17:00:00,6304960.257918031,1354960.257918031 
 11/24  18:00:00,6304960.257918031,1354960.257918031 
 11/24  19:00:00,6304960.257918031,1354960.257918031 
 11/24  20:00:00,6304960.257918031,1354960.257918031 
 11/24  21:00:00,6304960.257918031,1354960.257918031 
 11/24  22:00:00,6304960.257918031,1354960.257918031 
 11/24  23:00:00,6304960.257918031,1354960.257918031 
 11/24  24:00:00,6304960.257918031,1354960.257918031 
 11/25  01:00:00,3064960.257918031,1354960.257918031 
 11/25  02:00:00,3064960.257918031,1354960.257918031 
 11/25  03:00:00,3064960.257918031,1354960.257918031 
 11/25  04:00:00,3064960.257918031,1354960.257918031 
 11/25  05:00:00,3064960.257918031,1354960.257918031 
 11/25  06:00:00,3064960.257918031,1354960.257918031 
 11/25  07:00:00,3482305.259610883,1354960.257918031 
 11/25  08:00:00,3348249.447324676,1354960.257918031 
 11/25  09:00:00,32968422.239366144,1354960.257918031 
 11/25  10:00:00,43302076.04428613,1354960.257918031 
 11/25  11:00:00,44651064.54564705,1354960.257918031 
 11/25  12:00:00,43303207.926468275,1354960.257918031 
 11/25  13:00:00,39259699.29567123,1354960.257918031 
 11/25  14:00:00,41956796.24354221,1354960.257918031 
 11/25  15:00:00,42858204.378861554,1354960.257918031 
 11/25  16:00:00,41064424.993387595,1354960.257918031 
 11/25  17:00:00,37479185.9492656,1354960.257918031 
 11/25  18:00:00,37487074.318852186,1354960.257918031 
 11/25  19:00:00,23128908.542366542,1354960.257918031 
 11/25  20:00:00,12386860.480616447,1354960.257918031 
 11/25  21:00:00,7114960.257918031,1354960.257918031 
 11/25  22:00:00,3064960.257918031,1354960.257918031 
 11/25  23:00:00,3066763.56343871,1354960.257918031 
 11/25  24:00:00,3071015.535147313,1354960.257918031 
 11/26  01:00:00,3073980.4806262045,1354960.257918031 
 11/26  02:00:00,3078821.295012775,1354960.257918031 
 11/26  03:00:00,3085060.802346687,1354960.257918031 
 11/26  04:00:00,3088951.0513587543,1354960.257918031 
 11/26  05:00:00,3091739.187505126,1354960.257918031 
 11/26  06:00:00,3095972.496879314,1354960.257918031 
 11/26  07:00:00,3613548.207527157,1354960.257918031 
 11/26  08:00:00,3607404.414478949,1354960.257918031 
 11/26  09:00:00,33166563.321734596,1354960.257918031 
 11/26  10:00:00,43392605.98057555,1354960.257918031 
 11/26  11:00:00,44701227.53542815,1354960.257918031 
 11/26  12:00:00,43330033.45547018,1358212.7697509727 
 11/26  13:00:00,39264843.07302618,1354960.257918031 
 11/26  14:00:00,41963236.36173083,1369813.361079174 
 11/26  15:00:00,42858214.084646076,1364254.8476231822 
 11/26  16:00:00,41061485.26216834,1354960.257918031 
 11/26  17:00:00,37484898.82610069,1354960.257918031 
 11/26  18:00:00,37502117.812456414,1354960.257918031 
 11/26  19:00:00,23141426.461983386,1354960.257918031 
 11/26  20:00:00,12395656.140754871,1354960.257918031 
 11/26  21:00:00,7114960.257918031,1354960.257918031 
 11/26  22:00:00,3064960.257918031,1354960.257918031 
 11/26  23:00:00,3064960.257918031,1354960.257918031 
 11/26  24:00:00,3064960.257918031,1354960.257918031 
 11/27  01:00:00,3064969.50174561,1354960.257918031 
 11/27  02:00:00,3065689.593412637,1354960.257918031 
 11/27  03:00:00,3068305.901193698,1354960.257918031 
 11/27  04:00:00,3070998.283256999,1354960.257918031 
 11/27  05:00:00,3072496.540245304,1354960.257918031 
 11/27  06:00:00,3073862.655478784,1354960.257918031 
 11/27  07:00:00,3515743.504179719,1354960.257918031 
 11/27  08:00:00,3498577.011232315,1354960.257918031 
 11/27  09:00:00,33015182.19728066,1354960.257918031 
 11/27  10:00:00,43309699.992906585,1354960.257918031 
 11/27  11:00:00,44640965.51173681,1354960.257918031 
 11/27  12:00:00,43286659.86903191,1354960.257918031 
 11/27  13:00:00,39239327.37106812,1354960.257918031 
 11/27  14:00:00,41933389.34994255,1354960.257918031 
 11/27  15:00:00,42829542.451125994,1354960.257918031 
 11/27  16:00:00,41027933.541105375,1354960.257918031 
 11/27  17:00:00,37433084.697299436,1354960.257918031 
 11/27  18:00:00,37436364.50489669,1354960.257918031 
 11/27  19:00:00,23061146.887964297,1354960.257918031 
 11/27  20:00:00,12308851.436485097,1354960.257918031 
 11/27  21:00:00,7114960.257918031,1354960.257918031 
 11/27  22:00:00,3064960.257918031,1354960.257918031 
 11/27  23:00:00,3064960.257918031,1354960.257918031 
 11/27  24:00:00,3064960.257918031,1354960.257918031 
 11/28  01:00:00,3064960.257918031,1354960.257918031 
 11/28  02:00:00,3065050.0809382726,1354960.257918031 
 11/28  03:00:00,3066777.77579192,1354960.257918031 
 11/28  04:00:00,3068976.8741346775,1354960.257918031 
 11/28  05:00:00,3071759.801302689,1354960.257918031 
 11/28  06:00:00,3075578.7933340687,1354960.257918031 
 11/28  07:00:00,3573276.0503488453,1354960.257918031 
 11/28  08:00:00,3562017.1006061044,1354960.257918031 
 11/28  09:00:00,33083179.68971829,1354960.257918031 
 11/28  10:00:00,43346983.37042585,1354960.257918031 
 11/28  11:00:00,44672818.6779338,1364088.2737978282 
 11/28  12:00:00,43305264.4932971,1360495.1433552904 
 11/28  13:00:00,39243717.08817799,1354960.257918031 
 11/28  14:00:00,41943098.791335434,1366172.022581453 
 11/28  15:00:00,42834767.06218312,1354960.257918031 
 11/28  16:00:00,41037030.685289726,1354960.257918031 
 11/28  17:00:00,37449688.99626808,1354960.257918031 
 11/28  18:00:00,37457590.234336756,1354960.257918031 
 11/28  19:00:00,23085578.887489263,1354960.257918031 
 11/28  20:00:00,12335901.35033,1354960.257918031 
 11/28  21:00:00,7114960.257918031,1354960.257918031 
 11/28  22:00:00,3064960.257918031,1354960.257918031 
 11/28  23:00:00,3064960.257918031,1354960.257918031 
 11/28  24:00:00,3064960.257918031,1354960.257918031 
 11/29  01:00:00,3064960.257918031,1354960.257918031 
 11/29  02:00:00,3065293.030193718,1354960.257918031 
 11/29  03:00:00,3068076.2527917344,1354960.257918031 
 11/29  04:00:00,3070549.530941101,1354960.257918031 
 11/29  05:00:00,3072788.0235428307,1354960.257918031 
 11/29  06:00:00,3075160.5736272023,1354960.257918031 
 11/29  07:00:00,3573922.2587048523,1354960.257918031 
 11/29  08:00:00,3544368.772219681,1354960.257918031 
 11/29  09:00:00,33013523.248139426,1354960.257918031 
 11/29  10:00:00,43297727.83703887,1354960.257918031 
 11/29  11:00:00,44628489.17781378,1359388.7144855568 
 11/29  12:00:00,43267081.96869337,1355423.7635128917 
 11/29  13:00:00,39214212.80649798,1354960.257918031 
 11/29  14:00:00,41959684.69166573,1423050.4905922066 
 11/29  15:00:00,42909407.36763504,1487076.1832572941 
 11/29  16:00:00,41050506.94237049,1413009.1358612012 
 11/29  17:00:00,37416144.19639353,1354960.257918031 
 11/29  18:00:00,37426151.88292483,1354960.257918031 
 11/29  19:00:00,23056864.63747552,1354960.257918031 
 11/29  20:00:00,12297475.274580045,1354960.257918031 
 11/29  21:00:00,7114960.257918031,1354960.257918031 
 11/29  22:00:00,3064960.257918031,1354960.257918031 
 11/29  23:00:00,3064960.257918031,1354960.257918031 
 11/29  24:00:00,3064960.257918031,1354960.257918031 
 11/30  01:00:00,6304960.257918031,1354960.257918031 
 11/30  02:00:00,6304960.257918031,1354960.257918031 
 11/30  03:00:00,6304960.257918031,1354960.257918031 
 11/30  04:00:00,6305106.438644358,1354960.257918031 
 11/30  05:00:00,6305610.065746788,1354960.257918031 
 11/30  06:00:00,6306369.385928091,1354960.257918031 
 11/30  07:00:00,6307267.22165383,1354960.257918031 
 11/30  08:00:00,6307697.742545154,1354960.257918031 
 11/30  09:00:00,6307217.388716213,1354960.257918031 
 11/30  10:00:00,6305623.658943884,1354960.257918031 
 11/30  11:00:00,6304960.257918031,1354960.257918031 
 11/30  12:00:00,6304960.257918031,1354960.257918031 
 11/30  13:00:00,6304960.257918031,1354960.257918031 
 11/30  14:00:00,6304960.257918031,1354960.257918031 
 11/30  15:00:00,6304960.257918031,1354960.257918031 
 11/30  16:00:00,6304960.257918031,1354960.257918031 
 11/30  17:00:00,6304960.257918031,1354960.257918031 
 11/30  18:00:00,6304960.257918031,1354960.257918031 
 11/30  19:00:00,6304960.257918031,1354960.257918031 
 11/30  20:00:00,6304960.257918031,1354960.257918031 
 11/30  21:00:00,6304960.257918031,1354960.257918031 
 11/30  22:00:00,6304960.257918031,1354960.257918031 
 11/30  23:00:00,6304960.257918031,1354960.257918031 
 11/30  24:00:00,6304960.257918031,1354960.257918031,11742710012.397657,10449270000.0,6556950000.0,983925477.6341859,309514534.76318896,7856612110.803251,7856612110.803251,,,,,,,,6556950000.0,,10449270000.0,,3892320000.0 
 12/01  01:00:00,6304960.257918031,1354960.257918031 
 12/01  02:00:00,6304960.257918031,1354960.257918031 
 12/01  03:00:00,6304960.257918031,1354960.257918031 
 12/01  04:00:00,6304960.257918031,1354960.257918031 
 12/01  05:00:00,6304960.257918031,1354960.257918031 
 12/01  06:00:00,6304960.257918031,1354960.257918031 
 12/01  07:00:00,6304960.257918031,1354960.257918031 
 12/01  08:00:00,6304960.257918031,1354960.257918031 
 12/01  09:00:00,6304960.257918031,1354960.257918031 
 12/01  10:00:00,6304960.257918031,1354960.257918031 
 12/01  11:00:00,6304960.257918031,1354960.257918031 
 12/01  12:00:00,6304960.257918031,1354960.257918031 
 12/01  13:00:00,6304960.257918031,1354960.257918031 
 12/01  14:00:00,6304960.257918031,1354960.257918031 
 12/01  15:00:00,6304960.257918031,1354960.257918031 
 12/01  16:00:00,6304960.257918031,1354960.257918031 
 12/01  17:00:00,6304960.257918031,1354960.257918031 
 12/01  18:00:00,6304960.257918031,1354960.257918031 
 12/01  19:00:00,6304960.257918031,1354960.257918031 
 12/01  20:00:00,6304960.257918031,1354960.257918031 
 12/01  21:00:00,6304960.257918031,1354960.257918031 
 12/01  22:00:00,6304960.257918031,1354960.257918031 
 12/01  23:00:00,6304960.257918031,1354960.257918031 
 12/01  24:00:00,6304960.257918031,1354960.257918031 
 12/02  01:00:00,3064960.257918031,1354960.257918031 
 12/02  02:00:00,3064960.257918031,1354960.257918031 
 12/02  03:00:00,3064960.257918031,1354960.257918031 
 12/02  04:00:00,3064960.257918031,1354960.257918031 
 12/02  05:00:00,3064960.257918031,1354960.257918031 
 12/02  06:00:00,3064960.257918031,1354960.257918031 
 12/02  07:00:00,3480323.172494799,1354960.257918031 
 12/02  08:00:00,3386396.9766324973,1354960.257918031 
 12/02  09:00:00,32953111.19058094,1354960.257918031 
 12/02  10:00:00,43273866.29000413,1354960.257918031 
 12/02  11:00:00,44615428.21431369,1354960.257918031 
 12/02  12:00:00,43265388.37502737,1354960.257918031 
 12/02  13:00:00,39219060.905291215,1354960.257918031 
 12/02  14:00:00,41913989.63685631,1354960.257918031 
 12/02  15:00:00,42810655.867660895,1354960.257918031 
 12/02  16:00:00,41016041.704241,1354960.257918031 
 12/02  17:00:00,37423659.4850009,1354960.257918031 
 12/02  18:00:00,37425702.300725155,1354960.257918031 
 12/02  19:00:00,23044966.963109408,1354960.257918031 
 12/02  20:00:00,12279730.113339482,1354960.257918031 
 12/02  21:00:00,7114960.257918031,1354960.257918031 
 12/02  22:00:00,3064960.257918031,1354960.257918031 
 12/02  23:00:00,3064960.257918031,1354960.257918031 
 12/02  24:00:00,3064960.257918031,1354960.257918031 
 12/03  01:00:00,3064960.257918031,1354960.257918031 
 12/03  02:00:00,3064960.257918031,1354960.257918031 
 12/03  03:00:00,3064960.257918031,1354960.257918031 
 12/03  04:00:00,3064972.1482779165,1354960.257918031 
 12/03  05:00:00,3065304.3092387095,1354960.257918031 
 12/03  06:00:00,3065775.490906791,1354960.257918031 
 12/03  07:00:00,3509111.259063108,1354960.257918031 
 12/03  08:00:00,3425616.1732748384,1354960.257918031 
 12/03  09:00:00,32960983.517505098,1354960.257918031 
 12/03  10:00:00,43279049.35077326,1354960.257918031 
 12/03  11:00:00,44618742.55359544,1354960.257918031 
 12/03  12:00:00,43262069.97063477,1354960.257918031 
 12/03  13:00:00,39209572.414004125,1354960.257918031 
 12/03  14:00:00,41921151.411737345,1354960.257918031 
 12/03  15:00:00,42830729.22018507,1354960.257918031 
 12/03  16:00:00,41034590.79809807,1354960.257918031 
 12/03  17:00:00,37427287.3447352,1354960.257918031 
 12/03  18:00:00,37409083.47298987,1354960.257918031 
 12/03  19:00:00,23025696.92395109,1354960.257918031 
 12/03  20:00:00,12256456.02842143,1354960.257918031 
 12/03  21:00:00,7114960.257918031,1354960.257918031 
 12/03  22:00:00,3064960.257918031,1354960.257918031 
 12/03  23:00:00,3064960.257918031,1354960.257918031 
 12/03  24:00:00,3064960.257918031,1354960.257918031 
 12/04  01:00:00,3064960.257918031,1354960.257918031 
 12/04  02:00:00,3064960.257918031,1354960.257918031 
 12/04  03:00:00,3064960.257918031,1354960.257918031 
 12/04  04:00:00,3064960.257918031,1354960.257918031 
 12/04  05:00:00,3064960.257918031,1354960.257918031 
 12/04  06:00:00,3064960.257918031,1354960.257918031 
 12/04  07:00:00,3473861.1646615677,1354960.257918031 
 12/04  08:00:00,3350770.183418282,1354960.257918031 
 12/04  09:00:00,32950720.980630744,1354960.257918031 
 12/04  10:00:00,43272274.47780517,1354960.257918031 
 12/04  11:00:00,44610115.967925884,1354960.257918031 
 12/04  12:00:00,43276365.06142495,1354960.257918031 
 12/04  13:00:00,39237249.49850851,1366004.8077845913 
 12/04  14:00:00,41969500.24914792,1421127.9846345817 
 12/04  15:00:00,42875993.91031871,1426707.2508271465 
 12/04  16:00:00,41074231.85652097,1425543.3903979587 
 12/04  17:00:00,37411385.63736256,1354960.257918031 
 12/04  18:00:00,37413827.80104816,1354960.257918031 
 12/04  19:00:00,23035181.7089646,1354960.257918031 
 12/04  20:00:00,12275516.861324584,1354960.257918031 
 12/04  21:00:00,7114960.257918031,1354960.257918031 
 12/04  22:00:00,3064960.257918031,1354960.257918031 
 12/04  23:00:00,3064960.257918031,1354960.257918031 
 12/04  24:00:00,3064960.257918031,1354960.257918031 
 12/05  01:00:00,3064960.257918031,1354960.257918031 
 12/05  02:00:00,3064960.257918031,1354960.257918031 
 12/05  03:00:00,3064960.257918031,1354960.257918031 
 12/05  04:00:00,3064960.257918031,1354960.257918031 
 12/05  05:00:00,3064960.257918031,1354960.257918031 
 12/05  06:00:00,3064960.257918031,1354960.257918031 
 12/05  07:00:00,3499022.409197177,1354960.257918031 
 12/05  08:00:00,3409467.4677088647,1354960.257918031 
 12/05  09:00:00,32962289.380340338,1354960.257918031 
 12/05  10:00:00,43289648.09320065,1373496.8294534152 
 12/05  11:00:00,44661863.04918634,1421971.5070269692 
 12/05  12:00:00,43356812.17722047,1483223.60596844 
 12/05  13:00:00,39271611.46249479,1446950.0650696924 
 12/05  14:00:00,42062319.81320639,1552038.4751981876 
 12/05  15:00:00,43003716.73517577,1597396.6064402056 
 12/05  16:00:00,41194970.43641442,1585506.73932543 
 12/05  17:00:00,37430192.81626187,1380870.7238656823 
 12/05  18:00:00,37417126.11789125,1354960.257918031 
 12/05  19:00:00,23039009.48854496,1354960.257918031 
 12/05  20:00:00,12273031.22005654,1354960.257918031 
 12/05  21:00:00,7114960.257918031,1354960.257918031 
 12/05  22:00:00,3064960.257918031,1354960.257918031 
 12/05  23:00:00,3064960.257918031,1354960.257918031 
 12/05  24:00:00,3064960.257918031,1354960.257918031 
 12/06  01:00:00,3064960.257918031,1354960.257918031 
 12/06  02:00:00,3064960.257918031,1354960.257918031 
 12/06  03:00:00,3064960.257918031,1354960.257918031 
 12/06  04:00:00,3064960.257918031,1354960.257918031 
 12/06  05:00:00,3064960.257918031,1354960.257918031 
 12/06  06:00:00,3064960.257918031,1354960.257918031 
 12/06  07:00:00,3483416.617626018,1354960.257918031 
 12/06  08:00:00,3371600.7112845173,1354960.257918031 
 12/06  09:00:00,32945212.627196275,1354960.257918031 
 12/06  10:00:00,43265899.02916962,1354960.257918031 
 12/06  11:00:00,44624376.96144804,1354960.257918031 
 12/06  12:00:00,43278638.14878224,1354960.257918031 
 12/06  13:00:00,39229952.36681128,1354960.257918031 
 12/06  14:00:00,41928830.70626376,1354960.257918031 
 12/06  15:00:00,42830964.53129855,1354960.257918031 
 12/06  16:00:00,41035676.069276854,1354960.257918031 
 12/06  17:00:00,37435539.17111218,1354960.257918031 
 12/06  18:00:00,37427945.14811328,1354960.257918031 
 12/06  19:00:00,23018166.216937054,1354960.257918031 
 12/06  20:00:00,12241620.304242598,1354960.257918031 
 12/06  21:00:00,7114960.257918031,1354960.257918031 
 12/06  22:00:00,3064960.257918031,1354960.257918031 
 12/06  23:00:00,3064960.257918031,1354960.257918031 
 12/06  24:00:00,3064960.257918031,1354960.257918031 
 12/07  01:00:00,6304960.257918031,1354960.257918031 
 12/07  02:00:00,6304960.257918031,1354960.257918031 
 12/07  03:00:00,6304960.257918031,1354960.257918031 
 12/07  04:00:00,6304960.257918031,1354960.257918031 
 12/07  05:00:00,6304960.257918031,1354960.257918031 
 12/07  06:00:00,6304960.257918031,1354960.257918031 
 12/07  07:00:00,6304960.257918031,1354960.257918031 
 12/07  08:00:00,6304960.257918031,1354960.257918031 
 12/07  09:00:00,6304960.257918031,1354960.257918031 
 12/07  10:00:00,6304960.257918031,1354960.257918031 
 12/07  11:00:00,6304960.257918031,1354960.257918031 
 12/07  12:00:00,6304960.257918031,1354960.257918031 
 12/07  13:00:00,6304960.257918031,1354960.257918031 
 12/07  14:00:00,6304960.257918031,1354960.257918031 
 12/07  15:00:00,6304960.257918031,1354960.257918031 
 12/07  16:00:00,6304960.257918031,1354960.257918031 
 12/07  17:00:00,6304960.257918031,1354960.257918031 
 12/07  18:00:00,6304960.257918031,1354960.257918031 
 12/07  19:00:00,6304960.257918031,1354960.257918031 
 12/07  20:00:00,6304960.257918031,1354960.257918031 
 12/07  21:00:00,6304960.257918031,1354960.257918031 
 12/07  22:00:00,6304960.257918031,1354960.257918031 
 12/07  23:00:00,6304960.257918031,1354960.257918031 
 12/07  24:00:00,6304960.257918031,1354960.257918031 
 12/08  01:00:00,6304960.257918031,1354960.257918031 
 12/08  02:00:00,6304960.257918031,1354960.257918031 
 12/08  03:00:00,6304960.257918031,1354960.257918031 
 12/08  04:00:00,6304960.257918031,1354960.257918031 
 12/08  05:00:00,6304960.257918031,1354960.257918031 
 12/08  06:00:00,6304960.257918031,1354960.257918031 
 12/08  07:00:00,6304960.257918031,1354960.257918031 
 12/08  08:00:00,6304960.257918031,1354960.257918031 
 12/08  09:00:00,6304960.257918031,1354960.257918031 
 12/08  10:00:00,6304960.257918031,1354960.257918031 
 12/08  11:00:00,6304960.257918031,1354960.257918031 
 12/08  12:00:00,6304960.257918031,1354960.257918031 
 12/08  13:00:00,6304960.257918031,1354960.257918031 
 12/08  14:00:00,6304960.257918031,1354960.257918031 
 12/08  15:00:00,6304960.257918031,1354960.257918031 
 12/08  16:00:00,6304960.257918031,1354960.257918031 
 12/08  17:00:00,6304960.257918031,1354960.257918031 
 12/08  18:00:00,6304960.257918031,1354960.257918031 
 12/08  19:00:00,6304960.257918031,1354960.257918031 
 12/08  20:00:00,6304960.257918031,1354960.257918031 
 12/08  21:00:00,6304960.257918031,1354960.257918031 
 12/08  22:00:00,6304960.257918031,1354960.257918031 
 12/08  23:00:00,6304960.257918031,1354960.257918031 
 12/08  24:00:00,6304960.257918031,1354960.257918031 
 12/09  01:00:00,3064960.257918031,1354960.257918031 
 12/09  02:00:00,3064965.882484623,1354960.257918031 
 12/09  03:00:00,3065117.775621842,1354960.257918031 
 12/09  04:00:00,3065405.569596663,1354960.257918031 
 12/09  05:00:00,3066514.124002132,1354960.257918031 
 12/09  06:00:00,3068239.9421329796,1354960.257918031 
 12/09  07:00:00,3513383.3608996184,1354960.257918031 
 12/09  08:00:00,3480419.3999724826,1354960.257918031 
 12/09  09:00:00,32979469.939907115,1354960.257918031 
 12/09  10:00:00,43289148.7355866,1354960.257918031 
 12/09  11:00:00,44627018.05343439,1354960.257918031 
 12/09  12:00:00,43275932.77949089,1354960.257918031 
 12/09  13:00:00,39230952.3934809,1354960.257918031 
 12/09  14:00:00,41926990.311176755,1354960.257918031 
 12/09  15:00:00,42826848.167247064,1354960.257918031 
 12/09  16:00:00,41030289.20799703,1354960.257918031 
 12/09  17:00:00,37438690.10114089,1354960.257918031 
 12/09  18:00:00,37444277.35026646,1354960.257918031 
 12/09  19:00:00,23073555.19296297,1354960.257918031 
 12/09  20:00:00,12324461.383723352,1354960.257918031 
 12/09  21:00:00,7114960.257918031,1354960.257918031 
 12/09  22:00:00,3064960.257918031,1354960.257918031 
 12/09  23:00:00,3064960.257918031,1354960.257918031 
 12/09  24:00:00,3064960.257918031,1354960.257918031 
 12/10  01:00:00,3065130.628944997,1354960.257918031 
 12/10  02:00:00,3066396.218453544,1354960.257918031 
 12/10  03:00:00,3068227.6815061895,1354960.257918031 
 12/10  04:00:00,3070251.794430854,1354960.257918031 
 12/10  05:00:00,3072688.813761926,1354960.257918031 
 12/10  06:00:00,3074399.703800655,1354960.257918031 
 12/10  07:00:00,3530528.3517341334,1354960.257918031 
 12/10  08:00:00,3504715.84041075,1354960.257918031 
 12/10  09:00:00,33009380.598551225,1354960.257918031 
 12/10  10:00:00,43306269.51558489,1354960.257918031 
 12/10  11:00:00,44644271.789733306,1365750.38440641 
 12/10  12:00:00,43288088.7768734,1374598.9029673827 
 12/10  13:00:00,39236139.15121079,1379096.1428661211 
 12/10  14:00:00,41980591.12903531,1441120.2305474011 
 12/10  15:00:00,42916038.11113035,1485623.9163789037 
 12/10  16:00:00,41057816.43529006,1412035.7174973642 
 12/10  17:00:00,37427379.30296675,1354960.257918031 
 12/10  18:00:00,37442896.30371715,1354960.257918031 
 12/10  19:00:00,23074075.752291143,1354960.257918031 
 12/10  20:00:00,12320612.038278881,1354960.257918031 
 12/10  21:00:00,7114960.257918031,1354960.257918031 
 12/10  22:00:00,3064960.257918031,1354960.257918031 
 12/10  23:00:00,3064960.257918031,1354960.257918031 
 12/10  24:00:00,3064960.257918031,1354960.257918031 
 12/11  01:00:00,3064960.257918031,1354960.257918031 
 12/11  02:00:00,3064960.257918031,1354960.257918031 
 12/11  03:00:00,3064960.257918031,1354960.257918031 
 12/11  04:00:00,3065672.163028038,1354960.257918031 
 12/11  05:00:00,3067288.377678981,1354960.257918031 
 12/11  06:00:00,3069448.7316065095,1354960.257918031 
 12/11  07:00:00,3524318.2905342034,1354960.257918031 
 12/11  08:00:00,3498848.812063606,1354960.257918031 
 12/11  09:00:00,32993019.31544113,1354960.257918031 
 12/11  10:00:00,43296035.03700682,1354960.257918031 
 12/11  11:00:00,44631547.60496977,1354960.257918031 
 12/11  12:00:00,43273846.97073393,1354960.257918031 
 12/11  13:00:00,39217976.80093863,1354960.257918031 
 12/11  14:00:00,41937477.99070798,1389536.121294796 
 12/11  15:00:00,42943029.66541074,1517615.5902641218 
 12/11  16:00:00,41096956.29668644,1459351.4963620247 
 12/11  17:00:00,37427904.87356414,1364717.5676897562 
 12/11  18:00:00,37433222.277125366,1354960.257918031 
 12/11  19:00:00,23064274.203068875,1354960.257918031 
 12/11  20:00:00,12304544.533111868,1354960.257918031 
 12/11  21:00:00,7114960.257918031,1354960.257918031 
 12/11  22:00:00,3064960.257918031,1354960.257918031 
 12/11  23:00:00,3064960.257918031,1354960.257918031 
 12/11  24:00:00,3064960.257918031,1354960.257918031 
 12/12  01:00:00,3064960.257918031,1354960.257918031 
 12/12  02:00:00,3064960.257918031,1354960.257918031 
 12/12  03:00:00,3064995.8091511484,1354960.257918031 
 12/12  04:00:00,3066423.2458285675,1354960.257918031 
 12/12  05:00:00,3069281.413834271,1354960.257918031 
 12/12  06:00:00,3072117.8998495173,1354960.257918031 
 12/12  07:00:00,3527648.024632789,1354960.257918031 
 12/12  08:00:00,3465644.000177513,1354960.257918031 
 12/12  09:00:00,32980649.53199444,1354960.257918031 
 12/12  10:00:00,43288052.08932389,1354960.257918031 
 12/12  11:00:00,44623960.79786073,1360050.5568532262 
 12/12  12:00:00,43263473.19120444,1355695.7513289894 
 12/12  13:00:00,39210015.207472146,1354960.257918031 
 12/12  14:00:00,41906001.46586872,1354960.257918031 
 12/12  15:00:00,42804989.928243026,1354960.257918031 
 12/12  16:00:00,41006849.498500496,1354960.257918031 
 12/12  17:00:00,37412271.24324829,1354960.257918031 
 12/12  18:00:00,37415496.96229594,1354960.257918031 
 12/12  19:00:00,23035646.180221252,1354960.257918031 
 12/12  20:00:00,12263924.35233774,1354960.257918031 
 12/12  21:00:00,7114960.257918031,1354960.257918031 
 12/12  22:00:00,3064960.257918031,1354960.257918031 
 12/12  23:00:00,3064960.257918031,1354960.257918031 
 12/12  24:00:00,3064960.257918031,1354960.257918031 
 12/13  01:00:00,3064960.257918031,1354960.257918031 
 12/13  02:00:00,3064960.257918031,1354960.257918031 
 12/13  03:00:00,3064960.257918031,1354960.257918031 
 12/13  04:00:00,3064960.257918031,1354960.257918031 
 12/13  05:00:00,3064960.257918031,1354960.257918031 
 12/13  06:00:00,3064960.257918031,1354960.257918031 
 12/13  07:00:00,3480398.523047301,1354960.257918031 
 12/13  08:00:00,3345183.147296952,1354960.257918031 
 12/13  09:00:00,32950870.696394198,1354960.257918031 
 12/13  10:00:00,43274873.42045483,1354960.257918031 
 12/13  11:00:00,44615216.973020375,1354960.257918031 
 12/13  12:00:00,43260923.04139134,1354960.257918031 
 12/13  13:00:00,39210904.06572385,1354960.257918031 
 12/13  14:00:00,41906551.14619208,1354960.257918031 
 12/13  15:00:00,42805085.62450392,1354960.257918031 
 12/13  16:00:00,41005652.724199936,1354960.257918031 
 12/13  17:00:00,37411661.300701156,1354960.257918031 
 12/13  18:00:00,37417309.84717222,1354960.257918031 
 12/13  19:00:00,23034602.11537645,1354960.257918031 
 12/13  20:00:00,12264184.215941738,1354960.257918031 
 12/13  21:00:00,7114960.257918031,1354960.257918031 
 12/13  22:00:00,3064960.257918031,1354960.257918031 
 12/13  23:00:00,3064960.257918031,1354960.257918031 
 12/13  24:00:00,3064960.257918031,1354960.257918031 
 12/14  01:00:00,6304960.257918031,1354960.257918031 
 12/14  02:00:00,6304960.257918031,1354960.257918031 
 12/14  03:00:00,6304960.257918031,1354960.257918031 
 12/14  04:00:00,6304960.257918031,1354960.257918031 
 12/14  05:00:00,6304960.257918031,1354960.257918031 
 12/14  06:00:00,6304960.257918031,1354960.257918031 
 12/14  07:00:00,6304960.257918031,1354960.257918031 
 12/14  08:00:00,6304960.257918031,1354960.257918031 
 12/14  09:00:00,6304960.257918031,1354960.257918031 
 12/14  10:00:00,6304960.257918031,1354960.257918031 
 12/14  11:00:00,6304960.257918031,1354960.257918031 
 12/14  12:00:00,6304960.257918031,1354960.257918031 
 12/14  13:00:00,6304960.257918031,1354960.257918031 
 12/14  14:00:00,6304960.257918031,1354960.257918031 
 12/14  15:00:00,6304960.257918031,1354960.257918031 
 12/14  16:00:00,6304960.257918031,1354960.257918031 
 12/14  17:00:00,6304960.257918031,1354960.257918031 
 12/14  18:00:00,6304960.257918031,1354960.257918031 
 12/14  19:00:00,6304960.257918031,1354960.257918031 
 12/14  20:00:00,6304960.257918031,1354960.257918031 
 12/14  21:00:00,6304960.257918031,1354960.257918031 
 12/14  22:00:00,6304960.257918031,1354960.257918031 
 12/14  23:00:00,6305023.509369474,1354960.257918031 
 12/14  24:00:00,6307127.249182658,1354960.257918031 
 12/15  01:00:00,6309047.687955087,1354960.257918031 
 12/15  02:00:00,6311883.486499529,1354960.257918031 
 12/15  03:00:00,6314407.672241523,1354960.257918031 
 12/15  04:00:00,6316261.0712805465,1354960.257918031 
 12/15  05:00:00,6318261.295521968,1354960.257918031 
 12/15  06:00:00,6319651.70798975,1354960.257918031 
 12/15  07:00:00,6320385.682397717,1354960.257918031 
 12/15  08:00:00,6320357.760084737,1354960.257918031 
 12/15  09:00:00,6317720.905740326,1354960.257918031 
 12/15  10:00:00,6314904.221017878,1354960.257918031 
 12/15  11:00:00,6311794.875418024,1354960.257918031 
 12/15  12:00:00,6306770.436217635,1354960.257918031 
 12/15  13:00:00,6304985.887655308,1354960.257918031 
 12/15  14:00:00,6304960.257918031,1354960.257918031 
 12/15  15:00:00,6304960.257918031,1354960.257918031 
 12/15  16:00:00,6304960.257918031,1354960.257918031 
 12/15  17:00:00,6304960.257918031,1354960.257918031 
 12/15  18:00:00,6304960.257918031,1354960.257918031 
 12/15  19:00:00,6304960.257918031,1354960.257918031 
 12/15  20:00:00,6304960.257918031,1354960.257918031 
 12/15  21:00:00,6305095.411480582,1354960.257918031 
 12/15  22:00:00,6305796.268599124,1354960.257918031 
 12/15  23:00:00,6307640.228613301,1354960.257918031 
 12/15  24:00:00,6309831.300800019,1354960.257918031 
 12/16  01:00:00,3073897.588087366,1354960.257918031 
 12/16  02:00:00,3075591.627848198,1354960.257918031 
 12/16  03:00:00,3077698.055857859,1354960.257918031 
 12/16  04:00:00,3079789.9840878053,1354960.257918031 
 12/16  05:00:00,3082532.732053798,1354960.257918031 
 12/16  06:00:00,3084082.583767401,1354960.257918031 
 12/16  07:00:00,3579613.780559476,1354960.257918031 
 12/16  08:00:00,3568571.714947802,1354960.257918031 
 12/16  09:00:00,33093265.40727761,1354960.257918031 
 12/16  10:00:00,43345114.167228706,1354960.257918031 
 12/16  11:00:00,44666825.77902442,1354960.257918031 
 12/16  12:00:00,43308229.75586676,1356616.2711580344 
 12/16  13:00:00,39256246.053911746,1354960.257918031 
 12/16  14:00:00,41952424.29494711,1354960.257918031 
 12/16  15:00:00,42851057.5813873,1354960.257918031 
 12/16  16:00:00,41054915.881469116,1354960.257918031 
 12/16  17:00:00,37464058.78894823,1354960.257918031 
 12/16  18:00:00,37476439.628445834,1354960.257918031 
 12/16  19:00:00,23105991.88430566,1354960.257918031 
 12/16  20:00:00,12341752.018801471,1354960.257918031 
 12/16  21:00:00,7114960.257918031,1354960.257918031 
 12/16  22:00:00,3064960.257918031,1354960.257918031 
 12/16  23:00:00,3064960.257918031,1354960.257918031 
 12/16  24:00:00,3064960.257918031,1354960.257918031 
 12/17  01:00:00,3064960.257918031,1354960.257918031 
 12/17  02:00:00,3065893.106836417,1354960.257918031 
 12/17  03:00:00,3068143.543001607,1354960.257918031 
 12/17  04:00:00,3071334.686112409,1354960.257918031 
 12/17  05:00:00,3075390.15334275,1354960.257918031 
 12/17  06:00:00,3076967.088412118,1354960.257918031 
 12/17  07:00:00,3526364.668121186,1354960.257918031 
 12/17  08:00:00,3516020.875042645,1354960.257918031 
 12/17  09:00:00,33042662.80629146,1354960.257918031 
 12/17  10:00:00,43327060.3391171,1354960.257918031 
 12/17  11:00:00,44663366.099440895,1354960.257918031 
 12/17  12:00:00,43307521.90823683,1354960.257918031 
 12/17  13:00:00,39266427.47827896,1354960.257918031 
 12/17  14:00:00,41963332.39694928,1354960.257918031 
 12/17  15:00:00,42861290.20241332,1354960.257918031 
 12/17  16:00:00,41069051.88617167,1354960.257918031 
 12/17  17:00:00,37481481.931985505,1354960.257918031 
 12/17  18:00:00,37481412.380440086,1354960.257918031 
 12/17  19:00:00,23119846.534767848,1354960.257918031 
 12/17  20:00:00,12407746.043543378,1354960.257918031 
 12/17  21:00:00,7114960.25791803,1354960.257918031 
 12/17  22:00:00,3064960.257918031,1354960.257918031 
 12/17  23:00:00,3065235.569131742,1354960.257918031 
 12/17  24:00:00,3067914.249245204,1354960.257918031 
 12/18  01:00:00,3071473.058882988,1354960.257918031 
 12/18  02:00:00,3073613.5681556542,1354960.257918031 
 12/18  03:00:00,3077341.9685238833,1354960.257918031 
 12/18  04:00:00,3082192.9726650524,1354960.257918031 
 12/18  05:00:00,3085860.3829557123,1354960.257918031 
 12/18  06:00:00,3088356.077235683,1354960.257918031 
 12/18  07:00:00,3601753.7569866166,1354960.257918031 
 12/18  08:00:00,3590822.410545537,1354960.257918031 
 12/18  09:00:00,33116326.027522836,1354960.257918031 
 12/18  10:00:00,43370548.77054913,1354960.257918031 
 12/18  11:00:00,44681755.581784375,1354960.257918031 
 12/18  12:00:00,43311363.06603154,1354960.257918031 
 12/18  13:00:00,39253015.550323665,1354960.257918031 
 12/18  14:00:00,41959547.04337301,1377826.7315708364 
 12/18  15:00:00,42883025.94914541,1415477.4026079383 
 12/18  16:00:00,41052141.88788973,1364652.371648544 
 12/18  17:00:00,37455461.89872034,1354960.257918031 
 12/18  18:00:00,37468334.22095579,1354960.257918031 
 12/18  19:00:00,23107112.780842964,1354960.257918031 
 12/18  20:00:00,12359741.183263326,1354960.257918031 
 12/18  21:00:00,7114960.257918031,1354960.257918031 
 12/18  22:00:00,3064960.257918031,1354960.257918031 
 12/18  23:00:00,3064960.257918031,1354960.257918031 
 12/18  24:00:00,3067000.9088001945,1354960.257918031 
 12/19  01:00:00,3072244.245454544,1354960.257918031 
 12/19  02:00:00,3076285.7769661956,1354960.257918031 
 12/19  03:00:00,3082154.7045054515,1354960.257918031 
 12/19  04:00:00,3088010.315320084,1354960.257918031 
 12/19  05:00:00,3092723.565694092,1354960.257918031 
 12/19  06:00:00,3095766.388303036,1354960.257918031 
 12/19  07:00:00,3613548.207527157,1354960.257918031 
 12/19  08:00:00,3611531.4388421923,1354960.257918031 
 12/19  09:00:00,33205210.64945617,1354960.257918031 
 12/19  10:00:00,43406387.16247382,1354960.257918031 
 12/19  11:00:00,44702655.64396374,1354960.257918031 
 12/19  12:00:00,43333186.99896416,1362152.0066606072 
 12/19  13:00:00,39267366.75307917,1354960.257918031 
 12/19  14:00:00,41959990.35274821,1359145.0551746427 
 12/19  15:00:00,42901326.98941836,1417375.0841254431 
 12/19  16:00:00,41090354.80174106,1400289.8359182833 
 12/19  17:00:00,37477053.010305226,1354960.257918031 
 12/19  18:00:00,37501124.477972075,1354960.257918031 
 12/19  19:00:00,23145741.462889224,1354960.257918031 
 12/19  20:00:00,12427219.946738556,1354960.257918031 
 12/19  21:00:00,7114960.257918031,1354960.257918031 
 12/19  22:00:00,3064960.257918031,1354960.257918031 
 12/19  23:00:00,3064960.257918031,1354960.257918031 
 12/19  24:00:00,3069448.5143590802,1354960.257918031 
 12/20  01:00:00,3076796.9479822293,1354960.257918031 
 12/20  02:00:00,3083056.378686451,1354960.257918031 
 12/20  03:00:00,3088988.1380396425,1354960.257918031 
 12/20  04:00:00,3095164.8361569755,1354960.257918031 
 12/20  05:00:00,3098403.418005311,1354960.257918031 
 12/20  06:00:00,3101549.2835195297,1354960.257918031 
 12/20  07:00:00,3613548.207527157,1354960.257918031 
 12/20  08:00:00,3613326.5430099256,1354960.257918031 
 12/20  09:00:00,33226038.87947543,1354960.257918031 
 12/20  10:00:00,43430981.173378445,1354960.257918031 
 12/20  11:00:00,44712510.804233044,1354960.257918031 
 12/20  12:00:00,43340207.5898996,1354960.257918031 
 12/20  13:00:00,39285460.01835878,1354960.257918031 
 12/20  14:00:00,41978691.80160353,1354960.257918031 
 12/20  15:00:00,42872483.52110818,1354960.257918031 
 12/20  16:00:00,41079724.32480837,1354960.257918031 
 12/20  17:00:00,37508861.854715094,1354960.257918031 
 12/20  18:00:00,37532207.644103445,1354960.257918031 
 12/20  19:00:00,23202273.403496265,1354960.257918031 
 12/20  20:00:00,12516252.648777429,1354960.257918031 
 12/20  21:00:00,7114960.257918031,1354960.257918031 
 12/20  22:00:00,3064960.257918031,1354960.257918031 
 12/20  23:00:00,3065726.4565753257,1354960.257918031 
 12/20  24:00:00,3068526.8232429745,1354960.257918031 
 12/21  01:00:00,6308043.341092805,1354960.257918031 
 12/21  02:00:00,6308711.809087488,1354960.257918031 
 12/21  03:00:00,6309805.391618952,1354960.257918031 
 12/21  04:00:00,6309916.320589999,1354960.257918031 
 12/21  05:00:00,6309619.967775649,1354960.257918031 
 12/21  06:00:00,6309187.695903755,1354960.257918031 
 12/21  07:00:00,6308895.119376501,1354960.257918031 
 12/21  08:00:00,6308525.936300102,1354960.257918031 
 12/21  09:00:00,6307869.957709733,1354960.257918031 
 12/21  10:00:00,6306600.634857679,1354960.257918031 
 12/21  11:00:00,6305184.782935363,1354960.257918031 
 12/21  12:00:00,6304960.257918031,1354960.257918031 
 12/21  13:00:00,6304960.257918031,1354960.257918031 
 12/21  14:00:00,6304960.257918031,1354960.257918031 
 12/21  15:00:00,6304960.257918031,1354960.257918031 
 12/21  16:00:00,6304960.257918031,1354960.257918031 
 12/21  17:00:00,6304960.257918031,1354960.257918031 
 12/21  18:00:00,6304960.257918031,1354960.257918031 
 12/21  19:00:00,6304960.257918031,1354960.257918031 
 12/21  20:00:00,6304960.257918031,1354960.257918031 
 12/21  21:00:00,6304960.257918031,1354960.257918031 
 12/21  22:00:00,6304960.257918031,1354960.257918031 
 12/21  23:00:00,6304960.257918031,1354960.257918031 
 12/21  24:00:00,6304960.257918031,1354960.257918031 
 12/22  01:00:00,6304960.257918031,1354960.257918031 
 12/22  02:00:00,6304960.257918031,1354960.257918031 
 12/22  03:00:00,6304960.257918031,1354960.257918031 
 12/22  04:00:00,6304960.257918031,1354960.257918031 
 12/22  05:00:00,6304960.257918031,1354960.257918031 
 12/22  06:00:00,6304960.257918031,1354960.257918031 
 12/22  07:00:00,6304960.257918031,1354960.257918031 
 12/22  08:00:00,6304960.257918031,1354960.257918031 
 12/22  09:00:00,6304960.257918031,1354960.257918031 
 12/22  10:00:00,6304960.257918031,1354960.257918031 
 12/22  11:00:00,6304960.257918031,1354960.257918031 
 12/22  12:00:00,6304960.257918031,1354960.257918031 
 12/22  13:00:00,6304960.257918031,1354960.257918031 
 12/22  14:00:00,6304960.257918031,1354960.257918031 
 12/22  15:00:00,6304960.257918031,1354960.257918031 
 12/22  16:00:00,6304960.257918031,1354960.257918031 
 12/22  17:00:00,6304960.257918031,1354960.257918031 
 12/22  18:00:00,6304960.257918031,1354960.257918031 
 12/22  19:00:00,6304960.257918031,1354960.257918031 
 12/22  20:00:00,6304960.257918031,1354960.257918031 
 12/22  21:00:00,6304960.257918031,1354960.257918031 
 12/22  22:00:00,6304960.257918031,1354960.257918031 
 12/22  23:00:00,6304960.257918031,1354960.257918031 
 12/22  24:00:00,6304960.257918031,1354960.257918031 
 12/23  01:00:00,3064960.257918031,1354960.257918031 
 12/23  02:00:00,3064960.257918031,1354960.257918031 
 12/23  03:00:00,3064960.257918031,1354960.257918031 
 12/23  04:00:00,3064960.257918031,1354960.257918031 
 12/23  05:00:00,3064960.257918031,1354960.257918031 
 12/23  06:00:00,3066283.4204551573,1354960.257918031 
 12/23  07:00:00,3521057.761467535,1354960.257918031 
 12/23  08:00:00,3501817.6100121657,1354960.257918031 
 12/23  09:00:00,33011005.04103158,1354960.257918031 
 12/23  10:00:00,43315069.790099174,1354960.257918031 
 12/23  11:00:00,44648641.51609564,1354960.257918031 
 12/23  12:00:00,43300338.74442253,1370833.144824331 
 12/23  13:00:00,39243996.37986161,1368754.1870782701 
 12/23  14:00:00,41980844.02986425,1428827.4217121182 
 12/23  15:00:00,42942703.434857994,1509222.3205642633 
 12/23  16:00:00,41106645.72847864,1464506.4980175532 
 12/23  17:00:00,37434171.51294102,1354960.257918031 
 12/23  18:00:00,37444283.03830579,1354960.257918031 
 12/23  19:00:00,23076864.474866983,1354960.257918031 
 12/23  20:00:00,12328147.70242669,1354960.257918031 
 12/23  21:00:00,7114960.257918031,1354960.257918031 
 12/23  22:00:00,3064960.257918031,1354960.257918031 
 12/23  23:00:00,3064960.257918031,1354960.257918031 
 12/23  24:00:00,3064994.7581841853,1354960.257918031 
 12/24  01:00:00,3066566.465537043,1354960.257918031 
 12/24  02:00:00,3068476.099868324,1354960.257918031 
 12/24  03:00:00,3070394.4659949047,1354960.257918031 
 12/24  04:00:00,3072726.41700732,1354960.257918031 
 12/24  05:00:00,3074934.969471968,1354960.257918031 
 12/24  06:00:00,3075849.630782881,1354960.257918031 
 12/24  07:00:00,3520338.0618075365,1354960.257918031 
 12/24  08:00:00,3507382.5428429856,1354960.257918031 
 12/24  09:00:00,33030736.24894749,1354960.257918031 
 12/24  10:00:00,43309856.74136835,1354960.257918031 
 12/24  11:00:00,44643020.88993499,1354960.257918031 
 12/24  12:00:00,43289235.61794858,1363143.1349970032 
 12/24  13:00:00,39234295.35563136,1367065.485491539 
 12/24  14:00:00,42013937.73714442,1477457.3078402732 
 12/24  15:00:00,42918749.89721763,1484452.4629004607 
 12/24  16:00:00,41072526.821947835,1422194.5725116043 
 12/24  17:00:00,37427505.12103818,1354960.257918031 
 12/24  18:00:00,37440983.56166682,1354960.257918031 
 12/24  19:00:00,23079044.16981877,1354960.257918031 
 12/24  20:00:00,12335901.51043495,1354960.257918031 
 12/24  21:00:00,7114960.257918031,1354960.257918031 
 12/24  22:00:00,3064960.257918031,1354960.257918031 
 12/24  23:00:00,3064960.257918031,1354960.257918031 
 12/24  24:00:00,3064960.257918031,1354960.257918031 
 12/25  01:00:00,3067085.7325430457,1354960.257918031 
 12/25  02:00:00,3068036.942370646,1354960.257918031 
 12/25  03:00:00,3068917.2567018913,1354960.257918031 
 12/25  04:00:00,3071986.440243192,1354960.257918031 
 12/25  05:00:00,3073514.376921652,1354960.257918031 
 12/25  06:00:00,3075066.7470962605,1354960.257918031 
 12/25  07:00:00,3541158.437297576,1354960.257918031 
 12/25  08:00:00,3522085.367367454,1354960.257918031 
 12/25  09:00:00,33020179.035271753,1354960.257918031 
 12/25  10:00:00,43301039.88178203,1354960.257918031 
 12/25  11:00:00,44637659.93608542,1364319.130421733 
 12/25  12:00:00,43291234.56857531,1387159.799043635 
 12/25  13:00:00,39241033.17005201,1394196.1585429264 
 12/25  14:00:00,41967348.99332072,1436621.9324003458 
 12/25  15:00:00,42934005.36556653,1514514.91352979 
 12/25  16:00:00,41060181.75308648,1426210.3344525218 
 12/25  17:00:00,37416664.70025481,1354960.257918031 
 12/25  18:00:00,37426309.40241415,1354960.257918031 
 12/25  19:00:00,23050679.239758637,1354960.257918031 
 12/25  20:00:00,12288660.051255997,1354960.257918031 
 12/25  21:00:00,7114960.257918031,1354960.257918031 
 12/25  22:00:00,3064960.257918031,1354960.257918031 
 12/25  23:00:00,3064960.257918031,1354960.257918031 
 12/25  24:00:00,3064960.257918031,1354960.257918031 
 12/26  01:00:00,3064960.257918031,1354960.257918031 
 12/26  02:00:00,3064960.257918031,1354960.257918031 
 12/26  03:00:00,3064960.257918031,1354960.257918031 
 12/26  04:00:00,3064960.257918031,1354960.257918031 
 12/26  05:00:00,3064960.257918031,1354960.257918031 
 12/26  06:00:00,3064960.257918031,1354960.257918031 
 12/26  07:00:00,3502160.399812688,1354960.257918031 
 12/26  08:00:00,3421026.6586981495,1354960.257918031 
 12/26  09:00:00,32964966.64162969,1354960.257918031 
 12/26  10:00:00,43280832.502819374,1354960.257918031 
 12/26  11:00:00,44620387.57833046,1354960.257918031 
 12/26  12:00:00,43268435.7696013,1354960.257918031 
 12/26  13:00:00,39219441.259625435,1354960.257918031 
 12/26  14:00:00,41912194.087664425,1354960.257918031 
 12/26  15:00:00,42810849.63921271,1354960.257918031 
 12/26  16:00:00,41012242.97268518,1354960.257918031 
 12/26  17:00:00,37417606.333378196,1354960.257918031 
 12/26  18:00:00,37419718.65084858,1354960.257918031 
 12/26  19:00:00,23039754.526067305,1354960.257918031 
 12/26  20:00:00,12272014.119437022,1354960.257918031 
 12/26  21:00:00,7114960.257918031,1354960.257918031 
 12/26  22:00:00,3064960.257918031,1354960.257918031 
 12/26  23:00:00,3064960.257918031,1354960.257918031 
 12/26  24:00:00,3064960.257918031,1354960.257918031 
 12/27  01:00:00,3064960.257918031,1354960.257918031 
 12/27  02:00:00,3064960.257918031,1354960.257918031 
 12/27  03:00:00,3064960.257918031,1354960.257918031 
 12/27  04:00:00,3064960.257918031,1354960.257918031 
 12/27  05:00:00,3064960.257918031,1354960.257918031 
 12/27  06:00:00,3064960.257918031,1354960.257918031 
 12/27  07:00:00,3490695.1235488197,1354960.257918031 
 12/27  08:00:00,3442676.4206164163,1354960.257918031 
 12/27  09:00:00,32972628.089371175,1354960.257918031 
 12/27  10:00:00,43287038.77873996,1354960.257918031 
 12/27  11:00:00,44628418.72519164,1354960.257918031 
 12/27  12:00:00,43274475.689793095,1354960.257918031 
 12/27  13:00:00,39224639.35857003,1354960.257918031 
 12/27  14:00:00,41922418.70900212,1354960.257918031 
 12/27  15:00:00,42820615.37373061,1354960.257918031 
 12/27  16:00:00,41024224.0584538,1354960.257918031 
 12/27  17:00:00,37433146.066328004,1354960.257918031 
 12/27  18:00:00,37442035.88892653,1354960.257918031 
 12/27  19:00:00,23067392.013946217,1354960.257918031 
 12/27  20:00:00,12309871.20775162,1354960.257918031 
 12/27  21:00:00,7114960.257918031,1354960.257918031 
 12/27  22:00:00,3064960.257918031,1354960.257918031 
 12/27  23:00:00,3064960.257918031,1354960.257918031 
 12/27  24:00:00,3064960.257918031,1354960.257918031 
 12/28  01:00:00,6304960.257918031,1354960.257918031 
 12/28  02:00:00,6304960.257918031,1354960.257918031 
 12/28  03:00:00,6304960.257918031,1354960.257918031 
 12/28  04:00:00,6304968.292719949,1354960.257918031 
 12/28  05:00:00,6305173.196981998,1354960.257918031 
 12/28  06:00:00,6305418.577941807,1354960.257918031 
 12/28  07:00:00,6305604.11325263,1354960.257918031 
 12/28  08:00:00,6305881.695115838,1354960.257918031 
 12/28  09:00:00,6306027.045216098,1354960.257918031 
 12/28  10:00:00,6305680.993207942,1354960.257918031 
 12/28  11:00:00,6305169.412946987,1354960.257918031 
 12/28  12:00:00,6304960.257918031,1354960.257918031 
 12/28  13:00:00,6304960.257918031,1354960.257918031 
 12/28  14:00:00,6304960.257918031,1354960.257918031 
 12/28  15:00:00,6304960.257918031,1354960.257918031 
 12/28  16:00:00,6304960.257918031,1354960.257918031 
 12/28  17:00:00,6304960.257918031,1354960.257918031 
 12/28  18:00:00,6304960.257918031,1354960.257918031 
 12/28  19:00:00,6304960.257918031,1354960.257918031 
 12/28  20:00:00,6305140.98618458,1354960.257918031 
 12/28  21:00:00,6306140.765579216,1354960.257918031 
 12/28  22:00:00,6307756.169789232,1354960.257918031 
 12/28  23:00:00,6310031.963354541,1354960.257918031 
 12/28  24:00:00,6314778.20110606,1354960.257918031 
 12/29  01:00:00,6317623.045612337,1354960.257918031 
 12/29  02:00:00,6320751.336215312,1354960.257918031 
 12/29  03:00:00,6325213.728953734,1354960.257918031 
 12/29  04:00:00,6326633.062743295,1354960.257918031 
 12/29  05:00:00,6331140.760517841,1354960.257918031 
 12/29  06:00:00,6335529.503575424,1354960.257918031 
 12/29  07:00:00,6338667.160442538,1354960.257918031 
 12/29  08:00:00,6335839.22783209,1354960.257918031 
 12/29  09:00:00,6330480.448819401,1354960.257918031 
 12/29  10:00:00,6324484.695264747,1354960.257918031 
 12/29  11:00:00,6317494.385990905,1354960.257918031 
 12/29  12:00:00,6309330.862421349,1354960.257918031 
 12/29  13:00:00,6305094.483552463,1354960.257918031 
 12/29  14:00:00,6304960.257918031,1354960.257918031 
 12/29  15:00:00,6304960.257918031,1354960.257918031 
 12/29  16:00:00,6304960.257918031,1354960.257918031 
 12/29  17:00:00,6304960.257918031,1354960.257918031 
 12/29  18:00:00,6304960.257918031,1354960.257918031 
 12/29  19:00:00,6305168.38675378,1354960.257918031 
 12/29  20:00:00,6306495.857928827,1354960.257918031 
 12/29  21:00:00,6309880.577554299,1354960.257918031 
 12/29  22:00:00,6314892.6699721925,1354960.257918031 
 12/29  23:00:00,6319626.187041141,1354960.257918031 
 12/29  24:00:00,6321780.694298975,1354960.257918031 
 12/30  01:00:00,3091427.836515762,1354960.257918031 
 12/30  02:00:00,3098107.5701386104,1354960.257918031 
 12/30  03:00:00,3101710.0931376973,1354960.257918031 
 12/30  04:00:00,3103396.62200083,1354960.257918031 
 12/30  05:00:00,3103118.8557371283,1354960.257918031 
 12/30  06:00:00,3102994.86678707,1354960.257918031 
 12/30  07:00:00,3613548.207527157,1354960.257918031 
 12/30  08:00:00,3611942.621096977,1354960.257918031 
 12/30  09:00:00,33144699.783377975,1354960.257918031 
 12/30  10:00:00,43380027.65180848,1354960.257918031 
 12/30  11:00:00,44683152.11699422,1354960.257918031 
 12/30  12:00:00,43310057.94946873,1354960.257918031 
 12/30  13:00:00,39257273.161342606,1354960.257918031 
 12/30  14:00:00,41945702.30252443,1354960.257918031 
 12/30  15:00:00,42839751.5890944,1354960.257918031 
 12/30  16:00:00,41038621.55807253,1354960.257918031 
 12/30  17:00:00,37441872.75946798,1354960.257918031 
 12/30  18:00:00,37443634.6175084,1354960.257918031 
 12/30  19:00:00,23068467.93515662,1354960.257918031 
 12/30  20:00:00,12322702.235733772,1354960.257918031 
 12/30  21:00:00,7114960.257918031,1354960.257918031 
 12/30  22:00:00,3064960.257918031,1354960.257918031 
 12/30  23:00:00,3064960.257918031,1354960.257918031 
 12/30  24:00:00,3064960.257918031,1354960.257918031 
 12/31  01:00:00,3064960.257918031,1354960.257918031 
 12/31  02:00:00,3064960.257918031,1354960.257918031 
 12/31  03:00:00,3064960.257918031,1354960.257918031 
 12/31  04:00:00,3064960.257918031,1354960.257918031 
 12/31  05:00:00,3064960.257918031,1354960.257918031 
 12/31  06:00:00,3064960.257918031,1354960.257918031 
 12/31  07:00:00,3477840.1005413467,1354960.257918031 
 12/31  08:00:00,3373346.320404159,1354960.257918031 
 12/31  09:00:00,32951538.503622122,1354960.257918031 
 12/31  10:00:00,43272717.381899476,1354960.257918031 
 12/31  11:00:00,44613969.143356405,1354960.257918031 
 12/31  12:00:00,43263237.282168224,1354960.257918031 
 12/31  13:00:00,39216939.3624139,1354960.257918031 
 12/31  14:00:00,41913032.624636754,1354960.257918031 
 12/31  15:00:00,42812545.06846923,1354960.257918031 
 12/31  16:00:00,41014791.856234215,1354960.257918031 
 12/31  17:00:00,37421231.843204804,1354960.257918031 
 12/31  18:00:00,37423755.302498266,1354960.257918031 
 12/31  19:00:00,23044753.045434114,1354960.257918031 
 12/31  20:00:00,12299450.402792308,1354960.257918031 
 12/31  21:00:00,7114960.257918031,1354960.257918031 
 12/31  22:00:00,3064960.257918031,1354960.257918031 
 12/31  23:00:00,3064960.257918031,1354960.257918031 
 12/31  24:00:00,3064960.257918031,1354960.257918031,11953060542.725079,10895940000.0,6855300000.0,1011271383.4385567,45849159.28632751,14096289628.672407,14096289628.672407,156314308717.1593,128936070000.0,81238950000.0,8829441805.890846,18548796911.252033,68725317895.10222,68725317895.10222,6855300000.0,81238950000.0,10895940000.0,128936070000.0,4040640000.0,47697120000.0 
