Date/Time,Environment:Site Outdoor Air Drybulb Temperature [C](Hourly),SPACE1-1:Zone People Occupant Count [](Hourly),SPACE2-1:Zone People Occupant Count [](Hourly),SPACE3-1:Zone People Occupant Count [](Hourly),SPACE4-1:Zone People Occupant Count [](Hourly),SPACE5-1:Zone People Occupant Count [](Hourly),PLENUM-1:Zone Mean Air Temperature [C](Hourly),PLENUM-1:Zone Mean Air Dewpoint Temperature [C](Hourly),SPACE1-1:Zone Mean Air Temperature [C](Hourly),SPACE1-1:Zone Mean Air Dewpoint Temperature [C](Hourly),SPACE2-1:Zone Mean Air Temperature [C](Hourly),SPACE2-1:Zone Mean Air Dewpoint Temperature [C](Hourly),SPACE3-1:Zone Mean Air Temperature [C](Hourly),SPACE3-1:Zone Mean Air Dewpoint Temperature [C](Hourly),SPACE4-1:Zone Mean Air Temperature [C](Hourly),SPACE4-1:Zone Mean Air Dewpoint Temperature [C](Hourly),SPACE5-1:Zone Mean Air Temperature [C](Hourly),SPACE5-1:Zone Mean Air Dewpoint Temperature [C](Hourly),PLENUM-1:Zone Air Temperature [C](Hourly),PLENUM-1:Zone Air Relative Humidity [%](Hourly),PLENUM-1:Zone Air System Sensible Heating Rate [W](Hourly),PLENUM-1:Zone Air System Sensible Cooling Rate [W](Hourly),SPACE1-1:Zone Air Temperature [C](Hourly),SPACE1-1:Zone Air Relative Humidity [%](Hourly),SPACE1-1:Zone Air System Sensible Heating Rate [W](Hourly),SPACE1-1:Zone Air System Sensible Cooling Rate [W](Hourly),SPACE2-1:Zone Air Temperature [C](Hourly),SPACE2-1:Zone Air Relative Humidity [%](Hourly),SPACE2-1:Zone Air System Sensible Heating Rate [W](Hourly),SPACE2-1:Zone Air System Sensible Cooling Rate [W](Hourly),SPACE3-1:Zone Air Temperature [C](Hourly),SPACE3-1:Zone Air Relative Humidity [%](Hourly),SPACE3-1:Zone Air System Sensible Heating Rate [W](Hourly),SPACE3-1:Zone Air System Sensible Cooling Rate [W](Hourly),SPACE4-1:Zone Air Temperature [C](Hourly),SPACE4-1:Zone Air Relative Humidity [%](Hourly),SPACE4-1:Zone Air System Sensible Heating Rate [W](Hourly),SPACE4-1:Zone Air System Sensible Cooling Rate [W](Hourly),SPACE5-1:Zone Air Temperature [C](Hourly),SPACE5-1:Zone Air Relative Humidity [%](Hourly),SPACE5-1:Zone Air System Sensible Heating Rate [W](Hourly),SPACE5-1:Zone Air System Sensible Cooling Rate [W](Hourly),HOT WATER LOOP:Plant Supply Side Cooling Demand Rate [W](Hourly),HOT WATER LOOP:Plant Supply Side Heating Demand Rate [W](Hourly),CHILLED WATER LOOP:Plant Supply Side Cooling Demand Rate [W](Hourly),CHILLED WATER LOOP:Plant Supply Side Heating Demand Rate [W](Hourly),SPACE1-1 ZONE COIL:Heating Coil Heating Rate [W](Hourly),SPACE2-1 ZONE COIL:Heating Coil Heating Rate [W](Hourly),SPACE3-1 ZONE COIL:Heating Coil Heating Rate [W](Hourly),SPACE4-1 ZONE COIL:Heating Coil Heating Rate [W](Hourly),SPACE5-1 ZONE COIL:Heating Coil Heating Rate [W](Hourly),OA HEATING COIL 1:Heating Coil Heating Rate [W](Hourly),MAIN HEATING COIL 1:Heating Coil Heating Rate [W](Hourly),OA COOLING COIL 1:Cooling Coil Total Cooling Rate [W](Hourly),OA COOLING COIL 1:Cooling Coil Sensible Cooling Rate [W](Hourly),MAIN COOLING COIL 1:Cooling Coil Total Cooling Rate [W](Hourly),MAIN COOLING COIL 1:Cooling Coil Sensible Cooling Rate [W](Hourly),CENTRAL BOILER:Boiler Heating Rate [W](Hourly),CENTRAL BOILER:Boiler NaturalGas Rate [W](Hourly),CENTRAL CHILLER:Chiller Electricity Rate [W](Hourly),CENTRAL CHILLER:Chiller Evaporator Cooling Rate [W](Hourly),CENTRAL CHILLER:Chiller Evaporator Inlet Temperature [C](Hourly),CENTRAL CHILLER:Chiller Evaporator Outlet Temperature [C](Hourly),CENTRAL CHILLER:Chiller Evaporator Mass Flow Rate [kg/s](Hourly),CENTRAL CHILLER:Chiller Condenser Heat Transfer Rate [W](Hourly),HW CIRC PUMP:Pump Outlet Temperature [C](Hourly),HW CIRC PUMP:Pump Mass Flow Rate [kg/s](Hourly),CW CIRC PUMP:Pump Outlet Temperature [C](Hourly),CW CIRC PUMP:Pump Mass Flow Rate [kg/s](Hourly),MIXED AIR NODE 1:System Node Temperature [C](Hourly),MIXED AIR NODE 1:System Node Humidity Ratio [kgWater/kgDryAir](Hourly),MIXED AIR NODE 1:System Node Dewpoint Temperature [C](Hourly),VAV SYS 1 OUTLET NODE:System Node Temperature [C](Hourly),VAV SYS 1 OUTLET NODE:System Node Mass Flow Rate [kg/s](Hourly),VAV SYS 1 OUTLET NODE:System Node Humidity Ratio [kgWater/kgDryAir](Hourly),VAV SYS 1 OUTLET NODE:System Node Setpoint Temperature [C](Hourly),OA HEATING COIL 1 WATER INLET NODE:System Node Temperature [C](Hourly),OA HEATING COIL 1 WATER INLET NODE:System Node Mass Flow Rate [kg/s](Hourly),MAIN HEATING COIL 1 WATER INLET NODE:System Node Mass Flow Rate [kg/s](Hourly),MAIN COOLING COIL 1 WATER INLET NODE:System Node Mass Flow Rate [kg/s](Hourly),OA COOLING COIL 1 WATER INLET NODE:System Node Temperature [C](Hourly),OA COOLING COIL 1 WATER INLET NODE:System Node Mass Flow Rate [kg/s](Hourly),OA MIXING BOX 1 INLET NODE:System Node Temperature [C](Hourly),OA MIXING BOX 1 INLET NODE:System Node Mass Flow Rate [kg/s](Hourly),OA MIXING BOX 1 INLET NODE:System Node Humidity Ratio [kgWater/kgDryAir](Hourly),OA MIXING BOX 1 INLET NODE:System Node Setpoint Temperature [C](Hourly),OA HEATING COIL 1 AIR OUTLET NODE:System Node Temperature [C](Hourly),OA HEATING COIL 1 AIR OUTLET NODE:System Node Mass Flow Rate [kg/s](Hourly),OA HEATING COIL 1 AIR OUTLET NODE:System Node Humidity Ratio [kgWater/kgDryAir](Hourly),OA HEATING COIL 1 AIR OUTLET NODE:System Node Setpoint Temperature [C](Hourly),Electricity:Facility [J](Hourly),Electricity:HVAC [J](Hourly) 
 01/01  01:00:00,-8.2625,0.0,0.0,0.0,0.0,0.0,16.948463365851218,-1.0038161650176254,17.997588031482437,-1.2205044336252686,17.998580830738504,-1.1485930196805023,17.997179260331237,-1.2271742174894722,17.999829663946745,-1.141790899141728,19.19940419115584,-1.0323897969196827,16.948463365851218,29.120397869492614,557.6052985742217,0.0,17.997588031482437,26.76748080012125,720.3416422065536,0.0,17.998580830738504,26.926179677524974,215.34889154142024,0.0,17.997179260331237,26.753347969420403,685.1500698849078,0.0,17.999829663946745,26.93927267076842,215.3175411971859,0.0,19.19940419115584,25.21765939528599,0.0,123.36014763445093,0.0,1399.5836608772424,0.0,0.0,749.0663095499918,239.61413403029437,712.3155659432646,242.18538887493042,0.0,0.0,0.0,0.0,0.0,0.0,0.0,1399.5836608772424,1749.4795760965528,0.0,0.0,7.22,7.22,0.0,0.0,53.49399971416901,0.011430646074464618,7.22,0.0,16.632244584132607,0.0035238651092321317,-1.0685446054915082,17.636656154056052,0.3705044250126874,0.0035238651092321317,16.0,82.0,0.0,0.0,0.0,7.22,0.0,-8.2625,0.00621144618492455,0.001422288734241492,11.5,-8.2625,0.00621144618492455,0.001422288734241492,4.5,3075615.256267583,1354960.257918031 
 01/01  02:00:00,-11.8875,0.0,0.0,0.0,0.0,0.0,16.514521053133915,-1.3247358163479495,17.999961314076117,-1.5692402576383708,17.99996995008631,-1.4833602435350695,18.00043645486908,-1.5781139329139307,18.00049664027144,-1.4733675734773053,18.973390902931396,-1.545897106680846,16.514521053133915,29.146909309330645,712.0740532043931,0.0,17.999961314076117,25.998440320902557,983.5689703580133,0.0,17.99996995008631,26.184969235311154,350.1298353089865,0.0,18.00043645486908,25.978472554356426,937.8155017611821,0.0,18.00049664027144,26.205909086147184,350.1782119919777,0.0,18.973390902931396,24.507296104470274,0.0,143.3373363052425,0.0,2751.2913522558847,0.0,0.0,1050.6239262855156,406.6373409258966,1001.3369681512665,412.5700648926697,0.0,0.0,0.0,0.0,0.0,0.0,0.0,2751.2913522558847,3439.114190319856,0.0,0.0,7.22,7.22,0.0,0.0,46.24961676587535,0.018389532063902335,7.22,0.0,16.152458812820665,0.003428479122186288,-1.366949808062183,17.157046509637507,0.3705044250126874,0.003428479122186288,16.0,82.0,0.0,0.0,0.0,7.22,0.0,-11.8875,0.00621144618492455,0.0010028609043981412,11.5,-11.8875,0.00621144618492455,0.0010028609043981412,4.5,3082050.6854387373,1354960.257918031 
 01/01  03:00:00,-11.325,0.0,0.0,0.0,0.0,0.0,16.034908591119724,-1.7300052705166478,17.99947905739131,-1.9339060885384076,17.999288817506994,-1.8503775411473717,18.00019977776533,-1.9434957337777687,17.999751357755176,-1.8416287668244178,18.841317104017932,-2.0032169716615043,16.034908591119724,29.054632476793156,879.5115569516724,0.0,17.99947905739131,25.220088463319414,1059.7197269806443,0.0,17.999288817506994,25.396998622266047,395.73182106526957,0.0,18.00019977776533,25.198742799611956,1013.7404218656096,0.0,17.999751357755176,25.414835385654634,395.6542762371257,0.0,18.841317104017932,23.785032915863386,0.0,168.81103219524584,0.0,3249.1779594596583,0.0,0.0,1162.9020703089463,482.69673779900194,1111.4833029446563,491.65107196503334,0.0,0.0,0.0,0.0,0.0,0.0,0.0,3249.1779594596583,4061.4724493245726,0.0,0.0,7.22,7.22,0.0,0.0,45.81824448519319,0.021485432658686705,7.22,0.0,15.696842925429184,0.003315333235683851,-1.7705857483704812,16.70163961978282,0.3705044250126874,0.003315333235683851,16.0,82.0,0.0,0.0,0.0,7.22,0.0,-11.325,0.00621144618492455,0.0010552609473343869,11.5,-11.325,0.00621144618492455,0.0010552609473343869,4.5,3084924.4432354853,1354960.257918031 
 01/01  04:00:00,-11.1,0.0,0.0,0.0,0.0,0.0,15.596856851045292,-2.09341882431068,18.000325735903385,-2.2770950394869236,17.9997994669475,-2.2107610526953243,18.000782135156534,-2.2855041728073466,17.9997659210221,-2.2042456086483844,18.72124441268894,-2.381586368919608,15.596856851045292,28.98726014459346,1034.7693347179602,0.0,18.000325735903385,24.505224234707242,1138.683756556783,0.0,17.9997994669475,24.64257461279105,435.18306251021994,0.0,18.000782135156534,24.487273473947056,1092.7416167604083,0.0,17.9997659210221,24.65606251693096,434.78710055845374,0.0,18.72124441268894,23.217108347342887,0.0,194.50878437519287,0.0,3645.3183896054643,0.0,0.0,1277.3568509886982,552.0654083870463,1224.0635316723,563.76136101029,0.0,0.0,0.0,0.0,0.0,0.0,0.0,3645.3183896054643,4556.647987006831,0.0,0.0,7.22,7.22,0.0,0.0,46.71945866124135,0.02472704585418661,7.22,0.0,15.250402808117823,0.0032151471333195644,-2.14034264488668,16.25538463338573,0.3705044250126874,0.0032151471333195644,16.0,82.0,0.0,0.0,0.0,7.22,0.0,-11.1,0.00621144618492455,0.001077079816545153,11.5,-11.1,0.00621144618492455,0.001077079816545153,4.5,3087945.854236033,1354960.257918031 
 01/01  05:00:00,-10.7875,0.0,0.0,0.0,0.0,0.0,15.252596997364614,-2.4632373477667278,17.999612278116796,-2.65373189705313,18.00004599523783,-2.5848387601335,17.999998219938313,-2.6619848189768183,18.000521135739938,-2.5771307485311707,18.60497550746477,-2.7816093060316165,15.252596997364614,28.731247014641745,1153.326897355409,0.0,17.999612278116796,23.74433915310184,1192.3734697956663,0.0,18.00004599523783,23.881418233966787,460.57625656371437,0.0,17.999998219938313,23.72732369656764,1145.4599024473514,0.0,18.000521135739938,23.896147979486557,460.87134042078713,0.0,18.60497550746477,22.61462021377971,0.0,205.11959185283035,0.0,3884.0485911755413,0.0,0.0,1350.9374137831967,594.2931042941335,1295.6072500364617,608.4592200355348,0.0,0.0,39.40639620055347,0.0,0.0,0.0,0.0,3884.0485911755413,4855.060738969427,0.0,0.0,7.22,7.22,0.0,0.0,47.69218240141248,0.027082001208292246,7.22,0.0,14.893702940876809,0.0031198458333979344,-2.4977625484593107,16.004104074874164,0.3705044250126874,0.0031198458333979344,16.0,82.0,0.0,0.0002026400453089103,0.0,7.22,0.0,-10.7875,0.00621144618492455,0.0011077366177627828,11.5,-10.7875,0.00621144618492455,0.0011077366177627828,4.5,3090145.702573479,1354960.257918031 
 01/01  06:00:00,-10.6,0.0,0.0,0.0,0.0,0.0,14.996593929153216,-2.837639976516334,18.000242338747316,-3.0190323314892393,17.99951374464366,-2.9502416650574803,18.000498987290324,-3.0272626469114643,17.999670262950787,-2.9427460295163232,18.540290169510378,-3.1604160286866554,14.996593929153216,28.304389523328446,1243.2171419288495,0.0,18.000242338747316,23.025023338255387,1217.6542302226012,0.0,17.99951374464366,23.159829779495276,472.00326124391813,0.0,18.000498987290324,23.008689281741034,1170.074632852756,0.0,17.999670262950787,23.1742293004157,472.2980756113174,0.0,18.540290169510378,21.993746803375466,0.0,200.3096730300669,0.0,4055.7657127645116,0.0,0.0,1376.5668486313677,605.9374364236548,1320.542324551581,620.1023352374027,0.0,0.0,138.56914256045005,0.0,0.0,0.0,0.0,4055.7657127645116,5069.707140955639,0.0,0.0,7.22,7.22,0.0,0.0,48.01719621207158,0.02854992847121867,7.22,0.0,14.624477498001093,0.0030229873325994306,-2.8713298818592823,15.999947630298053,0.3705044250126874,0.0030229873325994306,16.0,82.0,0.0,0.000780435561646976,0.0,7.22,0.0,-10.6,0.00621144618492455,0.0011263833763957194,11.5,-10.6,0.00621144618492455,0.0011263833763957194,4.5,3091514.678384556,1354960.257918031 
 01/01  07:00:00,-10.6,0.0,0.0,0.0,0.0,0.0,14.811610505150629,-4.103891463005752,18.00223859781331,-5.835627622853737,18.003112848956793,-7.297024267775063,18.001777782095672,-5.7385835402679355,18.002516348388763,-7.5410818102171016,18.46875207525124,-4.9755879628753314,14.811610505150629,25.806976111043966,1307.4135441085366,0.0,18.00223859781331,18.225887171555744,1264.12368760363,0.0,18.003112848956793,16.17559000651506,492.7017351343459,0.0,18.001777782095672,18.371123959986598,1215.1873356877315,0.0,18.002516348388763,15.854734949805621,492.17434505895653,0.0,18.46875207525124,18.983645564604128,0.0,204.65240695812867,0.0,14116.126926091833,0.0,0.0,1430.1525383603414,634.1497214500356,1372.2677152986532,648.3358988749092,0.0,4722.156916899633,3242.2667996424493,0.0,0.0,0.0,0.0,14116.126926091833,17645.15865761479,0.0,0.0,7.22,7.22,0.0,0.0,64.06563559311181,0.18580082470856768,7.22,0.0,6.178142857300635,0.0014421246263336238,-11.361663688585468,15.872042107807257,0.3705044250126874,0.0014421246263336238,16.0,82.0,0.08536536172363601,0.06963364876232289,0.0,7.22,0.0,4.498914999058848,0.31057230924622753,0.0011650308833787495,11.5,4.498914999058848,0.31057230924622753,0.0011650308833787495,4.5,3239142.557934094,1354960.257918031 
 01/01  08:00:00,-10.225,0.0,0.0,0.0,0.0,0.0,14.683628573282654,-8.182497259446404,18.000822792343364,-9.463074986667102,17.99983314473895,-11.138051217976807,18.00054393743686,-9.300279498242661,18.00094033803895,-11.298289581477713,18.440044764480916,-7.6896141643115135,14.683628573282654,18.313474911020403,1349.353870634805,0.0,18.000822792343364,13.225313031092288,1203.1898343827497,0.0,17.99983314473895,11.383349683402173,283.45570153958477,13.344636030832532,18.00054393743686,13.417479775792664,1165.5881948021574,0.0,18.00094033803895,11.218446972344234,471.2390124760388,0.0,18.440044764480916,15.02926504762666,0.0,192.13040883055203,0.0,11535.795198747042,0.0,0.0,1360.6509043450374,403.5788589418244,1314.5596691152014,618.5959141972986,0.0,4605.807304010102,3298.4968236068485,0.0,0.0,0.0,0.0,11535.795198747042,14419.743998433802,0.0,0.0,7.22,7.22,0.0,0.0,65.80618680724481,0.17004353817460796,7.22,0.0,6.153661538851873,0.0013680222295366566,-11.947932133371435,15.999540381076578,0.3705044250126874,0.0013680222295366566,16.0,82.0,0.07638120315182009,0.06774008014054253,0.0,7.22,0.0,4.500164371539584,0.31057230924622753,0.001228779734699374,11.5,4.500164371539584,0.31057230924622753,0.001228779734699374,4.5,3224542.132227914,1354960.257918031 
 01/01  09:00:00,-9.3125,11.0,5.0,11.0,5.0,20.0,15.48888017176182,-9.179418616515262,19.48378181877696,-8.210995432069247,20.173622855487316,-9.221157988379378,19.4799231440609,-8.077735664177197,19.478621498975308,-9.47818663457783,20.246835874103184,-6.4158443855562215,15.48888017176182,15.885423912214677,2889.1072412257963,0.0,19.48378181877696,13.462500547150153,872.3802383093384,42.03927032532641,20.173622855487316,11.792294231368405,50.57386680654233,269.41609787742203,19.4799231440609,13.623409467719235,931.1981002135611,39.785002179301934,19.478621498975304,12.04018033299152,426.31308223607084,38.130795374110505,20.24683587410318,15.008825588736963,104.85469219564159,323.4025991637336,0.0,10564.027174839288,0.0,0.0,1105.395864932082,60.02373557410152,1151.3647556595326,644.2544156169668,115.69937757223602,4320.608877688529,3259.6559433847297,0.0,0.0,0.0,0.0,10564.027174839288,13205.03396854911,0.0,0.0,7.22,7.22,0.0,0.0,66.79025780846206,0.17052124017497117,7.22,0.0,6.2578065745019735,0.0013408892455616989,-12.168895171208103,16.000110019464888,0.3705044250126874,0.0013408892455616989,16.0,82.0,0.06614912791730596,0.06547272131248388,0.0,7.22,0.0,4.499884156765206,0.31057230924622753,0.001266980042480877,11.5,4.499884156765206,0.31057230924622753,0.001266980042480877,4.5,33015119.85795011,1354960.257918031 
 01/01  10:00:00,-7.525,11.0,5.0,11.0,5.0,20.0,16.567597695291347,-6.212596800159995,20.243680155003858,-5.039352208481331,22.5386181463491,-6.111364104159106,20.00770494651928,-4.8936355084450565,20.000603229664335,-7.041640665506838,21.802971284046485,-2.713515167000071,16.567597695291347,19.22806938849903,3001.0765174558355,0.0,20.243680155003858,16.875084979338833,0.0,305.45454143136953,22.5386181463491,13.365573847536407,0.0,437.356182033058,20.00770494651928,17.34733431242136,11.744632872310016,163.34587071732204,20.000603229664335,14.413632408998803,1.8648971949499658,98.32362754581527,21.802971284046485,18.6860191010973,0.0,457.594907885047,0.0,7334.615199040327,0.0,0.0,31.2153238923508,0.0,149.19398618169768,198.4937805660292,0.0,3761.636829700297,3194.5153747881086,0.0,0.0,0.0,0.0,7334.615199040327,9168.26899880041,0.0,0.0,7.219999999999999,7.219999999999999,0.0,0.0,66.57783588956337,0.11346302862318533,7.219999999999999,0.0,6.434158897626321,0.0014416114044720346,-11.36836929825387,16.000150093497396,0.3705044250126874,0.0014416114044720346,16.0,82.0,0.049690424920217066,0.06185062712479384,0.0,7.219999999999999,0.0,4.499784997130448,0.31057230924622753,0.00129622204152932,11.5,4.499784997130448,0.31057230924622753,0.00129622204152932,4.5,43311489.2489004,1354960.257918031 
 01/01  11:00:00,-5.6375,11.0,5.0,11.0,5.0,20.0,17.67475659399612,-3.830491781128857,21.448419827536114,-3.1428907842891496,23.872392590258077,-4.051320682903559,20.39310270447515,-3.2346285302255935,20.07902410626608,-5.897152830551274,22.554062655935113,-0.020495500214620738,17.67475659399612,21.94881882206547,2936.8248905963605,0.0,21.448419827536114,18.396866644496285,0.0,432.70486652277845,23.872392590258077,14.709541118038969,0.0,527.0327425212936,20.39310270447515,19.480879755715996,0.0,330.2836845293814,20.07902410626608,15.833331932070433,0.0,290.44410158535277,22.554062655935113,22.259454289615533,0.0,517.6023237856497,0.0,6246.754378001757,0.0,0.0,0.0,0.0,0.0,10.658819304527256,0.0,3172.2756873384383,3131.128617061312,0.0,0.0,0.0,0.0,6246.754378001757,7808.442972502195,0.0,0.0,7.22,7.22,0.0,0.0,66.28545246124827,0.09494126903277122,7.22,0.0,6.607898080898101,0.0016784295008749543,-9.684815729277005,15.999985799277844,0.3705044250126874,0.0016784295008749543,16.0,82.0,0.03632240484374373,0.05857088544798547,0.0,7.22,0.0,4.49994814152412,0.31057230924622753,0.0014777506762901483,11.5,4.49994814152412,0.31057230924622753,0.0014777506762901483,4.5,44644085.34287634,1354960.257918031 
 01/01  12:00:00,-3.9375,8.8,4.0,8.8,4.0,16.0,18.74815814169778,-2.3271233554031436,22.453212758966558,-1.8475670512939288,23.926452392530948,-3.0794243181265744,20.86324362578264,-2.2764701867703234,20.3576619564929,-4.956186514448135,22.897115724768508,1.4512373487647254,18.74815814169778,23.28388838836785,2651.3834836541446,0.0,22.453212758966558,19.286765296734423,0.0,512.755565013346,23.926452392530948,15.913708504364221,0.0,530.8497287878545,20.86324362578264,20.50752129258965,0.0,365.7532054320142,20.3576619564929,16.866225495154254,0.0,321.7620983561706,22.897115724768508,24.30275148584926,0.0,545.0718694501229,0.0,5655.447552808451,0.0,0.0,0.0,0.0,0.0,0.0,0.0,2641.222806826326,3072.3330756010982,0.0,0.0,0.0,0.0,5655.447552808451,7069.309441010564,0.0,0.0,7.22,7.22,0.0,0.0,65.6541147262407,0.0826307041820008,7.22,0.0,6.770500449966384,0.0019617358288178672,-7.920997045412371,16.00032535285064,0.3705044250126874,0.0019617358288178672,16.0,82.0,0.026919137849668096,0.0557115663323327,0.0,7.22,0.0,4.498800373678503,0.31057230924622753,0.0017410107165209384,11.5,4.498800373678503,0.31057230924622753,0.0017410107165209384,4.5,43282500.84698376,1354960.257918031 
 01/01  13:00:00,-2.6125,4.4,2.0,4.4,2.0,8.0,19.47537298758747,-2.085562450836152,22.28890337888947,-2.2261253285246103,22.74954732096986,-3.8715023924774714,20.795775381888387,-2.6838820146444555,20.32901021751109,-5.0372835792583635,22.761975173495546,0.9024180013467181,19.47537298758747,22.71330390016822,2092.6532494447392,0.0,22.28890337888947,18.87619238054568,0.0,499.7064872412196,22.74954732096986,15.977569150199995,0.0,451.9342729930495,20.795775381888387,19.905556595306795,0.0,360.67253144500506,20.32901021751109,16.77939536865518,0.0,319.68563842192293,22.761975173495546,23.5607296294938,0.0,534.3518577276828,0.0,5203.137878870925,0.0,0.0,0.0,0.0,0.0,0.0,0.0,2227.481412855525,3020.4652669354823,0.0,0.0,0.0,0.0,5203.137878870925,6503.922348588656,0.0,0.0,7.22,7.22,0.0,0.0,65.23672687748514,0.07411768331244575,7.22,0.0,6.912303338597443,0.002160431267661016,-6.822053555917211,15.999981354430977,0.3705044250126874,0.002160431267661016,16.0,82.0,0.02079246751834564,0.05332521579410013,0.0,7.22,0.0,4.499526292865756,0.31057230924622753,0.001948700000298672,11.5,4.499526292865756,0.31057230924622753,0.001948700000298672,4.5,39224495.50037821,1354960.257918031 
 01/01  14:00:00,-1.5125000000000002,8.8,4.0,8.8,4.0,16.0,20.045414274754076,-2.374417548477738,22.36631586401112,-1.6240391367156002,22.151888895613514,-3.205705379853553,21.29227705759667,-2.064418579166865,20.737441907161923,-3.990201334012446,23.20386156854319,1.229230489934238,20.045414274754076,21.394598179771542,2033.9472894929756,0.0,22.36631586401112,19.76804832070936,0.0,505.88536527247487,22.151888895613514,17.54493912743564,0.0,411.9423539773128,21.29227705759667,20.34156959287455,0.0,398.04375871676376,20.737441907161923,17.895766397122497,0.0,349.9382407953647,23.20386156854319,23.484974253857906,0.0,569.2188456000742,0.0,4838.564700610696,0.0,0.0,0.0,0.0,0.0,0.0,0.0,1883.5177190628033,2990.017604035321,0.0,0.0,0.0,0.0,4838.564700610696,6048.205875763369,0.0,0.0,7.22,7.22,0.0,0.0,65.10029812395561,0.06836572886043481,7.22,0.0,6.995428074689305,0.002262626163051941,-6.2930915262964175,15.99995272164649,0.3705044250126874,0.002262626163051941,16.0,81.89050875939284,0.016382619225051773,0.051983109635383024,0.0,7.22,0.0,4.499675823046866,0.31057230924622753,0.0020948187498149016,11.5,4.499675823046866,0.31057230924622753,0.0020948187498149016,4.5,41919094.13514088,1354960.257918031 
 01/01  15:00:00,-1.1,11.0,5.0,11.0,5.0,20.0,20.57160482066242,-0.8589901780740442,22.584832890980262,0.3162173451594208,21.838935957488538,-1.769692739046639,21.645517034772073,-0.11876435826610096,21.068366800347725,-2.4512435056646233,23.66615955118919,3.4922664614348404,20.57160482066242,23.508096744487844,2087.3639239091954,0.0,22.584832890980262,22.810078456688103,0.0,523.7378432861321,21.838935957488538,20.163004885655717,0.0,391.2394320429021,21.645517034772073,23.359285090182475,0.0,424.991971345467,21.068366800347725,19.962782314597643,0.0,374.6191101619314,23.66615955118919,26.846898299100996,0.0,606.4436548654784,0.0,4673.419599502039,0.0,0.0,0.0,0.0,0.0,0.0,0.0,1754.4701886075507,2957.899517990677,0.0,0.0,0.0,0.0,4673.419599502039,5841.774499377549,0.0,0.0,7.22,7.22,0.0,0.0,64.95024230053889,0.06545175471040998,7.22,0.0,7.084174909145051,0.0024105595850550375,-5.561175337034108,16.00035983799377,0.3705044250126874,0.0024105595850550375,16.0,81.69384608343954,0.014842180165718227,0.05060957454469175,0.0,7.22,0.0,4.499074293606831,0.31057230924622753,0.002207661719883767,11.5,4.499074293606831,0.31057230924622753,0.002207661719883767,4.5,42816355.33724222,1354960.257918031 
 01/01  16:00:00,-1.1,11.0,5.0,11.0,5.0,20.0,20.88652287749926,0.8863509479843188,22.351635825819812,1.8664659825326124,21.506736800916734,-0.8637432867434385,21.631676516845932,1.485857015300554,21.109264813898093,-1.389342237713926,23.846619461958223,5.554248709504715,20.88652287749926,26.389891444700822,1977.2794349346436,0.0,22.351635825819812,25.889624162995077,0.0,505.6081917442007,21.506736800916734,22.18017682659768,0.0,369.12537742187203,21.631676516845932,26.321523791930005,0.0,424.2989538366867,21.109264813898093,21.756499641343012,0.0,377.80442917590136,23.846619461958223,30.67156726407955,0.0,621.5732905079951,0.0,4655.305338721399,0.0,0.0,0.0,0.0,0.0,0.0,0.0,1754.8443912578898,2935.807596741846,0.0,0.0,0.0,0.0,4655.305338721399,5819.131673401748,0.0,0.0,7.22,7.22,0.0,0.0,64.77517141267174,0.06453612067004989,7.22,0.0,7.147512227569064,0.002622300871301923,-4.581759296708826,16.001167803517546,0.3705044250126874,0.002622300871301923,16.0,81.71917985735462,0.014846533164840152,0.04968958750520974,0.0,7.22,0.0,4.498723281993694,0.31057230924622753,0.0023574553578538104,11.5,4.498723281993694,0.31057230924622753,0.0023574553578538104,4.5,41015490.59891213,1354960.257918031 
 01/01  17:00:00,-1.1,11.0,5.0,11.0,5.0,20.0,20.961950631520516,2.1460005156225335,21.76913529061426,2.6955558170347,21.1078822116848,-0.3170596230801199,21.392802292725165,2.487336507618492,20.861531562687553,-0.7368142253131975,23.764558326715825,7.049028564287773,20.961950631520516,28.74833564422041,1852.1365664165046,0.0,21.76913529061426,28.452770683557628,0.0,459.5914679799771,21.1078822116848,23.777286320650962,0.0,342.5831122844454,21.392802292725165,28.68641360209009,0.0,406.6524273803768,20.861531562687553,23.31680513065945,0.0,359.714415899178,23.764558326715825,34.16844135422164,0.0,615.9096108889773,0.0,4651.344364057071,0.0,0.0,0.0,0.0,0.0,0.0,0.0,1754.9712828245558,2927.7011190058392,0.0,0.0,0.0,0.0,4651.344364057071,5814.180455071339,0.0,0.0,7.22,7.22,0.0,0.0,64.7004325179995,0.06420299768581078,7.22,0.0,7.170044404515593,0.0027466121172042514,-4.036400995337501,16.00000871211546,0.3705044250126874,0.0027466121172042514,16.0,81.72526577596302,0.01484798416454746,0.049355013521263334,0.0,7.22,0.0,4.49844645761187,0.31057230924622753,0.002423558657988044,11.5,4.49844645761187,0.31057230924622753,0.002423558657988044,4.5,37415175.67183185,1354960.257918031 
 01/01  18:00:00,-1.4749999999999999,11.0,5.0,11.0,5.0,20.0,20.887154539468472,2.8810521648078353,21.40391264364218,2.982011365204073,20.88606400015379,-0.15285831558220164,21.259836029245257,2.9829923573113852,20.697941800977482,-0.5388996583845463,23.726043971876514,8.061583826179685,20.887154539468472,30.427941203688604,1792.4276733308848,0.0,21.40391264364218,29.688390002885125,0.0,430.67978071286126,20.88606400015379,24.43072945412947,0.0,327.8155773762374,21.259836029245257,29.954031110085978,0.0,396.8460624098494,20.697941800977482,23.940023193038737,0.0,347.73630786470216,23.726043971876514,36.693956593645524,0.0,613.4990516853708,0.0,4769.938277706642,0.0,0.0,0.0,0.0,0.0,0.0,0.0,1872.835664820093,2929.9537690207108,0.0,0.0,0.0,0.0,4769.938277706642,5962.422847133303,0.0,0.0,7.22,7.22,0.0,0.0,64.66018041172853,0.06568691433508568,7.22,0.0,7.163651327568047,0.0027831437946149746,-3.8811203456826058,15.999041520552762,0.3705044250126874,0.0027831437946149746,16.0,81.9869690897525,0.016240734145573296,0.049446180189512384,0.0,7.22,0.0,4.499559976784234,0.31057230924622753,0.0024127773572044653,11.5,4.499559976784234,0.31057230924622753,0.0024127773572044653,4.5,37416566.053154685,1354960.257918031 
 01/01  19:00:00,-2.0125,5.5,2.5,5.5,2.5,10.0,20.3490190424515,2.696430589405396,20.30458704642535,1.7484542954534594,20.0854816539808,-1.1702620390255798,20.272608461830107,1.9050042912906209,20.04484554355785,-1.4909327042509186,22.66346153505403,7.304485897536586,20.3490190424515,31.04598407260538,1096.0449766575907,0.0,20.30458704642535,29.101574377530728,0.0,315.85769304629395,20.0854816539808,23.60551155974852,0.0,212.36824627150415,20.272608461830107,29.487150295699795,0.0,288.37782008501586,20.04484554355785,23.04258564402887,0.0,188.41772921253187,22.66346153505403,37.1580550988971,0.0,528.89877037975,0.0,5161.632016183454,0.0,0.0,26.86760281938208,61.46951308465355,33.671501714948455,110.65900322594408,0.0,2041.3310269082003,2957.273370785233,0.0,0.0,0.0,0.0,5161.632016183454,6452.040020229318,0.0,0.0,7.22,7.22,0.0,0.0,64.41019321806228,0.07004430960932566,7.22,0.0,7.091766810046413,0.0027832942211902887,-3.880628834187998,16.000160584324203,0.3705044250126874,0.0027832942211902887,16.0,82.0,0.018323320291301737,0.05058676361637827,0.0,7.22,0.0,4.499675796457002,0.31057230924622753,0.00240461704416355,11.5,4.499675796457002,0.31057230924622753,0.00240461704416355,4.5,23020643.42011325,1354960.257918031 
 01/01  20:00:00,-1.5125000000000002,0.0,0.0,0.0,0.0,0.0,19.44459180984681,0.6454310047895386,19.381656073857467,-0.9796576968109736,19.313821857815782,-3.037351639454721,19.38456751414585,-0.7874665834039335,19.27239400490393,-3.2073530030499118,21.18016028053647,4.20265365052695,19.44459180984681,28.334773209666757,479.2345790780796,0.0,19.381656073857467,25.046901790689454,93.42674485566295,189.29748820325494,19.313821857815782,21.175697165242756,33.18528476506552,154.96118095317573,19.38456751414585,25.43172145920712,96.91084914926654,179.444810768396,19.27239400490393,20.927361605978707,37.130601305159246,167.883497189246,21.18016028053647,32.844619507251636,0.0,410.2756873034311,0.0,5484.142975103102,0.0,0.0,172.62649513082073,100.09911261040983,171.86085627741392,111.0122385075529,0.0,1884.8616630515771,3010.225693236432,0.0,0.0,0.0,0.0,5484.142975103102,6855.178718878878,0.0,0.0,7.22,7.22,0.0,0.0,64.01911490476635,0.0725051874229326,7.22,0.0,6.949806513710011,0.002755709600503603,-3.99750160869717,16.0001621861689,0.3705044250126874,0.002755709600503603,16.0,81.76075289715519,0.016399228971836294,0.052877180639205545,0.0,7.22,0.0,4.499675099231622,0.31057230924622753,0.0024820920825542477,11.5,4.499675099231622,0.31057230924622753,0.0024820920825542477,4.5,12222933.78822979,1354960.257918031 
 01/01  21:00:00,-1.4749999999999999,0.0,0.0,0.0,0.0,0.0,18.655715684434725,-1.2144208145722173,18.7135533608408,-1.7993286333847682,18.845875738611824,-2.141741606402696,18.716613696508176,-1.7128775620053207,18.831510131465212,-2.0950363809118913,20.376393572057378,1.4656899317941878,18.655715684434725,25.698416115545953,492.6406545309121,0.0,18.7135533608408,24.39131561567279,61.512112087733385,0.0,18.845875738611824,23.52928905415026,42.987877644419825,0.0,18.716613696508176,24.561947760747792,58.00729117768344,0.0,18.831510131465212,23.64422857353373,48.49804728961334,0.0,20.376393572057378,28.389140164015743,0.0,70.26810120244022,0.0,0.0,0.0,0.0,0.0,0.0,0.0,0.0,0.0,0.0,0.0,0.0,0.0,0.0,0.0,0.0,0.0,0.0,0.0,7.22,7.22,0.0,0.0,65.41313407153754,0.0,7.22,0.0,18.483206882616464,0.003527194906121708,-1.0828657640510824,19.487612339819695,0.3705044250126874,0.003527194906121708,16.0,82.0,0.0,0.0,0.0,7.22,0.0,-1.4749999999999999,0.00621144618492455,0.0025806906051231244,11.5,-1.4749999999999999,0.00621144618492455,0.0025806906051231244,4.5,7114960.257918031,1354960.257918031 
 01/01  22:00:00,-1.3249999999999997,0.0,0.0,0.0,0.0,0.0,17.966751909892867,-1.0431501954403992,18.29136085902592,-1.4538241441726572,18.456289845338667,-1.3556605631761893,18.300714385933226,-1.4349845771269707,18.45237551429505,-1.3268568499536846,19.916479896818064,0.2649616403533965,17.966751909892867,27.21941138639638,394.01886059463504,0.0,18.29136085902592,25.77472848616037,41.888243711243604,0.0,18.456289845338667,25.719198863057215,24.270636917725483,0.0,18.300714385933226,25.799736767516364,38.952592184502976,0.0,18.45237551429505,25.78698262107474,27.07234188803841,0.0,19.916479896818064,26.774245228152587,0.0,86.75233319108605,0.0,0.0,0.0,0.0,0.0,0.0,0.0,0.0,0.0,0.0,0.0,0.0,0.0,0.0,0.0,0.0,0.0,0.0,0.0,7.22,7.22,0.0,0.0,65.41313407153754,0.0,7.22,0.0,17.813929686664544,0.003510891964210876,-1.1384868787493916,18.818365207053237,0.3705044250126874,0.003510891964210876,16.0,82.0,0.0,0.0,0.0,7.22,0.0,-1.3249999999999997,0.00621144618492455,0.0026276300288774358,11.5,-1.3249999999999997,0.00621144618492455,0.0026276300288774358,4.5,3064960.257918031,1354960.257918031 
 01/01  23:00:00,-1.4749999999999999,0.0,0.0,0.0,0.0,0.0,17.385523008548123,-1.0697468167221338,18.0039168942187,-1.3420248068466545,18.071381240682623,-1.2197582479671507,18.006825841649174,-1.3444811344824685,18.070362634445164,-1.2046592806810108,19.50942542314513,-0.4913543685303876,17.385523008548123,28.17169489859545,456.01785795060755,0.0,18.0039168942187,26.487371970919828,171.06322971415932,0.0,18.071381240682623,26.645014460721477,25.335129330102916,0.0,18.006825841649174,26.47711895459876,158.59965021766442,0.0,18.070362634445164,26.68013767119089,26.980071582706955,0.0,19.50942542314513,25.869430571916286,0.0,102.99812775512021,0.0,129.0771466117157,0.0,0.0,155.0929863805369,16.373854823189937,143.69912203353152,17.015825560654495,0.0,0.0,0.0,0.0,0.0,0.0,0.0,129.0771466117157,161.34643326464465,0.0,0.0,7.22,7.22,0.0,0.0,63.90667348716425,0.0016125159517813735,7.22,0.0,17.200649395269433,0.003522384071803133,-1.1067570140117358,18.205063697795833,0.3705044250126874,0.003522384071803133,16.0,82.0,0.0,0.0,0.0,7.22,0.0,-1.4749999999999999,0.00621144618492455,0.002622238810784213,11.5,-1.4749999999999999,0.00621144618492455,0.002622238810784213,4.5,3066471.108801027,1354960.257918031 
 01/01  24:00:00,-1.7,0.0,0.0,0.0,0.0,0.0,16.95348072501703,-1.1725609674490585,17.99995558383283,-1.3578837945411844,17.999035720502093,-1.269125874295491,17.999585265958785,-1.365042330458098,18.0010235598001,-1.2610974495089728,19.266355488058213,-0.9567517112855999,16.95348072501703,28.706221108514843,571.1586349977024,0.0,17.99995558383283,26.459060482228615,359.93326729660606,0.0,17.999035720502093,26.656640736572797,107.98940120314518,0.0,17.999585265958785,26.443926485544957,348.0723363646453,0.0,18.0010235598001,26.671107987423213,109.67154231475291,0.0,19.266355488058213,25.270683583674312,0.0,120.712714828949,0.0,584.8658598569657,0.0,0.0,380.8468730713421,125.54413734047594,367.8452737827913,129.18921044426008,0.0,0.0,0.0,0.0,0.0,0.0,0.0,584.8658598569657,731.0823248212072,0.0,0.0,7.22,7.22,0.0,0.0,55.48185156174566,0.005192383955186317,7.22,0.0,16.73275810982217,0.0034958624194527947,-1.2018437982271384,17.737221377493796,0.3705044250126874,0.0034958624194527947,16.0,82.0,0.0,0.0,0.0,7.22,0.0,-1.7,0.00621144618492455,0.0024862247596790167,11.5,-1.7,0.00621144618492455,0.0024862247596790167,4.5,3069805.6743050404,1354960.257918031 
 01/02  01:00:00,-3.0749999999999997,0.0,0.0,0.0,0.0,0.0,16.63880615664361,-1.314967260179194,18.00014743707877,-1.4498506079876181,17.999081559786745,-1.3876678349244909,17.99996821550631,-1.4568149820376062,18.000281850241542,-1.3823228586665959,19.113276940713995,-1.2790331947857756,16.63880615664361,28.940911998145875,675.379346457152,0.0,18.00014743707877,26.257083980130403,490.22191914532345,0.0,17.999081559786745,26.39511140997682,169.2164812630059,0.0,17.99996821550631,26.24215897558887,475.3095098066598,0.0,18.000281850241542,26.404855549147893,169.5774721231743,0.0,19.113276940713995,24.839173673457793,0.0,136.39552685062847,0.0,1198.6375971324367,0.0,0.0,539.1304176570213,210.3734496158716,521.6002557813238,215.08162225243558,0.0,0.0,0.0,0.0,0.0,0.0,0.0,1198.6375971324367,1498.2969964155457,0.0,0.0,7.22,7.22,0.0,0.0,46.893205633448595,0.008121708096581136,7.22,0.0,16.38061280727802,0.0034557765855176854,-1.33983908322259,17.385150091557332,0.3705044250126874,0.0034557765855176854,16.0,82.0,0.0,0.0,0.0,7.22,0.0,-3.0749999999999997,0.00621144618492455,0.002387807960505994,11.5,-3.0749999999999997,0.00621144618492455,0.002387807960505994,4.5,3072509.8949193098,1354960.257918031 
 01/02  02:00:00,-3.2124999999999995,0.0,0.0,0.0,0.0,0.0,16.375107120917043,-1.4665154201331523,18.000576446752557,-1.578293973717782,18.000343591907146,-1.5337572058656037,18.000189450854275,-1.5839830920262834,18.00063271817939,-1.5297820979812768,18.98549135596889,-1.5226292937967694,16.375107120917043,29.061960573774428,764.3231276961717,0.0,18.000576446752557,25.977123218452682,586.2927894543257,0.0,18.000343591907146,26.074076960233835,213.14639539454237,0.0,18.000189450854275,25.965440313484184,568.9943426508287,0.0,18.00063271817939,26.08223892186035,213.4227452835337,0.0,18.98549135596889,24.535590380817055,0.0,147.70826072376303,0.0,1729.652188352709,0.0,0.0,656.7953015424287,272.5737620004428,635.7124619919261,279.0207338436874,0.0,0.0,0.0,0.0,0.0,0.0,0.0,1729.652188352709,2162.065235440886,0.0,0.0,7.22,7.22,0.0,0.0,42.438719240947634,0.010451660016438394,7.22,0.0,16.109166326598924,0.003412763751850483,-1.4895179417762119,17.11378304393164,0.3705044250126874,0.003412763751850483,16.0,82.0,0.0,0.0,0.0,7.22,0.0,-3.2124999999999995,0.00621144618492455,0.002376891924425182,11.5,-3.2124999999999995,0.00621144618492455,0.002376891924425182,4.5,3074658.2017775634,1354960.257918031 
 01/02  03:00:00,-3.1125,0.0,0.0,0.0,0.0,0.0,16.146403190746348,-1.6508324152133051,17.99950942021144,-1.7580805323135675,18.000444875730004,-1.7154834597238175,17.999766795836234,-1.7632764201733289,17.999812171674833,-1.71096312569993,18.88528865591269,-1.7679001731788138,16.146403190746348,29.039581557136614,840.5985886362462,0.0,17.99950942021144,25.592418068260663,626.8116879636751,0.0,18.000444875730004,25.68201360125069,232.81403861520897,0.0,17.999766795836234,25.580913956950884,610.3208088598408,0.0,17.999812171674833,25.692715636668133,232.38086753097753,0.0,18.88528865591269,24.190067569658673,0.0,158.17496594644888,0.0,2003.816820899847,0.0,0.0,715.7482610058753,307.86572727368383,694.5389656112711,315.15174761943257,0.0,0.0,0.0,0.0,0.0,0.0,0.0,2003.816820899847,2504.7710261248085,0.0,0.0,7.22,7.22,0.0,0.0,41.17880664794559,0.011742666151835581,7.22,0.0,15.875990750448269,0.0033645290766531,-1.667064503528004,16.880696559467857,0.3705044250126874,0.0033645290766531,16.0,82.0,0.0,0.0,0.0,7.22,0.0,-3.1125,0.00621144618492455,0.002321120230738321,11.5,-3.1125,0.00621144618492455,0.002321120230738321,4.5,3075850.688734393,1354960.257918031 
 01/02  04:00:00,-2.9875,0.0,0.0,0.0,0.0,0.0,15.969096909039893,-1.8346932337807942,17.999980023857887,-1.9185344179654298,17.99966004774293,-1.8827104714145417,18.00000105691399,-1.9230859622841325,18.000097351954025,-1.8791876675708024,18.84794125687042,-1.9589517461125028,15.969096909039893,28.92329608546043,903.098755805084,0.0,17.999980023857887,25.251074065285668,624.5195569734406,0.0,17.99966004774293,25.32725923325314,232.27710648212155,0.0,18.00000105691399,25.2414395569444,606.7639957130489,0.0,18.000097351954025,25.334025637430134,232.83910034455232,0.0,18.84794125687042,23.86279919896568,0.0,169.8143145132517,0.0,2066.531039683101,0.0,0.0,728.1883813470613,319.67170165217266,704.9111183038686,329.3095175923891,0.0,0.0,0.0,0.0,0.0,0.0,0.0,2066.531039683101,2583.163799603876,0.0,0.0,7.22,7.22,0.0,0.0,41.06538191830356,0.012077468911622192,7.22,0.0,15.69081895051443,0.0033141557647335604,-1.8514336258712794,16.69561781774177,0.3705044250126874,0.0033141557647335604,16.0,82.0,0.0,0.0,0.0,7.22,0.0,-2.9875,0.00621144618492455,0.0023466820909273036,11.5,-2.9875,0.00621144618492455,0.0023466820909273036,4.5,3076160.6933252728,1354960.257918031 
 01/02  05:00:00,-1.7374999999999998,0.0,0.0,0.0,0.0,0.0,15.838842139541441,-1.9846901241852337,18.000172432470023,-2.059680860668192,17.99995001694034,-2.031737451236579,17.999898757850797,-2.063357909291558,17.999626306952678,-2.028960783804406,18.79145909063576,-2.1091344636599345,15.838842139541441,28.80212764453554,948.6489235218103,0.0,18.000172432470023,24.954704113961533,619.0226326083819,0.0,17.99995001694034,25.013421893136513,233.03184889999193,0.0,17.999898757850797,24.94745956873338,599.9896045127175,0.0,17.999626306952678,25.019736075316107,232.4446809135614,0.0,18.79145909063576,23.648361765878445,0.0,174.66765674094614,0.0,2097.685479284719,0.0,0.0,732.0863867754097,328.3582832643055,707.0083853967818,337.61159592683236,0.0,0.0,0.0,0.0,0.0,0.0,0.0,2097.685479284719,2622.106849105898,0.0,0.0,7.22,7.22,0.0,0.0,41.07478094223752,0.012262424008736374,7.22,0.0,15.57257995143336,0.0032736696392305265,-1.9977737680140881,16.577453623990515,0.3705044250126874,0.0032736696392305265,16.0,82.0,0.0,0.0,0.0,7.22,0.0,-1.7374999999999998,0.00621144618492455,0.002480495553859104,11.5,-1.7374999999999998,0.00621144618492455,0.002480495553859104,4.5,3076332.2615552843,1354960.257918031 
 01/02  06:00:00,-1.1,0.0,0.0,0.0,0.0,0.0,15.757295541107535,-2.138014763453382,17.999958606782172,-2.2131581096917063,17.999869183794345,-2.1817421765343226,17.99993285317062,-2.2168336857426905,17.999983798557512,-2.178134058634231,18.73819602335654,-2.2710308456562847,15.757295541107535,28.584092422035937,973.5435927363353,0.0,17.999958606782172,24.636628670030575,600.3053106992309,0.0,17.999869183794345,24.70163479994649,225.2003492991356,0.0,17.99993285317062,24.629090433520854,581.9603340116141,0.0,17.999983798557512,24.70891402928091,225.177670502083,0.0,18.73819602335654,23.40799927384076,0.0,176.97949237122538,0.0,2063.4563810281816,0.0,0.0,719.9218351145987,326.0603787795028,695.201269813481,336.48305490078235,0.0,0.0,0.0,0.0,0.0,0.0,0.0,2063.4563810281816,2579.3204762852265,0.0,0.0,7.22,7.22,0.0,0.0,41.16344419305897,0.012088443370309234,7.22,0.0,15.489756467179152,0.0032340567734334383,-2.1426266748384264,16.49470334270884,0.3705044250126874,0.0032340567734334383,16.0,82.0,0.0,0.0,0.0,7.22,0.0,-1.1,0.00621144618492455,0.0025370630535899966,11.5,-1.1,0.00621144618492455,0.0025370630535899966,4.5,3076171.3140152013,1354960.257918031 
 01/02  07:00:00,-0.7875000000000001,0.0,0.0,0.0,0.0,0.0,15.726643289512312,-2.569156412433818,18.00124540699762,-3.1062385558689463,18.00039395744986,-3.507629587652558,18.001011058512123,-3.0786341529153245,18.00102002007302,-3.571962657671933,18.716439614843274,-2.8590743281126483,15.726643289512312,27.632063916153022,983.3314712166773,0.0,18.00124540699762,22.86635381973466,555.2230032753986,0.0,18.00039395744986,22.115979145204182,205.37512886726927,0.0,18.001011058512123,22.919159465803183,535.3619923463406,0.0,18.00102002007302,21.996528025235715,205.96263987920702,0.0,18.716439614843274,22.31631162052857,0.0,225.6136472035367,0.0,8748.627488298653,0.0,0.0,725.0616509570648,348.7784622730611,696.1196434116703,364.2702086043888,0.0,1657.8409843912862,3191.6850233114747,0.0,0.0,0.0,0.0,8748.627488298653,10935.784360373316,0.0,0.0,7.22,7.22,0.0,0.0,60.3906900393083,0.09501045848808524,7.22,0.0,6.318523727473595,0.0026376370643733478,-4.538607749195311,15.855885494912796,0.3705044250126874,0.0026376370643733478,16.0,80.26079337033619,0.014482956117176544,0.06762401854025636,0.0,7.22,0.0,4.500019466235977,0.31057230924622753,0.002534054057865244,11.5,4.500019466235977,0.31057230924622753,0.002534054057865244,4.5,3153849.283325154,1354960.257918031 
 01/02  08:00:00,-0.6,0.0,0.0,0.0,0.0,0.0,15.725663925227881,-3.792920247199444,18.000977081208518,-4.136484985775143,17.999350746587343,-4.545135534274282,18.0000351945899,-4.095208809122928,17.999223568662778,-4.583261187889935,18.72785421466623,-3.6693922317961394,15.725663925227881,24.923160620924826,983.6044153961211,0.0,18.000977081208518,20.949549266052735,508.1817570372009,0.0,17.999350746587343,20.23462092445837,175.13804711627148,0.0,18.0000351945899,21.024400352062486,472.9041659845345,0.0,17.999223568662778,20.168968485868604,178.62530142006221,0.0,18.72785421466623,20.824066623923358,0.0,215.18037259678357,0.0,6738.308129063851,0.0,0.0,666.9360859883723,309.0304801377994,623.1201354245497,326.37016260210646,0.0,1599.0257055290112,3245.5069580126274,0.0,0.0,0.0,0.0,6738.308129063851,8422.885161329814,0.0,0.0,7.22,7.22,0.0,0.0,63.82539226131937,0.08854014265239296,7.22,0.0,6.316375166414664,0.0025889418629188097,-4.759303241261652,15.998467452333601,0.3705044250126874,0.0025889418629188097,16.0,82.0,0.013098214073972464,0.06465189184896358,0.0,7.22,0.0,4.499942111175718,0.31057230924622753,0.002533231373665885,11.5,4.499942111175718,0.31057230924622753,0.002533231373665885,4.5,3147961.244891434,1354960.257918031 
 01/02  09:00:00,-0.225,11.0,5.0,11.0,5.0,20.0,16.601457228013107,-3.642099165075795,19.581165804867013,-2.749351539828823,19.584069669557504,-3.1204536875735513,19.594176748292075,-2.7030443220645672,19.573292502580482,-3.179361827699471,20.471919013400527,-2.090704483830035,16.601457228013107,23.868598617128438,2478.602644860169,0.0,19.581165804867013,21.35398173943212,561.795597243872,48.363346432533255,19.584069669557504,20.68860994817509,200.1387483571138,41.414752861690516,19.594176748292075,21.42052494358623,465.72394899988564,46.636532850886944,19.573292502580482,20.598833565519108,226.79383067683463,44.08925489397167,20.471919013400527,21.35297075811043,33.3263590511536,339.5726796187332,0.0,6997.139143947026,0.0,0.0,797.322168938924,398.5234561560365,688.8685812779287,446.5190525057806,46.42823291280488,1481.6650587312997,3202.4974715268395,0.0,0.0,0.0,0.0,6997.139143947026,8746.42392993378,0.0,0.0,7.219999999999999,7.219999999999999,0.0,0.0,64.60287863254263,0.09905524030617804,7.219999999999999,0.0,6.434294615157137,0.0026430487331858443,-4.515848240527111,16.000464124394107,0.3705044250126874,0.0026430487331858443,16.0,82.0,0.011846447875921807,0.0622913828370317,0.0,7.219999999999999,0.0,4.499949921446671,0.31057230924622753,0.002612816778302696,11.5,4.499949921446671,0.31057230924622753,0.002612816778302696,4.5,32947887.433194805,1354960.257918031 
 01/02  10:00:00,0.375,11.0,5.0,11.0,5.0,20.0,17.60304995663555,-1.250077195643301,20.338802886915882,-0.17836968636531247,20.37754110035035,-1.166988647570642,20.52952395214796,-0.05282185829250838,20.171735923053543,-1.356553960827045,22.175351702218414,1.4021070783093952,17.60304995663555,27.39716729995161,2549.0525610588693,0.0,20.338802886915882,25.18615512794145,0.0,345.05613196884633,20.37754110035035,23.18185579801254,0.0,293.4404111250303,20.52952395214796,25.128682910282542,0.0,341.0491794620076,20.171735923053543,23.11216101020178,0.0,300.1775688188794,22.175351702218414,25.324937442438895,0.0,488.0056397843919,0.0,4548.324314124168,0.0,0.0,0.0,0.0,0.0,8.366405166826292,0.0,1293.6944478892528,3142.2987631442816,0.0,0.0,0.0,0.0,4548.324314124168,5685.40539265521,0.0,0.0,7.22,7.22,0.0,0.0,66.29938939974589,0.0691078240869068,7.22,0.0,6.597713315445211,0.002794981811633784,-3.8564367061576963,16.000343901288446,0.3705044250126874,0.002794981811633784,16.0,82.0,0.009935667178378233,0.05913514473686756,0.0,7.22,0.0,4.499968796575419,0.31057230924622753,0.0026847964707677387,11.5,4.499968796575419,0.31057230924622753,0.0026847964707677387,4.5,43269834.37937018,1354960.257918031 
 01/02  11:00:00,1.2874999999999999,11.0,5.0,11.0,5.0,20.0,18.517639630370212,0.7510263757503444,21.0015897186955,1.4534218187083177,21.038835405101864,-0.2545556307120537,21.300926651820607,1.733033305624586,20.73972420094009,-0.5678876066449993,23.003785990918715,4.309892102103673,18.517639630370212,30.266884411171148,2535.6068596688665,0.0,21.0015897186955,27.28760337496209,0.0,398.13446570186994,21.038835405101864,24.000047642085978,0.0,337.9610187738919,21.300926651820607,27.33358736742476,0.0,399.52970349418234,20.73972420094009,23.82115595141529,0.0,350.7385160825447,23.003785990918715,29.58783576203312,0.0,554.3897621049152,0.0,4076.945945863486,0.0,0.0,0.0,0.0,0.0,0.0,0.0,1007.5533330870991,3091.282868721856,0.0,0.0,0.0,0.0,4076.945945863486,5096.182432329357,0.0,0.0,7.22,7.22,0.0,0.0,66.76732763406282,0.06388283070208486,7.22,0.0,6.735579675271099,0.0029081820626211353,-3.395730080793326,15.99995359002233,0.3705044250126874,0.0029081820626211353,16.0,80.07379449324687,0.0072653575320826514,0.05661747317000221,0.0,7.22,0.0,4.499983281882786,0.31057230924622753,0.002704664276812239,11.5,4.499983281882786,0.31057230924622753,0.002704664276812239,4.5,44614945.797766015,1354960.257918031 
 01/02  12:00:00,1.7,8.8,4.0,8.8,4.0,16.0,19.323528138201084,1.904873704238724,21.452254995425893,2.0024177314228635,21.43013360968544,-0.05343835157839255,21.780914239314882,2.366776372266261,21.096549274087682,-0.38619617727382016,23.32200916629911,5.593997321435655,19.323528138201084,31.266459986489288,2337.204072294895,0.0,21.452254995425893,27.60664162830856,0.0,434.2125308494958,21.43013360968544,23.822757505124248,0.0,364.2849455183202,21.780914239314882,27.769678901551888,0.0,435.9412463040154,21.096549274087682,23.656859978738865,0.0,377.21472698675495,23.32200916629911,31.731202011896528,0.0,580.254075914404,0.0,3879.816188913408,0.0,0.0,0.0,0.0,0.0,0.0,0.0,878.1949473792314,3040.600757977023,0.0,0.0,0.0,0.0,3879.816188913408,4849.77023614176,0.0,0.0,7.22,7.22,0.0,0.0,66.65753041963923,0.060366684860105976,7.22,0.0,6.872921587878598,0.00302459701600061,-2.9447321882930204,15.999935909030995,0.3705044250126874,0.00302459701600061,16.0,78.39228485713879,0.006124978295986378,0.05424170656411961,0.0,7.22,0.0,4.499738472135838,0.31057230924622753,0.002762455757808991,11.5,4.499738472135838,0.31057230924622753,0.002762455757808991,4.5,43261640.65689337,1354960.257918031 
 01/02  13:00:00,1.7,4.4,2.0,4.4,2.0,8.0,19.916260156010946,1.9837161590275854,21.55153716273378,1.3944361559645237,21.4201564536789,-0.5632135448681437,21.83992468565049,1.7587988138032933,21.0887848463147,-0.8337461960151804,23.265762912110304,5.257171463703514,19.916260156010946,30.31266615697942,1937.162524496249,0.0,21.55153716273378,26.276377620714054,0.0,442.04802467474275,21.4201564536789,22.85779470250665,0.0,363.55322786301133,21.83992468565049,26.50027714191289,0.0,440.32487630478624,21.0887848463147,22.81003697299405,0.0,376.5854694544988,23.265762912110304,31.107426261639763,0.0,575.8408717931108,0.0,3844.008431580065,0.0,0.0,0.0,0.0,0.0,0.0,0.0,878.1987438026298,3001.692065035997,0.0,0.0,0.0,0.0,3844.008431580065,4805.010539475081,0.0,0.0,7.22,7.22,0.0,0.0,66.34629021818681,0.05862197153679221,7.22,0.0,6.978855773722292,0.003144846450167148,-2.50243631845303,15.999945360720789,0.3705044250126874,0.003144846450167148,16.0,78.41809298793464,0.006124978295986378,0.05249699324080583,0.0,7.22,0.0,4.499132571857306,0.31057230924622753,0.0028824101065350197,11.5,4.499132571857306,0.31057230924622753,0.0028824101065350197,4.5,39209992.677170515,1354960.257918031 
 01/02  14:00:00,0.6375,8.8,4.0,8.8,4.0,16.0,20.535706079718246,1.6633666336282356,21.975276437184103,2.0170659011385332,21.677369047233423,0.47956687086130545,22.18378817045729,2.326261208181908,21.40405114293544,0.2527965944756978,23.657193681117903,5.594664944652671,20.535706079718246,28.507554523285147,1942.4907791823118,0.0,21.975276437184103,26.78243226585853,0.0,475.7870619201905,21.677369047233423,24.404571188272353,0.0,380.88664734264137,22.18378817045729,27.03438161610885,0.0,466.2347587633881,21.40405114293544,24.394544963938618,0.0,400.0196648460995,23.657193681117903,31.105465376217552,0.0,606.7853131393153,0.0,4114.394196702044,0.0,0.0,0.0,0.0,0.0,0.0,0.0,1212.8990830584617,2969.3140122883415,0.0,0.0,0.0,0.0,4114.394196702044,5142.992745877554,0.0,0.0,7.22,7.22,0.0,0.0,65.70985576875034,0.06028281696668164,7.22,0.0,7.071127167736182,0.0035102196493262063,-1.2181152359070824,15.999758135212065,0.3705044250126874,0.0035102196493262063,16.0,79.74249746543022,0.009184323614218722,0.05109849335246293,0.0,7.22,0.0,4.499980719325124,0.31057230924622753,0.003348390377838611,11.5,4.499980719325124,0.31057230924622753,0.003348390377838611,4.5,41911531.0854864,1354960.257918031 
 01/02  15:00:00,-0.375,11.0,5.0,11.0,5.0,20.0,21.102558991427045,3.3592753836174714,22.118965264791832,4.046272944617169,21.694921701241057,2.4189139144740706,22.23591834662104,4.320819760648909,21.505288302681294,2.1470648364617984,23.940115972688087,7.4242569711032855,21.102558991427045,31.072637545771045,1947.135449451907,0.0,22.118965264791832,30.649325871056497,0.0,487.783745175181,21.694921701241057,28.027466618820494,0.0,382.47820835564767,22.23591834662104,31.025355497165272,0.0,470.70024431824044,21.505288302681294,27.808592349042765,0.0,407.9417981971372,23.940115972688087,34.69401161519255,0.0,629.9767923449685,0.0,4417.4619636920725,0.0,0.0,0.0,0.0,0.0,0.0,0.0,1531.2598042500297,2933.8661511758105,0.0,0.0,0.0,0.0,4417.4619636920725,5521.8274546150915,0.0,0.0,7.22,7.22,0.0,0.0,64.98412549619746,0.06198722626421395,7.22,0.0,7.170389041205656,0.0037560800267263327,-0.40919426602805214,16.00042337209364,0.3705044250126874,0.0037560800267263327,16.0,80.896404411232,0.0123720289936998,0.049615197270514146,0.0,7.22,0.0,4.499612324296076,0.31057230924622753,0.003558051475892169,11.5,4.499612324296076,0.31057230924622753,0.003558051475892169,4.5,42813106.64855662,1354960.257918031 
 01/02  16:00:00,0.15,11.0,5.0,11.0,5.0,20.0,21.376371923838125,4.894888716569014,21.92427269555362,5.188218200127436,21.459113940675252,3.136225380290432,21.998924322693625,5.457210347749536,21.334142936167783,2.834039374920317,23.94922878320874,8.864836829394605,21.376371923838125,34.02612810695984,1821.7215255742392,0.0,21.92427269555362,33.58452833389166,0.0,472.6771034692238,21.459113940675252,29.91479956093127,0.0,366.82291758752064,21.998924322693625,34.06380887421587,0.0,453.21388049560096,21.334142936167783,29.505563662859657,0.0,395.4399578619521,23.94922878320874,38.23520012740485,0.0,631.5392848380683,0.0,4260.621052118398,0.0,0.0,0.0,0.0,0.0,0.0,0.0,1366.5110402307955,2912.0535948028473,0.0,0.0,0.0,0.0,4260.621052118398,5325.776315147998,0.0,0.0,7.22,7.22,0.0,0.0,64.87475855095984,0.05940218696516944,7.22,0.0,7.231339093382369,0.0038917186815471145,0.011821473499611254,16.001002730159918,0.3705044250126874,0.0038917186815471145,16.0,80.17487179349418,0.010676162769316778,0.04872602419585267,0.0,7.22,0.0,4.499840211462233,0.31057230924622753,0.0035979220028199963,11.5,4.499840211462233,0.31057230924622753,0.0035979220028199963,4.5,41010678.34079148,1354960.257918031 
 01/02  17:00:00,0.6,11.0,5.0,11.0,5.0,20.0,21.349466845388505,5.555132482797058,21.276786129024085,5.4764026638838015,20.886762831580455,3.353487954479913,21.352019629611615,5.733113236712939,20.789220825605042,3.077699646511551,23.48250131030533,9.357486634421194,21.349466845388505,35.68166779518299,1657.8501227440397,0.0,21.276786129024085,35.648063498504655,0.0,421.16703617447786,20.886762831580455,31.464708750414943,0.0,328.4332074594834,21.352019629611615,36.1212721115015,0.0,404.48541633820105,20.789220825605042,31.04290710756536,0.0,355.12032627840915,23.48250131030533,40.648540695881096,0.0,594.8708041450616,0.0,4110.977245495571,0.0,0.0,0.0,0.0,0.0,0.0,0.0,1225.2080948837906,2909.8747274640828,0.0,0.0,0.0,0.0,4110.977245495571,5138.721556869464,0.0,0.0,7.22,7.22,0.0,0.0,65.0477103263324,0.057903723965962356,7.22,0.0,7.239117738710857,0.004025446058917484,0.46301701279585705,16.000817733232292,0.3705044250126874,0.004025446058917484,16.0,79.71167842436341,0.009265297259994936,0.04863842670596742,0.0,7.22,0.0,4.499362695209763,0.31057230924622753,0.003692442509488016,11.5,4.499362695209763,0.31057230924622753,0.003692442509488016,4.5,37409278.080025546,1354960.257918031 
 01/02  18:00:00,-0.15,11.0,5.0,11.0,5.0,20.0,21.128420828770555,5.6318160552961025,20.88548862913664,5.390863709031272,20.581121100193926,3.399865898480204,20.991437739134167,5.638787104251689,20.487912441539873,3.1456584525628237,23.25440011781636,9.301755481758345,21.128420828770555,36.36050710782534,1558.3560439661408,0.0,20.88548862913664,36.29485237717304,0.0,389.9772049314207,20.581121100193926,32.16511842458427,0.0,307.9561105652228,20.991437739134167,36.68541642713133,0.0,377.269127992766,20.487912441539873,31.77416147549103,0.0,332.855520770408,23.25440011781636,41.05511714408307,0.0,576.7795018036353,0.0,4343.842090606036,0.0,0.0,0.0,0.0,0.0,0.0,0.0,1460.6690538565622,2922.09365493981,0.0,0.0,0.0,0.0,4343.842090606036,5429.802613257546,0.0,0.0,7.22,7.22,0.0,0.0,64.93488340710726,0.06077467912684123,7.22,0.0,7.206343394603718,0.004063654654774489,0.593252220772641,16.00000462027456,0.3705044250126874,0.004063654654774489,16.0,80.65521604545916,0.011642106167916166,0.04913257295892506,0.0,7.22,0.0,4.498487874696119,0.31057230924622753,0.0037233775802746664,11.5,4.498487874696119,0.31057230924622753,0.0037233775802746664,4.5,37411967.6040722,1354960.257918031 
 01/02  19:00:00,0.15,5.5,2.5,5.5,2.5,10.0,20.532870617664724,5.283571222213025,20.1190567029697,4.4988960487037835,20.037792623258227,2.577066715457625,20.172779435647534,4.746473984939366,20.02802124979499,2.3562167633698214,22.375938556357873,8.481089098602013,20.532870617664724,36.817177395221634,965.9734895128654,0.0,20.1190567029697,35.76470704855846,0.0,252.1912337748829,20.037792623258227,31.38579834249361,0.0,179.45340774463068,20.172779435647534,36.26671430902959,0.0,282.6901849646855,20.02802124979499,30.9143210850187,0.0,181.92459957157735,22.375938556357873,40.966965201370655,0.0,506.69197917657425,0.0,4576.219681593149,0.0,0.0,76.27107120344573,91.76358150602465,32.47296240766838,116.58849658004254,0.0,1366.8622893899071,2953.334567556005,0.0,0.0,0.0,0.0,4576.219681593149,5720.274601991436,0.0,0.0,7.22,7.22,0.0,0.0,64.55595590217393,0.06263700220558407,7.22,0.0,7.123121202236353,0.0040634245796362595,0.5749188786952893,16.0000737044963,0.3705044250126874,0.0040634245796362595,16.0,80.88645651100114,0.010679794881084224,0.05042700906991833,0.0,7.22,0.0,4.4998404706610495,0.31057230924622753,0.003737251454170652,11.5,4.4998404706610495,0.31057230924622753,0.003737251454170652,4.5,23013702.20153311,1354960.257918031 
 01/02  20:00:00,0.9125000000000001,0.0,0.0,0.0,0.0,0.0,19.64148356081715,3.735345758600156,19.402563014636897,2.5019032961382743,19.34619266579195,1.0868942071782772,19.435724692167973,2.7013149599776676,19.31402712643227,0.9670228693479604,21.043096875383565,6.036752608624581,19.64148356081715,34.91723102062036,400.7581367411814,0.0,19.402563014636897,32.470563229087574,95.94446601109914,191.36351573951077,19.34619266579195,29.44189403603554,31.187072430077222,157.4481635861475,19.435724692167973,32.867947301048005,83.14348239832793,183.68720235015994,19.31402712643227,29.24738875713471,31.70277337817194,171.36717431356428,21.043096875383565,37.61200689423527,0.0,399.9720672634625,0.0,4726.612509946411,0.0,0.0,175.3507475417918,98.2985926526029,158.32105356573715,105.7455106410315,0.0,1127.3412527819123,3006.4181227328863,0.0,0.0,0.0,0.0,4726.612509946411,5908.265637433013,0.0,0.0,7.22,7.22,0.0,0.0,64.490408667221,0.06415715864540404,7.22,0.0,6.980517680338149,0.00399198725735273,0.3205066597077856,16.000175625509968,0.3705044250126874,0.00399198725735273,16.0,80.17098043821157,0.008343735616078147,0.05271450386949282,0.0,7.22,0.0,4.499989747510725,0.31057230924622753,0.003753342275446247,11.5,4.499989747510725,0.31057230924622753,0.003753342275446247,4.5,12215123.446921324,1354960.257918031 
 01/02  21:00:00,1.4749999999999999,0.0,0.0,0.0,0.0,0.0,18.886459086458316,2.224461933438516,18.757296791841668,1.7817514573908577,18.917861867169442,1.5641819678262974,18.790630013352313,1.8640947233781902,18.916626968570185,1.5967775247147602,20.255012721199197,3.930206244037474,18.886459086458316,32.873208766761294,419.7777534025804,0.0,18.757296791841668,32.10935508591322,79.38171715934283,0.0,18.917861867169442,31.306797686689485,56.142590407948774,0.0,18.790630013352313,32.231134826959966,72.64311301657159,0.0,18.916626968570185,31.383184924754552,62.043640148557245,0.0,20.255012721199197,34.072953904389756,0.0,39.66363652628206,0.0,0.0,0.0,0.0,0.0,0.0,0.0,0.0,0.0,0.0,0.0,0.0,0.0,0.0,0.0,0.0,0.0,0.0,0.0,7.22,7.22,0.0,0.0,66.10549614508547,0.0,7.22,0.0,18.751767760746457,0.004631020708744382,2.3527863563354465,19.754139567246998,0.3705044250126874,0.004631020708744382,16.0,82.0,0.0,0.0,0.0,7.22,0.0,1.4749999999999999,0.00621144618492455,0.003865634639305876,11.5,1.4749999999999999,0.00621144618492455,0.003865634639305876,4.5,7114960.257918031,1354960.257918031 
 01/02  22:00:00,2.0125,0.0,0.0,0.0,0.0,0.0,18.23330847074176,2.246445892252054,18.408480599992412,1.9538454302083696,18.592708681932578,2.043426583911004,18.433503628226447,1.9715217935320954,18.600055918238002,2.064495916202207,19.83415875923181,2.9947443744709075,18.23330847074176,34.30052844503564,312.88918467555436,0.0,18.408480599992412,33.22328809516123,56.79318149129972,0.0,18.592708681932578,33.0531953069699,35.522505012387,0.0,18.433503628226447,33.21302543810424,51.88058310886805,0.0,18.600055918238002,33.08766830087876,38.65459673937761,0.0,19.83415875923181,32.73426037181133,0.0,56.38763376639997,0.0,0.0,0.0,0.0,0.0,0.0,0.0,0.0,0.0,0.0,0.0,0.0,0.0,0.0,0.0,0.0,0.0,0.0,0.0,7.22,7.22,0.0,0.0,66.10549614508547,0.0,7.22,0.0,18.119123740514738,0.004585944009702749,2.208547910496055,19.121578401698105,0.3705044250126874,0.004585944009702749,16.0,82.0,0.0,0.0,0.0,7.22,0.0,2.0125,0.00621144618492455,0.004021301391294823,11.5,2.0125,0.00621144618492455,0.004021301391294823,4.5,3064960.257918031,1354960.257918031 
 01/02  23:00:00,0.825,0.0,0.0,0.0,0.0,0.0,17.734644594752595,2.1956050544406396,18.182964584771508,2.044239589336419,18.34166983904963,2.125304220885247,18.20439936910431,2.0443920102669164,18.346197598439918,2.133952534771413,19.6187339526021,2.547318842377818,17.734644594752595,35.26474957170656,398.8505922276538,0.0,18.182964584771508,33.91464152885381,30.28827297445639,0.0,18.34166983904963,33.773282764182284,14.883369813545357,0.0,18.20439936910431,33.86935938812121,27.057856707364124,0.0,18.346197598439918,33.78452342770884,16.088056849939676,0.0,19.6187339526021,32.13709127808292,0.0,83.49534810441543,0.0,0.0,0.0,0.0,0.0,0.0,0.0,0.0,0.0,0.0,0.0,0.0,0.0,0.0,0.0,0.0,0.0,0.0,0.0,7.22,7.22,0.0,0.0,66.10549614508547,0.0,7.22,0.0,17.560766284578083,0.004575158984757372,2.166864231017096,18.563240778867392,0.3705044250126874,0.004575158984757372,16.0,82.0,0.0,0.0,0.0,7.22,0.0,0.825,0.00621144618492455,0.003875211252918334,11.5,0.825,0.00621144618492455,0.003875211252918334,4.5,3064960.257918031,1354960.257918031 
 01/02  24:00:00,0.0,0.0,0.0,0.0,0.0,0.0,17.344404013800442,2.1641962667472145,18.016206255392436,2.068190931026995,18.104759669879087,2.108752961845003,18.02413975943022,2.0656304782652963,18.105885120629427,2.1113043045760076,19.44242282908774,2.325553047327649,17.344404013800442,36.06324015844417,472.38062405519736,0.0,18.016206255392436,34.3304264414993,98.49659730005544,0.0,18.104759669879087,34.239045825331885,4.797374761490289,0.0,18.02413975943022,34.307048979436544,79.6749753101214,0.0,18.105885120629427,34.24287098117151,4.403225866222101,0.0,19.44242282908774,31.982034217149497,0.0,102.4272709282564,0.0,54.69354463535774,0.0,0.0,88.04820852345816,1.9319017095237025,70.3813706405885,1.324631035494654,0.0,0.0,0.0,0.0,0.0,0.0,0.0,54.69354463535774,68.36693079419717,0.0,0.0,7.22,7.22,0.0,0.0,65.48463171052768,0.0007589167004155425,7.22,0.0,17.14492471610692,0.004564844805737196,2.1301086619553846,18.147418178571314,0.3705044250126874,0.004564844805737196,16.0,82.0,0.0,0.0,0.0,7.22,0.0,0.0,0.00621144618492455,0.0037538105792648212,11.5,0.0,0.00621144618492455,0.0037538105792648212,4.5,3065672.0780502814,1354960.257918031 
 01/03  01:00:00,0.0,0.0,0.0,0.0,0.0,0.0,17.01050599173545,2.0968461207014926,18.000110676538966,2.0069117214065906,18.000105596115684,2.0410822496173893,18.000137005000685,2.0035872099239804,18.000156594295646,2.044456591337936,19.230913148966984,2.11987864871107,17.01050599173545,36.656637730354184,547.2432530108024,0.0,18.000110676538966,34.215074163528385,257.25225726946763,0.0,18.000105596115684,34.2987217125691,62.515377451147174,0.0,18.000137005000685,34.2068905430992,236.06447037787655,0.0,18.000156594295646,34.30688300653665,62.678837010173424,0.0,19.230913148966984,31.934010942928353,0.0,112.93034890495744,0.0,322.02147083710884,0.0,0.0,272.96597802899544,75.76046549692218,250.94292066511542,77.2981583516245,0.0,0.0,0.0,0.0,0.0,0.0,0.0,322.02147083710884,402.526838546386,0.0,0.0,7.22,7.22,0.0,0.0,59.40518067021685,0.0033486701839336402,7.22,0.0,16.80040000119159,0.004545761439371128,2.0807873802398262,17.80292856094077,0.3705044250126874,0.004545761439371128,16.0,82.0,0.0,0.0,0.0,7.22,0.0,0.0,0.00621144618492455,0.0037513990539877686,11.5,0.0,0.00621144618492455,0.0037513990539877686,4.5,3068091.360254652,1354960.257918031 
 01/03  02:00:00,0.0,0.0,0.0,0.0,0.0,0.0,16.747290896316105,2.0079148712494215,17.99974339260441,1.9203647057249813,17.999737657576144,1.9534401779066415,17.999922576560756,1.916739833891973,18.000485033846164,1.9569934775886835,19.06689296069812,1.950631114980443,16.747290896316105,37.03795039833674,633.280072574782,0.0,17.99974339260441,34.004882441917374,376.73427794890966,0.0,17.999737657576144,34.08540744626549,121.71935639852438,0.0,17.999922576560756,33.99568851720419,355.71235093277073,0.0,18.000485033846164,34.09246329307077,122.09754397918834,0.0,19.06689296069812,31.874516633237246,0.0,121.56841372166826,0.0,773.1344274334805,0.0,0.0,414.1965005908184,153.3038878621059,391.1922740665417,157.00560526804793,0.0,0.0,0.0,0.0,0.0,0.0,0.0,773.1344274334805,966.4180342918505,0.0,0.0,7.22,7.22,0.0,0.0,50.83745898434144,0.00587491728717681,7.22,0.0,16.526913498544868,0.004511195310080269,1.9979290501563658,17.529505636664133,0.3705044250126874,0.004511195310080269,16.0,82.0,0.0,0.0,0.0,7.22,0.0,0.0,0.00621144618492455,0.003745143686143616,11.5,0.0,0.00621144618492455,0.003745143686143616,4.5,3070430.789726549,1354960.257918031 
 01/03  03:00:00,0.375,0.0,0.0,0.0,0.0,0.0,16.53358453685705,1.8783188684923675,18.00001039304565,1.7655578753525392,18.00002083914014,1.810139887070066,17.999771029391688,1.760975216311444,17.999745872311365,1.815724190153111,18.869132321346264,1.7386325794729365,16.53358453685705,37.19824584330318,698.1804504472075,0.0,18.00001039304565,33.629841846755234,503.44871931497164,0.0,18.00002083914014,33.73728782178699,177.50976947992655,0.0,17.999771029391688,33.61932319830515,479.9063532239493,0.0,17.999745872311365,33.75135811168338,177.04603180616743,0.0,18.869132321346264,31.784727429422887,0.0,122.96071959672798,0.0,1344.5558956836464,0.0,0.0,558.1075192322803,223.59085481108528,531.6354214059916,227.87453031071482,0.0,0.0,0.0,0.0,0.0,0.0,0.0,1344.5558956836464,1680.6948696045579,0.0,0.0,7.22,7.22,0.0,0.0,44.41873578639966,0.00853602565598979,7.22,0.0,16.31125500552203,0.004465696250913859,1.8856285052011699,17.313930843880954,0.3705044250126874,0.004465696250913859,16.0,82.0,0.0,0.0,0.0,7.22,0.0,0.375,0.00621144618492455,0.0037405956944040163,11.5,0.375,0.00621144618492455,0.0037405956944040163,4.5,3072886.906060338,1354960.257918031 
 01/03  04:00:00,0.225,0.0,0.0,0.0,0.0,0.0,16.367555912321226,1.6761883923252607,18.00031679506538,1.539676292924123,18.000290587261297,1.6003045293514129,18.00005403436163,1.5335424985017356,18.00000181137662,1.6078565983710718,18.743402762563093,1.4673433716960893,16.367555912321226,37.053528535040186,747.7911712001141,0.0,18.00031679506538,33.08934337613841,555.3459865571574,0.0,18.000290587261297,33.233540356528756,199.43149011525122,0.0,18.00005403436163,33.07533251508955,530.9352339053657,0.0,18.00000181137662,33.25213879293599,199.48185542990132,0.0,18.743402762563093,31.4187909045385,0.0,127.04873940244966,0.0,1663.0516214014733,0.0,0.0,624.180266163338,257.45844749899345,596.0832250543953,263.49103550141314,0.0,0.0,0.0,0.0,0.0,0.0,0.0,1663.0516214014733,2078.8145267518416,0.0,0.0,7.22,7.22,0.0,0.0,41.574778871948354,0.009840202241636429,7.22,0.0,16.133430636507498,0.004397635931303879,1.6920742298744123,17.136231705119588,0.3705044250126874,0.004397635931303879,16.0,82.0,0.0,0.0,0.0,7.22,0.0,0.225,0.00621144618492455,0.003561456253687718,11.5,0.225,0.00621144618492455,0.003561456253687718,4.5,3074087.741128961,1354960.257918031 
 01/03  05:00:00,-0.6875,0.0,0.0,0.0,0.0,0.0,16.245537416624053,1.4254674578030029,17.999612642902466,1.2591504638588153,18.000180107550594,1.331099534631314,18.000023042818494,1.25164671433031,17.99995093782882,1.3397660909637628,18.70339067467079,1.152341763716141,16.245537416624053,36.677433164966615,789.7632482705358,0.0,17.999612642902466,32.43105264787011,596.6276313251819,0.0,18.000180107550594,32.59798899808909,215.56545383240837,0.0,18.000023042818494,32.41272340107164,571.4152724956808,0.0,17.99995093782882,32.618763980879116,215.44939097266683,0.0,18.70339067467079,30.792704687219164,0.0,135.19882622976638,0.0,1879.932902447905,0.0,0.0,676.8176534449022,283.2050440928203,647.3651900822299,290.0702175556114,0.0,0.0,0.0,0.0,0.0,0.0,0.0,1879.932902447905,2349.916128059881,0.0,0.0,7.22,7.22,0.0,0.0,40.75750514069764,0.01090465697719405,7.22,0.0,15.989845746096531,0.004310278577744878,1.4371856296274026,16.992807596818594,0.3705044250126874,0.004310278577744878,16.0,82.0,0.0,0.0,0.0,7.22,0.0,-0.6875,0.00621144618492455,0.0031713152128992885,11.5,-0.6875,0.00621144618492455,0.0031713152128992885,4.5,3075071.788361668,1354960.257918031 
 01/03  06:00:00,-1.7875000000000003,0.0,0.0,0.0,0.0,0.0,16.13604725054882,1.10355029773489,18.00007045315869,0.8930541800964508,18.001100654673344,0.9838697182802949,17.999882135421146,0.8836344666879005,18.00002516874055,0.9950018839434573,18.645016032114984,0.7496000144247227,16.13604725054882,36.08978503523569,826.9063590484027,0.0,18.00007045315869,31.586759179437895,687.6835865201023,0.0,18.001100654673344,31.79205644891178,251.84473286629435,0.0,17.999882135421146,31.565687289974356,658.7441529095898,0.0,18.00002516874055,31.819721515558065,251.33031754018157,0.0,18.645016032114984,30.021328961579886,0.0,140.5173032742585,0.0,2205.1661282394325,0.0,0.0,777.9450012247944,327.9980503619746,744.1846910842571,335.28252183440094,0.0,0.0,0.0,0.0,0.0,0.0,0.0,2205.1661282394325,2756.45766029929,0.0,0.0,7.22,7.22,0.0,0.0,41.126639879045385,0.01291097297675035,7.22,0.0,15.863583212180004,0.004204815477873368,1.1229986424789997,16.86673923785069,0.3705044250126874,0.004204815477873368,16.0,82.0,0.0,0.0,0.0,7.22,0.0,-1.7875000000000003,0.00621144618492455,0.0028358360568664065,11.5,-1.7875000000000003,0.00621144618492455,0.0028358360568664065,4.5,3076934.0270496607,1354960.257918031 
 01/03  07:00:00,-2.8875,0.0,0.0,0.0,0.0,0.0,16.01685102214345,0.13351668936302696,18.001271691254388,-0.9949193206167196,18.001480666304666,-1.7218433351244165,18.000980703158486,-0.946637059086973,18.001997486392114,-1.8416210113044431,18.558811740249226,-0.5853740433559073,16.01685102214345,33.86247085515805,864.5885192932506,0.0,18.001271691254388,27.315907709604573,757.6925318112484,0.0,18.001480666304666,25.76980632547473,279.05125906034283,0.0,18.000980703158486,27.421581958823282,725.7063920835778,0.0,18.001997486392114,25.52000614402807,279.3539167274817,0.0,18.558811740249226,27.25229670749332,0.0,211.6439233471752,0.0,9918.728359222281,0.0,0.0,924.8663789534221,420.7434245754256,883.9234171349906,435.80191922414997,0.0,2316.1997482584266,3181.6714991660356,0.0,0.0,0.0,0.0,9918.728359222281,12398.41044902785,0.0,0.0,7.22,7.22,0.0,0.0,60.12546635643179,0.10698891239168153,7.22,0.0,6.371496918064552,0.0028153408913774605,-3.7826895961713403,15.879002302746448,0.3705044250126874,0.0028153408913774605,16.0,80.49349454126623,0.023068337802144213,0.06688644186933958,0.0,7.22,0.0,4.499205489433047,0.31057230924622753,0.002579875206722214,11.5,4.499205489433047,0.31057230924622753,0.002579875206722214,4.5,3165046.123493593,1354960.257918031 
 01/03  08:00:00,-3.3,0.0,0.0,0.0,0.0,0.0,15.895757335241399,-2.42455423290539,18.000340950491747,-3.2260412653013324,17.999997060829404,-4.076618829026392,18.000830963821663,-3.1441912761288333,18.000247599852226,-4.161735087091484,18.55954769256296,-2.3384460683584645,15.895757335241399,27.68909801309814,907.2972712332662,0.0,18.000340950491747,22.639065525717285,725.90636259237,0.0,17.999997060829404,21.06146472642292,184.00319385230603,0.0,18.000830963821663,22.79534478531374,680.9090461080675,0.0,18.000247599852226,20.90845340515406,260.7534103811783,0.0,18.55954769256296,23.550027801018384,0.0,201.93408634172624,0.0,8088.907806579454,0.0,0.0,884.0801990405474,317.78943651745766,830.6659993419278,408.40212983549793,0.0,2444.8328054121785,3234.181045799825,0.0,0.0,0.0,0.0,8088.907806579454,10111.134758224318,0.0,0.0,7.22,7.22,0.0,0.0,63.140143875009585,0.10242770517932255,7.22,0.0,6.348823427376846,0.0026217718767204616,-4.598088088326591,16.00005604922912,0.3705044250126874,0.0026217718767204616,16.0,82.0,0.023849043933271474,0.06401816989545431,0.0,7.22,0.0,4.4982265402740556,0.31057230924622753,0.0024871134110442624,11.5,4.4982265402740556,0.31057230924622753,0.0024871134110442624,4.5,3160943.7160354233,1354960.257918031 
 01/03  09:00:00,-3.9875000000000003,11.0,5.0,11.0,5.0,20.0,16.647586446762542,-3.1278392985235066,19.546909925875504,-2.56895813910671,19.611603220033565,-3.264449775139977,19.56203154483437,-2.486400564504621,19.54661657761985,-3.371104169124957,20.32566949261261,-1.52480061884089,16.647586446762542,24.853122080725058,2447.7402936238277,0.0,19.546909925875504,21.718495780112924,754.2384201618152,46.09333820381255,19.611603220033565,20.397986873534848,142.98991472430862,59.676957267298576,19.56203154483437,21.84875065669754,643.9078686828814,44.6439069477251,19.54661657761985,20.29831747117987,295.5208471562649,42.507323187340944,20.32566949261261,22.579067218939127,90.19820763816543,328.1714616425271,0.0,8583.926799573657,0.0,0.0,988.8239366406613,324.9187579859351,866.182615861423,514.703300351886,103.20329429836092,2660.021156198246,3197.6292267618005,0.0,0.0,0.0,0.0,8583.926799573657,10729.90849946707,0.0,0.0,7.219999999999999,7.219999999999999,0.0,0.0,64.30576849110021,0.11916253818285455,7.219999999999999,0.0,6.444140365394856,0.0024842570708700678,-5.214353205402533,16.00008406318694,0.3705044250126874,0.0024842570708700678,16.0,81.99999999999999,0.027181030661873287,0.06202614912773439,0.0,7.219999999999999,0.0,4.498558951625885,0.31057230924622753,0.0023957142497172948,11.5,4.498558951625885,0.31057230924622753,0.0023957142497172948,4.5,32966729.887278065,1354960.257918031 
 01/03  10:00:00,-4.4,11.0,5.0,11.0,5.0,20.0,17.519787402053947,-1.5077318406994142,20.114452759766646,-0.7228284696141792,20.40997072878932,-1.9674104667790997,20.254389910882022,-0.5873607004146256,20.03599212897049,-2.2128483091846385,21.91369747261934,1.147031807411873,17.519787402053947,26.944192120786088,2523.995169417194,0.0,20.114452759766646,24.450728674125198,0.0,293.3782254516418,20.40997072878932,21.640756335622886,0.0,295.49541471360214,20.254389910882022,24.511354160841375,0.0,320.24435174904227,20.03599212897049,21.698579421639664,0.0,256.6492078658726,21.91369747261934,25.253785562164893,0.0,467.2678305293664,0.0,6092.727936472773,0.0,0.0,33.68556298007444,0.0,0.0,41.68654616435514,0.0,2789.4990127967353,3143.647009580695,0.0,0.0,0.0,0.0,6092.727936472773,7615.909920590966,0.0,0.0,7.22,7.22,0.0,0.0,65.63172024218895,0.08883022274595133,7.22,0.0,6.588898881911058,0.0024968963080838364,-5.135880666500995,16.000293702442626,0.3705044250126874,0.0024968963080838364,16.0,82.0,0.02927584653781468,0.05920021378507197,0.0,7.22,0.0,4.500028378343283,0.31057230924622753,0.002338969276610295,11.5,4.500028378343283,0.31057230924622753,0.002338969276610295,4.5,43288317.0031424,1354960.257918031 
 01/03  11:00:00,-4.0875,11.0,5.0,11.0,5.0,20.0,18.304162342916285,-0.12785972563061831,20.7011439174895,0.34511462783555014,21.1109862234893,-1.2943167942840654,20.963332191892086,0.6297277031371177,20.467986951395588,-1.7299357971730693,22.726886475697547,3.4804028858409604,18.304162342916285,28.722867005570922,2529.00372288958,0.0,20.7011439174895,25.66013297501658,0.0,373.99766829616857,21.1109862234893,21.922366484957756,0.0,342.5988550682226,20.963332191892086,25.775406672071462,0.0,373.86225217635166,20.467986951395588,21.995039193532726,0.0,330.4222095796038,22.726886475697547,28.377478598225856,0.0,532.1978422155797,0.0,5740.536801933344,0.0,0.0,0.0,0.0,0.0,0.0,0.0,2691.5471298282255,3100.2288983799235,0.0,0.0,0.0,0.0,5740.536801933344,7175.67100241668,0.0,0.0,7.22,7.22,0.0,0.0,65.82022982657988,0.08471238046775914,7.22,0.0,6.705921314779015,0.002570935477135372,-4.786287159206244,15.99996291194759,0.3705044250126874,0.002570935477135372,16.0,82.0,0.02766609061959654,0.05704628984816261,0.0,7.22,0.0,4.499852654188293,0.31057230924622753,0.0023488886107727305,11.5,4.499852654188293,0.31057230924622753,0.0023488886107727305,4.5,44634461.659380436,1354960.257918031 
 01/03  12:00:00,-3.5249999999999995,8.8,4.0,8.8,4.0,16.0,18.997126623435392,0.7415945967607216,21.055298441030942,0.722972792615578,21.334462643625635,-1.1406539024249869,21.321850760400544,1.0799682365365288,20.734629270410945,-1.5953164769141588,23.021603869971837,4.498143804096033,18.997126623435392,29.350282381200785,2349.728100280119,0.0,21.055298441030942,25.80305417425237,0.0,402.2992605240997,21.334462643625635,21.901691368942892,0.0,357.63798025032656,21.321850760400544,26.046193143577103,0.0,401.01640518702305,20.734629270410945,21.88068231382666,0.0,350.1856712859116,23.021603869971837,29.93555726467287,0.0,556.009206160109,0.0,5523.786450511397,0.0,0.0,0.0,0.0,0.0,0.0,0.0,2515.613164552267,3056.4885199906203,0.0,0.0,0.0,0.0,5523.786450511397,6904.733063139245,0.0,0.0,7.22,7.22,0.0,0.0,65.48951238347459,0.079884901849294,7.22,0.0,6.82480921797988,0.002688678781865232,-4.263532449850186,15.999930997521961,0.3705044250126874,0.002688678781865232,16.0,82.0,0.024914589481136586,0.054970312368157415,0.0,7.22,0.0,4.499817890102106,0.31057230924622753,0.002432018247273954,11.5,4.499817890102106,0.31057230924622753,0.002432018247273954,4.5,43279916.963194095,1354960.257918031 
 01/03  13:00:00,-2.9875,4.4,2.0,4.4,2.0,8.0,19.44871349278678,0.65976010414023,20.95992848318606,-0.09522304723250687,21.08695793890721,-1.8707136695426958,21.17289412725571,0.22989625559956606,20.59349107215653,-2.211583764848301,22.84067820340922,3.8096352445757242,19.44871349278678,28.374739115495718,1939.5705273591063,0.0,20.95992848318606,24.415091177775583,0.0,394.5033053431599,21.08695793890721,20.930319774610915,0.0,340.87451438650805,21.17289412725571,24.70770933121912,0.0,389.5924360740625,20.59349107215653,20.969117888885016,0.0,339.5850492268358,22.84067820340922,28.846082785682924,0.0,541.5007476747348,0.0,5330.929476273492,0.0,0.0,0.0,0.0,0.0,0.0,0.0,2347.3073024205437,3025.4228511587835,0.0,0.0,0.0,0.0,5330.929476273492,6663.661845341864,0.0,0.0,7.22,7.22,0.0,0.0,65.25027679131833,0.07599433302691178,7.22,0.0,6.90989392131584,0.0027303973683258207,-4.081992905503251,16.001285095376588,0.3705044250126874,0.0027303973683258207,16.0,82.0,0.02244278196761455,0.053551551059297244,0.0,7.22,0.0,4.499891025433261,0.31057230924622753,0.0024696737274417053,11.5,4.499891025433261,0.31057230924622753,0.0024696737274417053,4.5,39226256.63045178,1354960.257918031 
 01/03  14:00:00,-2.8,8.8,4.0,8.8,4.0,16.0,19.908340573831612,-0.11196155632532667,21.428563704871685,-0.12022927573860001,21.25518228308269,-1.6848423429695616,21.49862841856124,0.15358337448550535,20.87762221672253,-1.9833209171800406,23.165918028356106,3.5995246728182337,19.908340573831612,26.039349727357315,1968.9019687534508,0.0,21.428563704871685,23.68037474159122,0.0,431.7151648854988,21.25518228308269,21.03827991493078,0.0,352.14351590465435,21.49862841856124,24.08457946344301,0.0,414.045962111194,20.87762221672253,21.000472288211586,0.0,360.61221360601024,23.165918028356106,27.86097171789316,0.0,567.0308729787122,0.0,5245.88873505708,0.0,0.0,0.0,0.0,0.0,0.0,0.0,2288.5011060291604,2999.785078088858,0.0,0.0,0.0,0.0,5245.88873505708,6557.36091882135,0.0,0.0,7.22,7.22,0.0,0.0,65.07809598496279,0.07402275070503284,7.22,0.0,6.976801396771901,0.0026831858160114527,-4.279051494400667,16.000459011685432,0.3705044250126874,0.0026831858160114527,16.0,82.0,0.021610520349927723,0.052412230355105116,0.0,7.22,0.0,4.499916738405774,0.31057230924622753,0.0024619852724886426,11.5,4.499916738405774,0.31057230924622753,0.0024619852724886426,4.5,41924400.09569603,1354960.257918031 
 01/03  15:00:00,-2.8,11.0,5.0,11.0,5.0,20.0,20.399006262719155,0.7273993845150516,21.82316513922928,1.2204269273321473,21.359723535176723,-0.7848515812595144,21.74353194650012,1.4639071200351959,21.142021746380813,-1.127419849438764,23.58400393778478,5.036192752174304,20.399006262719155,26.879329859717345,2053.1129331399343,0.0,21.82316513922928,25.521303862597165,0.0,463.36272737603707,21.359723535176723,22.525600417176285,0.0,359.28905132435216,21.74353194650012,26.099242144214948,0.0,432.72807629281664,21.142021746380813,22.188027648855787,0.0,380.294928657638,23.58400393778478,30.05315429763962,0.0,600.5598539491848,0.0,5215.95262218813,0.0,0.0,0.0,0.0,0.0,0.0,0.0,2288.500889378053,2969.306368357651,0.0,0.0,0.0,0.0,5215.95262218813,6519.940777735162,0.0,0.0,7.22,7.22,0.0,0.0,64.86933136059073,0.07270562827573926,7.22,0.0,7.059068522082833,0.0027047079077627384,-4.181094012064543,16.000910759801307,0.3705044250126874,0.0027047079077627384,16.0,82.0,0.021610520349927723,0.05109510792581154,0.0,7.22,0.0,4.4999285734137375,0.31057230924622753,0.002461053521241231,11.5,4.4999285734137375,0.31057230924622753,0.002461053521241231,4.5,42823156.56576985,1354960.257918031 
 01/03  16:00:00,-2.8,11.0,5.0,11.0,5.0,20.0,20.721695313654855,1.9812146885865567,21.935503378029367,2.3651163493458633,21.2685291289719,-0.23923730106978813,21.716044634858076,2.566931517725548,21.191246236446315,-0.5829011754358081,23.81297272899522,6.620808931086481,20.721695313654855,28.83348045435838,1992.4178304589277,0.0,21.935503378029367,27.508220103288437,0.0,472.6096884588477,21.2685291289719,23.694923298809393,0.0,353.2739602197823,21.716044634858076,28.28402590128259,0.0,430.92904823556154,21.191246236446315,23.14082721252474,0.0,384.03689280910027,23.81297272899522,33.07917865860595,0.0,619.4053993315067,0.0,5196.143910971111,0.0,0.0,0.0,0.0,0.0,0.0,0.0,2288.500889378053,2946.449908996852,0.0,0.0,0.0,0.0,5196.143910971111,6495.179888713888,0.0,0.0,7.22,7.22,0.0,0.0,64.7050936192237,0.07174259313729117,7.22,0.0,7.121658142768537,0.002766395571803767,-3.9165831013631074,16.001404545883062,0.3705044250126874,0.002766395571803767,16.0,82.0,0.021610520349927723,0.05013207278736344,0.0,7.22,0.0,4.4999285734137375,0.31057230924622753,0.002461053521241231,11.5,4.4999285734137375,0.31057230924622753,0.002461053521241231,4.5,41022247.16676442,1354960.257918031 
 01/03  17:00:00,-2.8,11.0,5.0,11.0,5.0,20.0,20.804417042601408,2.791946582489282,21.4332412377101,2.9022633568378513,20.82624558332402,0.009092286427527477,21.25115745462273,3.056335862620459,20.7937545602636,-0.2977900842150537,23.60591374960079,7.6044601849123,20.804417042601408,30.390854774943683,1858.1564040843496,0.0,21.4332412377101,29.473545059145053,0.0,432.8876333335809,20.82624558332402,24.845526621661733,0.0,323.7506741506166,21.25115745462273,30.128577826955627,0.0,396.1232526883336,20.7937545602636,24.280898313398612,0.0,354.78387817731783,23.60591374960079,35.828026562090045,0.0,603.636486926245,0.0,5191.586515905634,0.0,0.0,0.0,0.0,0.0,0.0,0.0,2288.51824695502,2937.386559270173,0.0,0.0,0.0,0.0,5191.586515905634,6489.483144882041,0.0,0.0,7.22,7.22,0.0,0.0,64.62864633506561,0.0713646153069461,7.22,0.0,7.146339376778082,0.0028777254695198985,-3.445805636791448,16.00005075507617,0.3705044250126874,0.0028777254695198985,16.0,82.0,0.021610520349927723,0.04975409495701838,0.0,7.22,0.0,4.4989803767988015,0.31057230924622753,0.0025357149557783233,11.5,4.4989803767988015,0.31057230924622753,0.0025357149557783233,4.5,37421889.842868455,1354960.257918031 
 01/03  18:00:00,-2.8,11.0,5.0,11.0,5.0,20.0,20.660359157017197,3.1479039102070443,20.93365152826513,2.915587822101265,20.52768479292274,0.053710650915253254,20.92616108871967,3.109191524424006,20.45554147105083,-0.2501527131378064,23.423769977421177,7.998732936179248,20.660359157017197,31.443519500822987,1753.5652137323696,0.0,20.93365152826513,30.41357343304847,0.0,393.116783838218,20.52768479292274,25.39144490296338,0.0,303.7447570880047,20.92616108871967,30.847982438111366,0.0,371.64134214102717,20.45554147105083,24.886816903180268,0.0,329.78027583035856,23.423769977421177,37.20550652997272,0.0,589.4317783763145,0.0,5200.886078479356,0.0,0.0,0.0,0.0,0.0,0.0,0.0,2288.510940839196,2943.506690005853,0.0,0.0,0.0,0.0,5200.886078479356,6501.1075980991955,0.0,0.0,7.22,7.22,0.0,0.0,64.65923086322918,0.0716183164228092,7.22,0.0,7.129951603539146,0.0028764266614729767,-3.4461301575844168,16.00003624547107,0.3705044250126874,0.0028764266614729767,16.0,82.0,0.021610520349927723,0.050007796072881486,0.0,7.22,0.0,4.499379490243832,0.31057230924622753,0.002504287116745817,11.5,4.499379490243832,0.31057230924622753,0.002504287116745817,4.5,37422128.9094098,1354960.257918031 
 01/03  19:00:00,-2.8,5.5,2.5,5.5,2.5,10.0,20.07704116160647,2.664683719866499,20.084194064075717,1.5294997315199468,20.020201069584907,-1.1051172421404167,20.09428982805985,1.7877932237997198,20.014904268658398,-1.3776938436872486,22.386044883279475,6.902696215494494,20.07704116160647,31.502214999424954,1122.618335205415,0.0,20.084194064075717,29.053761679137217,0.0,149.58430904100308,20.020201069584907,23.835301141814668,0.0,115.59401266717293,20.09428982805985,29.57637693248659,0.0,159.8552494041879,20.014904268658398,23.30774239404772,0.0,122.89977620131401,22.386044883279475,36.765864129452645,0.0,506.75610562163166,0.0,5805.046292463181,0.0,0.0,175.1649429986189,153.7619537780021,148.4188312143457,173.91346925592057,0.0,2288.5003125598055,2973.1992350269234,0.0,0.0,0.0,0.0,5805.046292463181,7256.307865578976,0.0,0.0,7.22,7.22,0.0,0.0,63.81054944110234,0.07613771032170724,7.22,0.0,7.049865200492107,0.002827435012824173,-3.648114087889545,16.000089896278972,0.3705044250126874,0.002827435012824173,16.0,82.0,0.021610520349927723,0.051262357428457285,0.0,7.22,0.0,4.499960083280023,0.31057230924622753,0.0024585728168092557,11.5,4.499960083280023,0.31057230924622753,0.0024585728168092557,4.5,23026333.414281696,1354960.257918031 
 01/03  20:00:00,-2.8,0.0,0.0,0.0,0.0,0.0,19.191253905692733,0.8399796600653462,19.29795306925393,-0.7020270669376272,19.249958302353637,-2.680414129859595,19.32037536199834,-0.46679838530597145,19.221687677094252,-2.852471056675386,21.083042175033185,4.350325721197994,19.191253905692733,29.2098430215651,539.0624648018206,0.0,19.29795306925393,25.759046429254333,151.70610627009614,182.6929699248775,19.249958302353637,21.906530086936378,55.18801438114045,150.69649167726675,19.32037536199834,26.211851538815928,144.03200229543518,174.66821127546706,19.221687677094252,21.63037614070221,54.93323829660767,164.2026865918045,21.083042175033185,33.355216971729824,0.0,402.61204980994086,0.0,6075.456780814136,0.0,0.0,230.8022382851401,122.11057667837744,218.88999872352542,128.77739689182,0.0,2288.517653099996,3026.9312905242195,0.0,0.0,0.0,0.0,6075.456780814136,7594.3209760176705,0.0,0.0,7.219999999999999,7.219999999999999,0.0,0.0,63.86480489912216,0.07956611207688918,7.219999999999999,0.0,6.905906124403552,0.0028000845405967995,-3.7549293483618964,16.000162447164378,0.3705044250126874,0.0028000845405967995,16.0,82.0,0.02161052034992772,0.05362403210618899,0.0,7.219999999999999,0.0,4.499012817544489,0.31057230924622753,0.0025331602990057564,11.5,4.499012817544489,0.31057230924622753,0.0025331602990057564,4.5,12229546.328374278,1354960.257918031 
 01/03  21:00:00,-2.8,0.0,0.0,0.0,0.0,0.0,18.395281715442884,-0.7189264385253814,18.487044908217214,-1.3112295313838802,18.64953569714425,-1.7083660069474675,18.51270549683602,-1.2020564593203913,18.647706981997604,-1.6680304075245254,20.23598083866392,2.002403944124059,18.395281715442884,27.216860795892906,533.0589297813228,0.0,18.487044908217214,25.766461823517055,57.82908160955293,0.0,18.64953569714425,24.700951457665298,37.85808197423529,0.0,18.51270549683602,25.958105303320576,52.82037593703893,0.0,18.647706981997604,24.789696060282374,41.91045704930082,0.0,20.23598083866392,29.759707190538006,0.0,80.77777533009362,0.0,0.0,0.0,0.0,0.0,0.0,0.0,0.0,0.0,0.0,0.0,0.0,0.0,0.0,0.0,0.0,0.0,0.0,0.0,7.22,7.22,0.0,0.0,65.35238568553129,0.0,7.22,0.0,18.210414007741747,0.0036554055253081004,-0.5931991081822753,19.21458282933028,0.3705044250126874,0.0036554055253081004,16.0,82.0,0.0,0.0,0.0,7.22,0.0,-2.8,0.00621144618492455,0.00265571596048447,11.5,-2.8,0.00621144618492455,0.00265571596048447,4.5,7114960.257918031,1354960.257918031 
 01/03  22:00:00,-2.8,0.0,0.0,0.0,0.0,0.0,17.669376808634652,-0.6190283516160145,18.059391655857574,-1.0533403110358024,18.19259282422081,-0.9445685149644052,18.072016247724846,-1.0284373586170974,18.197911849877297,-0.9130730301039696,19.719037668180874,0.6246294347072702,17.669376808634652,28.725676995208733,412.8674984233553,0.0,18.059391655857574,27.036656102873398,131.91135607893148,0.0,18.19259282422081,27.056202705531877,21.237986133370953,0.0,18.072016247724846,27.071036570506763,114.39081723713497,0.0,18.197911849877297,27.117685238039133,23.042776486355024,0.0,19.719037668180874,27.82583098108897,0.0,95.5820574140032,0.0,65.12832076094655,0.0,0.0,96.15946773480924,0.0,81.49062508124005,0.0,0.0,0.0,0.0,0.0,0.0,0.0,0.0,65.12832076094655,81.41040095118319,0.0,0.0,7.22,7.22,0.0,0.0,64.80184132050275,0.0008620654425024399,7.22,0.0,17.505139887849943,0.0036245162358905826,-0.6957103102850112,18.50936567706697,0.3705044250126874,0.0036245162358905826,16.0,82.0,0.0,0.0,0.0,7.22,0.0,-2.8,0.00621144618492455,0.0027024498642430443,11.5,-2.8,0.00621144618492455,0.0027024498642430443,4.5,3065768.4509430565,1354960.257918031 
 01/03  23:00:00,-2.8,0.0,0.0,0.0,0.0,0.0,17.09205318060814,-0.7121866705141202,18.000021997578763,-1.0047025734060524,17.99966454210856,-0.8693139910962144,17.999990326789238,-1.0062052042218956,17.999993595117342,-0.8524349460989435,19.298445321492366,-0.23849782276177844,17.09205318060814,29.562767108186264,525.46291000214,0.0,18.000021997578763,27.24671439601558,437.24320865320703,0.0,17.99966454210856,27.554958725168014,129.40634716292016,0.0,17.999990326789238,27.2433797947337,407.6806359074482,0.0,17.999993595117342,27.592971541123326,128.8856575952501,0.0,19.298445321492366,26.76420658586141,0.0,111.4626153245494,0.0,652.3329091785769,0.0,0.0,446.2881290890821,136.96557319328377,416.23979992195063,137.2491964388662,0.0,0.0,0.0,0.0,0.0,0.0,0.0,652.3329091785769,815.4161364732211,0.0,0.0,7.22,7.22,0.0,0.0,56.902109033321764,0.00603166947103328,7.22,0.0,16.882819731470732,0.0036154174663082296,-0.7334078746547265,17.887062311620713,0.3705044250126874,0.0036154174663082296,16.0,82.0,0.0,0.0,0.0,7.22,0.0,-2.8,0.00621144618492455,0.0027041543360072154,11.5,-2.8,0.00621144618492455,0.0027041543360072154,4.5,3070591.918020798,1354960.257918031 
 01/03  24:00:00,-2.8,0.0,0.0,0.0,0.0,0.0,16.68934195929614,-0.8864860538678507,17.99993450771088,-1.0963555775014735,18.000298487575552,-0.9892404048646222,17.999944215529734,-1.1045442832550236,17.999207188816204,-0.9787077174212513,19.04756904759025,-0.7761761861853091,16.68934195929614,29.892788657135405,652.4990659508744,0.0,17.99993450771088,27.04049446051774,565.762957573045,0.0,18.000298487575552,27.28136289877297,197.15255439642226,0.0,17.999944215529734,27.022103608189855,537.7383794339667,0.0,17.999207188816204,27.307087715146515,196.0793155187838,0.0,19.04756904759025,26.004288288780696,0.0,125.68610378317914,0.0,1353.9481155506887,0.0,0.0,609.0989608965475,233.68413217999452,578.767886924241,236.308626296945,0.0,0.0,0.0,0.0,0.0,0.0,0.0,1353.9481155506887,1692.4351444383608,0.0,0.0,7.22,7.22,0.0,0.0,47.12638200705465,0.009256231601588834,7.22,0.0,16.451225133501936,0.003569369966777194,-0.8918754173357416,17.455552702172078,0.3705044250126874,0.003569369966777194,16.0,82.0,0.0,0.0,0.0,7.22,0.0,-2.8,0.00621144618492455,0.0026288702609467748,11.5,-2.8,0.00621144618492455,0.0026288702609467748,4.5,3073565.6899630483,1354960.257918031 
 01/04  01:00:00,-2.8,0.0,0.0,0.0,0.0,0.0,16.383184056207615,-1.098450392389354,18.000318521390177,-1.2547078339520263,17.99946929931049,-1.1739910634737574,17.999828657927818,-1.2633412441045975,17.99921202875267,-1.166450042997754,18.90938052956376,-1.1529588277426785,16.383184056207615,29.9495185265709,754.9521521294153,0.0,18.000318521390177,26.686600964582546,626.6688664004319,0.0,17.99946929931049,26.867677021547692,226.14423014264696,0.0,17.999828657927818,26.668275298283586,597.9004703399279,0.0,17.99921202875267,26.884947466779135,226.23061170461557,0.0,18.90938052956376,25.422407077857983,0.0,140.10665176026873,0.0,1822.487004495525,0.0,0.0,695.5534520477052,284.1498127841579,663.0800759965927,290.2184487035846,0.0,0.0,0.0,0.0,0.0,0.0,0.0,1822.487004495525,2278.108755619406,0.0,0.0,7.22,7.22,0.0,0.0,42.65552964743171,0.01107414278551232,7.22,0.0,16.129878662547924,0.003510060482030451,-1.1003004969317516,17.134315717457298,0.3705044250126874,0.003510060482030451,16.0,82.0,0.0,0.0,0.0,7.22,0.0,-2.8,0.00621144618492455,0.002584722276610585,11.5,-2.8,0.00621144618492455,0.002584722276610585,4.5,3075236.7064559273,1354960.257918031 
 01/04  02:00:00,-2.8,0.0,0.0,0.0,0.0,0.0,16.149544148061377,-1.3208104232766242,18.000631336053715,-1.4568536236092327,18.00028195202526,-1.391431297619266,17.999551272172045,-1.4645853546084155,18.000621140243346,-1.3849280469727885,18.778738382479418,-1.4613622544702571,16.149544148061377,29.84260564081251,832.620123138068,0.0,18.000631336053715,26.241251617485926,704.2713696523799,0.0,18.00028195202526,26.385115617332236,260.2311277238893,0.0,17.999551272172045,26.226151666521062,674.1000809526255,0.0,18.000621140243346,26.398831534766337,260.56158265840463,0.0,18.778738382479418,24.98182939645401,0.0,149.14690952305847,0.0,2217.7277913816592,0.0,0.0,792.681063067142,334.74029887636783,757.7198629104975,342.8051217250084,0.0,0.0,0.0,0.0,0.0,0.0,0.0,2217.7277913816592,2772.1597392270737,0.0,0.0,7.22,7.22,0.0,0.0,41.66624497720063,0.013154833479775335,7.22,0.0,15.884285343194495,0.0034502614466781433,-1.3180724031832338,16.888832812174808,0.3705044250126874,0.0034502614466781433,16.0,82.0,0.0,0.0,0.0,7.22,0.0,-2.8,0.00621144618492455,0.0025873350610191117,11.5,-2.8,0.00621144618492455,0.0025873350610191117,4.5,3077162.789319816,1354960.257918031 
 01/04  03:00:00,-2.8,0.0,0.0,0.0,0.0,0.0,15.968656611432245,-1.5577278996269084,18.000161561938867,-1.6919007324481727,18.000695702836236,-1.627447759451595,17.999527041841667,-1.6993160106244787,18.00067212250363,-1.6203303883581905,18.655245135068405,-1.754355136709345,15.968656611432245,29.599989864888173,889.9699262592305,0.0,18.000161561938867,25.733164624850858,771.1554046532781,0.0,18.000695702836236,25.870934924376336,288.80436436683345,0.0,17.999527041841667,25.718279221292534,739.6301169672735,0.0,18.00067212250363,25.886318181184016,288.6183862160096,0.0,18.655245135068405,24.568363638760495,0.0,154.32511090833208,0.0,2490.6229121997467,0.0,0.0,874.5745202194526,376.0288880942811,837.4930684070247,384.8660235140854,0.0,0.0,0.0,0.0,0.0,0.0,0.0,2490.6229121997467,3113.278640249683,0.0,0.0,7.22,7.22,0.0,0.0,42.236864265182795,0.01498724420473066,7.22,0.0,15.694762946543818,0.003386593428466638,-1.5452231597216992,16.69942800029113,0.3705044250126874,0.003386593428466638,16.0,82.0,0.0,0.0,0.0,7.22,0.0,-2.8,0.00621144618492455,0.0025883160107489107,11.5,-2.8,0.00621144618492455,0.0025883160107489107,4.5,3078865.774476868,1354960.257918031 
 01/04  04:00:00,-3.1125,0.0,0.0,0.0,0.0,0.0,15.82953085694617,-1.8084196867274935,17.99998813222365,-1.930181030291294,17.999525444916422,-1.86717561721625,18.000298540683623,-1.9374075009884169,18.000133597790363,-1.8602646013090955,18.587429051555954,-2.0220922513160593,15.82953085694617,29.24681766609947,935.2309754672526,0.0,17.99998813222365,25.22672754717172,803.4584456466457,0.0,17.999525444916422,25.360570321327113,301.3100574043368,0.0,18.000298540683623,25.211005359495047,772.060155853602,0.0,18.000133597790363,25.374234207934037,301.49206592074336,0.0,18.587429051555954,24.127435074770847,0.0,160.9012306627297,0.0,2613.161825608679,0.0,0.0,918.8841285023966,398.5937652515761,881.3609460972216,408.8866197901177,0.0,0.0,0.0,0.0,0.0,0.0,0.0,2613.161825608679,3266.452282010848,0.0,0.0,7.22,7.22,0.0,0.0,42.968532821864436,0.01601748075349703,7.22,0.0,15.543198676096422,0.003318898455634744,-1.7936661783043033,16.54798878168206,0.3705044250126874,0.003318898455634744,16.0,82.0,0.0,0.0,0.0,7.22,0.0,-3.1125,0.00621144618492455,0.0025781807519516314,11.5,-3.1125,0.00621144618492455,0.0025781807519516314,4.5,3079826.012366307,1354960.257918031 
 01/04  05:00:00,-3.3,0.0,0.0,0.0,0.0,0.0,15.7211068589157,-2.0370816217169505,17.999800738870768,-2.138732621488625,17.999931417050647,-2.0838470528973794,18.000049673790713,-2.145274743566795,17.999857819961065,-2.0781344873000256,18.57053243292862,-2.238445482593286,15.7211068589157,28.893299417457563,973.5954750414392,0.0,17.999800738870768,24.790898628084417,803.6052769645587,0.0,17.999931417050647,24.90479562260384,302.07019108660927,0.0,18.000049673790713,24.776941657037273,771.6700843128253,0.0,17.999857819961065,24.916816741844162,302.21288504936035,0.0,18.57053243292862,23.719672434524647,0.0,168.68768176928342,0.0,2632.1999121203944,0.0,0.0,928.1996617736471,407.1303199052143,889.6459221738378,418.1384990338122,0.0,0.0,0.0,0.0,0.0,0.0,0.0,2632.1999121203944,3290.2498901504932,0.0,0.0,7.22,7.22,0.0,0.0,43.300956938310236,0.01627203249049308,7.22,0.0,15.427251652487955,0.0032558920660273427,-2.0264310153619203,16.432158176468597,0.3705044250126874,0.0032558920660273427,16.0,82.0,0.0,0.0,0.0,7.22,0.0,-3.3,0.00621144618492455,0.0025716728319354247,11.5,-3.3,0.00621144618492455,0.0025716728319354247,4.5,3080064.2765211486,1354960.257918031 
 01/04  06:00:00,-3.3,0.0,0.0,0.0,0.0,0.0,15.633342493353906,-2.245007495925194,17.999949022575258,-2.328208954712263,17.999875662104,-2.283653821997394,18.000096469291858,-2.3337474153599693,17.99985149362141,-2.2791885527489884,18.575318810524124,-2.4228039442283498,15.633342493353906,28.555125615984206,1006.6037595888788,0.0,17.999949022575258,24.400494406906933,789.1121943664084,0.0,17.999875662104,24.49186876586959,296.5269354873264,0.0,18.000096469291858,24.38894493958515,757.7458179173303,0.0,17.99985149362141,24.501075025519533,296.75903350491444,0.0,18.575318810524124,23.34909909747268,0.0,176.23953476911265,0.0,2611.584383290102,0.0,0.0,920.9404631759667,407.6789879638038,882.561834898264,419.4109533619796,0.0,0.0,0.0,0.0,0.0,0.0,0.0,2611.584383290102,3264.4804791126267,0.0,0.0,7.22,7.22,0.0,0.0,43.314593919703455,0.01615031659404894,7.22,0.0,15.336010549377587,0.0032021558794818133,-2.239359531965613,16.341016384266233,0.3705044250126874,0.0032021558794818133,16.0,82.0,0.0,0.0,0.0,7.22,0.0,-3.3,0.00621144618492455,0.002574931694435109,11.5,-3.3,0.00621144618492455,0.002574931694435109,4.5,3079951.380495957,1354960.257918031 
 01/04  07:00:00,-2.9875,0.0,0.0,0.0,0.0,0.0,15.565720825539149,-2.6451902353964676,18.000260390792473,-3.0221384194082237,18.000031065460906,-3.2768519241301894,18.000475702584204,-3.005349195507403,18.000866026644275,-3.3179014122251975,18.55845554507448,-2.8930242353439057,15.565720825539149,27.737306505444174,1031.0700836178726,0.0,18.000260390792473,23.0233076301172,772.7997218858409,0.0,18.000031065460906,22.53792217527317,291.2569947962795,0.0,18.000475702584204,23.055298061041988,742.1035449096775,0.0,18.000866026644275,22.45911935248533,291.36544895529426,0.0,18.55845554507448,22.470809073836016,0.0,212.5725170973957,0.0,10003.924930016366,0.0,0.0,942.091278704405,434.2099498921857,902.3806674183836,449.18994299304507,0.0,2348.447321987587,3204.7341766937275,0.0,0.0,0.0,0.0,10003.924930016366,12504.906162520456,0.0,0.0,7.22,7.22,0.0,0.0,60.461453396212114,0.10938097163798494,7.22,0.0,6.293602381499288,0.0027916108019841925,-3.8783999431967393,15.863111769511065,0.3705044250126874,0.0027916108019841925,16.0,81.12966520404383,0.02369268046818944,0.06810632341151479,0.0,7.22,0.0,4.500041850279866,0.31057230924622753,0.002723785225603952,11.5,4.500041850279866,0.31057230924622753,0.002723785225603952,4.5,3167299.0947150993,1354960.257918031 
 01/04  08:00:00,-2.8,0.0,0.0,0.0,0.0,0.0,15.52458646516598,-3.380730669801675,17.999997749544644,-3.4998541796214306,18.000312200433036,-3.6614777487461985,18.000069731972328,-3.48179624882422,18.000212731727512,-3.6726944205646026,18.544789840958884,-3.299002389339347,15.52458646516598,26.13658262468192,1045.1518335364085,0.0,17.999997749544644,22.10956857774636,736.6595182551705,0.0,18.000312200433036,21.808748709053113,203.61655940907218,0.0,18.000069731972328,22.14325866551099,690.8002991015561,0.0,18.000212731727512,21.78818496223525,269.2267021695013,0.0,18.544789840958884,21.73174970959663,0.0,200.7345254843787,0.0,8004.452248044566,0.0,0.0,895.4565122864543,337.6224952202982,841.1337680044747,417.0936046359018,0.0,2289.9781327958954,3259.2143641349658,0.0,0.0,0.0,0.0,8004.452248044566,10005.565310055707,0.0,0.0,7.22,7.22,0.0,0.0,63.25707580009909,0.10199216849340247,7.22,0.0,6.284615926610446,0.002834806294662005,-3.7007273299175365,15.998953640414047,0.3705044250126874,0.002834806294662005,16.0,82.0,0.021631565068038688,0.06543631930941494,0.0,7.22,0.0,4.499898319140222,0.31057230924622753,0.002813817535712608,11.5,4.499898319140222,0.31057230924622753,0.002813817535712608,4.5,3160541.7622286156,1354960.257918031 
 01/04  09:00:00,-2.425,11.0,5.0,11.0,5.0,20.0,16.370949695895252,-2.924924220622054,19.547976106190134,-2.021795881806843,19.596765435227873,-2.246046717774988,19.56309157635123,-1.992360843591568,19.54612959467002,-2.303191235670448,20.334568591887123,-1.6284382346511428,16.370949695895252,25.73221448312757,2550.702846399303,0.0,19.547976106190134,22.740421031378204,707.4412498091555,46.17156726301984,19.596765435227873,22.24473587850394,183.7204233663866,44.9038059694856,19.56309157635123,22.775504275914727,598.0959506735128,44.71471942008177,19.54612959467002,22.2080822963698,280.10710455512606,42.49842358193973,20.334568591887123,22.381573127465664,96.58280184651292,328.8685017176032,0.0,8071.780295587929,0.0,0.0,942.6107051905278,379.6066379022682,820.9106694859893,499.5304260132926,109.66386413642233,2172.460257281104,3217.641926688192,0.0,0.0,0.0,0.0,8071.780295587929,10089.72536948491,0.0,0.0,7.219999999999999,7.219999999999999,0.0,0.0,64.3351430292624,0.11272145573021135,7.219999999999999,0.0,6.397248560886123,0.0028676422287719334,-3.573081662565629,15.999926503025858,0.3705044250126874,0.0028676422287719334,16.0,82.0,0.020036045382469884,0.06311652261323848,0.0,7.219999999999999,0.0,4.49986789945737,0.31057230924622753,0.002846474863894179,11.5,4.49986789945737,0.31057230924622753,0.002846474863894179,4.5,32960694.543554973,1354960.257918031 
 01/04  10:00:00,-1.8875000000000002,11.0,5.0,11.0,5.0,20.0,17.328990618683402,-0.6644010727181329,20.143280692379598,0.38271332826998844,20.302114267413177,-0.5639877898825335,20.314740198517836,0.4926996920201997,20.06042475030448,-0.7486404210819082,21.972949456917608,1.7347431407083445,17.328990618683402,29.244997492067455,2594.790053643992,0.0,20.143280692379598,26.61796183035481,0.0,311.4061838923112,20.302114267413177,24.48247034366719,0.0,288.47674005754413,20.314740198517836,26.54931318892157,0.0,324.9584326121868,20.06042475030448,24.476023998831735,0.0,267.78838260077646,21.972949456917608,26.25758991450642,0.0,472.05482729875536,0.0,5313.139151400681,0.0,0.0,18.163278007906893,0.0,0.0,32.594687926881214,0.0,2003.907133438191,3160.762489109296,0.0,0.0,0.0,0.0,5313.139151400681,6641.42393925085,0.0,0.0,7.22,7.22,0.0,0.0,65.78302843938188,0.07816368226578278,7.22,0.0,6.551429894651787,0.0029700041945801476,-3.171776145394437,16.00035419145661,0.3705044250126874,0.0029700041945801476,16.0,82.0,0.017850244297383074,0.06007918451476349,0.0,7.22,0.0,4.499923705000379,0.31057230924622753,0.0028604767260354312,11.5,4.499923705000379,0.31057230924622753,0.0028604767260354312,4.5,43278313.86792144,1354960.257918031 
 01/04  11:00:00,-1.7,11.0,5.0,11.0,5.0,20.0,18.20826122872916,1.1667734997953612,20.777411270739833,1.8493431496107786,21.008879097500163,0.29256525088870167,21.069085463137327,2.10340893226126,20.567043991420558,-0.052785472091354625,22.799449098345338,4.471999144363133,18.20826122872916,31.797889413399428,2580.0741350921785,0.0,20.777411270739833,28.46240828948574,0.0,380.39343282876195,21.008879097500163,25.080970107839867,0.0,336.05963049419324,21.069085463137327,28.469041133643078,0.0,382.1561779570272,20.567043991420558,25.10693927356868,0.0,338.066411751264,22.799449098345338,30.296471916750125,0.0,538.3032697751355,0.0,5008.830168782151,0.0,0.0,0.0,0.0,0.0,0.0,0.0,1945.0851136407014,3111.722285549852,0.0,0.0,0.0,0.0,5008.830168782151,6261.037710977687,0.0,0.0,7.22,7.22,0.0,0.0,65.99666463515707,0.07472472889520448,7.22,0.0,6.684775160052498,0.0031331694201879876,-2.559770075618924,15.999901779140853,0.3705044250126874,0.0031331694201879876,16.0,82.0,0.017113903118713254,0.05761082577649122,0.0,7.22,0.0,4.4989692757613255,0.31057230924622753,0.002944705711575806,11.5,4.4989692757613255,0.31057230924622753,0.002944705711575806,4.5,44625095.43606127,1354960.257918031 
 01/04  12:00:00,-1.3249999999999997,8.8,4.0,8.8,4.0,16.0,18.99625457649131,2.364501132753027,21.181640534700595,2.5265551878218817,21.314196618469023,0.7737824903669916,21.49869233136549,2.853899112832561,20.87044920628009,0.39442912006986464,23.132610042592383,5.809009571383479,18.99625457649131,32.97526326521155,2388.6791844090603,0.0,21.181640534700595,29.137105193742954,0.0,412.79825557272295,21.314196618469023,25.48930589597943,0.0,356.6676833357199,21.49869233136549,29.248749727434426,0.0,414.7908500710777,20.87044920628009,25.484989601181297,0.0,360.6377082303243,23.132610042592383,32.579151253434695,0.0,565.355060132538,0.0,4849.062572358048,0.0,0.0,0.0,0.0,0.0,0.0,0.0,1828.2181171524007,3062.1139885346893,0.0,0.0,0.0,0.0,4849.062572358048,6061.32821544756,0.0,0.0,7.22,7.22,0.0,0.0,65.68088543695539,0.07094575716208525,7.22,0.0,6.820564077856201,0.0033287334645781637,-1.8565924455959868,15.999906942666318,0.3705044250126874,0.0033287334645781637,16.0,81.79554760636393,0.01570969489850361,0.05523606226358163,0.0,7.22,0.0,4.499912391981583,0.31057230924622753,0.0030955234546535073,11.5,4.499912391981583,0.31057230924622753,0.0030955234546535073,4.5,43271536.55392119,1354960.257918031 
 01/04  13:00:00,-0.7875000000000001,4.4,2.0,4.4,2.0,8.0,19.526780084947614,2.5517995107944365,21.129258804706044,1.9613473522591256,21.150267983114702,0.23379454703468394,21.41197760777951,2.2805047235785083,20.763345067593438,-0.046523900919218875,22.986342134667428,5.4160484610471515,19.526780084947614,32.337178537532935,1964.328226449016,0.0,21.129258804706044,28.08292202936041,0.0,408.4959157826686,21.150267983114702,24.756998099977046,0.0,345.5549245690868,21.41197760777951,28.236022099385732,0.0,408.12696061265456,20.763345067593438,24.81642068967036,0.0,352.60077249001955,22.986342134667428,31.989839487777296,0.0,553.7169726478329,0.0,4651.239371739811,0.0,0.0,0.0,0.0,0.0,0.0,0.0,1659.70236065922,3025.973643114153,0.0,0.0,0.0,0.0,4651.239371739811,5814.049214674764,0.0,0.0,7.22,7.22,0.0,0.0,65.51159858927107,0.06735177235812558,7.22,0.0,6.919340922958156,0.0034026289625438983,-1.6132123291516598,16.000966841173703,0.3705044250126874,0.0034026289625438983,16.0,81.20178324417512,0.013772221997116967,0.053579550361008615,0.0,7.22,0.0,4.499951977749425,0.31057230924622753,0.0031507228434751846,11.5,4.499951977749425,0.31057230924622753,0.0031507228434751846,4.5,39218157.77781005,1354960.257918031 
 01/04  14:00:00,-0.6,8.8,4.0,8.8,4.0,16.0,20.055148412472075,2.02652315178999,21.589283875024122,2.097032631744727,21.401136258969174,0.5202464883147451,21.80851305438679,2.391072965692026,21.108385948154385,0.25706321671868015,23.416330262109696,5.487911228784624,20.055148412472075,30.13955160724698,1991.0431150797099,0.0,21.589283875024122,27.56412316901203,0.0,445.11785199760004,21.401136258969174,24.896948297680893,0.0,362.41739566360184,21.80851305438679,27.774137224935867,0.0,438.00042514653404,21.108385948154385,24.859553541071094,0.0,378.19391241204715,23.416330262109696,31.32173270789508,0.0,587.6926708688509,0.0,4557.035787217672,0.0,0.0,0.0,0.0,0.0,0.0,0.0,1600.8379014308982,2995.921265555616,0.0,0.0,0.0,0.0,4557.035787217672,5696.294734022091,0.0,0.0,7.22,7.22,0.0,0.0,65.35372089039475,0.06536451584893861,7.22,0.0,6.998040268275736,0.003368686943136567,-1.7419743462948283,16.000011298393186,0.3705044250126874,0.003368686943136567,16.0,81.04907440916058,0.013118443032938795,0.052246072815999814,0.0,7.22,0.0,4.49995646688645,0.31057230924622753,0.003147174595471387,11.5,4.49995646688645,0.31057230924622753,0.003147174595471387,4.5,41916287.57027261,1354960.257918031 
 01/04  15:00:00,-0.9125000000000001,11.0,5.0,11.0,5.0,20.0,20.604237579594454,2.968774410149188,21.887915089026578,3.4167029304271814,21.49884212906992,1.5468127453267324,21.993652402847143,3.7119827286950375,21.304010042248674,1.2304350655373169,23.76544452992367,6.987754156321908,20.604237579594454,31.157761628883172,2054.1939238361565,0.0,21.887915089026578,29.729889712147568,0.0,469.2228209494979,21.49884212906992,26.649292394792113,0.0,369.15458094663427,21.993652402847143,30.16183103955271,0.0,452.27927759840804,21.304010042248674,26.36241549191994,0.0,392.85357506749665,23.76544452992367,34.02411598826851,0.0,615.9581296979775,0.0,4617.04369846362,0.0,0.0,0.0,0.0,0.0,0.0,0.0,1699.096703166471,2962.1411282723784,0.0,0.0,0.0,0.0,4617.04369846362,5771.304623079525,0.0,0.0,7.22,7.22,0.0,0.0,65.0419158271165,0.06500876331781308,7.22,0.0,7.090187041776224,0.003466922371008694,-1.3997820486702652,16.000378920876518,0.3705044250126874,0.003466922371008694,16.0,81.50185411626452,0.014214764577171236,0.05079399874064183,0.0,7.22,0.0,4.4997124014566925,0.31057230924622753,0.0032244053373873907,11.5,4.4997124014566925,0.31057230924622753,0.0032244053373873907,4.5,42815942.93465184,1354960.257918031 
 01/04  16:00:00,-1.1,11.0,5.0,11.0,5.0,20.0,20.9131022886054,4.126862528586865,21.704846691134005,4.285646635187781,21.2510096031807,2.077131713037393,21.737848240911447,4.564815727357792,21.138923611137873,1.7534697979219855,23.741260281951384,8.167658675353684,20.9131022886054,33.172701485623485,1913.3224483410427,0.0,21.704846691134005,31.954441188552337,0.0,454.8740025376872,21.2510096031807,28.099175761493893,0.0,352.59834295652314,21.737848240911447,32.52061464206714,0.0,433.20733899086855,21.138923611137873,27.64555860670506,0.0,380.70623667664745,23.741260281951384,36.9259527930031,0.0,614.6503660549706,0.0,4660.4275838607555,0.0,0.0,0.0,0.0,0.0,0.0,0.0,1758.0892853113937,2938.4235978007164,0.0,0.0,0.0,0.0,4660.4275838607555,5825.534479825943,0.0,0.0,7.22,7.22,0.0,0.0,64.79657860654962,0.0646873989096471,7.22,0.0,7.15530999590397,0.0035159262455771783,-1.2233338112271757,16.00140294079315,0.3705044250126874,0.0035159262455771783,16.0,81.72408448331436,0.014885053323840462,0.04980234558580663,0.0,7.22,0.0,4.500387191338225,0.31057230924622753,0.0031997385989544574,11.5,4.500387191338225,0.31057230924622753,0.0031997385989544574,4.5,41015633.203141466,1354960.257918031 
 01/04  17:00:00,-2.1624999999999996,11.0,5.0,11.0,5.0,20.0,20.917018805378746,4.419394198210284,20.997714551841543,4.028194696985292,20.637793533305626,1.5003380072519428,21.011681911456837,4.297408582300312,20.57307207054603,1.1639763992034071,23.289787751723747,8.287685712375357,20.917018805378746,33.849853531362,1718.804599710452,0.0,20.997714551841543,32.77032474099978,0.0,398.61350881233597,20.637793533305626,28.000366676666488,0.0,311.4636101121044,21.011681911456837,33.36700158630009,0.0,378.49395905639136,20.57307207054603,27.441266641100164,0.0,338.8338629232568,23.289787751723747,38.251586513416314,0.0,579.1279090077917,0.0,4982.051686618679,0.0,0.0,0.0,0.0,0.0,0.0,0.0,2089.9652834969093,2930.5151157035866,0.0,0.0,0.0,0.0,4982.051686618679,6227.564608273348,0.0,0.0,7.22,7.22,0.0,0.0,64.62555037950622,0.06846763765768253,7.22,0.0,7.170104312558909,0.0032234612681504575,-2.26237361412317,15.999839642297713,0.3705044250126874,0.0032234612681504575,16.0,82.0,0.018995198035704663,0.04947243962197786,0.0,7.22,0.0,4.49996471799328,0.31057230924622753,0.002811442318930682,11.5,4.49996471799328,0.31057230924622753,0.002811442318930682,4.5,37419172.75111699,1354960.257918031 
 01/04  18:00:00,-3.4875,11.0,5.0,11.0,5.0,20.0,20.665103843180873,3.5678887164324276,20.35051677837348,2.7013534955342733,20.19836848344269,0.05024804369523328,20.419381995116993,2.9913382237248687,20.128710382222344,-0.2690313620641773,22.875850957828657,7.370778897624192,20.665103843180873,32.38639884394939,1589.120700779654,0.0,20.35051677837348,31.056589145187804,0.0,346.70740808666227,20.19836848344269,25.881704792786465,0.0,281.71745679258635,20.419381995116993,31.56755261304201,0.0,333.48599466161545,20.128710382222344,25.349578696925278,0.0,305.6563679739879,22.875850957828657,36.84837514116049,0.0,545.8642660414669,0.0,5417.640888970063,0.0,0.0,0.0,0.0,0.0,0.0,0.0,2503.4833341134654,2941.4051039996375,0.0,0.0,0.0,0.0,5417.640888970063,6772.051111212579,0.0,0.0,7.22,7.22,0.0,0.0,64.67366346738757,0.07467004954094787,7.22,0.0,7.135976607321018,0.0028971864552566674,-3.505071079063677,16.000109097869366,0.3705044250126874,0.0028971864552566674,16.0,82.0,0.024749026875667702,0.04992102266528016,0.0,7.22,0.0,4.498170882187592,0.31057230924622753,0.002464610244264553,11.5,4.498170882187592,0.31057230924622753,0.002464610244264553,4.5,37424991.63846286,1354960.257918031 
 01/04  19:00:00,-4.5875,5.5,2.5,5.5,2.5,10.0,19.99447024020843,1.8673072366613546,20.00313608970441,0.4967891812200337,20.00221833459781,-1.8636321478853615,20.002716337763,0.7838904791136452,20.00088264954511,-2.136448502571929,21.705127635567635,5.285134444795321,19.99447024020843,29.928489842588036,1062.7195433692218,0.0,20.00313608970441,27.096511421626076,359.9531520438111,12.292124476175275,20.00221833459781,22.418853039669283,88.11018879651121,5.020071933622432,20.002716337763,27.68236296063968,305.39279031520687,30.97880289728937,20.00088264954511,21.913231658460926,91.27590952609359,0.0,21.705127635567635,34.282566244963476,0.0,452.19549468520177,0.0,7627.1528506868635,0.0,0.0,664.4803958666407,350.85509922545805,574.4294498323703,386.66068036239346,0.0,2847.573456029804,2977.3142099049937,0.0,0.0,0.0,0.0,7627.1528506868635,9533.941063358578,0.0,0.0,7.22,7.22,0.0,0.0,62.476439137014054,0.09310716099282607,7.22,0.0,7.035519648582968,0.00261802765045713,-4.678628201715044,16.000199288534404,0.3705044250126874,0.00261802765045713,16.0,82.0,0.03029461903124848,0.05143838955754996,0.0,7.22,0.0,4.499490947029713,0.31057230924622753,0.0022410203504575053,11.5,4.499490947029713,0.31057230924622753,0.0022410203504575053,4.5,23042175.726338353,1354960.257918031 
 01/04  20:00:00,-5.0,0.0,0.0,0.0,0.0,0.0,19.014732573128278,-0.8012560462639368,18.979609671791984,-2.368680011258726,18.998700520476042,-4.271569183287314,19.01204168856394,-2.137306550733202,18.971783776249637,-4.4530923200699295,20.37747952227449,1.746583597501126,19.014732573128278,26.014981530634408,471.9376245128264,0.0,18.979609671791984,22.879573086242026,280.52521275928086,157.24076019577518,18.998700520476042,19.455679123887577,104.87279739553671,133.75933734054132,19.01204168856394,23.281342909082447,264.66122229987843,151.32323435704296,18.971783776249637,19.188865317642698,105.56946784736382,145.60936826960472,20.37747952227449,29.013915189319935,0.0,346.1916898237402,0.0,7176.038858869287,0.0,0.0,359.303728233844,171.70956911606459,339.2006577749295,179.33700302891089,0.0,2976.566933058889,3034.7327018387914,0.0,0.0,0.0,0.0,7176.038858869287,8970.048573586606,0.0,0.0,7.219999999999999,7.219999999999999,0.0,0.0,63.995052327720586,0.0941368844788308,7.219999999999999,0.0,6.878641525058448,0.002417831065722955,-5.589013049939488,16.000165709801504,0.3705044250126874,0.002417831065722955,16.0,82.0,0.032540248566666166,0.053976913408878315,0.0,7.219999999999999,0.0,4.500003455339744,0.31057230924622753,0.002160330729538608,11.5,4.500003455339744,0.31057230924622753,0.002160330729538608,4.5,12243206.863612482,1354960.257918031 
 01/04  21:00:00,-4.625,0.0,0.0,0.0,0.0,0.0,18.08476900426106,-3.0417253102741983,18.024931533651028,-3.6501759243631238,18.146615973098772,-3.929661465558561,18.036024580802625,-3.555239424470944,18.142860505172816,-3.8861417573733323,19.630703210248754,-1.307649081059714,18.08476900426106,22.85940800350802,455.29481152631115,0.0,18.024931533651028,21.796748559416436,260.7960792625185,0.0,18.146615973098772,21.1453189107653,66.96141199210177,0.0,18.036024580802625,21.956762871380654,227.08463306365707,0.0,18.142860505172816,21.230501709631312,72.65974646155132,0.0,19.630703210248754,24.00248605659984,0.0,56.70583903043331,0.0,156.66299237437306,0.0,0.0,190.37102642356942,15.702914500473797,161.2286974343632,15.819041248213905,0.0,0.0,0.0,0.0,0.0,0.0,0.0,156.66299237437306,195.82874046796633,0.0,0.0,7.22,7.22,0.0,0.0,64.16200215803602,0.0019470063695094554,7.22,0.0,17.907139143579965,0.003064271330821017,-2.8072089470132493,18.91239994526737,0.3705044250126874,0.003064271330821017,16.0,82.0,0.0,0.0,0.0,7.22,0.0,-4.625,0.00621144618492455,0.002228782959932385,11.5,-4.625,0.00621144618492455,0.002228782959932385,4.5,7116784.411509738,1354960.257918031 
 01/04  22:00:00,-4.775,0.0,0.0,0.0,0.0,0.0,17.28849903478028,-3.2052190276345747,17.99949356032201,-3.6378713437172676,18.000402524270843,-3.4936573708578353,17.999751762670634,-3.6238401089301626,17.99897014105384,-3.4633289558915346,19.066586650137417,-2.6522310002586926,17.28849903478028,23.707362603321585,435.5291099520548,0.0,17.99949356032201,21.853529396492384,723.8053924658948,0.0,18.000402524270843,22.120336075199294,237.0057946363296,0.0,17.999751762670634,21.879189043726086,685.4174083918597,0.0,17.99897014105384,22.179111201791617,240.0300293320587,0.0,19.066586650137417,22.213272276097886,0.0,75.55275838050659,0.0,1333.5356450008894,0.0,0.0,715.2571511660628,229.77695248034598,677.3371039478125,231.94077936672937,0.0,0.0,0.0,0.0,0.0,0.0,0.0,1333.5356450008894,1666.9195562511118,0.0,0.0,7.22,7.22,0.0,0.0,53.39152097728093,0.010846504068755914,7.22,0.0,17.103300133206368,0.00295593920190865,-3.2123106365325396,18.108761258095143,0.3705044250126874,0.00295593920190865,16.0,82.0,0.0,0.0,0.0,7.22,0.0,-4.775,0.00621144618492455,0.0022464822689680763,11.5,-4.775,0.00621144618492455,0.0022464822689680763,4.5,3075070.109984022,1354960.257918031 
 01/04  23:00:00,-5.6875,0.0,0.0,0.0,0.0,0.0,16.723122011451547,-3.5124585872358502,17.999762316772394,-3.840078095372988,18.000084468369334,-3.6785702606232054,18.000107736615085,-3.8479109644491793,17.99929498570826,-3.65886204875245,18.768528032550584,-3.5031433881522416,16.723122011451547,23.942751534127453,616.8307726260296,0.0,17.999762316772394,21.48266032525097,914.9947171717356,0.0,18.000084468369334,21.778100552621087,334.82581886193657,0.0,18.000107736615085,21.467972939648952,878.756178120435,0.0,17.99929498570826,21.81556134247853,335.6300197106857,0.0,18.768528032550584,21.065027187889246,0.0,102.04019119238467,0.0,2475.905953740608,0.0,0.0,956.829803786963,370.049679512867,918.3910182981191,374.4357266667206,0.0,0.0,0.0,0.0,0.0,0.0,0.0,2475.905953740608,3094.88244217576,0.0,0.0,7.22,7.22,0.0,0.0,45.91542901445476,0.016393473742801257,7.22,0.0,16.468729201758766,0.002882571788851946,-3.489505871472825,17.474326075105733,0.3705044250126874,0.002882571788851946,16.0,82.0,0.0,0.0,0.0,7.22,0.0,-5.6875,0.00621144618492455,0.0019535103557469205,11.5,-5.6875,0.00621144618492455,0.0019535103557469205,4.5,3080193.3351509287,1354960.257918031 
 01/04  24:00:00,-6.7875,0.0,0.0,0.0,0.0,0.0,16.29845792990444,-3.912922554367802,18.00019231226874,-4.191581487673097,17.999846260285064,-4.044514314454469,17.999743247085803,-4.205053448139157,18.000311459647445,-4.028695676190461,18.668468978189033,-4.15289399617777,16.29845792990444,23.778827087793236,766.0119023732591,0.0,18.00019231226874,20.851066809457016,991.4598712174641,0.0,17.999846260285064,21.113620378400523,372.74167003611706,0.0,17.999743247085803,20.827812775208344,958.7150514764451,0.0,18.000311459647445,21.14137159583728,373.37401077937176,0.0,18.668468978189033,20.061210781332058,0.0,130.33996246718982,0.0,2983.27584668919,0.0,0.0,1069.7840133600748,438.702770728986,1032.8382795108441,446.1916006490393,0.0,0.0,0.0,0.0,0.0,0.0,0.0,2983.27584668919,3729.0948083614876,0.0,0.0,7.22,7.22,0.0,0.0,45.01633507718224,0.019299853087161065,7.22,0.0,16.009044387770132,0.002785400844749361,-3.88408312867323,17.01482110726255,0.3705044250126874,0.002785400844749361,16.0,82.0,0.0,0.0,0.0,7.22,0.0,-6.7875,0.00621144618492455,0.0016781282837616542,11.5,-6.7875,0.00621144618492455,0.0016781282837616542,4.5,3082887.2486952594,1354960.257918031 
 01/05  01:00:00,-7.2,0.0,0.0,0.0,0.0,0.0,15.955680698866026,-4.32903141643491,18.000278939474114,-4.578867279143079,17.99978910198858,-4.452178015055432,17.999802411622923,-4.592784894806839,17.999788901945717,-4.439022344481432,18.711422859142104,-4.675341697120347,15.955680698866026,23.461194871575838,894.9685415668766,0.0,18.000278939474114,20.175374397005978,935.147458270034,0.0,17.99978910198858,20.39490848064045,349.40936201344124,0.0,17.999802411622923,20.152063169478932,900.0087527027333,0.0,17.999788901945717,20.417770914139076,349.62754967361104,0.0,18.711422859142104,19.137371340575147,0.0,162.3411868501521,0.0,2898.5877151516765,0.0,0.0,1042.2930365739512,439.6842238380178,1001.4144764051475,449.24180148597736,0.0,0.0,0.0,0.0,0.0,0.0,0.0,2898.5877151516765,3623.2346439395956,0.0,0.0,7.22,7.22,0.0,0.0,44.869204354060024,0.01867389353307185,7.22,0.0,15.645336249788562,0.002685324503000759,-4.305705909697885,16.651298258612012,0.3705044250126874,0.002685324503000759,16.0,82.0,0.0,0.0,0.0,7.22,0.0,-7.2,0.00621144618492455,0.0015701221332048252,11.5,-7.2,0.00621144618492455,0.0015701221332048252,4.5,6322304.697848828,1354960.257918031 
 01/05  02:00:00,-6.8875,0.0,0.0,0.0,0.0,0.0,15.678444436660154,-4.770672188933167,18.00040772658242,-4.9875623989670705,18.00051020469104,-4.866008589678382,18.000170644199756,-5.001349778090496,18.001445609805657,-4.852887999610499,18.681633900397266,-5.151645245533535,15.678444436660154,22.999534701465326,997.4688828401872,0.0,18.00040772658242,19.48337095881701,941.5474272582588,0.0,18.00051020469104,19.686664446162712,354.15125961230075,0.0,18.000170644199756,19.46070961871957,903.9420671017988,0.0,18.001445609805657,19.707582315765592,354.4336415226375,0.0,18.681633900397266,18.408170440074002,0.0,182.15450042519188,0.0,3011.3041486436896,0.0,0.0,1071.0382782228244,463.31257982481924,1026.519819354969,474.9578719515822,0.0,0.0,0.0,0.0,0.0,0.0,0.0,3011.3041486436896,3764.130185804612,0.0,0.0,7.22,7.22,0.0,0.0,44.92634161391032,0.01943201714284841,7.22,0.0,15.363458112954628,0.0025881466288016058,-4.73229814396289,16.369600110620276,0.3705044250126874,0.0025881466288016058,16.0,82.0,0.0,0.0,0.0,7.22,0.0,-6.8875,0.00621144618492455,0.0016427925926046146,11.5,-6.8875,0.00621144618492455,0.0016427925926046146,4.5,6323009.282156203,1354960.257918031 
 01/05  03:00:00,-7.0125,0.0,0.0,0.0,0.0,0.0,15.467456746732982,-5.130925409286451,18.000142484360094,-5.278851028247417,17.99995217388828,-5.188668700697057,17.999642771031713,-5.290251853971148,17.99897989268966,-5.180296869415817,18.72062356544432,-5.449823897744506,15.467456746732982,22.605922293424545,1077.8489089009418,0.0,18.000142484360094,19.00384563498287,887.8739477027116,0.0,17.99995217388828,19.15148848509765,333.17541875804426,0.0,17.999642771031713,18.98588189141407,851.4267351422503,0.0,17.99897989268966,19.166403435324337,332.75523983646826,0.0,18.72062356544432,17.899853242683474,0.0,203.05729149780956,0.0,2914.5776687393727,0.0,0.0,1035.2801704262333,457.44406915588013,990.9439136823786,469.8106286784315,0.0,0.0,0.0,0.0,0.0,0.0,0.0,2914.5776687393727,3643.222085924216,0.0,0.0,7.22,7.22,0.0,0.0,44.58178022111397,0.018635282370469786,7.22,0.0,15.136628901071248,0.002502202648737498,-5.118383030704987,16.142930133031648,0.3705044250126874,0.002502202648737498,16.0,82.0,0.0,0.0,0.0,7.22,0.0,-7.0125,0.00621144618492455,0.001642414829671365,11.5,-7.0125,0.00621144618492455,0.001642414829671365,4.5,6322266.851814268,1354960.257918031 
 01/05  04:00:00,-8.262500000000001,0.0,0.0,0.0,0.0,0.0,15.314384997491958,-5.413512436755697,17.9996992621672,-5.552282386638731,17.99920487902518,-5.487731956806481,17.9998264401439,-5.560944402161467,18.00016593307787,-5.481660213233077,18.724970087228343,-5.70512335675806,15.314384997491958,22.283299437540684,1137.3282391388996,0.0,17.9996992621672,18.564158449207117,948.2863779572465,0.0,17.99920487902518,18.667884954105745,356.8775196459735,0.0,17.9998264401439,18.55021058437126,911.8226201012412,0.0,18.00016593307787,18.67647958413287,357.3256257963017,0.0,18.724970087228343,17.50694695156096,0.0,214.1326228867863,0.0,3195.407313694977,0.0,0.0,1106.4601708684156,490.21521091182984,1061.5796471160918,504.5317613013008,0.0,0.0,17.103581625977085,0.0,0.0,0.0,0.0,3195.407313694977,3994.259142118721,0.0,0.0,7.22,7.22,0.0,0.0,44.67899318812776,0.020490023677558013,7.22,0.0,14.95426241020731,0.0024374709671967664,-5.418687687249493,16.006419163757265,0.3705044250126874,0.0024374709671967664,16.0,82.0,0.0,0.00008228531524865249,0.0,7.22,0.0,-8.262500000000001,0.00621144618492455,0.001512512641335543,11.5,-8.262500000000001,0.00621144618492455,0.001512512641335543,4.5,6323990.193781933,1354960.257918031 
 01/05  05:00:00,-10.962499999999999,0.0,0.0,0.0,0.0,0.0,15.173132916179723,-5.732794178185829,17.999616182458105,-5.955464436054168,18.00080403101099,-5.877220470118311,18.00035964517183,-5.964340564814105,18.000425615725835,-5.8675744085020085,18.596097609254585,-6.114410095038952,15.173132916179723,21.87883037049911,1182.6945913056716,0.0,17.999616182458105,17.9327418189771,1196.116179864538,0.0,18.00080403101099,18.052366681696967,455.004243887022,0.0,18.00035964517183,17.918226178593734,1153.4850642703645,0.0,18.000425615725835,18.067751677141523,454.7778495946043,0.0,18.596097609254585,17.038351496076242,0.0,204.4637125463754,0.0,4039.779738417501,0.0,0.0,1354.7982125703536,588.8704948940314,1303.7704061195736,602.4672040329192,0.0,0.0,82.61342509621099,0.0,0.0,0.0,0.0,4039.779738417501,5049.724673021877,0.0,0.0,7.22,7.22,0.0,0.0,46.682442614457614,0.0274333553640973,7.22,0.0,14.77247671829372,0.002370424383506423,-5.735207482978597,15.999957062973401,0.3705044250126874,0.002370424383506423,16.0,82.0,0.0,0.00044059279439462307,0.0,7.22,0.0,-10.962499999999999,0.00621144618492455,0.0012066215356373094,11.5,-10.962499999999999,0.00621144618492455,0.0012066215356373094,4.5,6330462.016601448,1354960.257918031 
 01/05  06:00:00,-13.575,0.0,0.0,0.0,0.0,0.0,14.993965574468143,-6.240702016628336,18.000082661540645,-6.551558482173213,17.999856246068468,-6.41983040696842,17.99970473502193,-6.5647923829807535,18.00051128698282,-6.402762026869295,18.45652453419855,-6.766546283886951,14.993965574468143,21.186089950713956,1236.5192920865015,0.0,18.000082661540645,17.03364877424622,1411.6930341168495,0.0,17.999856246068468,17.228685405148806,540.1751238705251,0.0,17.99970473502193,17.014592820807046,1360.4098180675342,0.0,18.00051128698282,17.2533864995846,540.5621350145547,0.0,18.45652453419855,16.24725520234212,0.0,193.4265259865714,0.0,4671.350415894009,0.0,0.0,1570.434341355161,673.9617773687096,1510.6701198286091,688.2373713230662,0.0,0.0,160.03524268062844,0.0,0.0,0.0,0.0,4671.350415894009,5839.18801986751,0.0,0.0,7.22,7.22,0.0,0.0,49.68134569817573,0.03460367560261781,7.22,0.0,14.565194301080133,0.002274417799598136,-6.2098401812392705,15.99997874701685,0.3705044250126874,0.002274417799598136,16.0,82.0,0.0,0.000916378861294072,0.0,7.22,0.0,-13.575,0.00621144618492455,0.0009458679809799983,11.5,-13.575,0.00621144618492455,0.0009458679809799983,4.5,6337169.64661802,1354960.257918031 
 01/05  07:00:00,-14.775,0.0,0.0,0.0,0.0,0.0,14.767177259597183,-6.851371699540799,17.999143199141702,-7.1739293840501315,18.000197549498793,-7.01892484153989,18.000219167075734,-7.19040922368165,18.00058226578422,-7.000872134843415,18.396025366874348,-7.440840373993746,14.767177259597183,20.392238780021025,1315.7632071680905,0.0,17.999143199141702,16.14014689524933,1525.816328269502,0.0,18.000197549498793,16.35772277612307,589.9764294898517,0.0,18.000219167075734,16.115974695677508,1474.179291084703,0.0,18.00058226578422,16.3829734292614,590.0524950545762,0.0,18.396025366874348,15.381448281166419,0.0,188.61938466680976,0.0,5069.710769942034,0.0,0.0,1684.4565332544335,723.7528255461023,1624.4555421904397,737.6962801887057,0.0,0.0,247.05731220325862,0.0,0.0,0.0,0.0,5069.710769942034,6337.1384624275415,0.0,0.0,7.22,7.22,0.0,0.0,51.88033588012084,0.04028017668506714,7.22,0.0,14.332067541297175,0.0021572861806653265,-6.819368512877638,15.999976083171918,0.3705044250126874,0.0021572861806653265,16.0,82.0,0.0,0.0014968872973964507,0.0,7.22,0.0,-14.775,0.00621144618492455,0.0008000521529181956,11.5,-14.775,0.00621144618492455,0.0008000521529181956,4.5,6342491.322927554,1354960.257918031 
 01/05  08:00:00,-14.312499999999998,0.0,0.0,0.0,0.0,0.0,14.535842583947561,-7.4874456356999275,17.999819006286796,-7.804026867648739,17.999790946357013,-7.640628207266757,17.999426015710778,-7.8220613776803445,17.999502293603165,-7.622195350677817,18.309991097218976,-8.102913646823797,14.535842583947561,19.58649745163514,1396.0534168920171,0.0,17.999819006286796,15.277422942263499,1540.680677941778,0.0,17.999790946357013,15.496788537357212,329.4307012397017,0.0,17.999426015710778,15.253777879451103,1488.0279524061227,0.0,17.999502293603165,15.52199310153782,599.213353728374,0.0,18.309991097218976,14.595941615677791,0.0,181.8057426252294,0.0,4882.0046859567565,0.0,0.0,1699.3456368656998,463.1478303400204,1638.2179913941836,746.7470783763167,0.0,0.0,331.6337895730084,0.0,0.0,0.0,0.0,4882.0046859567565,6102.505857445945,0.0,0.0,7.22,7.22,0.0,0.0,53.341957177043916,0.04071904540270771,7.22,0.0,14.105419610821007,0.002044408985753623,-7.436011765221508,15.999992621609259,0.3705044250126874,0.002044408985753623,16.0,82.0,0.0,0.0021000969977004753,0.0,7.22,0.0,-14.312499999999998,0.00621144618492455,0.0009036642592054028,11.5,-14.312499999999998,0.00621144618492455,0.0009036642592054028,4.5,6342925.5481388755,1354960.257918031 
 01/05  09:00:00,-13.9,0.0,0.0,0.0,0.0,0.0,14.40659661858257,-8.094671247319223,18.000001842367503,-8.367959776400452,18.556693456596008,-8.217278367004289,17.99953786233618,-8.385486740369625,17.999590115023757,-8.201098320065086,18.25430285901775,-8.668987217776808,14.40659661858257,18.731675277753016,1461.1598159137607,0.0,18.000001842367503,14.54147062171853,1246.0899865611486,0.0,18.556693456596008,14.24029117518905,0.0,170.92073731352366,17.99953786233618,14.519558385979076,1336.7753373709859,0.0,17.999590115023757,14.756199445792795,536.8430241186169,0.0,18.25430285901775,13.937629441490865,0.0,177.403220443973,0.0,3930.8892224335077,0.0,0.0,1404.7235266005318,0.0,1486.9372011149144,684.3661661906165,0.0,0.0,390.4639345233625,0.0,0.0,0.0,0.0,3930.8892224335077,4913.611528041884,0.0,0.0,7.22,7.22,0.0,0.0,53.62742592265175,0.0331303076642209,7.22,0.0,13.947393861597398,0.0019348255279070727,-8.06553814961708,15.999803377538502,0.3705044250126874,0.0019348255279070727,16.0,82.0,0.0,0.002540777037162005,0.0,7.22,0.0,-13.9,0.00621144618492455,0.0009971751508682407,11.5,-13.9,0.00621144618492455,0.0009971751508682407,4.5,6335854.324809053,1354960.257918031 
 01/05  10:00:00,-12.524999999999999,0.0,0.0,0.0,0.0,0.0,14.49339759656728,-8.70496975353108,17.99962510238472,-8.929536515182619,20.24878471724151,-8.814824340482545,18.00013240273409,-8.944104569965617,18.000027779138204,-8.801798902743709,18.32475102107672,-9.199603467635686,14.49339759656728,17.65729384313218,1542.874722564984,0.0,17.99962510238472,13.841722113724465,481.4701928404305,0.0,20.24878471724151,12.162749220336812,0.0,283.9902738007595,18.00013240273409,13.82352034691618,1059.5531399951867,0.0,18.000027779138204,13.997984415658077,421.25248514163445,0.0,18.32475102107672,13.243127099414513,0.0,182.93142552353683,0.0,2714.4978380415737,0.0,0.0,640.0138810943729,0.0,1209.7274283117695,568.8011927023169,0.0,0.0,364.6945541729049,0.0,0.0,0.0,0.0,2714.4978380415737,3393.122297551967,0.0,0.0,7.22,7.22,0.0,0.0,52.673557137252175,0.022177481181454812,7.22,0.0,14.015761916884852,0.0018302426073404955,-8.697133768582457,15.999579009280588,0.3705044250126874,0.0018302426073404955,16.0,82.0,0.0,0.002346275101115573,0.0,7.22,0.0,-12.524999999999999,0.00621144618492455,0.001015070146258272,11.5,-12.524999999999999,0.00621144618492455,0.001015070146258272,4.5,6325632.129286423,1354960.257918031 
 01/05  11:00:00,-10.2625,0.0,0.0,0.0,0.0,0.0,14.803207252821656,-9.228446217160643,18.24841924940461,-9.425771828111598,21.367072392532716,-9.325962576631785,18.000267011147017,-9.438196135172198,18.00013451431927,-9.312827236273236,18.45752564618929,-9.66402386404236,14.803207252821656,16.52779943026721,1524.8812880539087,0.0,18.24841924940461,13.046162380659592,0.0,162.05334358383857,21.367072392532716,10.845586602682427,0.0,358.655557280727,18.000267011147017,13.233355236374017,764.2610173029542,0.0,18.00013451431927,13.380861652803778,294.57779140260567,0.0,18.45752564618929,12.604607971726828,0.0,193.31935822929165,0.0,1592.54814472534,0.0,0.0,16.106431601823104,0.0,914.3467796002814,442.06870075039313,0.0,0.0,261.998043457096,0.0,0.0,0.0,0.0,1592.54814472534,1990.6851809066748,0.0,0.0,7.22,7.22,0.0,0.0,52.01899829458236,0.012712185280631703,7.22,0.0,14.290914836826726,0.0017534684098846828,-9.195883419133802,16.0000592852453,0.3705044250126874,0.0017534684098846828,16.0,82.0,0.0,0.001603294461547438,0.0,7.22,0.0,-10.2625,0.00621144618492455,0.0011037294712230193,11.5,-10.2625,0.00621144618492455,0.0011037294712230193,4.5,6316805.612186203,1354960.257918031 
 01/05  12:00:00,-8.4,0.0,0.0,0.0,0.0,0.0,15.300383567439837,-9.646497098674145,19.251032165882755,-9.813893428102682,21.411770335176875,-9.718730108895725,18.000161174291254,-9.824706909684732,17.999988308481075,-9.70620001947136,18.54842402203352,-10.025960018242492,15.300383567439837,15.426812505460717,1436.4345490290248,0.0,19.251032165882755,11.840559895347658,0.0,257.5723363300904,21.411770335176875,10.444275292191085,0.0,361.59884218082635,18.000161174291254,12.78805754799781,579.4063311546173,0.0,17.999988308481075,12.923256376553105,202.87008667946884,0.0,18.54842402203352,12.136781696922036,0.0,200.44422714850924,0.0,985.0418122126475,0.0,0.0,0.0,0.0,729.4525236171273,350.3276348380915,0.0,0.0,83.53450997403165,0.0,0.0,0.0,0.0,985.0418122126475,1231.3022652658094,0.0,0.0,7.22,7.22,0.0,0.0,49.45702576655351,0.007284523770868859,7.22,0.0,14.768668367365176,0.0016943737820153178,-9.605465749837151,16.000138929867777,0.3705044250126874,0.0016943737820153178,16.0,82.0,0.0,0.000460855399965533,0.0,7.22,0.0,-8.4,0.00621144618492455,0.001238414459686196,11.5,-8.4,0.00621144618492455,0.001238414459686196,4.5,6311740.617363454,1354960.257918031 
 01/05  13:00:00,-7.1125,0.0,0.0,0.0,0.0,0.0,15.882772657407575,-9.997196543900543,20.438726614626056,-10.103332544902852,20.628699024820687,-10.033215845923932,17.999977103995455,-10.111094849322765,17.999680185169048,-10.024995356950665,18.674818455650886,-10.274853756562106,15.882772657407575,14.406326795855268,1280.6729669842316,0.0,20.438726614626056,10.720798239701182,0.0,318.9985621995037,20.628699024820687,10.658559354655907,0.0,281.714547528695,17.999977103995455,12.467028523165386,438.97264277163936,0.0,17.999680185169048,12.563062723705066,119.81770987974508,0.0,18.674818455650886,11.777606781692555,0.0,177.96039040294795,0.0,667.390142739609,0.0,0.0,0.0,0.0,558.075616092601,236.85825099292734,0.0,0.0,0.0,0.0,0.0,0.0,0.0,667.390142739609,834.2376784245114,0.0,0.0,7.22,7.22,0.0,0.0,45.704709639272366,0.004410890476776714,7.22,0.0,15.404306673658514,0.0016422534363248673,-9.97969978084959,16.41220398288769,0.3705044250126874,0.0016422534363248673,16.0,82.0,0.0,0.0,0.0,7.22,0.0,-7.1125,0.00621144618492455,0.0013728859299262423,11.5,-7.1125,0.00621144618492455,0.0013728859299262423,4.5,6309058.819664026,1354960.257918031 
 01/05  14:00:00,-6.012499999999999,0.0,0.0,0.0,0.0,0.0,16.40599604051468,-10.213826130102106,21.501388018926423,-10.261960893241488,19.603451921257424,-10.220076155555969,18.000606864120154,-10.26660454762994,17.999667456813444,-10.2159606472148,18.899949190528066,-10.382095417543418,16.40599604051468,13.666064997195232,1117.0727227781942,0.0,21.501388018926423,9.899843256959006,0.0,362.8938320262701,19.603451921257424,11.169947239372508,0.0,179.23793058555498,18.000606864120154,12.295169865309317,295.77755072281656,0.0,17.999667456813444,12.351425164986,35.336894517255644,0.0,18.899949190528066,11.502455495817127,0.0,155.67459540048645,0.0,423.86883424955124,0.0,0.0,0.0,0.0,376.7805515209223,114.88705905693351,0.0,0.0,0.0,0.0,0.0,0.0,0.0,423.86883424955124,529.836042811939,0.0,0.0,7.22,7.22,0.0,0.0,43.498933189680706,0.0026392634980047787,7.22,0.0,15.912672247787153,0.0016126707548751401,-10.192103285500352,16.920624552575035,0.3705044250126874,0.0016126707548751401,16.0,82.0,0.0,0.0,0.0,7.22,0.0,-6.012499999999999,0.00621144618492455,0.0014818828396623053,11.5,-6.012499999999999,0.00621144618492455,0.0014818828396623053,4.5,6307410.3486742275,1354960.257918031 
 01/05  15:00:00,-4.5375,0.0,0.0,0.0,0.0,0.0,16.813765383001268,-10.303180237303751,21.997085197407525,-10.297505195889688,18.90206658580133,-10.28161243886763,18.00007799256264,-10.299941704378668,18.025401606792006,-10.280915686796467,19.065090128237898,-10.369268286951701,16.813765383001268,13.210163846611964,986.7121318956238,0.0,21.997085197407525,9.572504577475476,0.0,365.7993995053979,18.90206658580133,11.604702061972455,0.0,101.71420001455658,18.00007799256264,12.259144287776623,266.29263088653715,0.0,18.025401606792006,12.26039417331403,0.0,34.97898751821435,19.065090128237898,11.397299211748184,0.0,132.5658589288057,0.0,283.4902979500651,0.0,0.0,0.0,0.0,312.83002626506925,12.632004542075837,0.0,0.0,0.0,0.0,0.0,0.0,0.0,283.4902979500651,354.36287243758136,0.0,0.0,7.22,7.22,0.0,0.0,42.310988974010286,0.0017088108803545617,7.22,0.0,16.371600631993136,0.00159956988635969,-10.290624868591118,17.379577293878853,0.3705044250126874,0.00159956988635969,16.0,82.0,0.0,0.0,0.0,7.22,0.0,-4.5375,0.00621144618492455,0.0016137480734642394,11.5,-4.5375,0.00621144618492455,0.0016137480734642394,4.5,6306545.776140928,1354960.257918031 
 01/05  16:00:00,-3.5249999999999995,0.0,0.0,0.0,0.0,0.0,16.971309610637412,-10.28095920865892,21.086569803543437,-10.236582319506766,18.363270086744738,-10.246251236033626,17.99995044635937,-10.237047947663992,18.118912307129584,-10.248479085378634,19.072233294248974,-10.261087437150604,16.971309610637412,13.10435255784718,844.540676361632,0.0,21.086569803543437,10.180153129684093,0.0,274.0901704403584,18.363270086744738,12.040725492122936,0.0,49.20467531887937,17.99995044635937,12.32804935278605,417.8177865552608,0.0,18.118912307129584,12.223732757905896,0.0,36.28205948236763,19.072233294248974,11.502509152929498,0.0,113.68976829287814,0.0,409.4424544991008,0.0,0.0,0.0,0.0,445.80221516037705,0.0,0.0,0.0,0.0,0.0,0.0,0.0,0.0,409.4424544991008,511.8030681238761,0.0,0.0,7.22,7.22,0.0,0.0,41.39836996992321,0.0024105962774593976,7.22,0.0,16.61879098088534,0.0016014781788208222,-10.281540534636704,17.62676409481055,0.3705044250126874,0.0016014781788208222,16.0,82.0,0.0,0.0,0.0,7.22,0.0,-3.5249999999999995,0.00621144618492455,0.0016906361409014569,11.5,-3.5249999999999995,0.00621144618492455,0.0016906361409014569,4.5,6307196.0739380205,1354960.257918031 
 01/05  17:00:00,-3.9875000000000003,0.0,0.0,0.0,0.0,0.0,16.81502768888786,-10.18535676259726,19.474728889281387,-10.131625321238017,18.013724341321407,-10.15238587686589,18.000005440961242,-10.130611956004339,18.01772262725176,-10.155241448921892,19.016980395507275,-10.12267342133883,16.81502768888786,13.348386398328516,740.1191527994463,0.0,19.474728889281387,11.354967277380885,0.0,155.5651190546559,18.013724341321407,12.410520449347544,60.26826693692189,7.421638743681143,18.000005440961242,12.445242462554214,611.1578184647461,0.0,18.01772262725176,12.404264331314401,66.54032551722864,8.43299856933865,19.016980395507275,11.685195113914602,0.0,118.44556834996558,0.0,807.4757095060676,0.0,0.0,0.0,86.4259127892256,647.816915666204,95.45632207422607,0.0,0.0,0.0,0.0,0.0,0.0,0.0,807.4757095060676,1009.3446368825844,0.0,0.0,7.22,7.22,0.0,0.0,40.818278956266326,0.004687766157060113,7.22,0.0,16.503157668146454,0.0016149696181126023,-10.187485722786985,17.511105698948885,0.3705044250126874,0.0016149696181126023,16.0,82.0,0.0,0.0,0.0,7.22,0.0,-3.9875000000000003,0.00621144618492455,0.001742453572396154,11.5,-3.9875000000000003,0.00621144618492455,0.001742453572396154,4.5,6309307.130635125,1354960.257918031 
 01/05  18:00:00,-4.775,0.0,0.0,0.0,0.0,0.0,16.512964851812637,-10.074387881424295,18.252856165064205,-10.026448516775453,17.999294667996033,-10.051335001558023,18.00033532348948,-10.024402207623819,17.999665361543983,-10.054363276325063,18.925504626020647,-9.99841458036214,16.512964851812637,13.74202610268852,740.8348284132035,0.0,18.252856165064205,12.364478399649418,24.65993381004455,63.00683414697619,17.999294667996033,12.53373153528354,198.56330259128748,0.0,18.00033532348948,12.562921870270198,719.4604849935758,0.0,17.999665361543983,12.530066834006094,202.9996355677174,0.0,18.925504626020647,11.882524698399472,0.0,132.79905019149527,0.0,1328.425442099853,0.0,0.0,42.119145294230734,249.47962621359466,776.6902277085939,259.21249898612484,0.0,0.0,0.0,0.0,0.0,0.0,0.0,1328.425442099853,1660.531802624816,0.0,0.0,7.22,7.22,0.0,0.0,40.722673499967996,0.0077010962640143045,7.22,0.0,16.229272157950653,0.0016297894824789363,-10.084949256774886,17.23719263719496,0.3705044250126874,0.0016297894824789363,16.0,82.0,0.0,0.0,0.0,7.22,0.0,-4.775,0.00621144618492455,0.001740485646000493,11.5,-4.775,0.00621144618492455,0.001740485646000493,4.5,6312101.162120572,1354960.257918031 
 01/05  19:00:00,-5.375,0.0,0.0,0.0,0.0,0.0,16.203260410709152,-10.000563498092092,18.000224651592074,-9.983374416830813,17.99974965734051,-10.001465501482475,18.000339043880643,-9.981381438709505,17.99980260815055,-10.003145539200503,18.80677770084419,-9.953300549930963,16.203260410709152,14.10794049415788,811.9268141147122,0.0,18.000224651592074,12.608832604969514,470.8338693707063,0.0,17.99974965734051,12.588977114462796,280.45386562492666,0.0,18.000339043880643,12.61097297152151,810.7036135560215,0.0,17.99980260815055,12.587058066208957,281.80856419288,0.0,18.80677770084419,12.018973456087151,0.0,148.20969036459337,0.0,2187.6859708501706,0.0,0.0,556.2091627573745,352.42243940741463,891.5345425350281,361.22875079062226,0.0,0.0,0.0,0.0,0.0,0.0,0.0,2187.6859708501706,2734.607463562713,0.0,0.0,7.22,7.22,0.0,0.0,41.19784137398949,0.012836500263700479,7.22,0.0,15.91467815781016,0.0016406325204671775,-10.010462635887897,16.922578479744658,0.3705044250126874,0.0016406325204671775,16.0,82.0,0.0,0.0,0.0,7.22,0.0,-5.375,0.00621144618492455,0.0016718842846851515,11.5,-5.375,0.00621144618492455,0.0016718842846851515,4.5,6316865.386342075,1354960.257918031 
 01/05  20:00:00,-6.2875,0.0,0.0,0.0,0.0,0.0,15.93378895843218,-9.987918419365492,17.999694014879044,-10.006046227950971,17.99956669367537,-10.007801460966363,18.000511772894676,-10.005349145356506,18.000483446972936,-10.007246269258015,18.706034528777952,-9.991038274341214,15.93378895843218,14.368780034675588,903.7602367614286,0.0,17.999694014879044,12.583910101964658,772.0278736537932,0.0,17.99956669367537,12.58204456983995,333.2554541380205,0.0,18.000511772894676,12.58404237396626,894.0510554488144,0.0,18.000483446972936,12.581938655667715,334.6902698319042,0.0,18.706034528777952,12.054465824587151,0.0,163.16229161849236,0.0,2796.6605489478256,0.0,0.0,880.4079601478923,424.6455251656208,996.716218891783,435.6051727091734,0.0,0.0,0.0,0.0,0.0,0.0,0.0,2796.6605489478256,3495.8256861847817,0.0,0.0,7.22,7.22,0.0,0.0,42.756147272982936,0.017062155983298997,7.22,0.0,15.623835823791428,0.001643421006670258,-9.991376793994931,16.631730962028232,0.3705044250126874,0.001643421006670258,16.0,82.0,0.0,0.0,0.0,7.22,0.0,-6.2875,0.00621144618492455,0.0015879434879554869,11.5,-6.2875,0.00621144618492455,0.0015879434879554869,4.5,6320794.400709922,1354960.257918031 
 01/05  21:00:00,-7.3875,0.0,0.0,0.0,0.0,0.0,15.69875460392039,-10.025225850911283,17.999685982337866,-10.061657350222378,18.000563085871573,-10.049043673822336,17.999652475158193,-10.062460818925553,17.99946554512266,-10.04698759732269,18.623583045984685,-10.067362308157037,15.69875460392039,14.538225229597817,985.0543895347198,0.0,17.999685982337866,12.521927549151927,956.019222073176,0.0,18.000563085871573,12.535268970853092,380.84557178214305,0.0,17.999652475158193,12.521061668256664,987.848142117215,0.0,17.99946554512266,12.53842344878504,380.6674396158772,0.0,18.623583045984685,12.034989189894752,0.0,176.85370414746416,0.0,3240.5877875514348,0.0,0.0,1084.7287903023412,489.4430703343779,1109.6962744707403,500.42170516125714,0.0,0.0,0.0,0.0,0.0,0.0,0.0,3240.5877875514348,4050.734734439293,0.0,0.0,7.22,7.22,0.0,0.0,44.622283905267444,0.0207562006764425,7.22,0.0,15.367266620055629,0.0016379702746084955,-10.021578910471547,16.375171891052148,0.3705044250126874,0.0016379702746084955,16.0,82.0,0.0,0.0,0.0,7.22,0.0,-7.3875,0.00621144618492455,0.0015427475860871369,11.5,-7.3875,0.00621144618492455,0.0015427475860871369,4.5,6324237.130039695,1354960.257918031 
 01/05  22:00:00,-8.487499999999999,0.0,0.0,0.0,0.0,0.0,15.484498093419216,-10.097961220932998,18.000140332923205,-10.162498197202398,18.000081206276334,-10.141190385773516,18.000240907582644,-10.16440038546573,18.00070807356588,-10.138297610787784,18.587024158982096,-10.18659707935134,15.484498093419216,14.644318902469822,1060.4683124924798,0.0,18.000140332923205,12.409945892237483,1039.3992224127132,0.0,18.000081206276334,12.433505726309193,402.29290380892326,0.0,18.000240907582644,12.407772258349103,1032.9033639257239,0.0,18.00070807356588,12.436210175417678,402.9678397607923,0.0,18.587024158982096,11.935557035010792,0.0,192.3416924675127,0.0,3435.2394005351716,0.0,0.0,1186.6452048254762,526.4579867899736,1172.310235275058,540.0277578076807,0.0,0.0,0.0,0.0,0.0,0.0,0.0,3435.2394005351716,4294.049250668964,0.0,0.0,7.22,7.22,0.0,0.0,46.00464669631904,0.022831887012889927,7.22,0.0,15.1337110758188,0.0016259909478606425,-10.099755226490833,16.14163861676847,0.3705044250126874,0.0016259909478606425,16.0,82.0,0.0,0.0,0.0,7.22,0.0,-8.487499999999999,0.00621144618492455,0.0014088171370417772,11.5,-8.487499999999999,0.00621144618492455,0.0014088171370417772,4.5,6326177.301892988,1354960.257918031 
 01/05  23:00:00,-8.9,0.0,0.0,0.0,0.0,0.0,15.289083317270533,-10.241995117652804,18.000115561478047,-10.33432796490823,17.999482442149457,-10.297347988226527,18.00046701001539,-10.337814693786838,17.998959278108067,-10.292457915664174,18.5859199283115,-10.383238417278568,15.289083317270533,14.640548986654224,1133.7687967393142,0.0,18.000115561478047,12.221768761527919,1081.0794353176634,0.0,17.999482442149457,12.262528595275993,415.8368787004115,0.0,18.00046701001539,12.217708408725317,1058.0315692343204,0.0,17.998959278108067,12.268267296152349,415.6458026785132,0.0,18.5859199283115,11.729355470675683,0.0,203.21105418965868,0.0,3578.1469352181266,0.0,0.0,1239.370569861983,549.2731023534285,1207.9143022674418,562.8511411494313,0.0,0.0,23.91147880154368,0.0,0.0,0.0,0.0,3578.1469352181266,4472.683669022658,0.0,0.0,7.22,7.22,0.0,0.0,46.545651961427346,0.02414384723457154,7.22,0.0,14.930217460447158,0.0016063486766822327,-10.236180597805966,16.002218610436483,0.3705044250126874,0.0016063486766822327,16.0,82.0,0.0,0.00011766076763597721,0.0,7.22,0.0,-8.9,0.00621144618492455,0.0013033452857265774,11.5,-8.9,0.00621144618492455,0.0013033452857265774,4.5,6327401.865488159,1354960.257918031 
 01/05  24:00:00,-9.5875,0.0,0.0,0.0,0.0,0.0,15.11361151195161,-10.424827150403754,17.999726040627266,-10.528763142039208,17.999475051778703,-10.483042437341863,17.99984627786862,-10.533432777443794,18.00068765051996,-10.477517341385877,18.549802273019072,-10.59875160149454,15.11361151195161,14.567689664699087,1196.7670640879048,0.0,17.999726040627266,12.012258978322743,1151.3497932194398,0.0,17.999475051778703,12.061485351225112,442.2985784330076,0.0,17.99984627786862,12.007168120886575,1117.3300994648919,0.0,18.00068765051996,12.066503716853969,443.15368724402435,0.0,18.549802273019072,11.532313469857314,0.0,200.53822931920132,0.0,3843.5905617078906,0.0,0.0,1309.785274037662,575.8794399646716,1267.332506490056,590.6465084708295,0.0,0.0,93.83523223610263,0.0,0.0,0.0,0.0,3843.5905617078906,4804.488202134862,0.0,0.0,7.22,7.22,0.0,0.0,47.093408229368436,0.02634428960140997,7.22,0.0,14.740623014665513,0.0015804914574430499,-10.418077170337332,15.999944642579596,0.3705044250126874,0.0015804914574430499,16.0,82.0,0.0,0.0005064413333322124,0.0,7.22,0.0,-9.5875,0.00621144618492455,0.0012392644261186778,11.5,-9.5875,0.00621144618492455,0.0012392644261186778,4.5,6329453.177280706,1354960.257918031 
 01/06  01:00:00,-10.6875,0.0,0.0,0.0,0.0,0.0,14.958256014607542,-10.629786478111724,17.999852536687982,-10.752721228626609,17.999272868480052,-10.699090752482018,18.000237854426828,-10.758351929434106,17.999502515985466,-10.692656564913745,18.485371079339362,-10.84080174155526,14.958256014607542,14.447776359180722,1250.3656985544826,0.0,17.999852536687982,11.77458948597792,1263.4790036197119,0.0,17.999272868480052,11.831516555608477,486.43094450955,0.0,18.000237854426828,11.768386424409115,1223.2178748152483,0.0,17.999502515985466,11.838137536225858,486.2123428715606,0.0,18.485371079339362,11.33146081658862,0.0,195.45690398665926,0.0,4258.075430209208,0.0,0.0,1421.918740304917,619.9898772768671,1373.244646877332,633.6082957030628,0.0,0.0,159.05074176415278,0.0,0.0,0.0,0.0,4258.075430209208,5322.59428776151,0.0,0.0,7.22,7.22,0.0,0.0,48.40190670248271,0.030337430998875203,7.22,0.0,14.565913285247087,0.0015512305210956911,-10.620160379927913,15.999971999768073,0.3705044250126874,0.0015512305210956911,16.0,82.0,0.0,0.0009092496766291091,0.0,7.22,0.0,-10.6875,0.00621144618492455,0.0011692655363995232,11.5,-10.6875,0.00621144618492455,0.0011692655363995232,4.5,6333182.363382487,1354960.257918031 
 01/06  02:00:00,-11.1,0.0,0.0,0.0,0.0,0.0,14.80889993508937,-10.868467151198985,17.999761127307234,-10.998962371915063,17.998823045837618,-10.936516878837907,17.99986035707086,-11.005610064337636,17.998517539495694,-10.929166662668099,18.462498709609342,-11.104985819868514,14.80889993508937,14.279985033350979,1302.071883304399,0.0,17.999761127307234,11.51833284166209,1284.9069548640273,0.0,17.998823045837618,11.583523095478068,495.6151127795078,0.0,17.99986035707086,11.511415940187845,1241.785798098078,0.0,17.998517539495694,11.591361403451195,495.4528483093149,0.0,18.462498709609342,11.082854966748041,0.0,193.64360476993716,0.0,4327.094130436071,0.0,0.0,1443.3316572655522,629.134753853608,1391.7772265532415,642.7658440881207,0.0,0.0,216.92611133402514,0.0,0.0,0.0,0.0,4327.094130436071,5408.867663045089,0.0,0.0,7.22,7.22,0.0,0.0,49.834819651118124,0.0321757859833438,7.22,0.0,14.410819357630027,0.00151739530922581,-10.855298463159038,15.99998697765128,0.3705044250126874,0.00151739530922581,16.0,82.0,0.0,0.0012898467061743274,0.0,7.22,0.0,-11.1,0.00621144618492455,0.001105236974004959,11.5,-11.1,0.00621144618492455,0.001105236974004959,4.5,6334911.303710166,1354960.257918031 
 01/06  03:00:00,-11.787499999999998,0.0,0.0,0.0,0.0,0.0,14.673894895927143,-11.106769028142745,18.000139121311395,-11.226134447474438,18.000595325782996,-11.167160756749839,17.99997006347011,-11.232858616855815,18.000548533741934,-11.160796135009155,18.49595690192302,-11.33894265681401,14.673894895927143,14.101117686348589,1355.334435580605,0.0,18.000139121311395,11.286126738445532,1291.4542210228938,0.0,18.000595325782996,11.345602493585782,499.4270787595671,0.0,17.99997006347011,11.279445077406432,1247.0897207421458,0.0,18.000548533741934,11.35210724898402,499.2446595661933,0.0,18.49595690192302,10.830098906531719,0.0,196.26263307339678,0.0,4412.256223045517,0.0,0.0,1449.8937664318325,633.0548684559744,1397.075044066211,646.6963420008153,0.0,0.0,272.41812682521225,0.0,0.0,0.0,0.0,4412.256223045517,5515.320278806895,0.0,0.0,7.22,7.22,0.0,0.0,50.62488807671215,0.033639479549920234,7.22,0.0,14.262071672423634,0.0014827915949068157,-11.101263046318318,15.999985742236925,0.3705044250126874,0.0014827915949068157,16.0,82.0,0.0,0.0016728438107501819,0.0,7.22,0.0,-11.787499999999998,0.00621144618492455,0.001051820264882999,11.5,-11.787499999999998,0.00621144618492455,0.001051820264882999,4.5,6336285.287215115,1354960.257918031 
 01/06  04:00:00,-13.2625,0.0,0.0,0.0,0.0,0.0,14.553023420607978,-11.337607696022506,17.999333189294582,-11.465350795535791,17.999857419142003,-11.410536674437857,18.000488518089035,-11.471786561487537,17.999662408466694,-11.404592013374046,18.507955143284676,-11.578975494428938,14.553023420607978,13.920700424289688,1401.5184425820894,0.0,17.999333189294582,11.047153907427006,1346.9170728117072,0.0,17.999857419142003,11.10127543371463,520.4534866307364,0.0,18.000488518089035,11.03996697248109,1301.6487488657851,0.0,17.999662408466694,11.107333527839291,520.3419133886109,0.0,18.507955143284676,10.591302591668239,0.0,197.19445435525887,0.0,4627.066110007592,0.0,0.0,1505.2798910300312,654.0230060055295,1451.6606393907032,667.7185141352243,0.0,0.0,326.7418760833462,0.0,0.0,0.0,0.0,4627.066110007592,5783.832637509489,0.0,0.0,7.22,7.22,0.0,0.0,51.77294461089288,0.03661720524612496,7.22,0.0,14.116441580397355,0.0014494235511699988,-11.343412895751456,15.999987273868246,0.3705044250126874,0.0014494235511699988,16.0,82.0,0.0,0.0020635671835186535,0.0,7.22,0.0,-13.2625,0.00621144618492455,0.0009309156752033325,11.5,-13.2625,0.00621144618492455,0.0009309156752033325,4.5,6339076.433155249,1354960.257918031 
 01/06  05:00:00,-13.9,0.0,0.0,0.0,0.0,0.0,14.429052554423933,-11.59289671387202,17.99967298465427,-11.723793580768545,17.999548049621918,-11.665850510373703,18.000316171111898,-11.73043188498973,17.999934668764638,-11.65930603212038,18.506684130519826,-11.842122572823907,14.429052554423933,13.71477643930657,1447.9717246936632,0.0,17.99967298465427,10.793260588054348,1394.186996105937,0.0,17.999548049621918,10.849737801840197,540.4634045084682,0.0,18.000316171111898,10.786378818023415,1346.3244322338087,0.0,17.999934668764638,10.855858002827285,540.9013613243892,0.0,18.506684130519826,10.344314358905455,0.0,197.08119090493597,0.0,4796.686743851109,0.0,0.0,1552.5698055884266,674.0044747302067,1496.3169542198832,688.2892467006768,0.0,0.0,375.37619295077513,0.0,0.0,0.0,0.0,4796.686743851109,5995.858429813887,0.0,0.0,7.22,7.22,0.0,0.0,52.89395750071108,0.039411932402480324,7.22,0.0,13.98604073151796,0.0014157368046682568,-11.593511659034256,15.999995037238863,0.3705044250126874,0.0014157368046682568,16.0,82.0,0.0,0.0024260032821106,0.0,7.22,0.0,-13.9,0.00621144618492455,0.0009008537461412615,11.5,-13.9,0.00621144618492455,0.0009008537461412615,4.5,6341699.391709158,1354960.257918031 
 01/06  06:00:00,-14.2125,0.0,0.0,0.0,0.0,0.0,14.299791595460785,-11.841125315289071,18.000124430453123,-11.970030714872749,18.000553085204466,-11.91432626092059,17.99982405111602,-11.976566003004143,18.000542422169595,-11.90827329890721,18.48819270920091,-12.08887199610847,14.299791595460785,13.52459033112398,1494.9205210949417,0.0,18.000124430453123,10.556311227338288,1435.7091667936152,0.0,18.000553085204466,10.609152136955142,559.3871685218273,0.0,17.99982405111602,10.550295849365423,1386.4779692454053,0.0,18.000542422169595,10.61494998268484,559.3731798228262,0.0,18.48819270920091,10.128549266951064,0.0,195.61622021980293,0.0,4961.55264701959,0.0,0.0,1594.1151170687276,692.9862284361802,1536.4216165426064,706.795931110814,0.0,0.0,424.8182856971374,0.0,0.0,0.0,0.0,4961.55264701959,6201.940808774488,0.0,0.0,7.22,7.22,0.0,0.0,53.833236540296824,0.04212284219648776,7.22,0.0,13.853447267040355,0.001382229566380358,-11.847971987368883,15.99998997829466,0.3705044250126874,0.001382229566380358,16.0,82.0,0.0,0.002806802274388689,0.0,7.22,0.0,-14.2125,0.00621144618492455,0.0008635950045595656,11.5,-14.2125,0.00621144618492455,0.0008635950045595656,4.5,6344243.663111311,1354960.257918031 
 01/06  07:00:00,-14.4,0.0,0.0,0.0,0.0,0.0,14.180603829381832,-12.108039323995934,17.999829749146304,-12.270225946754032,17.99909938883663,-12.207652226350811,17.999898154782215,-12.277226535324488,18.00047649762982,-12.200248594196582,18.424348608111337,-12.395976920746943,14.180603829381832,13.305527336358034,1535.7692352565064,0.0,17.999829749146304,10.274546206486898,1519.167985899282,0.0,17.99909938883663,10.333218213764507,593.6654310114823,0.0,17.999898154782215,10.26801057597578,1467.8529775968327,0.0,18.00047649762982,10.339223221726595,594.2297650794317,0.0,18.424348608111337,9.891033410684695,0.0,190.58378853759604,0.0,5255.356414819627,0.0,0.0,1677.546387913971,727.1604108974841,1617.7984473698818,741.6396178946642,0.0,0.0,470.7445922925259,0.0,0.0,0.0,0.0,5255.356414819627,6569.195518524535,0.0,0.0,7.22,7.22,0.0,0.0,54.96350548591526,0.046488995569188764,7.22,0.0,13.730268453457365,0.0013482998342260297,-12.11199918520122,15.999997698829327,0.3705044250126874,0.0013482998342260297,16.0,82.0,0.0,0.0031711664181581244,0.0,7.22,0.0,-14.4,0.00621144618492455,0.0007834189265146271,11.5,-14.4,0.00621144618492455,0.0007834189265146271,4.5,6348338.767737931,1354960.257918031 
 01/06  08:00:00,-14.775,0.0,0.0,0.0,0.0,0.0,14.084707852696877,-12.44876916034709,17.999754032523953,-12.648062291011142,18.00022860999052,-12.567064643628944,18.000202255925725,-12.656733376365153,18.00029915187573,-12.557278572540714,18.413107307601354,-12.796755226721736,14.084707852696877,12.982908021841606,1567.3671811396407,0.0,17.999754032523953,9.929396291299426,1444.0399294853848,0.0,18.00022860999052,10.002178224188434,317.84047194822455,13.30978884985376,18.000202255925725,9.92131685353182,1397.552147644335,0.0,18.00029915187573,10.01100151720261,564.1718262681295,0.0,18.413107307601354,9.545616492365694,0.0,189.68290433247898,0.0,4774.953751249397,0.0,0.0,1602.4033127818257,438.0895377187335,1547.5122697710035,711.5560953474826,0.0,0.0,511.9678014390371,0.0,0.0,0.0,0.0,4774.953751249397,5968.692189061746,0.0,0.0,7.22,7.22,0.0,0.0,55.47492630323521,0.04304714132200459,7.22,0.0,13.619639024203916,0.0013055511376796646,-12.456984712929108,16.00000708548637,0.3705044250126874,0.0013055511376796646,16.0,82.0,0.0,0.0035071085079310853,0.0,7.22,0.0,-14.775,0.00621144618492455,0.0005841423789282425,11.5,-14.775,0.00621144618492455,0.0005841423789282425,4.5,6345137.275071167,1354960.257918031 
 01/06  09:00:00,-14.312499999999998,0.0,0.0,0.0,0.0,0.0,14.086055179614828,-12.857581399307552,17.999740373864018,-13.080258971240818,18.670130388017505,-12.99622023197949,17.999696856326672,-13.08976663192686,17.999484160594278,-12.986364687673381,18.41052042169672,-13.247437064382735,14.086055179614828,12.510404454677865,1600.3191753047026,0.0,17.999740373864018,9.547858414082338,1154.5804398827697,0.0,18.670130388017505,9.231923990885235,0.0,178.28038108074625,17.999696856326672,9.539642056984494,1249.5461572245656,0.0,17.999484160594278,9.62981710620626,502.1064928589923,0.0,18.41052042169672,9.16402831823197,0.0,189.4742673888936,0.0,3848.383348475244,0.0,0.0,1312.9466498184756,0.0,1399.4767559655156,649.4347521427636,0.0,0.0,518.2084174232464,0.0,0.0,0.0,0.0,3848.383348475244,4810.479185594055,0.0,0.0,7.22,7.22,0.0,0.0,55.47270651728368,0.03468347033367315,7.22,0.0,13.602504132162757,0.001254523659180701,-12.8852687251816,15.999818744749238,0.3705044250126874,0.001254523659180701,16.0,82.0,0.0,0.0035586140517736664,0.0,7.22,0.0,-14.312499999999998,0.00621144618492455,0.0005032044035553017,11.5,-14.312499999999998,0.00621144618492455,0.0005032044035553017,4.5,6337331.111622629,1354960.257918031 
 01/06  10:00:00,-13.525000000000002,0.0,0.0,0.0,0.0,0.0,14.256073055305475,-13.4063229144768,18.000166740045373,-13.6285812998253,20.153952830860973,-13.533775288608595,17.999670030544095,-13.639284333979461,18.000194473979253,-13.521222155723141,18.42432835579501,-13.817442627965727,14.256073055305475,11.771947234471705,1633.4430691000646,0.0,18.000166740045373,9.082235500017653,492.0917553322195,0.0,20.153952830860973,8.013712217675437,0.0,277.333153112441,17.999670030544095,9.073648374842982,1005.6589276562797,0.0,18.000194473979253,9.171642991562234,399.2193344671247,0.0,18.42432835579501,8.6925633592146,0.0,190.55771978906878,0.0,2761.340627459977,0.0,0.0,650.4830773806367,0.0,1155.5924772582161,546.6053674089361,0.0,0.0,462.627136572988,0.0,0.0,0.0,0.0,2761.340627459977,3451.6757843249716,0.0,0.0,7.22,7.22,0.0,0.0,54.725542855667115,0.024238343596595647,7.22,0.0,13.750929077928916,0.0011943528537340417,-13.413818163725862,15.999545035101104,0.3705044250126874,0.0011943528537340417,16.0,82.0,0.0,0.0031070141703145294,0.0,7.22,0.0,-13.525000000000002,0.00621144618492455,0.0005537871539959733,11.5,-13.525000000000002,0.00621144618492455,0.0005537871539959733,4.5,6327574.5265019005,1354960.257918031 
 01/06  11:00:00,-12.6125,0.0,0.0,0.0,0.0,0.0,14.581477426492075,-13.84615819763689,18.01406308278718,-14.031236532674578,20.694758028003985,-13.943235876469966,17.999830340762962,-14.041743021231113,17.999189001303492,-13.931871331211378,18.568596472198934,-14.221379091276278,14.581477426492075,11.072558757786556,1573.7918018277153,0.0,18.01406308278718,8.746100271612654,0.7763424512594383,112.2210304968475,20.694758028003985,7.461454635151929,0.0,313.3807009034781,17.999830340762962,8.745441163843898,691.6053629886848,0.0,17.999189001303492,8.834217073457545,259.3610410840475,0.0,18.568596472198934,8.301086102525122,0.0,201.84257724463265,0.0,1645.5891257229468,0.0,0.0,47.97155323474337,0.0,841.4758924498619,406.61736471362525,0.0,0.0,355.6345039249803,0.0,0.0,0.0,0.0,1645.5891257229468,2056.986407153683,0.0,0.0,7.22,7.22,0.0,0.0,54.73765545286473,0.014425659578283765,7.22,0.0,14.03800858010118,0.0011477494575043484,-13.8373981814062,16.000042209649735,0.3705044250126874,0.0011477494575043484,16.0,82.0,0.0,0.0022806762916607205,0.0,7.22,0.0,-12.6125,0.00621144618492455,0.0005993058596284963,11.5,-12.6125,0.00621144618492455,0.0005993058596284963,4.5,6318419.094282433,1354960.257918031 
 01/06  12:00:00,-11.5125,0.0,0.0,0.0,0.0,0.0,14.918597438252174,-14.218847746462691,18.004065746685868,-14.370012462902569,19.776331582800886,-14.295055407392784,17.999972668868534,-14.379451697623274,18.000005149109246,-14.285999665765464,18.669592867150012,-14.548277223415113,14.918597438252174,10.470565679810537,1409.6475686662711,0.0,18.004065746685868,8.483775381387641,0.0,46.1142441998814,19.776331582800886,7.647418149868082,0.0,252.0648980457589,17.999972668868534,8.478624460782306,522.2000308872174,0.0,18.000005149109246,8.551709841141916,179.87533862714866,0.0,18.669592867150012,8.004671482539377,0.0,209.7755029406074,0.0,1105.7925980585037,0.0,0.0,112.51113790725094,0.0,672.0755910803431,327.19121658670514,0.0,0.0,213.4802695750222,0.0,0.0,0.0,0.0,1105.7925980585037,1382.2407475731297,0.0,0.0,7.22,7.22,0.0,0.0,52.235824012926074,0.008944530875781167,7.22,0.0,14.418775978467176,0.0011079050369851291,-14.225266539620735,15.999905559338918,0.3705044250126874,0.0011079050369851291,16.0,82.0,0.0,0.0012697503438850778,0.0,7.22,0.0,-11.5125,0.00621144618492455,0.0006516377937677481,11.5,-11.5125,0.00621144618492455,0.0006516377937677481,4.5,6313296.410392454,1354960.257918031 
 01/06  13:00:00,-11.474999999999998,0.0,0.0,0.0,0.0,0.0,15.162449208978146,-14.543013152718517,17.999972895221184,-14.660591320155161,18.93103708841442,-14.601649738897784,17.9997559199038,-14.668293558332227,17.999850848039795,-14.595071286737435,18.775605999965485,-14.81472039736913,15.162449208978146,10.004550504704193,1265.4210271990944,0.0,17.999972895221184,8.262159445447608,0.0,69.78804613791368,18.93103708841442,7.836210633800633,0.0,195.6245062946154,17.9997559199038,8.256416524599237,373.5336414293414,0.0,17.999850848039795,8.312196419379095,107.98639488174439,0.0,18.775605999965485,7.7590324094020735,0.0,218.08521494189677,0.0,796.824495066706,0.0,0.0,88.4939570500328,0.0,523.3689368590186,255.2723555477492,0.0,0.0,121.09030922831045,0.0,0.0,0.0,0.0,796.824495066706,996.0306188333824,0.0,0.0,7.22,7.22,0.0,0.0,47.217206305470015,0.005498802682792877,7.22,0.0,14.66648120687511,0.0010763563594653521,-14.54315885679709,16.000035715616146,0.3705044250126874,0.0010763563594653521,16.0,82.0,0.0,0.0006714360564365853,0.0,7.22,0.0,-11.474999999999998,0.00621144618492455,0.0006715871002080521,11.5,-11.474999999999998,0.00621144618492455,0.0006715871002080521,4.5,6310073.167657204,1354960.257918031 
 01/06  14:00:00,-11.325,0.0,0.0,0.0,0.0,0.0,15.294692449769444,-14.769871387895389,17.99984948835958,-14.872128735672677,18.218315585293873,-14.82814370917732,18.000218473640007,-14.878137440997849,18.000162718850582,-14.823725433602744,18.82947111640723,-15.000220568943107,15.294692449769444,9.714620157323147,1175.4273940772378,0.0,17.99984948835958,8.102812981593711,180.49980262696317,0.0,18.218315585293873,8.02478384339297,0.0,139.43575446398074,18.000218473640007,8.098134844218613,467.633872935436,0.0,18.000162718850582,8.138888677700363,144.14815940899803,0.0,18.82947111640723,7.601650005308479,0.0,222.27426303203606,0.0,1160.6336959219852,0.0,0.0,338.7308992946545,8.582826707340711,617.4620118865422,291.4169125027007,0.0,0.0,61.88954298124098,0.0,0.0,0.0,0.0,1160.6336959219852,1450.7921199024818,0.0,0.0,7.22,7.22,0.0,0.0,42.97677389400162,0.007101835355634309,7.22,0.0,14.825580225691464,0.001052244481855064,-14.782001191053801,16.000488950371903,0.3705044250126874,0.001052244481855064,16.0,82.0,0.0,0.00032018469482337445,0.0,7.22,0.0,-11.325,0.00621144618492455,0.0006730633301570431,11.5,-11.325,0.00621144618492455,0.0006730633301570431,4.5,6311551.261467739,1354960.257918031 
 01/06  15:00:00,-11.474999999999998,0.0,0.0,0.0,0.0,0.0,15.349259425262572,-14.995537379004238,18.005863816197405,-15.102436379713524,17.999993565448456,-15.057439710142786,17.999986066710605,-15.107958665923867,17.99992301252934,-15.05238962414443,18.83123928367007,-15.217339037399187,15.349259425262572,9.481309088808578,1128.1814950656742,0.0,18.005863816197405,7.929458890514133,17.906337510724825,99.63080261719449,17.999993565448456,7.965389086636014,28.66074394001157,7.273008108086458,17.999986066710605,7.928323588513353,517.5407418195991,0.0,17.99992301252934,7.9691387917836,131.04909171983155,0.0,18.83123928367007,7.450011475548106,0.0,222.37880863701275,0.0,1150.2328517506003,0.0,0.0,76.94865910307122,154.80765723929855,667.3220148429923,278.27044931641984,0.0,0.0,37.7037118272089,0.0,0.0,0.0,0.0,1150.2328517506003,1437.7910646882506,0.0,0.0,7.22,7.22,0.0,0.0,40.50753120678675,0.0066341839064271504,7.22,0.0,14.890701075499537,0.0010304961054793812,-15.004130098613862,16.000817112847567,0.3705044250126874,0.0010304961054793812,16.0,82.0,0.0,0.00018624525411082497,0.0,7.22,0.0,-11.474999999999998,0.00621144618492455,0.000653263070577246,11.5,-11.474999999999998,0.00621144618492455,0.000653263070577246,4.5,6311111.336002929,1354960.257918031 
 01/06  16:00:00,-12.0125,0.0,0.0,0.0,0.0,0.0,15.362874498771301,-15.201704728176782,18.075913370343702,-15.291340901844018,17.9992419752433,-15.253341086824399,18.00011917164619,-15.296166643842856,18.000171180431686,-15.249518741123463,18.879325206580013,-15.393142380785612,15.362874498771301,9.294275504601913,1132.2007124146555,0.0,18.075913370343702,7.757947736854035,0.0,164.20490323997404,17.9992419752433,7.822871230837257,165.6637628094141,0.0,18.00011917164619,7.791514083303502,669.8183803026902,0.0,18.000171180431686,7.825179355429771,103.85192534291474,0.0,18.879325206580013,7.307774302686937,0.0,226.1441194536837,0.0,1415.7098054713185,0.0,0.0,0.0,299.02371238686095,819.5983290548913,251.08089399073486,0.0,0.0,32.3014008136627,0.0,0.0,0.0,0.0,1415.7098054713185,1769.6372568391484,0.0,0.0,7.22,7.22,0.0,0.0,40.110757005271275,0.008088176751354962,7.22,0.0,14.905208520944328,0.0010098145222006347,-15.216460114862045,16.000883401122877,0.3705044250126874,0.0010098145222006347,16.0,82.0,0.0,0.0001574195855561272,0.0,7.22,0.0,-12.0125,0.00621144618492455,0.0006556288437000696,11.5,-12.0125,0.00621144618492455,0.0006556288437000696,4.5,6312458.254003536,1354960.257918031 
 01/06  17:00:00,-13.575,0.0,0.0,0.0,0.0,0.0,15.273251366682153,-15.38341596786498,18.001224988110906,-15.486857517424362,17.9999700680952,-15.451217135082349,18.000358719702852,-15.491220717574421,18.000284535818192,-15.447261232064747,18.81723942418713,-15.578845008491008,15.273251366682153,9.19208838681574,1160.3445935882494,0.0,18.001224988110906,7.654728077951277,511.8897147577148,18.793457108473774,17.9999700680952,7.6806400283669864,356.37692337309494,0.0,18.000358719702852,7.6520557838903915,1028.3590419605266,0.0,18.000284535818192,7.6832983726812145,300.12342346880973,0.0,18.81723942418713,7.211051501382477,0.0,221.3609413985381,0.0,2984.252010396438,0.0,0.0,651.4912386719232,489.86723375655123,1178.2508299176732,447.4508070427068,0.0,0.0,61.384407961807064,0.0,0.0,0.0,0.0,2984.252010396438,3730.3150129955475,0.0,0.0,7.22,7.22,0.0,0.0,42.311128408998954,0.018130302842706943,7.22,0.0,14.825906574225153,0.000991833172487955,-15.399593449137974,15.999592835415156,0.3705044250126874,0.000991833172487955,16.0,82.0,0.0,0.0003184375176241128,0.0,7.22,0.0,-13.575,0.00621144618492455,0.0006370344930461051,11.5,-13.575,0.00621144618492455,0.0006370344930461051,4.5,6321784.552206376,1354960.257918031 
 01/06  18:00:00,-15.15,0.0,0.0,0.0,0.0,0.0,15.063964964826344,-15.60715645959312,18.000281277444582,-15.736979815139991,18.000913451149763,-15.688577308603852,17.99930582849674,-15.74223241340069,17.999591891118108,-15.682590648445782,18.703779812537874,-15.836245799276538,15.063964964826344,9.125558020182819,1226.7696450166345,0.0,18.000281277444582,7.479733425135104,1093.996889697612,0.0,18.000913451149763,7.5130870645566254,473.2014914611532,0.0,17.99930582849674,7.476547938716239,1241.4133800186237,0.0,17.999591891118108,7.517884218650396,454.95571212596957,0.0,18.703779812537874,7.091093590926051,0.0,212.4124282103569,0.0,4102.765061888037,0.0,0.0,1252.2919612166845,606.7285745399383,1391.2018993577758,602.2027704740532,0.0,0.0,139.04882502864385,0.0,0.0,0.0,0.0,4102.765061888037,5128.456327360046,0.0,0.0,7.22,7.22,0.0,0.0,46.65113265902733,0.027808287534674674,7.22,0.0,14.617955303366653,0.0009710112302936686,-15.617580720860284,15.999921415545169,0.3705044250126874,0.0009710112302936686,16.0,82.0,0.0,0.000783721139748227,0.0,7.22,0.0,-15.15,0.00621144618492455,0.0005778354191601958,11.5,-15.15,0.00621144618492455,0.0005778354191601958,4.5,6330809.779470116,1354960.257918031 
 01/06  19:00:00,-16.599999999999998,0.0,0.0,0.0,0.0,0.0,14.78459604321528,-15.874881040266965,17.99974177180117,-16.039403439439642,18.00048937232217,-15.98037820185838,17.999339653928182,-16.045750836501718,18.00079139397015,-15.973200253512351,18.571899022272227,-16.15282071896799,14.78459604321528,9.063328046298615,1323.0841030454696,0.0,17.99974177180117,7.272905458919997,1428.6562838271927,0.0,18.00048937232217,7.312565971139158,577.7704933678173,0.0,17.999339653928182,7.268801398698019,1461.7244608838787,0.0,18.00079139397015,7.317300799101071,570.1076134194791,0.0,18.571899022272227,6.942479960531717,0.0,202.04558754952222,0.0,5034.7869049649025,0.0,0.0,1586.9105465311904,711.26645838165,1611.5170123666628,717.4396708989755,0.0,0.0,246.12576426187854,0.0,0.0,0.0,0.0,5034.7869049649025,6293.483631206127,0.0,0.0,7.22,7.22,0.0,0.0,50.39773243002239,0.03826606216393517,7.22,0.0,14.330743746115669,0.0009467780994146586,-15.88546932759179,15.999880187802269,0.3705044250126874,0.0009467780994146586,16.0,82.0,0.0,0.0014914908696273689,0.0,7.22,0.0,-16.599999999999998,0.00621144618492455,0.0005158147404980109,11.5,-16.599999999999998,0.00621144618492455,0.0005158147404980109,4.5,6340592.193873116,1354960.257918031 
 01/06  20:00:00,-17.2,0.0,0.0,0.0,0.0,0.0,14.487529972777327,-16.22596180595179,17.999843050355228,-16.426395349994863,18.000118359776234,-16.340841375497025,18.000579067129678,-16.435172171981385,17.99972068720058,-16.33012964836234,18.433022837714027,-16.571916755212584,14.487529972777327,8.942080518615663,1420.2571815305814,0.0,17.999843050355228,7.015312171755198,1609.2979636045025,0.0,18.000118359776234,7.0713589510941475,638.1103225943073,0.0,18.000579067129678,7.00924150083014,1590.5034299339873,0.0,17.99972068720058,7.078602382002336,634.7143692183475,0.0,18.433022837714027,6.734902804862727,0.0,191.12225613025572,0.0,5470.165288069003,0.0,0.0,1767.563641412173,771.5755309823031,1740.3927195085632,781.9603140253184,0.0,0.0,358.6418339300646,0.0,0.0,0.0,0.0,5470.165288069003,6837.706610086252,0.0,0.0,7.22,7.22,0.0,0.0,53.93065986511941,0.04661718597853063,7.22,0.0,14.028962249668073,0.0009175228499723726,-16.215893461796533,15.999897759277536,0.3705044250126874,0.0009175228499723726,16.0,82.0,0.0,0.0023017483443259767,0.0,7.22,0.0,-17.2,0.00621144618492455,0.000477695987406664,11.5,-17.2,0.00621144618492455,0.000477695987406664,4.5,6348437.217249152,1354960.257918031 
 01/06  21:00:00,-18.262499999999996,0.0,0.0,0.0,0.0,0.0,14.21663835916334,-16.5946085613216,18.000319142144043,-16.75156595354376,18.001092925530322,-16.66928401050644,18.000281775391105,-16.76095580248696,17.99927343960793,-16.66065413608954,18.47655761092939,-16.91169005185146,14.21663835916334,8.792595599617227,1521.2344925856369,0.0,18.000319142144043,6.80505385671823,1599.9697047618301,0.0,18.001092925530322,6.857314815582576,629.4440574942644,0.0,18.000281775391105,6.7990922099031526,1560.1716640937636,0.0,17.99927343960793,6.86364116464165,627.0292694602454,0.0,18.47655761092939,6.506422057699526,0.0,194.5308235111122,0.0,5469.43952635132,0.0,0.0,1758.254966433618,762.9624766266759,1710.0211923175775,774.2297610813393,0.0,0.0,468.2794164691814,0.0,0.0,0.0,0.0,5469.43952635132,6836.799407939148,0.0,0.0,7.22,7.22,0.0,0.0,55.20101319783779,0.04879025462923089,7.22,0.0,13.734833464371164,0.0008848944865678756,-16.59939428318745,15.999895321138553,0.3705044250126874,0.0008848944865678756,16.0,82.0,0.0,0.003153074024513545,0.0,7.22,0.0,-18.262499999999996,0.00621144618492455,0.00043777075624472513,11.5,-18.262499999999996,0.00621144618492455,0.00043777075624472513,4.5,6350490.991454,1354960.257918031 
 01/06  22:00:00,-18.525000000000002,0.0,0.0,0.0,0.0,0.0,13.98853586536996,-16.882371507983812,18.000512844145472,-17.032694727341653,18.00181438491047,-16.97430598088147,17.99945268733157,-17.04030902149268,18.00044009118973,-16.968787584874924,18.45018892446961,-17.177911657765186,13.98853586536996,8.68663358343147,1609.4601649771596,0.0,18.000512844145472,6.628272064869115,1711.9572356938052,0.0,18.00181438491047,6.664105425589142,674.7912808133519,0.0,17.99945268733157,6.623985644557855,1659.9908323519162,0.0,18.00044009118973,6.6681245041276345,673.7565508942512,0.0,18.45018892446961,6.356357705243877,0.0,192.4483372656581,0.0,5923.555949148576,0.0,0.0,1870.2378101340462,808.347086949206,1809.758680849246,821.031577565268,0.0,0.0,556.6717475924629,0.0,0.0,0.0,0.0,5923.555949148576,7404.44493643572,0.0,0.0,7.22,7.22,0.0,0.0,56.661432459415636,0.055960497745435676,7.22,0.0,13.49773089554651,0.000859422741618081,-16.904322226573502,15.99994563139186,0.3705044250126874,0.000859422741618081,16.0,82.0,0.0,0.003881885639165315,0.0,7.22,0.0,-18.525000000000002,0.00621144618492455,0.00042104263051906106,11.5,-18.525000000000002,0.00621144618492455,0.00042104263051906106,4.5,6357221.87551596,1354960.257918031 
 01/06  23:00:00,-17.9875,0.0,0.0,0.0,0.0,0.0,13.782866724035811,-17.219274572923702,17.999686050878978,-17.416841420771902,18.000379614576154,-17.337556273731394,18.000622804465028,-17.425537016649017,17.999099166860248,-17.327731149974042,18.312696493024134,-17.573853506914283,13.782866724035811,8.52986578617254,1673.4634887773962,0.0,17.999686050878978,6.393853884128029,1798.5540591501413,0.0,18.000379614576154,6.441364960245233,710.7402161796581,0.0,18.000622804465028,6.388253229931708,1742.5696917915252,0.0,17.999099166860248,6.4478276777759795,710.059870785236,0.0,18.312696493024134,6.177360601530662,0.0,181.63843831796862,0.0,6177.632250159975,0.0,0.0,1956.7758572915454,844.1978987081956,1892.431875011221,857.2326951435548,0.0,0.0,631.1722865876689,0.0,0.0,0.0,0.0,6177.632250159975,7722.040312699969,0.0,0.0,7.22,7.22,0.0,0.0,58.28395047779115,0.06226001436879733,7.22,0.0,13.297822120703117,0.0008339071844430854,-17.214940136750755,15.999956864799298,0.3705044250126874,0.0008339071844430854,16.0,82.0,0.0,0.0045271301473042225,0.0,7.22,0.0,-17.9875,0.00621144618492455,0.000409582463012155,11.5,-17.9875,0.00621144618492455,0.000409582463012155,4.5,6363151.921850398,1354960.257918031 
 01/06  24:00:00,-18.4875,0.0,0.0,0.0,0.0,0.0,13.62335027684394,-17.60556677450021,17.99950800251091,-17.817314750786057,17.99962599666677,-17.724119170838687,18.000036629778666,-17.827487971602658,17.999703006379107,-17.713208258644325,18.23753568780532,-17.993908577086906,13.62335027684394,8.3114855787871,1727.3527188490775,0.0,17.99950800251091,6.157321850289291,1874.3165349694855,0.0,17.99962599666677,6.211606636791636,740.462842687805,0.0,18.000036629778666,6.151215270057499,1814.4132755267651,0.0,17.999703006379107,6.217966068344365,740.8918361251915,0.0,18.23753568780532,5.965529282636975,0.0,175.7241720670504,0.0,6462.0297927800975,0.0,0.0,2032.5173292584504,873.8611859745168,1964.2254742835253,888.0989927573993,0.0,0.0,697.3220429740802,0.0,0.0,0.0,0.0,6462.0297927800975,8077.537240975123,0.0,0.0,7.22,7.22,0.0,0.0,59.265899933380155,0.0679532127446259,7.22,0.0,13.120266260923595,0.0008035440632539845,-17.59835895341484,15.999968473039136,0.3705044250126874,0.0008035440632539845,16.0,82.0,0.0,0.0051236602059225676,0.0,7.22,0.0,-18.4875,0.00621144618492455,0.0003857703093798346,11.5,-18.4875,0.00621144618492455,0.0003857703093798346,4.5,6368505.022220877,1354960.257918031 
 01/07  01:00:00,-18.9,0.0,0.0,0.0,0.0,0.0,13.49033454623166,-18.028849977222748,18.000266930253325,-18.245051105698842,18.00059323983381,-18.142061312778765,17.999756918094924,-18.256415798196965,17.998804513040053,-18.130264213921762,18.03184978810318,-18.439926379343,13.49033454623166,8.055728287042196,1762.8219040794547,0.0,18.000266930253325,5.913125946158374,2063.7097656655374,0.0,18.00059323983381,5.970891842362305,821.2198237524801,0.0,17.999756918094924,5.906959821176421,1999.7402969578395,0.0,17.998804513040053,5.978233247509329,820.5233226536454,0.0,18.03184978810318,5.793352750378424,0.0,152.54947147817342,0.0,7050.702478859443,0.0,0.0,2221.9657194100255,954.6742955121024,2149.5275820033103,967.6548325790521,7.010634405167536,0.0,749.4589405968686,0.0,0.0,0.0,0.0,7050.702478859443,8813.378098574303,0.0,0.0,7.22,7.22,0.0,0.0,60.59882916421438,0.0787213761634804,7.22,0.0,12.98027744115302,0.0007723123433511598,-18.014285362159246,15.999986791175148,0.3705044250126874,0.0007723123433511598,16.0,82.0,0.0,0.00560979010178092,0.0,7.22,0.0,-18.9,0.00621144618492455,0.0003672199091977502,11.5,-18.9,0.00621144618492455,0.0003672199091977502,4.5,3138626.0131655643,1354960.257918031 
 01/07  02:00:00,-19.2125,0.0,0.0,0.0,0.0,0.0,13.37056447628778,-18.435225700343636,17.99985393589465,-18.62437923694617,18.00053506632443,-18.528686712559725,18.000837496021127,-18.63558179804106,17.999044789288746,-18.518586453177765,18.000093266551367,-18.822111851662978,13.37056447628778,7.812519357438625,1800.8991701398568,0.0,17.99985393589465,5.704356056979795,2059.748570035065,0.0,18.00053506632443,5.756163484390703,821.2295242905732,0.0,18.000837496021127,5.697941705305717,1998.3798603838509,0.0,17.999044789288746,5.762226337290753,820.5094642922752,0.0,18.000093266551367,5.598108100340175,0.0,131.81972125313155,0.0,7078.293160682366,0.0,0.0,2217.9558050077026,954.6704430242969,2148.232699288071,967.6483846413576,25.23892883721604,0.0,797.3315003538173,0.0,0.0,0.0,0.0,7078.293160682366,8847.866450852956,0.0,0.0,7.22,7.22,0.0,0.0,61.01299256618617,0.08058023717800926,7.22,0.0,12.851699385443172,0.0007421184325669757,-18.428543014052565,15.999987542395306,0.3705044250126874,0.0007421184325669757,16.0,82.0,0.0,0.0060690261746597085,0.0,7.22,0.0,-19.2125,0.00621144618492455,0.00035964438353411495,11.5,-19.2125,0.00621144618492455,0.00035964438353411495,4.5,3140382.6117379917,1354960.257918031 
 01/07  03:00:00,-19.775,0.0,0.0,0.0,0.0,0.0,13.271753207750365,-18.790332417149607,17.999204075457747,-18.950971188773913,17.9992570153059,-18.870879472151767,17.99973891803625,-18.96090738438369,17.999582090337086,-18.862855581436865,18.002035152521717,-19.13583951463556,13.271753207750365,7.602384176570446,1837.5271545918035,0.0,17.999204075457747,5.530166385720182,2057.1296973105727,0.0,17.9992570153059,5.5724688328142,819.0639106512365,0.0,17.99973891803625,5.524752214578463,1993.3657080902092,0.0,17.999582090337086,5.576614742494765,819.7106828194878,0.0,18.002035152521717,5.432665405984318,0.0,152.3401346153592,0.0,7086.721740689349,0.0,0.0,2215.2700542118373,952.4117323216984,2143.1210664019645,966.8808646537937,4.863172005798315,0.0,838.5167847797079,0.0,0.0,0.0,0.0,7086.721740689349,8858.402175861685,0.0,0.0,7.22,7.22,0.0,0.0,61.31874197936713,0.08186462803659969,7.22,0.0,12.741074643320548,0.0007161410186242974,-18.792909490526217,15.999992017803716,0.3705044250126874,0.0007161410186242974,16.0,82.0,0.0,0.006474047498791736,0.0,7.22,0.0,-19.775,0.00621144618492455,0.00035756053061770064,11.5,-19.775,0.00621144618492455,0.00035756053061770064,4.5,3141597.658657948,1354960.257918031 
 01/07  04:00:00,-20.375,0.0,0.0,0.0,0.0,0.0,13.183383704014936,-19.10572513050624,18.00046084455103,-19.270219892072763,18.000530274188662,-19.200432122291314,17.999749734931598,-19.278927228035247,17.999679438945478,-19.193121657174988,17.999908575746794,-19.43895592722735,13.183383704014936,7.420263185420473,1870.6240931063664,0.0,18.00046084455103,5.364097793812224,2148.654064403174,0.0,18.000530274188662,5.39989837753327,856.846756704368,0.0,17.999749734931598,5.359876425167674,2080.994318791294,0.0,17.999679438945478,5.403951701340258,856.014776469226,0.0,17.999908575746794,5.278541725876263,6.683794714688247,56.96363290907556,0.0,7489.615280151213,0.0,0.0,2306.8851441514093,990.2744407265441,2230.7418977417587,1003.1866246721859,106.75354507591437,0.0,875.2467212139726,0.0,0.0,0.0,0.0,7489.615280151213,9362.019100189014,0.0,0.0,7.22,7.22,0.0,0.0,61.73847013445702,0.08832643304846739,7.22,0.0,12.642411584608283,0.0006939620808041019,-19.112578726144214,15.999993384089754,0.3705044250126874,0.0006939620808041019,16.0,82.0,0.0,0.006843225519287939,0.0,7.22,0.0,-20.375,0.00621144618492455,0.0003518301527884141,11.5,-20.375,0.00621144618492455,0.0003518301527884141,4.5,3147666.1599635975,1354960.257918031 
 01/07  05:00:00,-20.9125,0.0,0.0,0.0,0.0,0.0,13.098040619244236,-19.451493195054923,18.000351390002237,-19.617973695476138,17.999643167382967,-19.540477009576108,18.000285790886625,-19.626928661079766,18.000236192310503,-19.5316576211888,17.99974414668334,-19.785462995469526,13.098040619244236,7.219640889681472,1902.3697224374864,0.0,18.000351390002237,5.188774108974944,2165.207455023131,0.0,17.999643167382967,5.227611943445971,862.7586987076786,0.0,18.000285790886625,5.184351161210031,2097.8585482369617,0.0,18.000236192310503,5.231828111082541,863.3737915194617,0.0,17.99974414668334,5.10642602915513,0.0,59.09176780116451,0.0,7544.807055296722,0.0,0.0,2323.428036913134,996.1230964740096,2247.6445799952626,1010.5817669664375,97.92186184519906,0.0,910.0084715724704,0.0,0.0,0.0,0.0,7544.807055296722,9431.008819120902,0.0,0.0,7.22,7.22,0.0,0.0,62.0783735654808,0.09046704011517293,7.22,0.0,12.549021199998737,0.0006718484572706369,-19.447791230478778,15.999995150614332,0.3705044250126874,0.0006718484572706369,16.0,82.0,0.0,0.00719966156295825,0.0,7.22,0.0,-20.9125,0.00621144618492455,0.0003492148885847334,11.5,-20.9125,0.00621144618492455,0.0003492148885847334,4.5,3149686.1333788624,1354960.257918031 
 01/07  06:00:00,-21.787499999999998,0.0,0.0,0.0,0.0,0.0,13.013825592365915,-19.763157739452097,18.000020875195766,-19.909362417044548,17.999389727272142,-19.843388486595448,17.999720995782006,-19.91751111036462,18.000351917515594,-19.836714367479527,17.999953777512456,-20.065930832750254,13.013825592365915,7.046169493996441,1933.5839851110602,0.0,18.000020875195766,5.046045434271784,2183.3548122471075,0.0,17.999389727272142,5.078280187532005,869.806723969137,0.0,17.999720995782006,5.042195938705465,2111.7799817716505,0.0,18.000351917515594,5.081218288491542,869.8311476934502,0.0,17.999953777512456,4.970807956284977,0.0,89.91445144124992,0.0,7605.018100633805,0.0,0.0,2341.534902079484,1003.1467566082443,2261.5097747614236,1017.0398489958495,67.10938377521785,0.0,946.3386615412523,0.0,0.0,0.0,0.0,7605.018100633805,9506.272625792255,0.0,0.0,7.22,7.22,0.0,0.0,62.3686277144271,0.09254453122080877,7.22,0.0,12.451414354491835,0.0006506181079635796,-19.776458758539018,15.999990054992246,0.3705044250126874,0.0006506181079635796,16.0,82.0,0.0,0.007579690436301076,0.0,7.22,0.0,-21.787499999999998,0.00621144618492455,0.0003267822065386074,11.5,-21.787499999999998,0.00621144618492455,0.0003267822065386074,4.5,3151645.73208182,1354960.257918031 
 01/07  07:00:00,-22.575,0.0,0.0,0.0,0.0,0.0,12.9275751725306,-20.688968412355454,18.000202572734036,-21.92632676198544,18.000914698535965,-22.930352698460126,18.00096365301667,-21.859936413076362,18.00062808296364,-23.09762608801313,18.000225029919317,-21.359764437338054,12.9275751725306,6.494354141392203,1965.774908225993,0.0,18.000202572734036,4.168221910751615,2172.158936623221,0.0,18.000914698535965,3.794613378765996,866.075500066901,0.0,18.00096365301667,4.193912794650123,2103.3630150567824,0.0,18.00062808296364,3.7354337906920296,866.4054524170142,0.0,18.000225029919317,4.394031112527187,0.0,170.07183585318967,0.0,18542.271369904563,0.0,0.0,2724.0790818842015,1331.9896964531417,2625.8998240700644,1380.5510885359429,378.7989106972356,6370.043514434723,3622.4858703312157,0.0,0.0,0.0,0.0,18542.271369904563,23177.839212380706,0.0,0.0,7.22,7.22,0.0,0.0,67.93611180767869,0.31462233836499764,7.22,0.0,0.2728129684011566,0.00036179346573562423,-25.74326931219742,11.006667622416012,0.3705044250126874,0.00036179346573562423,16.0,82.0,0.1502968423430788,0.07658985085057779,0.0,7.22,0.0,-2.1748848876870364,0.31057230924622753,0.0003114194978363478,11.5,-2.1748848876870364,0.31057230924622753,0.0003114194978363478,4.5,3360586.0512100775,1354960.257918031 
 01/07  08:00:00,-22.1125,0.0,0.0,0.0,0.0,0.0,12.849736403153607,-23.561157877968927,17.99996813914188,-24.44924225927756,18.000088897915667,-25.60105267307371,17.999352822162976,-24.337562261950044,18.000340164381672,-25.712312543808277,18.000285059032706,-23.238546969894614,12.849736403153607,4.932358618071057,1994.1557639395853,0.0,17.99996813914188,3.2421421946221023,2130.9010000619046,0.0,18.000088897915667,2.8878857234306743,437.0773578723142,0.0,17.999352822162976,3.278508762158187,2073.6149251635907,0.0,18.000340164381672,2.855481687181737,856.2346471461383,0.0,18.000285059032706,3.654184825168283,0.0,122.36305719813066,0.0,17724.870715371115,0.0,0.0,2659.899353526434,883.443605131394,2574.347642072291,1348.8069569854176,403.22909227105407,6352.135797677948,3611.6072893282735,0.0,0.0,0.0,0.0,17724.870715371115,22156.088394213893,0.0,0.0,7.22,7.22,0.0,0.0,68.1726595694474,0.3058699878795616,7.22,0.0,0.5978079781858553,0.000347691939080562,-26.13378409915666,11.302740977206263,0.3705044250126874,0.000347691939080562,16.0,82.0,0.1502968423430788,0.07658985085057779,0.0,7.22,0.0,-1.7701267680858974,0.31057230924622753,0.000321858078697468,11.5,-1.7701267680858974,0.31057230924622753,0.000321858078697468,4.5,3352400.9482350415,1354960.257918031 
 01/07  09:00:00,-19.575,11.0,5.0,11.0,5.0,20.0,13.64935382748062,-21.70860868077731,19.41444672818041,-18.06016113852924,19.89986604541363,-18.7840950336492,19.40418051433367,-17.966537553293335,19.42633671721682,-19.116629066344213,19.66460683735396,-16.961723274169913,13.64935382748062,5.696562013242257,3495.861369823642,0.0,19.41444672818041,5.6466621156349595,1731.748174584086,0.0,19.89986604541363,5.091948866524618,67.54555737737451,401.09692555162553,19.40418051433367,5.701161483137788,1814.3041970449017,0.0,19.42633671721682,5.072882689090699,790.3939083216385,0.0,19.66460683735396,6.195482709138293,314.6862358846413,350.59520470209975,0.0,16095.191798946824,0.0,0.0,2230.966580938009,120.91110444980323,2285.9934516115245,1256.4327527235828,480.53184850186216,6251.753255743974,3545.292426643451,0.0,0.0,0.0,0.0,16095.191798946824,20118.98974868353,0.0,0.0,7.219999999999999,7.219999999999999,0.0,0.0,69.67268846395443,0.3173332587117154,7.219999999999999,0.0,2.5590026491176667,0.0003913223511597154,-24.968567540839125,13.085081517619006,0.3705044250126874,0.0003913223511597154,16.0,82.0,0.1502968423430788,0.07658985085057778,0.0,7.219999999999999,0.0,0.44411267148985534,0.31057230924622753,0.000370347005718211,11.5,0.44411267148985534,0.31057230924622753,0.000370347005718211,4.5,33152936.033020545,1354960.257918031 
 01/07  10:00:00,-16.925000000000004,11.0,5.0,11.0,5.0,20.0,14.72680268496311,-13.563991202849206,20.000641669598387,-10.923170711834944,22.343372446298595,-12.217076945215023,20.00067605886912,-10.74480312007495,20.000957195348057,-13.49938073276557,20.91533780514994,-9.088411807415099,14.72680268496311,11.364846553673914,3587.273192866162,0.0,20.000641669598387,10.28436907727276,318.8978532052846,55.97096491679963,22.343372446298595,7.907571131377567,0.0,490.6579360917872,20.00067605886912,10.451864295237247,763.988684609292,0.0,20.000957195348057,8.12774615859382,302.83975754334483,0.0,20.91533780514994,11.449834043176384,0.0,465.7361150988862,0.0,12073.957316991233,0.0,0.0,658.3608788892866,0.0,1137.435958487588,670.8484680315054,0.0,6143.705912219319,3472.927570204713,0.0,0.0,0.0,0.0,12073.957316991233,15092.446646239041,0.0,0.0,7.219999999999999,7.219999999999999,0.0,0.0,70.15999621906204,0.24303908548990888,7.219999999999999,0.0,4.6655621625648935,0.0005347075050099857,-21.804579415826552,14.994670183769612,0.3705044250126874,0.0005347075050099857,16.0,82.0,0.1502968423430788,0.07658985085057778,0.0,7.219999999999999,0.0,2.745994472511253,0.31057230924622753,0.0004289587879491615,11.5,2.745994472511253,0.31057230924622753,0.0004289587879491615,4.5,43433615.83377786,1354960.257918031 
 01/07  11:00:00,-15.0375,11.0,5.0,11.0,5.0,20.0,15.832574333398904,-9.243534142888066,20.546254300170013,-8.215390664451874,23.735079252136693,-9.089890344064523,20.001701689913457,-8.029491655124751,20.00136272903973,-11.833686879966734,21.732742289373295,-4.905876424320585,15.832574333398904,15.458925712545804,3449.7615062727123,0.0,20.546254300170013,12.576824560985584,0.0,362.1011482916918,23.735079252136693,9.592988993308007,0.0,518.3580910271504,20.001701689913457,13.226546758725293,243.90658437484885,0.0,20.00136272903973,9.43369834387785,59.81351139562449,3.9057533386527155,21.732742289373295,15.588001555400526,0.0,453.3443188291229,0.0,10148.86369475746,0.0,0.0,0.0,0.0,544.6513131023509,351.96483413749945,0.0,6026.030101907249,3306.382801877024,0.0,0.0,0.0,0.0,10148.86369475746,12686.079618446824,0.0,0.0,7.22,7.22,0.0,0.0,71.01864655448901,0.22055730930949066,7.22,0.0,6.09727678616256,0.0006477601438465969,-19.78637262381833,15.977425251970788,0.3705044250126874,0.0006477601438465969,16.0,82.0,0.1470772233701101,0.06844949020408692,0.0,7.22,0.0,4.255703604501404,0.31057230924622753,0.0004573867325989208,11.5,4.255703604501404,0.31057230924622753,0.0004573867325989208,4.5,44762571.90244022,1354960.257918031 
 01/07  12:00:00,-14.4,8.8,4.0,8.8,4.0,16.0,16.91934835243844,-7.6374981490474,21.700336295110816,-7.400542560753186,23.784937769081687,-8.803320175592049,20.001080146816385,-7.65639434279154,20.001252994708636,-11.919784832328785,22.099671280586612,-3.4581324430720306,16.91934835243844,16.595205486767846,3110.7554850326705,0.0,21.700336295110816,12.579394379985395,0.0,451.88472408955306,23.784937769081687,9.804062100591825,0.0,520.2527916785272,20.001080146816385,13.656942520302794,54.58549132137483,37.05809201662916,20.001252994708636,9.35947816406204,2.2463854273694324,62.33964744920232,22.099671280586612,17.2132894764448,0.0,480.7786193210693,0.0,9566.15996152422,0.0,0.0,0.0,0.0,317.0245306921524,234.43128990026491,0.0,5903.076138842211,3172.2565633173126,0.0,0.0,0.0,0.0,9566.15996152422,11957.699951905273,0.0,0.0,7.22,7.22,0.0,0.0,70.74144442063641,0.2026476507841134,7.22,0.0,6.481068192514907,0.0007004449196425558,-18.959483703154206,16.000446296113296,0.3705044250126874,0.0007004449196425558,16.0,82.0,0.1391149336049691,0.06067244710937835,0.0,7.22,0.0,4.499418105789966,0.31057230924622753,0.00046109527866439436,11.5,4.499418105789966,0.31057230924622753,0.00046109527866439436,4.5,43395681.22100501,1354960.257918031 
 01/07  13:00:00,-13.712500000000002,4.4,2.0,4.4,2.0,8.0,17.814624640065244,-8.0797969572979,22.736605212532172,-8.518704863158264,22.755765100123952,-11.361981070083285,20.000728538764548,-9.297874384211724,20.00011355351912,-13.780143673959227,22.062809082225574,-4.269557776566405,17.814624640065244,15.114325413009357,2584.91773194312,0.0,22.736605212532172,10.739717825727437,0.0,533.9220158569008,22.755765100123952,8.329886327786994,0.0,451.220775333709,20.000728538764548,11.849763489804882,145.33706251808917,0.0,20.00011355351912,7.92112634435832,0.0,19.866943021117436,22.062809082225574,16.122754809854094,0.0,477.7964116503133,0.0,9402.71640209126,0.0,0.0,0.0,0.0,444.63716624617985,274.5731122008808,0.0,5688.626268279239,3112.8263075524283,0.0,0.0,0.0,0.0,9402.71640209126,11753.395502614077,0.0,0.0,7.22,7.22,0.0,0.0,69.99817511477016,0.18704202725898159,7.22,0.0,6.640039309682386,0.0007124595410775422,-18.780775469058778,15.999784079835578,0.3705044250126874,0.0007124595410775422,16.0,82.0,0.12555395323809102,0.057652247136067626,0.0,7.22,0.0,4.499806152976124,0.31057230924622753,0.00047679531934353655,11.5,4.499806152976124,0.31057230924622753,0.00047679531934353655,4.5,39330917.96808541,1354960.257918031 
 01/07  14:00:00,-12.9875,8.8,4.0,8.8,4.0,16.0,18.673411742593956,-9.204349501103268,24.078183226738496,-7.548946508082129,21.74419092578122,-11.311263966238885,20.00035226927597,-9.393012982369946,20.00076109212871,-13.113726985437511,22.54384514668536,-4.29282202994489,18.673411742593956,12.951645220910587,2468.029331508521,0.0,24.078183226738496,10.769339554174344,0.0,640.3109128116664,21.74419092578122,8.900948214234697,0.0,383.5867069338508,20.00035226927597,11.738041827609962,0.0,196.70668666136768,20.00076109212871,8.413636530456497,0.0,201.35706610874755,22.54384514668536,15.618092359011808,0.0,515.5900776098246,0.0,8664.326189908017,0.0,0.0,0.0,0.0,103.13573980221253,93.24875755082496,0.0,5462.4605425122145,3063.7584336936693,0.0,0.0,0.0,0.0,8664.326189908017,10830.407737385023,0.0,0.0,7.22,7.22,0.0,0.0,69.76263160500876,0.16892477877357986,7.22,0.0,6.771909653761721,0.0006943991483265809,-19.05028303169768,16.00033900545117,0.3705044250126874,0.0006943991483265809,16.0,82.0,0.11271920277696276,0.05530111618726711,0.0,7.22,0.0,4.499969154906296,0.31057230924622753,0.0005002619546841922,11.5,4.499969154906296,0.31057230924622753,0.0005002619546841922,4.5,42013851.75378776,1354960.257918031 
 01/07  15:00:00,-13.1125,11.0,5.0,11.0,5.0,20.0,19.42814656823953,-7.472123301761441,25.07543590211773,-4.341300569465744,21.08036308122319,-9.85286652019047,20.030626181710403,-7.547840212572218,20.103447632053378,-11.359479819001873,23.030309314506827,-2.1339930690484668,19.42814656823953,14.39048196186093,2411.171632800781,0.0,25.07543590211773,13.368569114784195,0.0,720.1063366576618,21.08036308122319,10.538957999074267,0.0,339.394067693765,20.030626181710403,13.772643870058657,0.0,302.46398083014435,20.103447632053378,9.78428586387587,0.0,299.1015126264125,23.030309314506827,18.199874615765612,0.0,554.3924009027573,0.0,8485.782907317194,0.0,0.0,0.0,0.0,0.0,3.2786852930431767,0.0,5501.202565191194,3019.235734181442,0.0,0.0,0.0,0.0,8485.782907317194,10607.228634146491,0.0,0.0,7.22,7.22,0.0,0.0,69.95359338558418,0.16805668475041352,7.22,0.0,6.891481732367023,0.0007238299380742669,-18.614703197598224,15.999980632792731,0.3705044250126874,0.0007238299380742669,16.0,82.0,0.11477823241139473,0.053264744127292485,0.0,7.22,0.0,4.499181566164364,0.31057230924622753,0.0004946063580335987,11.5,4.499181566164364,0.31057230924622753,0.0004946063580335987,4.5,42913052.555434495,1354960.257918031 
 01/07  16:00:00,-13.675,11.0,5.0,11.0,5.0,20.0,19.893758094834187,-5.57360806822292,25.07907451090425,-2.3356129079387125,20.541182776280245,-9.333548887650174,20.001417328928163,-6.323266685926626,20.438730561463892,-10.367389900648778,23.198682753145235,-0.3164487215442756,19.893758094834187,16.469051260412773,2276.571550952716,0.0,25.07907451090425,15.819923991616097,0.0,721.0825383988105,20.541182776280245,11.401352514189256,0.0,303.3921605552438,20.001417328928163,15.33315404910926,0.0,181.93283116694957,20.438730561463892,10.468416340361117,0.0,327.1348081588097,23.198682753145235,20.93619422974101,0.0,568.2056819646127,0.0,8730.040220805136,0.0,0.0,0.0,0.0,118.12910097100897,0.0,0.0,5676.802565053487,2985.5828329722235,0.0,0.0,0.0,0.0,8730.040220805136,10912.55027600642,0.0,0.0,7.22,7.22,0.0,0.0,70.23693763889436,0.1770498788731742,7.22,0.0,6.983452844466433,0.0007865784469746424,-17.7328576577277,16.000634898620753,0.3705044250126874,0.0007865784469746424,16.0,82.0,0.12472967701809232,0.051783501906703416,0.0,7.22,0.0,4.4987324038215775,0.31057230924622753,0.0004980586809167969,11.5,4.4987324038215775,0.31057230924622753,0.0004980586809167969,4.5,41121540.29885553,1354960.257918031 
 01/07  17:00:00,-15.275,11.0,5.0,11.0,5.0,20.0,19.83831443405748,-4.753335764963428,22.88225464030836,-2.218073648889202,20.03208673152751,-9.449963918453061,20.000992796757203,-5.956583018094761,20.13395795207115,-10.055614311771528,22.861931325303413,0.3709712356778387,19.83831443405748,17.722380727847874,2058.4420878213677,0.0,22.88225464030836,18.231240032030357,0.0,546.7370331363785,20.03208673152751,11.644724202356016,0.0,169.68092099046942,20.000992796757203,15.823962784346747,259.853158674651,0.0,20.13395795207115,10.967083123894446,0.0,245.82720388387543,22.861931325303413,22.531165263882905,0.0,541.9188760739372,0.0,9832.031901076054,0.0,0.0,0.0,99.54137498305687,558.7351044958328,58.80596327004757,0.0,6044.3993916754525,3114.089602559268,0.0,0.0,0.0,0.0,9832.031901076054,12290.039876345065,0.0,0.0,7.219999999999999,7.219999999999999,0.0,0.0,70.8153665751026,0.20981180883004252,7.219999999999999,0.0,6.638848327734498,0.0008003755646011845,-17.541817649502384,16.00046763904168,0.3705044250126873,0.0008003755646011845,16.0,82.0,0.14777504776985814,0.05819301992641429,0.0,7.219999999999999,0.0,4.076587270150547,0.31057230924622753,0.00046950019303255454,11.5,4.076587270150547,0.31057230924622753,0.00046950019303255454,4.5,37552433.394041926,1354960.257918031 
 01/07  18:00:00,-16.474999999999998,11.0,5.0,11.0,5.0,20.0,19.397501405776175,-4.7959406240690985,20.915924676681072,-3.5284170410341194,20.00139416008093,-9.714398243146109,20.00181758596349,-5.797848776814078,20.00073871968134,-10.252349408777437,22.626528844125907,0.6579832398346268,19.397501405776175,18.146548257168746,2023.0629311499429,0.0,20.915924676681072,18.398375385437348,0.0,394.46657898994374,20.00139416008093,11.396727315472926,4.318032528528818,13.98013222662209,20.00181758596349,16.040908141845534,376.6637140367155,0.0,20.00073871968134,10.865732253589112,0.0,54.25769907843684,22.626528844125907,23.33268375587363,0.0,527.5336854619713,0.0,10647.75648103315,0.0,0.0,0.0,260.7327189644794,679.169637571459,244.13153446240727,0.0,6125.071070042539,3411.2325011395073,0.0,0.0,0.0,0.0,10647.75648103315,13309.695601291434,0.0,0.0,7.22,7.22,0.0,0.0,71.04273272312165,0.23177127529761568,7.22,0.0,5.789202451757669,0.0007808433147041531,-17.803180167665282,15.948135438896912,0.3705044250126874,0.0007808433147041531,16.0,82.0,0.1502968423430788,0.07488616096517597,0.0,7.22,0.0,3.13577534912286,0.31057230924622753,0.00044417570889520924,11.5,3.13577534912286,0.31057230924622753,0.00044417570889520924,4.5,37573129.94626616,1354960.257918031 
 01/07  19:00:00,-17.7,5.5,2.5,5.5,2.5,10.0,18.581999543642574,-5.691626485497578,20.006892460618875,-6.3196988842032145,20.001226647325556,-11.712237825112819,20.002316992234352,-7.286658822500884,20.001744216901475,-12.257326236515317,21.550340659376353,-0.6284596108024275,18.581999543642574,17.69704675078414,1576.9362905619055,0.0,20.006892460618875,15.39674687455975,597.3072987921114,44.48190609248783,20.001226647325556,9.564348765409619,434.09867694088643,0.0,20.002316992234352,14.13531957449517,1212.8320650902428,0.0,20.001744216901475,9.104708406525798,415.03644145210853,0.0,21.550340659376353,22.541698885532163,0.0,509.93233541840186,0.0,13520.81737889277,0.0,0.0,940.1998970248924,761.0766132023105,1577.6123299422209,776.0186323685259,0.0,6175.779999878916,3469.227410186339,0.0,0.0,0.0,0.0,13520.81737889277,16901.021723615962,0.0,0.0,7.22,7.22,0.0,0.0,69.44674773806864,0.2567370372487293,7.22,0.0,4.776177885335736,0.0007440945245334981,-18.310120747018914,15.091362820668225,0.3705044250126874,0.0007440945245334981,16.0,82.0,0.1502968423430788,0.07658985085057779,0.0,7.22,0.0,2.0737912763357196,0.31057230924622753,0.00042613706529041206,11.5,2.0737912763357196,0.31057230924622753,0.00042613706529041206,4.5,23196403.273162264,1354960.257918031 
 01/07  20:00:00,-18.3,0.0,0.0,0.0,0.0,0.0,17.44254423371709,-8.454090548479135,18.71782496306476,-10.518164237940011,18.61193821213658,-15.606229761927057,18.62006143222571,-10.835318688805785,18.609244846897433,-16.09728000408852,20.25384516148358,-3.8460318230973534,17.44254423371709,14.969862086779077,927.367111240698,0.0,18.71782496306476,11.511975359818477,483.2589948428674,118.36172453636762,18.61193821213658,7.2994943569012385,213.1478451993813,75.62376156221221,18.62006143222571,11.258831159060222,640.2212570202385,64.72704965267944,18.609244846897433,6.974448055307068,207.21376067492747,79.594408368236,20.25384516148358,18.69129048417602,0.0,451.2094692442147,0.0,12080.222759145041,0.0,0.0,695.2691955766215,409.5976230643267,880.6005176360715,427.68380120643315,0.0,6200.40792788426,3490.7070394312086,0.0,0.0,0.0,0.0,12080.222759145041,15100.278448931304,0.0,0.0,7.219999999999999,7.219999999999999,0.0,0.0,70.41798711586274,0.24667016756067195,7.219999999999999,0.0,4.155864744471157,0.0006567577683947003,-19.61289065711119,14.530338019672596,0.3705044250126874,0.0006567577683947003,16.0,82.0,0.1502968423430788,0.07658985085057779,0.0,7.219999999999999,0.0,1.553005897187123,0.31057230924622753,0.0004163007392516686,11.5,1.553005897187123,0.31057230924622753,0.0004163007392516686,4.5,12387056.432256894,1354960.257918031 
 01/07  21:00:00,-18.9875,0.0,0.0,0.0,0.0,0.0,16.422125734738636,-11.418009037983808,17.999691216535737,-12.37327294439073,17.998428415364344,-13.737633706187992,17.99961537442555,-12.495724940510183,17.99974523518834,-13.670265611483584,19.52611852641734,-7.135044088312277,16.422125734738636,12.260840671799613,1021.4161287357842,0.0,17.999691216535737,10.179820693539275,958.5009116829541,0.0,17.998428415364344,9.04922199215401,373.94578737703387,0.0,17.99961537442555,10.067966726250969,1047.89647415844,0.0,17.99974523518834,9.113251563313447,370.65606112109674,0.0,19.52611852641734,14.735899695341846,0.0,195.39960804591817,0.0,2170.9518019494385,0.0,0.0,1034.3964672793895,437.91025767835947,1119.8176190605259,441.30844653275943,0.0,0.0,0.0,0.0,0.0,0.0,0.0,2170.9518019494385,2713.6897524367982,0.0,0.0,7.22,7.22,0.0,0.0,57.431677457591135,0.0200190013130935,7.22,0.0,16.036161358847394,0.0014430516694214298,-11.132553744399557,17.04442914337435,0.3705044250126874,0.0014430516694214298,16.0,82.00000000000001,0.0,0.0,0.0,7.22,0.0,-18.9875,0.00621144618492455,0.00040288277601467,11.5,-18.9875,0.00621144618492455,0.00040288277601467,4.5,7133652.395395638,1354960.257918031 
 01/07  22:00:00,-19.775,0.0,0.0,0.0,0.0,0.0,15.60002103914281,-11.354517825663075,17.999586920570554,-12.17107745313779,18.000062328819414,-12.055248573042007,17.99965399942253,-12.239734707661288,17.99923665281679,-11.985092431888157,18.996346960634305,-9.27591640428644,15.60002103914281,12.994657359265707,1058.4890853352092,0.0,17.999586920570554,10.366785044636819,1458.1720806639328,0.0,18.000062328819414,10.475937458934535,576.4946039488062,0.0,17.99965399942253,10.30269776772182,1463.6465518692082,0.0,17.99923665281679,10.54281964619437,574.4159316685264,0.0,18.996346960634305,12.617686184748688,0.0,217.44694342170294,0.0,4655.939893124686,0.0,0.0,1598.3279545003295,694.6190179741673,1596.3752603017347,704.6831732830606,0.0,0.0,8.098330423671348,0.0,0.0,0.0,0.0,4655.939893124686,5819.924866405858,0.0,0.0,7.22,7.22,0.0,0.0,50.7262041495732,0.03568325282510726,7.22,0.0,15.202474603275418,0.0013909205703460555,-11.513089130646488,16.232535671617363,0.3705044250126874,0.0013909205703460555,16.0,82.0,0.0,0.00003947680175927308,0.0,7.22,0.0,-19.775,0.00621144618492455,0.00039279002872461184,11.5,-19.775,0.00621144618492455,0.00039279002872461184,4.5,3098190.988570816,1354960.257918031 
 01/07  23:00:00,-19.625,0.0,0.0,0.0,0.0,0.0,14.951123954475237,-11.572274879494069,17.999630891584175,-12.117101146264224,17.999843527904762,-11.879217437576797,18.000201900006083,-12.161802084052137,18.00067692784183,-11.844864354342011,18.689599689371367,-10.622497771850746,14.951123954475237,13.28491259262416,1271.3265882533167,0.0,17.999630891584175,10.417344170901586,1645.5981573816546,0.0,17.999843527904762,10.643033582908553,653.0316643818107,0.0,18.000201900006083,10.375028036544927,1616.6622856792635,0.0,18.00067692784183,10.675463797089678,652.5389767380134,0.0,18.689599689371367,11.410183042378591,0.0,211.57545117922734,0.0,5352.555568568552,0.0,0.0,1804.1700746205297,786.660086592915,1766.849728771469,800.0475473246753,0.0,0.0,176.94146449942804,0.0,0.0,0.0,0.0,5352.555568568552,6690.694460710689,0.0,0.0,7.22,7.22,0.0,0.0,52.835585661282174,0.04389923193112201,7.22,0.0,14.516853400481066,0.0013737101876049997,-11.647146478160149,15.999316712050316,0.3705044250126874,0.0013737101876049997,16.0,82.0,0.0,0.00103542365976264,0.0,7.22,0.0,-19.625,0.00621144618492455,0.00038104932715850293,11.5,-19.625,0.00621144618492455,0.00038104932715850293,4.5,3105881.3617867217,1354960.257918031 
 01/07  24:00:00,-19.775,0.0,0.0,0.0,0.0,0.0,14.452237583931733,-11.845865059867238,18.000313234176325,-12.216794278522904,17.99970396080515,-12.040043755576606,17.99948504543257,-12.246090857288495,18.000044871694964,-12.023447284956546,18.527257527046366,-11.485269407819796,14.452237583931733,13.38603192648338,1443.5835556640989,0.0,18.000313234176325,10.323659583145261,1750.6874667501284,0.0,17.99970396080515,10.490122434678383,694.861360875032,0.0,17.99948504543257,10.29690180325064,1704.1449550477,0.0,18.000044871694964,10.505628954218702,694.7501424940099,0.0,18.527257527046366,10.668802294752297,0.0,198.73236927639465,0.0,5885.714047959941,0.0,0.0,1909.2068644957099,828.4260471431819,1854.1689281436184,842.157405064961,0.0,0.0,373.7468879643874,0.0,0.0,0.0,0.0,5885.714047959941,7357.142559949925,0.0,0.0,7.22,7.22,0.0,0.0,54.83067646530784,0.05186588975076313,7.22,0.0,13.989824672888217,0.0013422405387754194,-11.910979510555327,15.999688298890998,0.3705044250126874,0.0013422405387754194,16.0,82.0,0.0,0.002419151802188743,0.0,7.22,0.0,-19.775,0.00621144618492455,0.0003694999556482809,11.5,-19.775,0.00621144618492455,0.0003694999556482809,4.5,3113353.8225355204,1354960.257918031 
