Date/Time,Electricity:Facility [J](Hourly),Electricity:HVAC [J](Hourly),Electricity:Facility [J](Monthly),Electricity:Building [J](Monthly),InteriorLights:Electricity [J](Monthly),Electricity:HVAC [J](Monthly),Electricity:Plant [J](Monthly),NaturalGas:Facility [J](Monthly),NaturalGas:Plant [J](Monthly),Electricity:Facility [J](RunPeriod),Electricity:Building [J](RunPeriod),InteriorLights:Electricity [J](RunPeriod),Electricity:HVAC [J](RunPeriod),Electricity:Plant [J](RunPeriod),NaturalGas:Facility [J](RunPeriod),NaturalGas:Plant [J](RunPeriod),MYGENERALLIGHTS [J](Monthly),MYGENERALLIGHTS [J](RunPeriod),MYBUILDINGELECTRIC [J](Monthly),MYBUILDINGELECTRIC [J](RunPeriod),MYBUILDINGOTHER [J](Monthly),MYBUILDINGOTHER [J](RunPeriod) 
 01/01  01:00:00,3064960.257918031,1354960.257918031 
 01/01  02:00:00,3065015.7201315816,1354960.257918031 
 01/01  03:00:00,3066986.0711932974,1354960.257918031 
 01/01  04:00:00,3070058.5526126623,1354960.257918031 
 01/01  05:00:00,3073083.431693625,1354960.257918031 
 01/01  06:00:00,3076734.6898135566,1354960.257918031 
 01/01  07:00:00,3554354.772596103,1354960.257918031 
 01/01  08:00:00,3537489.7255802928,1354960.257918031 
 01/01  09:00:00,33047114.08978292,1354960.257918031 
 01/01  10:00:00,43324387.75587981,1354960.257918031 
 01/01  11:00:00,44657976.603877835,1370026.6888525581 
 01/01  12:00:00,43288333.91629344,1360597.192519684 
 01/01  13:00:00,39228659.237157315,1354960.257918031 
 01/01  14:00:00,41920114.97345913,1354960.257918031 
 01/01  15:00:00,42818860.79728669,1358781.9786732458 
 01/01  16:00:00,41022249.88794265,1364012.679520106 
 01/01  17:00:00,37422012.13910971,1354960.257918031 
 01/01  18:00:00,37424920.72471339,1354960.257918031 
 01/01  19:00:00,23047364.16691746,1354960.257918031 
 01/01  20:00:00,12281468.356513584,1354960.257918031 
 01/01  21:00:00,7114960.257918031,1354960.257918031 
 01/01  22:00:00,3064960.257918031,1354960.257918031 
 01/01  23:00:00,3064960.257918031,1354960.257918031 
 01/01  24:00:00,3064960.257918031,1354960.257918031 
 01/02  01:00:00,3064960.257918031,1354960.257918031 
 01/02  02:00:00,3064960.257918031,1354960.257918031 
 01/02  03:00:00,3064960.257918031,1354960.257918031 
 01/02  04:00:00,3064960.257918031,1354960.257918031 
 01/02  05:00:00,3064960.257918031,1354960.257918031 
 01/02  06:00:00,3064960.257918031,1354960.257918031 
 01/02  07:00:00,3486014.679821513,1354960.257918031 
 01/02  08:00:00,3388348.0464494643,1354960.257918031 
 01/02  09:00:00,32957463.468990684,1354960.257918031 
 01/02  10:00:00,43276513.692047425,1354960.257918031 
 01/02  11:00:00,44615953.714384526,1354960.257918031 
 01/02  12:00:00,43261200.156950176,1354960.257918031 
 01/02  13:00:00,39211125.100401156,1354960.257918031 
 01/02  14:00:00,41912698.8545196,1358885.3951079776 
 01/02  15:00:00,42824159.25532833,1376063.9509696434 
 01/02  16:00:00,41017103.042312875,1363534.4829021774 
 01/02  17:00:00,37419994.53266915,1354960.257918031 
 01/02  18:00:00,37424004.1125967,1354960.257918031 
 01/02  19:00:00,23040416.37249769,1354960.257918031 
 01/02  20:00:00,12271440.67712227,1354960.257918031 
 01/02  21:00:00,7114960.257918031,1354960.257918031 
 01/02  22:00:00,3064960.257918031,1354960.257918031 
 01/02  23:00:00,3064960.257918031,1354960.257918031 
 01/02  24:00:00,3064960.257918031,1354960.257918031 
 01/03  01:00:00,3064960.257918031,1354960.257918031 
 01/03  02:00:00,3064960.257918031,1354960.257918031 
 01/03  03:00:00,3064960.257918031,1354960.257918031 
 01/03  04:00:00,3064960.257918031,1354960.257918031 
 01/03  05:00:00,3064960.257918031,1354960.257918031 
 01/03  06:00:00,3064960.257918031,1354960.257918031 
 01/03  07:00:00,3493061.3928521313,1354960.257918031 
 01/03  08:00:00,3447479.949371949,1354960.257918031 
 01/03  09:00:00,32980251.34952405,1354960.257918031 
 01/03  10:00:00,43298620.09963478,1354960.257918031 
 01/03  11:00:00,44637810.53534733,1354960.257918031 
 01/03  12:00:00,43282454.14292398,1354960.257918031 
 01/03  13:00:00,39232328.86260493,1354960.257918031 
 01/03  14:00:00,41926237.84368896,1354960.257918031 
 01/03  15:00:00,42825870.15869635,1359251.7343553891 
 01/03  16:00:00,41028619.67729603,1363598.9866197791 
 01/03  17:00:00,37431405.93526754,1354960.257918031 
 01/03  18:00:00,37434539.767514504,1354960.257918031 
 01/03  19:00:00,23055345.033258203,1354960.257918031 
 01/03  20:00:00,12291743.798399039,1354960.257918031 
 01/03  21:00:00,7114960.257918031,1354960.257918031 
 01/03  22:00:00,3064960.257918031,1354960.257918031 
 01/03  23:00:00,3064960.257918031,1354960.257918031 
 01/03  24:00:00,3064960.257918031,1354960.257918031 
 01/04  01:00:00,3064960.257918031,1354960.257918031 
 01/04  02:00:00,3064960.257918031,1354960.257918031 
 01/04  03:00:00,3064960.257918031,1354960.257918031 
 01/04  04:00:00,3064960.257918031,1354960.257918031 
 01/04  05:00:00,3065126.869759194,1354960.257918031 
 01/04  06:00:00,3065553.9972320506,1354960.257918031 
 01/04  07:00:00,3496854.079911682,1354960.257918031 
 01/04  08:00:00,3458032.892498323,1354960.257918031 
 01/04  09:00:00,32975156.474858955,1354960.257918031 
 01/04  10:00:00,43288704.66665512,1354960.257918031 
 01/04  11:00:00,44627796.55821891,1354960.257918031 
 01/04  12:00:00,43273139.617572926,1354960.257918031 
 01/04  13:00:00,39222696.59197869,1354960.257918031 
 01/04  14:00:00,41916557.00215527,1354960.257918031 
 01/04  15:00:00,42820546.844455354,1364170.2620537826 
 01/04  16:00:00,41019589.293216914,1354960.257918031 
 01/04  17:00:00,37433386.80531385,1354960.257918031 
 01/04  18:00:00,37445048.11762494,1354960.257918031 
 01/04  19:00:00,23082367.99282364,1354960.257918031 
 01/04  20:00:00,12336743.47360785,1354960.257918031 
 01/04  21:00:00,7114960.257918031,1354960.257918031 
 01/04  22:00:00,3064960.257918031,1354960.257918031 
 01/04  23:00:00,3064960.257918031,1354960.257918031 
 01/04  24:00:00,3064960.257918031,1354960.257918031 
 01/05  01:00:00,6304998.259235639,1354960.257918031 
 01/05  02:00:00,6305733.3251768295,1354960.257918031 
 01/05  03:00:00,6306290.004585259,1354960.257918031 
 01/05  04:00:00,6308348.344971382,1354960.257918031 
 01/05  05:00:00,6313965.047901033,1354960.257918031 
 01/05  06:00:00,6319794.439346691,1354960.257918031 
 01/05  07:00:00,6324671.588677708,1354960.257918031 
 01/05  08:00:00,6326920.476387581,1354960.257918031 
 01/05  09:00:00,6325899.759525567,1354960.257918031 
 01/05  10:00:00,6320225.518294274,1354960.257918031 
 01/05  11:00:00,6315141.376829937,1354960.257918031 
 01/05  12:00:00,6310271.667625534,1354960.257918031 
 01/05  13:00:00,6305247.297404814,1354960.257918031 
 01/05  14:00:00,6304960.257918031,1354960.257918031 
 01/05  15:00:00,6304960.257918031,1354960.257918031 
 01/05  16:00:00,6304960.257918031,1354960.257918031 
 01/05  17:00:00,6304960.257918031,1354960.257918031 
 01/05  18:00:00,6304960.257918031,1354960.257918031 
 01/05  19:00:00,6304980.200875904,1354960.257918031 
 01/05  20:00:00,6305541.044620164,1354960.257918031 
 01/05  21:00:00,6307622.907850075,1354960.257918031 
 01/05  22:00:00,6309944.355004692,1354960.257918031 
 01/05  23:00:00,6312538.401557736,1354960.257918031 
 01/05  24:00:00,6315635.570087459,1354960.257918031 
 01/06  01:00:00,6319320.380770499,1354960.257918031 
 01/06  02:00:00,6321525.208693655,1354960.257918031 
 01/06  03:00:00,6323427.9826858165,1354960.257918031 
 01/06  04:00:00,6326047.878742434,1354960.257918031 
 01/06  05:00:00,6328447.493280763,1354960.257918031 
 01/06  06:00:00,6330869.120556821,1354960.257918031 
 01/06  07:00:00,6334081.310034944,1354960.257918031 
 01/06  08:00:00,6333400.798847977,1354960.257918031 
 01/06  09:00:00,6330099.716715459,1354960.257918031 
 01/06  10:00:00,6323732.865417585,1354960.257918031 
 01/06  11:00:00,6318418.310887251,1354960.257918031 
 01/06  12:00:00,6313011.325248514,1354960.257918031 
 01/06  13:00:00,6310001.746566346,1354960.257918031 
 01/06  14:00:00,6307786.044204925,1354960.257918031 
 01/06  15:00:00,6306844.4907728145,1354960.257918031 
 01/06  16:00:00,6306433.422486272,1354960.257918031 
 01/06  17:00:00,6308498.855317675,1354960.257918031 
 01/06  18:00:00,6314129.700761894,1354960.257918031 
 01/06  19:00:00,6322825.8038962735,1354960.257918031 
 01/06  20:00:00,6329750.96169138,1354960.257918031 
 01/06  21:00:00,6333423.119298574,1354960.257918031 
 01/06  22:00:00,6339259.114171348,1354960.257918031 
 01/06  23:00:00,6344320.262223638,1354960.257918031 
 01/06  24:00:00,6348980.87044893,1354960.257918031 
 01/07  01:00:00,3116172.8621535064,1354960.257918031 
 01/07  02:00:00,3118366.3171964427,1354960.257918031 
 01/07  03:00:00,3120223.414014158,1354960.257918031 
 01/07  04:00:00,3124421.1029440737,1354960.257918031 
 01/07  05:00:00,3126617.2321040956,1354960.257918031 
 01/07  06:00:00,3128877.957130751,1354960.257918031 
 01/07  07:00:00,3613548.207527157,1354960.257918031 
 01/07  08:00:00,3613548.207527157,1354960.257918031 
 01/07  09:00:00,33294584.9704686,1354960.257918031 
 01/07  10:00:00,43471874.72192448,1354960.257918031 
 01/07  11:00:00,44787306.91124101,1365803.287029823 
 01/07  12:00:00,43410676.167118266,1359698.5515782316 
 01/07  13:00:00,39343543.54760686,1354960.257918031 
 01/07  14:00:00,42039478.372157395,1378444.4485837845 
 01/07  15:00:00,42989748.26857276,1444430.7853839195 
 01/07  16:00:00,41179478.98763373,1419892.5845792352 
 01/07  17:00:00,37571811.26183047,1354960.257918031 
 01/07  18:00:00,37600360.12283523,1354960.257918031 
 01/07  19:00:00,23256970.657021765,1354960.257918031 
 01/07  20:00:00,12545093.000847768,1354960.257918031 
 01/07  21:00:00,7114960.25791803,1354960.257918031 
 01/07  22:00:00,3065929.792969887,1354960.257918031 
 01/07  23:00:00,3073513.4463727954,1354960.257918031 
 01/07  24:00:00,3081578.2871099953,1354960.257918031 
 01/08  01:00:00,3091535.505297117,1354960.257918031 
 01/08  02:00:00,3099994.89250335,1354960.257918031 
 01/08  03:00:00,3106806.795660513,1354960.257918031 
 01/08  04:00:00,3112478.568308891,1354960.257918031 
 01/08  05:00:00,3117456.5708283433,1354960.257918031 
 01/08  06:00:00,3121556.4594527017,1354960.257918031 
 01/08  07:00:00,3613548.207527157,1354960.257918031 
 01/08  08:00:00,3613548.207527157,1354960.257918031 
 01/08  09:00:00,33244653.76297999,1354960.257918031 
 01/08  10:00:00,43445512.42717745,1354960.257918031 
 01/08  11:00:00,44748893.34687657,1366145.384064799 
 01/08  12:00:00,43370138.69093479,1359463.684200351 
 01/08  13:00:00,39301863.75994235,1354960.257918031 
 01/08  14:00:00,41993246.76101236,1366363.269453588 
 01/08  15:00:00,42926107.78200347,1422325.8602619073 
 01/08  16:00:00,41114890.6049196,1412559.3191846465 
 01/08  17:00:00,37483349.22396105,1354960.257918031 
 01/08  18:00:00,37494668.197801515,1354960.257918031 
 01/08  19:00:00,23129049.425779827,1354960.257918031 
 01/08  20:00:00,12384557.07697448,1354960.257918031 
 01/08  21:00:00,7114960.257918031,1354960.257918031 
 01/08  22:00:00,3064960.257918031,1354960.257918031 
 01/08  23:00:00,3065089.740448268,1354960.257918031 
 01/08  24:00:00,3067878.4676670386,1354960.257918031 
 01/09  01:00:00,3071356.224278436,1354960.257918031 
 01/09  02:00:00,3075011.5527004534,1354960.257918031 
 01/09  03:00:00,3078027.094673829,1354960.257918031 
 01/09  04:00:00,3080344.9333814112,1354960.257918031 
 01/09  05:00:00,3082520.607300171,1354960.257918031 
 01/09  06:00:00,3084117.4205900375,1354960.257918031 
 01/09  07:00:00,3528480.468430491,1354960.257918031 
 01/09  08:00:00,3520711.680950785,1354960.257918031 
 01/09  09:00:00,33062118.03160697,1354960.257918031 
 01/09  10:00:00,43308081.7382032,1354960.257918031 
 01/09  11:00:00,44637075.54356364,1354960.257918031 
 01/09  12:00:00,43274276.51271984,1354960.257918031 
 01/09  13:00:00,39217961.861677036,1354960.257918031 
 01/09  14:00:00,41911168.10255101,1354960.257918031 
 01/09  15:00:00,42819996.69476396,1376712.919600627 
 01/09  16:00:00,41011658.4488295,1362079.9643685173 
 01/09  17:00:00,37414941.87830927,1354960.257918031 
 01/09  18:00:00,37420868.962875165,1354960.257918031 
 01/09  19:00:00,23042848.636576638,1354960.257918031 
 01/09  20:00:00,12280510.044774573,1354960.257918031 
 01/09  21:00:00,7114960.257918031,1354960.257918031 
 01/09  22:00:00,3064960.257918031,1354960.257918031 
 01/09  23:00:00,3064960.257918031,1354960.257918031 
 01/09  24:00:00,3064960.257918031,1354960.257918031 
 01/10  01:00:00,3064960.257918031,1354960.257918031 
 01/10  02:00:00,3064960.257918031,1354960.257918031 
 01/10  03:00:00,3064960.257918031,1354960.257918031 
 01/10  04:00:00,3064960.257918031,1354960.257918031 
 01/10  05:00:00,3064960.257918031,1354960.257918031 
 01/10  06:00:00,3064960.257918031,1354960.257918031 
 01/10  07:00:00,3491447.981976008,1354960.257918031 
 01/10  08:00:00,3421062.8785520573,1354960.257918031 
 01/10  09:00:00,32957621.194244277,1354960.257918031 
 01/10  10:00:00,43282335.10316226,1367428.8756972793 
 01/10  11:00:00,44645253.24865061,1402138.5045166784 
 01/10  12:00:00,43310947.07810907,1428512.2620605621 
 01/10  13:00:00,39254526.74312478,1424997.0893102773 
 01/10  14:00:00,42051135.93152265,1536348.5341593248 
 01/10  15:00:00,42991571.92433963,1581278.7013146393 
 01/10  16:00:00,41167496.83777528,1554853.7693921502 
 01/10  17:00:00,37428832.05104997,1384355.4541104813 
 01/10  18:00:00,37422350.95962877,1358674.1888835365 
 01/10  19:00:00,23049930.89160394,1354960.257918031 
 01/10  20:00:00,12293959.821374098,1354960.257918031 
 01/10  21:00:00,7114960.257918031,1354960.257918031 
 01/10  22:00:00,3064960.257918031,1354960.257918031 
 01/10  23:00:00,3064960.257918031,1354960.257918031 
 01/10  24:00:00,3064960.257918031,1354960.257918031 
 01/11  01:00:00,3064960.257918031,1354960.257918031 
 01/11  02:00:00,3064960.257918031,1354960.257918031 
 01/11  03:00:00,3064963.1780185597,1354960.257918031 
 01/11  04:00:00,3064967.4361866247,1354960.257918031 
 01/11  05:00:00,3065326.286354472,1354960.257918031 
 01/11  06:00:00,3066223.5451347167,1354960.257918031 
 01/11  07:00:00,3499999.0065945564,1354960.257918031 
 01/11  08:00:00,3472613.7646067366,1354960.257918031 
 01/11  09:00:00,32986528.365344822,1354960.257918031 
 01/11  10:00:00,43291734.316378705,1354960.257918031 
 01/11  11:00:00,44626694.52611421,1354960.257918031 
 01/11  12:00:00,43268649.23055408,1354960.257918031 
 01/11  13:00:00,39212704.13572635,1354960.257918031 
 01/11  14:00:00,41948123.47849434,1417979.331467914 
 01/11  15:00:00,42940129.996409856,1522200.8286405096 
 01/11  16:00:00,41144948.497109815,1522442.6205679679 
 01/11  17:00:00,37436928.53216077,1374404.5837220391 
 01/11  18:00:00,37407809.28063083,1354960.257918031 
 01/11  19:00:00,23025270.83691079,1354960.257918031 
 01/11  20:00:00,12260324.764220359,1354960.257918031 
 01/11  21:00:00,7114960.257918031,1354960.257918031 
 01/11  22:00:00,3064960.257918031,1354960.257918031 
 01/11  23:00:00,3064960.257918031,1354960.257918031 
 01/11  24:00:00,3064960.257918031,1354960.257918031 
 01/12  01:00:00,6304960.257918031,1354960.257918031 
 01/12  02:00:00,6304960.257918031,1354960.257918031 
 01/12  03:00:00,6304960.257918031,1354960.257918031 
 01/12  04:00:00,6304960.257918031,1354960.257918031 
 01/12  05:00:00,6304960.257918031,1354960.257918031 
 01/12  06:00:00,6304960.257918031,1354960.257918031 
 01/12  07:00:00,6304960.257918031,1354960.257918031 
 01/12  08:00:00,6304960.257918031,1354960.257918031 
 01/12  09:00:00,6304960.257918031,1354960.257918031 
 01/12  10:00:00,6304960.257918031,1354960.257918031 
 01/12  11:00:00,6304960.257918031,1354960.257918031 
 01/12  12:00:00,6304960.257918031,1354960.257918031 
 01/12  13:00:00,6304960.257918031,1354960.257918031 
 01/12  14:00:00,6304960.257918031,1354960.257918031 
 01/12  15:00:00,6304960.257918031,1354960.257918031 
 01/12  16:00:00,6304960.257918031,1354960.257918031 
 01/12  17:00:00,6304960.257918031,1354960.257918031 
 01/12  18:00:00,6304960.257918031,1354960.257918031 
 01/12  19:00:00,6304960.257918031,1354960.257918031 
 01/12  20:00:00,6304960.257918031,1354960.257918031 
 01/12  21:00:00,6304961.717190677,1354960.257918031 
 01/12  22:00:00,6306909.675975636,1354960.257918031 
 01/12  23:00:00,6309426.649179151,1354960.257918031 
 01/12  24:00:00,6311949.686228733,1354960.257918031 
 01/13  01:00:00,6315113.566111878,1354960.257918031 
 01/13  02:00:00,6317092.469123137,1354960.257918031 
 01/13  03:00:00,6320688.804802867,1354960.257918031 
 01/13  04:00:00,6324758.326488443,1354960.257918031 
 01/13  05:00:00,6326477.51473688,1354960.257918031 
 01/13  06:00:00,6326991.364900105,1354960.257918031 
 01/13  07:00:00,6327154.687316737,1354960.257918031 
 01/13  08:00:00,6327063.791473738,1354960.257918031 
 01/13  09:00:00,6323146.82638162,1354960.257918031 
 01/13  10:00:00,6316621.016054006,1354960.257918031 
 01/13  11:00:00,6312752.18188009,1354960.257918031 
 01/13  12:00:00,6306817.627765674,1354960.257918031 
 01/13  13:00:00,6304960.257918031,1354960.257918031 
 01/13  14:00:00,6304960.257918031,1354960.257918031 
 01/13  15:00:00,6304960.257918031,1354960.257918031 
 01/13  16:00:00,6304960.257918031,1354960.257918031 
 01/13  17:00:00,6304960.257918031,1354960.257918031 
 01/13  18:00:00,6304960.257918031,1354960.257918031 
 01/13  19:00:00,6304960.257918031,1354960.257918031 
 01/13  20:00:00,6305090.93456259,1354960.257918031 
 01/13  21:00:00,6306033.296618916,1354960.257918031 
 01/13  22:00:00,6308299.278968001,1354960.257918031 
 01/13  23:00:00,6310123.247312964,1354960.257918031 
 01/13  24:00:00,6311407.524882063,1354960.257918031 
 01/14  01:00:00,3075865.22075081,1354960.257918031 
 01/14  02:00:00,3077594.1593665336,1354960.257918031 
 01/14  03:00:00,3076146.430261334,1354960.257918031 
 01/14  04:00:00,3075167.68676218,1354960.257918031 
 01/14  05:00:00,3074286.5958268857,1354960.257918031 
 01/14  06:00:00,3074588.558877992,1354960.257918031 
 01/14  07:00:00,3513453.2994639575,1354960.257918031 
 01/14  08:00:00,3493169.3932188996,1354960.257918031 
 01/14  09:00:00,33005680.804354936,1354960.257918031 
 01/14  10:00:00,43308150.841238186,1354960.257918031 
 01/14  11:00:00,44647413.34909344,1354960.257918031 
 01/14  12:00:00,43292879.701503605,1354960.257918031 
 01/14  13:00:00,39241795.93586645,1354960.257918031 
 01/14  14:00:00,41937263.110930614,1364767.3961663428 
 01/14  15:00:00,42872754.32429792,1421161.9515085677 
 01/14  16:00:00,41056236.175745286,1397246.4241853058 
 01/14  17:00:00,37440333.12837739,1354960.257918031 
 01/14  18:00:00,37453633.549571514,1354960.257918031 
 01/14  19:00:00,23086820.383567385,1354960.257918031 
 01/14  20:00:00,12337274.356259417,1354960.257918031 
 01/14  21:00:00,7114960.257918031,1354960.257918031 
 01/14  22:00:00,3064960.257918031,1354960.257918031 
 01/14  23:00:00,3064960.257918031,1354960.257918031 
 01/14  24:00:00,3065345.9115723995,1354960.257918031 
 01/15  01:00:00,3069442.1670815796,1354960.257918031 
 01/15  02:00:00,3073673.028107479,1354960.257918031 
 01/15  03:00:00,3079080.0694950623,1354960.257918031 
 01/15  04:00:00,3081946.943445079,1354960.257918031 
 01/15  05:00:00,3085692.0150003023,1354960.257918031 
 01/15  06:00:00,3089069.9293786325,1354960.257918031 
 01/15  07:00:00,3558559.850376944,1354960.257918031 
 01/15  08:00:00,3529978.8732148595,1354960.257918031 
 01/15  09:00:00,33042228.854569167,1354960.257918031 
 01/15  10:00:00,43308763.61148185,1354960.257918031 
 01/15  11:00:00,44643536.322818026,1365473.889126379 
 01/15  12:00:00,43283855.756568894,1370523.7475555828 
 01/15  13:00:00,39222575.78702591,1363351.0584250027 
 01/15  14:00:00,41952603.56927529,1418403.5187947266 
 01/15  15:00:00,42847476.63312707,1419045.756693893 
 01/15  16:00:00,41036718.2306355,1401289.341219929 
 01/15  17:00:00,37414441.69408812,1354960.257918031 
 01/15  18:00:00,37413853.05677107,1354960.257918031 
 01/15  19:00:00,23040319.187791977,1354960.257918031 
 01/15  20:00:00,12279569.550059488,1354960.257918031 
 01/15  21:00:00,7114960.257918031,1354960.257918031 
 01/15  22:00:00,3064960.257918031,1354960.257918031 
 01/15  23:00:00,3064960.257918031,1354960.257918031 
 01/15  24:00:00,3064960.257918031,1354960.257918031 
 01/16  01:00:00,3064960.257918031,1354960.257918031 
 01/16  02:00:00,3064960.257918031,1354960.257918031 
 01/16  03:00:00,3064960.257918031,1354960.257918031 
 01/16  04:00:00,3065392.1424121484,1354960.257918031 
 01/16  05:00:00,3066467.344417326,1354960.257918031 
 01/16  06:00:00,3067695.6168085285,1354960.257918031 
 01/16  07:00:00,3505077.1442260556,1354960.257918031 
 01/16  08:00:00,3468692.5977400355,1354960.257918031 
 01/16  09:00:00,32969846.832075916,1354960.257918031 
 01/16  10:00:00,43276390.10512368,1354960.257918031 
 01/16  11:00:00,44613246.01261638,1354960.257918031 
 01/16  12:00:00,43272241.287160374,1354960.257918031 
 01/16  13:00:00,39229498.33794456,1362676.803168503 
 01/16  14:00:00,41965948.80502724,1451694.389942706 
 01/16  15:00:00,43282417.60094224,1470750.6135340536 
 01/16  16:00:00,41032928.15565471,1430581.0904847803 
 01/16  17:00:00,37390490.86151257,1369391.020667035 
 01/16  18:00:00,37394720.80989632,1356158.931983211 
 01/16  19:00:00,22988467.936217934,1354960.257918031 
 01/16  20:00:00,12206371.572294548,1354960.257918031 
 01/16  21:00:00,7114960.257918031,1354960.257918031 
 01/16  22:00:00,3064960.257918031,1354960.257918031 
 01/16  23:00:00,3064960.257918031,1354960.257918031 
 01/16  24:00:00,3064960.257918031,1354960.257918031 
 01/17  01:00:00,3064960.257918031,1354960.257918031 
 01/17  02:00:00,3064960.257918031,1354960.257918031 
 01/17  03:00:00,3064960.257918031,1354960.257918031 
 01/17  04:00:00,3064960.257918031,1354960.257918031 
 01/17  05:00:00,3064960.257918031,1354960.257918031 
 01/17  06:00:00,3064960.257918031,1354960.257918031 
 01/17  07:00:00,3447309.0989216827,1354960.257918031 
 01/17  08:00:00,3290717.032472037,1354960.257918031 
 01/17  09:00:00,32928817.855663195,1354960.257918031 
 01/17  10:00:00,43279984.51704985,1389941.795531496 
 01/17  11:00:00,44670436.747177705,1451122.4393696692 
 01/17  12:00:00,44255037.20907159,1525568.9181749062 
 01/17  13:00:00,41128639.22266053,1458485.0050266706 
 01/17  14:00:00,44425308.6300471,1545310.0476224415 
 01/17  15:00:00,45157611.17622176,1490487.884159029 
 01/17  16:00:00,41503293.223726586,1417239.4869540678 
 01/17  17:00:00,37393369.328999475,1377203.0486152899 
 01/17  18:00:00,37411342.5110887,1368416.383116596 
 01/17  19:00:00,23000794.439593785,1354960.257918031 
 01/17  20:00:00,12216513.79524462,1354960.257918031 
 01/17  21:00:00,7114960.257918031,1354960.257918031 
 01/17  22:00:00,3064960.257918031,1354960.257918031 
 01/17  23:00:00,3064960.257918031,1354960.257918031 
 01/17  24:00:00,3064960.257918031,1354960.257918031 
 01/18  01:00:00,3064960.257918031,1354960.257918031 
 01/18  02:00:00,3064960.257918031,1354960.257918031 
 01/18  03:00:00,3064960.257918031,1354960.257918031 
 01/18  04:00:00,3064960.257918031,1354960.257918031 
 01/18  05:00:00,3064960.257918031,1354960.257918031 
 01/18  06:00:00,3064960.257918031,1354960.257918031 
 01/18  07:00:00,3380179.881936214,1354960.257918031 
 01/18  08:00:00,3233967.3329568235,1354960.257918031 
 01/18  09:00:00,32904210.267083026,1354960.257918031 
 01/18  10:00:00,43253622.38943077,1354960.257918031 
 01/18  11:00:00,44628023.29546642,1354960.257918031 
 01/18  12:00:00,43280489.79481301,1354960.257918031 
 01/18  13:00:00,39238448.55376844,1354960.257918031 
 01/18  14:00:00,41934997.93596012,1354960.257918031 
 01/18  15:00:00,42835224.757838234,1356614.7899272002 
 01/18  16:00:00,41019299.91658549,1354960.257918031 
 01/18  17:00:00,37413865.65222466,1354960.257918031 
 01/18  18:00:00,37416551.48620154,1354960.257918031 
 01/18  19:00:00,23033333.05437205,1354960.257918031 
 01/18  20:00:00,12263433.101568721,1354960.257918031 
 01/18  21:00:00,7114960.257918031,1354960.257918031 
 01/18  22:00:00,3064960.257918031,1354960.257918031 
 01/18  23:00:00,3064960.257918031,1354960.257918031 
 01/18  24:00:00,3064960.257918031,1354960.257918031 
 01/19  01:00:00,6304960.257918031,1354960.257918031 
 01/19  02:00:00,6304960.257918031,1354960.257918031 
 01/19  03:00:00,6304960.257918031,1354960.257918031 
 01/19  04:00:00,6304960.257918031,1354960.257918031 
 01/19  05:00:00,6304960.257918031,1354960.257918031 
 01/19  06:00:00,6304960.257918031,1354960.257918031 
 01/19  07:00:00,6304960.257918031,1354960.257918031 
 01/19  08:00:00,6304960.257918031,1354960.257918031 
 01/19  09:00:00,6304960.257918031,1354960.257918031 
 01/19  10:00:00,6304960.257918031,1354960.257918031 
 01/19  11:00:00,6304960.257918031,1354960.257918031 
 01/19  12:00:00,6304960.257918031,1354960.257918031 
 01/19  13:00:00,6304960.257918031,1354960.257918031 
 01/19  14:00:00,6304960.257918031,1354960.257918031 
 01/19  15:00:00,6304960.257918031,1354960.257918031 
 01/19  16:00:00,6304960.257918031,1354960.257918031 
 01/19  17:00:00,6304960.257918031,1354960.257918031 
 01/19  18:00:00,6304960.257918031,1354960.257918031 
 01/19  19:00:00,6304960.257918031,1354960.257918031 
 01/19  20:00:00,6304960.257918031,1354960.257918031 
 01/19  21:00:00,6304960.257918031,1354960.257918031 
 01/19  22:00:00,6304960.257918031,1354960.257918031 
 01/19  23:00:00,6304960.257918031,1354960.257918031 
 01/19  24:00:00,6304960.257918031,1354960.257918031 
 01/20  01:00:00,6304960.257918031,1354960.257918031 
 01/20  02:00:00,6304960.257918031,1354960.257918031 
 01/20  03:00:00,6304973.828157855,1354960.257918031 
 01/20  04:00:00,6305112.136293391,1354960.257918031 
 01/20  05:00:00,6305252.115469342,1354960.257918031 
 01/20  06:00:00,6305359.297139745,1354960.257918031 
 01/20  07:00:00,6305435.346513257,1354960.257918031 
 01/20  08:00:00,6305475.527809166,1354960.257918031 
 01/20  09:00:00,6305418.143121523,1354960.257918031 
 01/20  10:00:00,6305159.55283186,1354960.257918031 
 01/20  11:00:00,6304960.257918031,1354960.257918031 
 01/20  12:00:00,6304960.257918031,1354960.257918031 
 01/20  13:00:00,6304960.257918031,1354960.257918031 
 01/20  14:00:00,6304960.257918031,1354960.257918031 
 01/20  15:00:00,6304960.257918031,1354960.257918031 
 01/20  16:00:00,6304960.257918031,1354960.257918031 
 01/20  17:00:00,6304960.257918031,1354960.257918031 
 01/20  18:00:00,6304960.257918031,1354960.257918031 
 01/20  19:00:00,6304960.257918031,1354960.257918031 
 01/20  20:00:00,6304960.257918031,1354960.257918031 
 01/20  21:00:00,6304960.257918031,1354960.257918031 
 01/20  22:00:00,6304960.257918031,1354960.257918031 
 01/20  23:00:00,6304960.257918031,1354960.257918031 
 01/20  24:00:00,6304960.257918031,1354960.257918031 
 01/21  01:00:00,3064960.257918031,1354960.257918031 
 01/21  02:00:00,3064960.257918031,1354960.257918031 
 01/21  03:00:00,3064960.257918031,1354960.257918031 
 01/21  04:00:00,3064960.257918031,1354960.257918031 
 01/21  05:00:00,3064960.257918031,1354960.257918031 
 01/21  06:00:00,3064960.257918031,1354960.257918031 
 01/21  07:00:00,3486523.306051705,1354960.257918031 
 01/21  08:00:00,3424480.75583677,1354960.257918031 
 01/21  09:00:00,32949915.16015199,1354960.257918031 
 01/21  10:00:00,43264999.371771835,1354960.257918031 
 01/21  11:00:00,44629941.056823,1359756.6266859472 
 01/21  12:00:00,43286615.955546916,1364876.6038171863 
 01/21  13:00:00,39227793.71765657,1354960.257918031 
 01/21  14:00:00,41908952.23003506,1393796.6590033297 
 01/21  15:00:00,43721694.260543846,1407717.3514126264 
 01/21  16:00:00,41952273.78649485,1391805.8813920899 
 01/21  17:00:00,38319764.84806006,1365282.589772579 
 01/21  18:00:00,37389158.550926395,1355293.870125149 
 01/21  19:00:00,23026761.406090386,1354960.257918031 
 01/21  20:00:00,12271103.25025664,1354960.257918031 
 01/21  21:00:00,7114960.257918031,1354960.257918031 
 01/21  22:00:00,3064960.257918031,1354960.257918031 
 01/21  23:00:00,3064960.257918031,1354960.257918031 
 01/21  24:00:00,3064960.257918031,1354960.257918031 
 01/22  01:00:00,3064960.257918031,1354960.257918031 
 01/22  02:00:00,3064960.257918031,1354960.257918031 
 01/22  03:00:00,3064960.257918031,1354960.257918031 
 01/22  04:00:00,3064960.257918031,1354960.257918031 
 01/22  05:00:00,3064960.257918031,1354960.257918031 
 01/22  06:00:00,3064960.257918031,1354960.257918031 
 01/22  07:00:00,3478030.033009231,1354960.257918031 
 01/22  08:00:00,3404354.6860819403,1354960.257918031 
 01/22  09:00:00,32955796.244511683,1354960.257918031 
 01/22  10:00:00,43272399.22597308,1354960.257918031 
 01/22  11:00:00,44613418.563101,1356476.4334101551 
 01/22  12:00:00,43262813.70266123,1363121.8666327759 
 01/22  13:00:00,39211330.64432278,1363302.7279571802 
 01/22  14:00:00,41984926.381322294,1464337.783073643 
 01/22  15:00:00,42973733.9945776,1564507.8410302363 
 01/22  16:00:00,41170533.14485195,1563207.968272331 
 01/22  17:00:00,37441379.17099103,1410680.102210714 
 01/22  18:00:00,37419879.93680363,1365164.6226485947 
 01/22  19:00:00,23041859.299364712,1354960.257918031 
 01/22  20:00:00,12283894.72554388,1354960.257918031 
 01/22  21:00:00,7114960.257918031,1354960.257918031 
 01/22  22:00:00,3064960.257918031,1354960.257918031 
 01/22  23:00:00,3064960.257918031,1354960.257918031 
 01/22  24:00:00,3064960.257918031,1354960.257918031 
 01/23  01:00:00,3064960.257918031,1354960.257918031 
 01/23  02:00:00,3064960.257918031,1354960.257918031 
 01/23  03:00:00,3064960.257918031,1354960.257918031 
 01/23  04:00:00,3065238.1110945377,1354960.257918031 
 01/23  05:00:00,3066950.5865329145,1354960.257918031 
 01/23  06:00:00,3068080.152078978,1354960.257918031 
 01/23  07:00:00,3527639.5219027447,1354960.257918031 
 01/23  08:00:00,3504365.656898333,1354960.257918031 
 01/23  09:00:00,32988996.977638848,1354960.257918031 
 01/23  10:00:00,43289845.12300094,1358430.5473868395 
 01/23  11:00:00,44636156.57894521,1380164.3190152617 
 01/23  12:00:00,43275655.39266402,1377256.9468453699 
 01/23  13:00:00,39213842.19275472,1365444.9782419007 
 01/23  14:00:00,41977863.37317626,1455488.5151418773 
 01/23  15:00:00,42969245.583323255,1559860.1161364468 
 01/23  16:00:00,41139542.40574018,1530177.4747943422 
 01/23  17:00:00,37441600.63082614,1394956.4107209758 
 01/23  18:00:00,37418111.86985114,1367916.1685554653 
 01/23  19:00:00,23036976.506899416,1354960.257918031 
 01/23  20:00:00,12275120.73770888,1354960.257918031 
 01/23  21:00:00,7114960.257918031,1354960.257918031 
 01/23  22:00:00,3064960.257918031,1354960.257918031 
 01/23  23:00:00,3064960.257918031,1354960.257918031 
 01/23  24:00:00,3064960.257918031,1354960.257918031 
 01/24  01:00:00,3064960.257918031,1354960.257918031 
 01/24  02:00:00,3064960.257918031,1354960.257918031 
 01/24  03:00:00,3064960.257918031,1354960.257918031 
 01/24  04:00:00,3064960.257918031,1354960.257918031 
 01/24  05:00:00,3064960.257918031,1354960.257918031 
 01/24  06:00:00,3064960.257918031,1354960.257918031 
 01/24  07:00:00,3487255.8946919865,1354960.257918031 
 01/24  08:00:00,3420045.200575732,1354960.257918031 
 01/24  09:00:00,32963677.5302153,1354960.257918031 
 01/24  10:00:00,43279937.8726381,1354960.257918031 
 01/24  11:00:00,44617556.22334543,1354960.257918031 
 01/24  12:00:00,43262559.74264784,1354960.257918031 
 01/24  13:00:00,39213360.86362973,1354960.257918031 
 01/24  14:00:00,41908264.855433315,1354960.257918031 
 01/24  15:00:00,42807047.04624284,1354960.257918031 
 01/24  16:00:00,41008913.30010792,1354960.257918031 
 01/24  17:00:00,37414758.625801854,1354960.257918031 
 01/24  18:00:00,37416307.725051105,1354960.257918031 
 01/24  19:00:00,23043483.77893495,1354960.257918031 
 01/24  20:00:00,12287067.835437465,1354960.257918031 
 01/24  21:00:00,7114960.257918031,1354960.257918031 
 01/24  22:00:00,3064960.257918031,1354960.257918031 
 01/24  23:00:00,3064960.257918031,1354960.257918031 
 01/24  24:00:00,3064960.257918031,1354960.257918031 
 01/25  01:00:00,3064960.257918031,1354960.257918031 
 01/25  02:00:00,3064960.257918031,1354960.257918031 
 01/25  03:00:00,3064960.257918031,1354960.257918031 
 01/25  04:00:00,3064960.257918031,1354960.257918031 
 01/25  05:00:00,3064960.257918031,1354960.257918031 
 01/25  06:00:00,3064960.257918031,1354960.257918031 
 01/25  07:00:00,3485567.114079334,1354960.257918031 
 01/25  08:00:00,3417340.102685702,1354960.257918031 
 01/25  09:00:00,32966883.676454727,1354960.257918031 
 01/25  10:00:00,43282685.29052588,1354960.257918031 
 01/25  11:00:00,44627862.75060725,1354960.257918031 
 01/25  12:00:00,43278048.6008293,1354960.257918031 
 01/25  13:00:00,39231463.068707265,1354960.257918031 
 01/25  14:00:00,41924042.866392866,1354960.257918031 
 01/25  15:00:00,42819311.30342528,1354960.257918031 
 01/25  16:00:00,41021208.356460735,1354960.257918031 
 01/25  17:00:00,37429677.346565254,1354960.257918031 
 01/25  18:00:00,37445689.59902075,1354960.257918031 
 01/25  19:00:00,23079947.998392288,1354960.257918031 
 01/25  20:00:00,12340101.944335487,1354960.257918031 
 01/25  21:00:00,7114960.257918031,1354960.257918031 
 01/25  22:00:00,3064960.257918031,1354960.257918031 
 01/25  23:00:00,3064960.257918031,1354960.257918031 
 01/25  24:00:00,3064960.257918031,1354960.257918031 
 01/26  01:00:00,6304998.271861363,1354960.257918031 
 01/26  02:00:00,6305437.174744222,1354960.257918031 
 01/26  03:00:00,6306014.593874085,1354960.257918031 
 01/26  04:00:00,6308147.3905668575,1354960.257918031 
 01/26  05:00:00,6310570.680338884,1354960.257918031 
 01/26  06:00:00,6312139.129383957,1354960.257918031 
 01/26  07:00:00,6315179.079507953,1354960.257918031 
 01/26  08:00:00,6316434.466171319,1354960.257918031 
 01/26  09:00:00,6316480.464834997,1354960.257918031 
 01/26  10:00:00,6315748.993406557,1354960.257918031 
 01/26  11:00:00,6314746.157987646,1354960.257918031 
 01/26  12:00:00,6314854.23240488,1354960.257918031 
 01/26  13:00:00,6313523.520121509,1354960.257918031 
 01/26  14:00:00,6311707.271339692,1354960.257918031 
 01/26  15:00:00,6311558.6609916175,1354960.257918031 
 01/26  16:00:00,6314633.271911249,1354960.257918031 
 01/26  17:00:00,6319960.82994642,1354960.257918031 
 01/26  18:00:00,6331045.038621491,1354960.257918031 
 01/26  19:00:00,6340395.973284499,1354960.257918031 
 01/26  20:00:00,6349910.555947858,1354960.257918031 
 01/26  21:00:00,6357195.781940322,1354960.257918031 
 01/26  22:00:00,6362381.360131175,1354960.257918031 
 01/26  23:00:00,6368430.621896812,1354960.257918031 
 01/26  24:00:00,6368835.709851162,1354960.257918031 
 01/27  01:00:00,6373580.709006662,1354960.257918031 
 01/27  02:00:00,6377951.936420692,1354960.257918031 
 01/27  03:00:00,6374526.526467177,1354960.257918031 
 01/27  04:00:00,6374122.640897055,1354960.257918031 
 01/27  05:00:00,6377881.085359643,1354960.257918031 
 01/27  06:00:00,6379714.077070488,1354960.257918031 
 01/27  07:00:00,6382834.694715471,1354960.257918031 
 01/27  08:00:00,6381130.333393846,1354960.257918031 
 01/27  09:00:00,6370657.052720479,1354960.257918031 
 01/27  10:00:00,6355777.844921507,1354960.257918031 
 01/27  11:00:00,6342604.254356428,1354960.257918031 
 01/27  12:00:00,6331856.336297762,1354960.257918031 
 01/27  13:00:00,6321980.793764347,1354960.257918031 
 01/27  14:00:00,6314248.455950057,1354960.257918031 
 01/27  15:00:00,6310702.361878703,1354960.257918031 
 01/27  16:00:00,6308963.795598275,1354960.257918031 
 01/27  17:00:00,6311254.098287583,1354960.257918031 
 01/27  18:00:00,6317084.133059306,1354960.257918031 
 01/27  19:00:00,6324257.305186288,1354960.257918031 
 01/27  20:00:00,6330664.847876228,1354960.257918031 
 01/27  21:00:00,6334591.770626198,1354960.257918031 
 01/27  22:00:00,6338832.249062229,1354960.257918031 
 01/27  23:00:00,6343467.741022225,1354960.257918031 
 01/27  24:00:00,6346634.504669664,1354960.257918031 
 01/28  01:00:00,3111514.9569774754,1354960.257918031 
 01/28  02:00:00,3112950.5805522427,1354960.257918031 
 01/28  03:00:00,3115579.9035250517,1354960.257918031 
 01/28  04:00:00,3115746.2443938702,1354960.257918031 
 01/28  05:00:00,3114037.345259801,1354960.257918031 
 01/28  06:00:00,3113978.326772693,1354960.257918031 
 01/28  07:00:00,3613548.207527157,1354960.257918031 
 01/28  08:00:00,3613548.207527157,1354960.257918031 
 01/28  09:00:00,33236084.165554307,1354960.257918031 
 01/28  10:00:00,43425408.387345195,1354960.257918031 
 01/28  11:00:00,44743128.27265981,1354960.257918031 
 01/28  12:00:00,43372592.64954865,1354960.257918031 
 01/28  13:00:00,39312585.576889545,1354960.257918031 
 01/28  14:00:00,41986977.022129744,1354960.257918031 
 01/28  15:00:00,42877820.23280532,1354960.257918031 
 01/28  16:00:00,41080704.79393387,1354960.257918031 
 01/28  17:00:00,37484735.3302182,1354960.257918031 
 01/28  18:00:00,37486725.363351405,1354960.257918031 
 01/28  19:00:00,23119518.302574903,1354960.257918031 
 01/28  20:00:00,12377157.789786587,1354960.257918031 
 01/28  21:00:00,7114960.257918031,1354960.257918031 
 01/28  22:00:00,3064960.257918031,1354960.257918031 
 01/28  23:00:00,3064960.257918031,1354960.257918031 
 01/28  24:00:00,3065053.4766601874,1354960.257918031 
 01/29  01:00:00,3066327.126595214,1354960.257918031 
 01/29  02:00:00,3066648.2801266015,1354960.257918031 
 01/29  03:00:00,3067811.457518926,1354960.257918031 
 01/29  04:00:00,3069776.5463248305,1354960.257918031 
 01/29  05:00:00,3072313.8777642683,1354960.257918031 
 01/29  06:00:00,3075975.9543398265,1354960.257918031 
 01/29  07:00:00,3520524.3894738043,1354960.257918031 
 01/29  08:00:00,3519017.1099003586,1354960.257918031 
 01/29  09:00:00,33072247.69240596,1354960.257918031 
 01/29  10:00:00,43349884.22722627,1354960.257918031 
 01/29  11:00:00,44684623.29688721,1354960.257918031 
 01/29  12:00:00,43322448.79932006,1354960.257918031 
 01/29  13:00:00,39271063.716541514,1354960.257918031 
 01/29  14:00:00,41962079.924941696,1354960.257918031 
 01/29  15:00:00,42860983.5610421,1354960.257918031 
 01/29  16:00:00,41066830.494393975,1354960.257918031 
 01/29  17:00:00,37487110.940644816,1354960.257918031 
 01/29  18:00:00,37505568.99836879,1354960.257918031 
 01/29  19:00:00,23151404.50219693,1354960.257918031 
 01/29  20:00:00,12428898.405255888,1354960.257918031 
 01/29  21:00:00,7114960.25791803,1354960.257918031 
 01/29  22:00:00,3064960.257918031,1354960.257918031 
 01/29  23:00:00,3066785.705773184,1354960.257918031 
 01/29  24:00:00,3072124.6784153865,1354960.257918031 
 01/30  01:00:00,3075580.6126911566,1354960.257918031 
 01/30  02:00:00,3081277.463581655,1354960.257918031 
 01/30  03:00:00,3087520.4752371637,1354960.257918031 
 01/30  04:00:00,3092974.6701786034,1354960.257918031 
 01/30  05:00:00,3097524.779600813,1354960.257918031 
 01/30  06:00:00,3101281.1975442916,1354960.257918031 
 01/30  07:00:00,3613548.207527157,1354960.257918031 
 01/30  08:00:00,3612452.789002033,1354960.257918031 
 01/30  09:00:00,33157765.946084913,1354960.257918031 
 01/30  10:00:00,43390628.51153827,1354960.257918031 
 01/30  11:00:00,44712217.60341816,1354960.257918031 
 01/30  12:00:00,43346211.80319707,1354960.257918031 
 01/30  13:00:00,39289401.872175,1354960.257918031 
 01/30  14:00:00,41974871.49843035,1354960.257918031 
 01/30  15:00:00,42863133.95982613,1354960.257918031 
 01/30  16:00:00,41061262.0278769,1354960.257918031 
 01/30  17:00:00,37462673.298764065,1354960.257918031 
 01/30  18:00:00,37461811.993379995,1354960.257918031 
 01/30  19:00:00,23090753.62440572,1354960.257918031 
 01/30  20:00:00,12326988.043634638,1354960.257918031 
 01/30  21:00:00,7114960.257918031,1354960.257918031 
 01/30  22:00:00,3064960.257918031,1354960.257918031 
 01/30  23:00:00,3064960.257918031,1354960.257918031 
 01/30  24:00:00,3064960.257918031,1354960.257918031 
 01/31  01:00:00,3064960.257918031,1354960.257918031 
 01/31  02:00:00,3064960.257918031,1354960.257918031 
 01/31  03:00:00,3065575.3161696102,1354960.257918031 
 01/31  04:00:00,3067848.9516940066,1354960.257918031 
 01/31  05:00:00,3070300.7550493283,1354960.257918031 
 01/31  06:00:00,3072099.3882647515,1354960.257918031 
 01/31  07:00:00,3512157.244683501,1354960.257918031 
 01/31  08:00:00,3489748.6920870584,1354960.257918031 
 01/31  09:00:00,32989684.029621392,1354960.257918031 
 01/31  10:00:00,43295972.25805919,1354960.257918031 
 01/31  11:00:00,44633020.958704084,1354960.257918031 
 01/31  12:00:00,43275543.51584913,1354960.257918031 
 01/31  13:00:00,39223564.83557251,1354960.257918031 
 01/31  14:00:00,41920039.181808814,1354960.257918031 
 01/31  15:00:00,42822081.66145243,1354960.257918031 
 01/31  16:00:00,41025647.442684226,1354960.257918031 
 01/31  17:00:00,37432289.57481461,1354960.257918031 
 01/31  18:00:00,37436325.77314833,1354960.257918031 
 01/31  19:00:00,23060924.433590848,1354960.257918031 
 01/31  20:00:00,12305012.071628325,1354960.257918031 
 01/31  21:00:00,7114960.257918031,1354960.257918031 
 01/31  22:00:00,3064960.257918031,1354960.257918031 
 01/31  23:00:00,3064960.257918031,1354960.257918031 
 01/31  24:00:00,3064960.257918031,1354960.257918031,12297185086.77962,11223810000.0,7121250000.0,1012644158.5158092,60730928.263558246,15315205989.913225,15315205989.913225,,,,,,,,7121250000.0,,11223810000.0,,4102560000.0 
 02/01  01:00:00,3064960.257918031,1354960.257918031 
 02/01  02:00:00,3067266.0141412267,1354960.257918031 
 02/01  03:00:00,3071299.247465435,1354960.257918031 
 02/01  04:00:00,3075209.713669345,1354960.257918031 
 02/01  05:00:00,3080779.9046114488,1354960.257918031 
 02/01  06:00:00,3086694.869511008,1354960.257918031 
 02/01  07:00:00,3597400.27059956,1354960.257918031 
 02/01  08:00:00,3597946.2829439575,1354960.257918031 
 02/01  09:00:00,33155705.6949987,1354960.257918031 
 02/01  10:00:00,43370072.252108425,1354960.257918031 
 02/01  11:00:00,44688608.81177043,1361411.6239819978 
 02/01  12:00:00,43322095.543494195,1367308.248715444 
 02/01  13:00:00,39255564.490433626,1354960.257918031 
 02/01  14:00:00,41962173.73249683,1383616.7098751036 
 02/01  15:00:00,42922136.35508727,1465955.6212056228 
 02/01  16:00:00,41136598.25035617,1487848.8892694367 
 02/01  17:00:00,37448453.41009721,1370509.0739050538 
 02/01  18:00:00,37456013.88586069,1354960.257918031 
 02/01  19:00:00,23109049.327652737,1354960.257918031 
 02/01  20:00:00,12377705.617778221,1354960.257918031 
 02/01  21:00:00,7114960.257918031,1354960.257918031 
 02/01  22:00:00,3064960.257918031,1354960.257918031 
 02/01  23:00:00,3064960.257918031,1354960.257918031 
 02/01  24:00:00,3067702.173090345,1354960.257918031 
 02/02  01:00:00,6309910.721457379,1354960.257918031 
 02/02  02:00:00,6313596.229960863,1354960.257918031 
 02/02  03:00:00,6318253.108104271,1354960.257918031 
 02/02  04:00:00,6323098.2224770915,1354960.257918031 
 02/02  05:00:00,6326462.474250682,1354960.257918031 
 02/02  06:00:00,6329932.298087934,1354960.257918031 
 02/02  07:00:00,6332641.457554636,1354960.257918031 
 02/02  08:00:00,6330348.490239255,1354960.257918031 
 02/02  09:00:00,6326644.372574996,1354960.257918031 
 02/02  10:00:00,6321766.647500487,1354960.257918031 
 02/02  11:00:00,6317525.882790446,1354960.257918031 
 02/02  12:00:00,6311708.1424655765,1354960.257918031 
 02/02  13:00:00,6306013.030446243,1354960.257918031 
 02/02  14:00:00,6304960.257918031,1354960.257918031 
 02/02  15:00:00,6304960.257918031,1354960.257918031 
 02/02  16:00:00,6304960.257918031,1354960.257918031 
 02/02  17:00:00,6304960.257918031,1354960.257918031 
 02/02  18:00:00,6304960.257918031,1354960.257918031 
 02/02  19:00:00,6304960.257918031,1354960.257918031 
 02/02  20:00:00,6304960.257918031,1354960.257918031 
 02/02  21:00:00,6304960.257918031,1354960.257918031 
 02/02  22:00:00,6304960.257918031,1354960.257918031 
 02/02  23:00:00,6304992.735687562,1354960.257918031 
 02/02  24:00:00,6305134.5290707,1354960.257918031 
 02/03  01:00:00,6305268.177237322,1354960.257918031 
 02/03  02:00:00,6305348.03883972,1354960.257918031 
 02/03  03:00:00,6305407.13329205,1354960.257918031 
 02/03  04:00:00,6305450.759575578,1354960.257918031 
 02/03  05:00:00,6305494.417234633,1354960.257918031 
 02/03  06:00:00,6305573.078142901,1354960.257918031 
 02/03  07:00:00,6305752.9074543165,1354960.257918031 
 02/03  08:00:00,6305943.667924729,1354960.257918031 
 02/03  09:00:00,6305755.69899993,1354960.257918031 
 02/03  10:00:00,6305212.214372221,1354960.257918031 
 02/03  11:00:00,6304961.993069868,1354960.257918031 
 02/03  12:00:00,6304960.257918031,1354960.257918031 
 02/03  13:00:00,6304960.257918031,1354960.257918031 
 02/03  14:00:00,6304960.257918031,1354960.257918031 
 02/03  15:00:00,6304960.257918031,1354960.257918031 
 02/03  16:00:00,6304960.257918031,1354960.257918031 
 02/03  17:00:00,6304960.257918031,1354960.257918031 
 02/03  18:00:00,6304960.257918031,1354960.257918031 
 02/03  19:00:00,6304960.257918031,1354960.257918031 
 02/03  20:00:00,6304960.257918031,1354960.257918031 
 02/03  21:00:00,6304960.257918031,1354960.257918031 
 02/03  22:00:00,6304960.257918031,1354960.257918031 
 02/03  23:00:00,6304960.257918031,1354960.257918031 
 02/03  24:00:00,6304960.257918031,1354960.257918031 
 02/04  01:00:00,3064960.257918031,1354960.257918031 
 02/04  02:00:00,3064960.257918031,1354960.257918031 
 02/04  03:00:00,3064960.257918031,1354960.257918031 
 02/04  04:00:00,3064960.257918031,1354960.257918031 
 02/04  05:00:00,3065019.922021061,1354960.257918031 
 02/04  06:00:00,3065124.065236015,1354960.257918031 
 02/04  07:00:00,3492077.4071088685,1354960.257918031 
 02/04  08:00:00,3393204.0807550987,1354960.257918031 
 02/04  09:00:00,32958859.920052182,1354960.257918031 
 02/04  10:00:00,43278506.69027764,1354960.257918031 
 02/04  11:00:00,44622127.9435166,1354960.257918031 
 02/04  12:00:00,43269383.42343985,1354960.257918031 
 02/04  13:00:00,39222324.13540265,1354960.257918031 
 02/04  14:00:00,41919244.584365204,1354960.257918031 
 02/04  15:00:00,42821611.36928282,1354960.257918031 
 02/04  16:00:00,41029263.569511436,1354960.257918031 
 02/04  17:00:00,37445958.76034452,1354960.257918031 
 02/04  18:00:00,37458829.36267533,1354960.257918031 
 02/04  19:00:00,23095988.93149975,1354960.257918031 
 02/04  20:00:00,12353895.70751492,1354960.257918031 
 02/04  21:00:00,7114960.257918031,1354960.257918031 
 02/04  22:00:00,3064960.257918031,1354960.257918031 
 02/04  23:00:00,3064960.257918031,1354960.257918031 
 02/04  24:00:00,3066159.6308044433,1354960.257918031 
 02/05  01:00:00,3071119.555332459,1354960.257918031 
 02/05  02:00:00,3074624.427165616,1354960.257918031 
 02/05  03:00:00,3079383.3693054216,1354960.257918031 
 02/05  04:00:00,3086579.331725506,1354960.257918031 
 02/05  05:00:00,3093163.558117167,1354960.257918031 
 02/05  06:00:00,3097580.595533061,1354960.257918031 
 02/05  07:00:00,3613548.207527157,1354960.257918031 
 02/05  08:00:00,3610747.690968967,1354960.257918031 
 02/05  09:00:00,33200120.875855274,1354960.257918031 
 02/05  10:00:00,43427515.74307163,1357258.2389199887 
 02/05  11:00:00,44760787.71710722,1377272.5468592811 
 02/05  12:00:00,43383180.15359174,1364648.626080946 
 02/05  13:00:00,39316587.13700452,1354960.257918031 
 02/05  14:00:00,42009130.22973271,1360048.9875321856 
 02/05  15:00:00,42943474.269050546,1406051.42069358 
 02/05  16:00:00,41144374.33155951,1401578.8933180098 
 02/05  17:00:00,37529701.08728428,1354960.257918031 
 02/05  18:00:00,37558816.83218677,1354960.257918031 
 02/05  19:00:00,23232485.508348845,1354960.257918031 
 02/05  20:00:00,12520845.438730434,1354960.257918031 
 02/05  21:00:00,7114960.25791803,1354960.257918031 
 02/05  22:00:00,3065130.029163425,1354960.257918031 
 02/05  23:00:00,3070503.424504146,1354960.257918031 
 02/05  24:00:00,3078981.2992979237,1354960.257918031 
 02/06  01:00:00,3088288.2906706724,1354960.257918031 
 02/06  02:00:00,3095006.7666045846,1354960.257918031 
 02/06  03:00:00,3102576.5776291694,1354960.257918031 
 02/06  04:00:00,3110385.948169423,1354960.257918031 
 02/06  05:00:00,3116694.87837476,1354960.257918031 
 02/06  06:00:00,3121289.647126695,1354960.257918031 
 02/06  07:00:00,3613548.207527157,1354960.257918031 
 02/06  08:00:00,3613548.207527157,1354960.257918031 
 02/06  09:00:00,33248365.96942002,1354960.257918031 
 02/06  10:00:00,43455139.12637824,1356892.5262089607 
 02/06  11:00:00,44779678.934757754,1383749.9503634232 
 02/06  12:00:00,43385291.79127051,1376377.551545673 
 02/06  13:00:00,39298301.506167024,1354960.257918031 
 02/06  14:00:00,41987905.71852266,1373298.2883784003 
 02/06  15:00:00,42926252.350998744,1429957.779511509 
 02/06  16:00:00,41124873.80658398,1420010.273457221 
 02/06  17:00:00,37500842.771947354,1355449.6303343833 
 02/06  18:00:00,37534321.926224686,1354960.257918031 
 02/06  19:00:00,23203491.845268108,1354960.257918031 
 02/06  20:00:00,12491844.062921207,1354960.257918031 
 02/06  21:00:00,7114960.25791803,1354960.257918031 
 02/06  22:00:00,3065019.1133451313,1354960.257918031 
 02/06  23:00:00,3070769.3291886784,1354960.257918031 
 02/06  24:00:00,3078191.2342022173,1354960.257918031 
 02/07  01:00:00,3085570.9633568553,1354960.257918031 
 02/07  02:00:00,3096201.447157004,1354960.257918031 
 02/07  03:00:00,3104117.073450199,1354960.257918031 
 02/07  04:00:00,3108625.669513579,1354960.257918031 
 02/07  05:00:00,3112653.1292779464,1354960.257918031 
 02/07  06:00:00,3112532.5863932827,1354960.257918031 
 02/07  07:00:00,3613548.207527157,1354960.257918031 
 02/07  08:00:00,3611221.472210484,1354960.257918031 
 02/07  09:00:00,33221515.356816754,1354960.257918031 
 02/07  10:00:00,43448682.12353262,1373345.9179626962 
 02/07  11:00:00,44774372.55026349,1411102.14467157 
 02/07  12:00:00,43372746.165859625,1397737.719279497 
 02/07  13:00:00,39279619.72902521,1358883.3272828422 
 02/07  14:00:00,41999933.8528942,1406236.3819568325 
 02/07  15:00:00,42972802.36307138,1496878.0799548756 
 02/07  16:00:00,41176061.73152398,1497550.4671205974 
 02/07  17:00:00,37502414.75575786,1386891.3968648317 
 02/07  18:00:00,37509407.27767004,1354960.257918031 
 02/07  19:00:00,23159888.929498497,1354960.257918031 
 02/07  20:00:00,12413197.770020932,1354960.257918031 
 02/07  21:00:00,7114960.257918031,1354960.257918031 
 02/07  22:00:00,3064960.257918031,1354960.257918031 
 02/07  23:00:00,3064960.257918031,1354960.257918031 
 02/07  24:00:00,3066564.7937731678,1354960.257918031 
 02/08  01:00:00,3070624.1668940377,1354960.257918031 
 02/08  02:00:00,3073618.4669408416,1354960.257918031 
 02/08  03:00:00,3076702.0508636474,1354960.257918031 
 02/08  04:00:00,3080277.432024914,1354960.257918031 
 02/08  05:00:00,3083307.58309084,1354960.257918031 
 02/08  06:00:00,3086115.3347986415,1354960.257918031 
 02/08  07:00:00,3554882.895097961,1354960.257918031 
 02/08  08:00:00,3549134.297620401,1354960.257918031 
 02/08  09:00:00,33101738.62234422,1354960.257918031 
 02/08  10:00:00,43352547.168633975,1354960.257918031 
 02/08  11:00:00,44678128.18436126,1363139.0656405902 
 02/08  12:00:00,43312672.51968255,1364542.7921314773 
 02/08  13:00:00,39248999.49376581,1354960.257918031 
 02/08  14:00:00,41948383.35402334,1370963.9649194584 
 02/08  15:00:00,42894487.29569496,1439986.784198401 
 02/08  16:00:00,41099444.39418971,1450071.3934935394 
 02/08  17:00:00,37442887.12782761,1371564.0620919587 
 02/08  18:00:00,37440326.480847225,1354960.257918031 
 02/08  19:00:00,23073164.95621544,1354960.257918031 
 02/08  20:00:00,12326200.389958091,1354960.257918031 
 02/08  21:00:00,7114960.257918031,1354960.257918031 
 02/08  22:00:00,3064960.257918031,1354960.257918031 
 02/08  23:00:00,3064960.257918031,1354960.257918031 
 02/08  24:00:00,3064960.257918031,1354960.257918031 
 02/09  01:00:00,6304960.257918031,1354960.257918031 
 02/09  02:00:00,6305214.037718179,1354960.257918031 
 02/09  03:00:00,6305311.161521421,1354960.257918031 
 02/09  04:00:00,6305231.209498304,1354960.257918031 
 02/09  05:00:00,6306022.786662579,1354960.257918031 
 02/09  06:00:00,6307253.024631093,1354960.257918031 
 02/09  07:00:00,6307205.937741189,1354960.257918031 
 02/09  08:00:00,6307305.111135121,1354960.257918031 
 02/09  09:00:00,6306832.727990715,1354960.257918031 
 02/09  10:00:00,6305411.000568917,1354960.257918031 
 02/09  11:00:00,6304960.257918031,1354960.257918031 
 02/09  12:00:00,6304960.257918031,1354960.257918031 
 02/09  13:00:00,6304960.257918031,1354960.257918031 
 02/09  14:00:00,6304960.257918031,1354960.257918031 
 02/09  15:00:00,6304960.257918031,1354960.257918031 
 02/09  16:00:00,6304960.257918031,1354960.257918031 
 02/09  17:00:00,6304960.257918031,1354960.257918031 
 02/09  18:00:00,6304960.257918031,1354960.257918031 
 02/09  19:00:00,6304960.257918031,1354960.257918031 
 02/09  20:00:00,6304960.257918031,1354960.257918031 
 02/09  21:00:00,6304960.257918031,1354960.257918031 
 02/09  22:00:00,6304960.257918031,1354960.257918031 
 02/09  23:00:00,6304960.257918031,1354960.257918031 
 02/09  24:00:00,6304960.257918031,1354960.257918031 
 02/10  01:00:00,6304960.257918031,1354960.257918031 
 02/10  02:00:00,6304960.257918031,1354960.257918031 
 02/10  03:00:00,6304960.257918031,1354960.257918031 
 02/10  04:00:00,6304960.257918031,1354960.257918031 
 02/10  05:00:00,6304960.257918031,1354960.257918031 
 02/10  06:00:00,6304960.257918031,1354960.257918031 
 02/10  07:00:00,6304960.257918031,1354960.257918031 
 02/10  08:00:00,6304960.257918031,1354960.257918031 
 02/10  09:00:00,6304960.257918031,1354960.257918031 
 02/10  10:00:00,6304960.257918031,1354960.257918031 
 02/10  11:00:00,6304960.257918031,1354960.257918031 
 02/10  12:00:00,6304960.257918031,1354960.257918031 
 02/10  13:00:00,6304960.257918031,1354960.257918031 
 02/10  14:00:00,6304960.257918031,1354960.257918031 
 02/10  15:00:00,6304960.257918031,1354960.257918031 
 02/10  16:00:00,6304960.257918031,1354960.257918031 
 02/10  17:00:00,6304960.257918031,1354960.257918031 
 02/10  18:00:00,6304960.257918031,1354960.257918031 
 02/10  19:00:00,6304960.257918031,1354960.257918031 
 02/10  20:00:00,6304960.257918031,1354960.257918031 
 02/10  21:00:00,6304960.257918031,1354960.257918031 
 02/10  22:00:00,6304960.257918031,1354960.257918031 
 02/10  23:00:00,6304960.257918031,1354960.257918031 
 02/10  24:00:00,6304960.257918031,1354960.257918031 
 02/11  01:00:00,3064960.257918031,1354960.257918031 
 02/11  02:00:00,3064960.257918031,1354960.257918031 
 02/11  03:00:00,3064960.257918031,1354960.257918031 
 02/11  04:00:00,3064960.257918031,1354960.257918031 
 02/11  05:00:00,3064960.257918031,1354960.257918031 
 02/11  06:00:00,3064960.257918031,1354960.257918031 
 02/11  07:00:00,3465420.6999895424,1354960.257918031 
 02/11  08:00:00,3301249.3350506974,1354960.257918031 
 02/11  09:00:00,32930010.826960344,1354960.257918031 
 02/11  10:00:00,43282337.90461302,1370839.9639763194 
 02/11  11:00:00,44665218.17020436,1422372.8047771347 
 02/11  12:00:00,43293816.789411515,1435948.3927323048 
 02/11  13:00:00,39207592.64184004,1403715.793614578 
 02/11  14:00:00,44297129.05681937,1542761.7379172917 
 02/11  15:00:00,46460694.8153972,1650638.4833590596 
 02/11  16:00:00,44672869.18083609,1632355.5686473548 
 02/11  17:00:00,40186590.5991939,1520332.8965698509 
 02/11  18:00:00,37415825.38558622,1409216.1995460694 
 02/11  19:00:00,22997257.29384666,1354960.257918031 
 02/11  20:00:00,12225372.805062482,1354960.257918031 
 02/11  21:00:00,7114960.257918031,1354960.257918031 
 02/11  22:00:00,3064960.257918031,1354960.257918031 
 02/11  23:00:00,3064960.257918031,1354960.257918031 
 02/11  24:00:00,3064960.257918031,1354960.257918031 
 02/12  01:00:00,3064960.257918031,1354960.257918031 
 02/12  02:00:00,3064960.257918031,1354960.257918031 
 02/12  03:00:00,3064960.257918031,1354960.257918031 
 02/12  04:00:00,3064960.257918031,1354960.257918031 
 02/12  05:00:00,3064960.257918031,1354960.257918031 
 02/12  06:00:00,3064960.257918031,1354960.257918031 
 02/12  07:00:00,3414226.897364689,1354960.257918031 
 02/12  08:00:00,3257218.271451775,1354960.257918031 
 02/12  09:00:00,32915611.296816543,1354960.257918031 
 02/12  10:00:00,43245506.325429015,1354960.257918031 
 02/12  11:00:00,44607465.19364753,1354960.257918031 
 02/12  12:00:00,43278188.051596455,1354960.257918031 
 02/12  13:00:00,39238233.28366847,1354960.257918031 
 02/12  14:00:00,41930620.40051017,1354960.257918031 
 02/12  15:00:00,42830750.9562915,1354960.257918031 
 02/12  16:00:00,41033183.97379373,1354960.257918031 
 02/12  17:00:00,37436701.6524797,1354960.257918031 
 02/12  18:00:00,37422980.76842362,1354960.257918031 
 02/12  19:00:00,23023967.582675688,1354960.257918031 
 02/12  20:00:00,12258794.175073024,1354960.257918031 
 02/12  21:00:00,7114960.257918031,1354960.257918031 
 02/12  22:00:00,3064960.257918031,1354960.257918031 
 02/12  23:00:00,3064960.257918031,1354960.257918031 
 02/12  24:00:00,3064960.257918031,1354960.257918031 
 02/13  01:00:00,3064960.257918031,1354960.257918031 
 02/13  02:00:00,3064960.257918031,1354960.257918031 
 02/13  03:00:00,3064960.257918031,1354960.257918031 
 02/13  04:00:00,3064960.257918031,1354960.257918031 
 02/13  05:00:00,3064960.257918031,1354960.257918031 
 02/13  06:00:00,3064960.257918031,1354960.257918031 
 02/13  07:00:00,3475766.4174889927,1354960.257918031 
 02/13  08:00:00,3391781.616193804,1354960.257918031 
 02/13  09:00:00,32950308.577094205,1354960.257918031 
 02/13  10:00:00,43269418.34704703,1354960.257918031 
 02/13  11:00:00,44610786.13637915,1354960.257918031 
 02/13  12:00:00,43259209.18580133,1354960.257918031 
 02/13  13:00:00,39211751.278796256,1354960.257918031 
 02/13  14:00:00,41907474.69686669,1354960.257918031 
 02/13  15:00:00,42805193.64603885,1354960.257918031 
 02/13  16:00:00,41005470.27680847,1357825.790591458 
 02/13  17:00:00,37406319.61936068,1354960.257918031 
 02/13  18:00:00,37409119.34530693,1354960.257918031 
 02/13  19:00:00,23030619.373360947,1354960.257918031 
 02/13  20:00:00,12269394.592928685,1354960.257918031 
 02/13  21:00:00,7114960.257918031,1354960.257918031 
 02/13  22:00:00,3064960.257918031,1354960.257918031 
 02/13  23:00:00,3064960.257918031,1354960.257918031 
 02/13  24:00:00,3064960.257918031,1354960.257918031 
 02/14  01:00:00,3064960.257918031,1354960.257918031 
 02/14  02:00:00,3064960.257918031,1354960.257918031 
 02/14  03:00:00,3064960.257918031,1354960.257918031 
 02/14  04:00:00,3064960.257918031,1354960.257918031 
 02/14  05:00:00,3064960.257918031,1354960.257918031 
 02/14  06:00:00,3064960.257918031,1354960.257918031 
 02/14  07:00:00,3491479.116859143,1354960.257918031 
 02/14  08:00:00,3441808.7470319183,1354960.257918031 
 02/14  09:00:00,32973309.958154324,1354960.257918031 
 02/14  10:00:00,43285954.943439275,1354960.257918031 
 02/14  11:00:00,44625568.38782026,1354960.257918031 
 02/14  12:00:00,43272367.471218616,1354960.257918031 
 02/14  13:00:00,39225688.72392114,1354960.257918031 
 02/14  14:00:00,41921300.91131938,1354960.257918031 
 02/14  15:00:00,42822047.649078116,1354960.257918031 
 02/14  16:00:00,41025608.21703048,1354960.257918031 
 02/14  17:00:00,37434600.99004921,1354960.257918031 
 02/14  18:00:00,37442009.04556277,1354960.257918031 
 02/14  19:00:00,23068855.311033636,1354960.257918031 
 02/14  20:00:00,12312783.411942562,1354960.257918031 
 02/14  21:00:00,7114960.257918031,1354960.257918031 
 02/14  22:00:00,3064960.257918031,1354960.257918031 
 02/14  23:00:00,3064960.257918031,1354960.257918031 
 02/14  24:00:00,3064960.257918031,1354960.257918031 
 02/15  01:00:00,3065189.857688805,1354960.257918031 
 02/15  02:00:00,3067673.722555238,1354960.257918031 
 02/15  03:00:00,3070440.4288687287,1354960.257918031 
 02/15  04:00:00,3072777.1263639093,1354960.257918031 
 02/15  05:00:00,3075397.4858459313,1354960.257918031 
 02/15  06:00:00,3079366.9234298104,1354960.257918031 
 02/15  07:00:00,3556093.8320551743,1354960.257918031 
 02/15  08:00:00,3522634.9624957275,1354960.257918031 
 02/15  09:00:00,33068407.466623493,1354960.257918031 
 02/15  10:00:00,43344275.30883109,1379151.7309085936 
 02/15  11:00:00,44689287.85224437,1405402.5898976899 
 02/15  12:00:00,43315352.43705605,1388777.3742206185 
 02/15  13:00:00,39238820.54838717,1355916.9676277891 
 02/15  14:00:00,41931395.49073444,1355508.3634650544 
 02/15  15:00:00,42867476.14535901,1413933.3786680042 
 02/15  16:00:00,41121741.51533124,1478726.5074598826 
 02/15  17:00:00,37461382.928087234,1396663.1501839478 
 02/15  18:00:00,37446404.07960974,1354960.257918031 
 02/15  19:00:00,23078358.400083132,1354960.257918031 
 02/15  20:00:00,12341667.930574486,1354960.257918031 
 02/15  21:00:00,7114960.257918031,1354960.257918031 
 02/15  22:00:00,3064960.257918031,1354960.257918031 
 02/15  23:00:00,3064960.257918031,1354960.257918031 
 02/15  24:00:00,3064975.893215221,1354960.257918031 
 02/16  01:00:00,6305866.233892213,1354960.257918031 
 02/16  02:00:00,6308131.972823102,1354960.257918031 
 02/16  03:00:00,6311455.916530147,1354960.257918031 
 02/16  04:00:00,6315538.168439634,1354960.257918031 
 02/16  05:00:00,6318189.472734909,1354960.257918031 
 02/16  06:00:00,6321069.230332936,1354960.257918031 
 02/16  07:00:00,6322774.2746272925,1354960.257918031 
 02/16  08:00:00,6320466.970784627,1354960.257918031 
 02/16  09:00:00,6318025.990084897,1354960.257918031 
 02/16  10:00:00,6313981.349199971,1354960.257918031 
 02/16  11:00:00,6308972.205557637,1354960.257918031 
 02/16  12:00:00,6305179.718669537,1354960.257918031 
 02/16  13:00:00,6304960.257918031,1354960.257918031 
 02/16  14:00:00,6304960.257918031,1354960.257918031 
 02/16  15:00:00,6304960.257918031,1354960.257918031 
 02/16  16:00:00,6304960.257918031,1354960.257918031 
 02/16  17:00:00,6304960.257918031,1354960.257918031 
 02/16  18:00:00,6304960.257918031,1354960.257918031 
 02/16  19:00:00,6304960.257918031,1354960.257918031 
 02/16  20:00:00,6304960.257918031,1354960.257918031 
 02/16  21:00:00,6304960.257918031,1354960.257918031 
 02/16  22:00:00,6304960.257918031,1354960.257918031 
 02/16  23:00:00,6304960.257918031,1354960.257918031 
 02/16  24:00:00,6305710.622565785,1354960.257918031 
 02/17  01:00:00,6308086.549670378,1354960.257918031 
 02/17  02:00:00,6311229.230396628,1354960.257918031 
 02/17  03:00:00,6313502.936992075,1354960.257918031 
 02/17  04:00:00,6315521.7771859355,1354960.257918031 
 02/17  05:00:00,6316946.005017981,1354960.257918031 
 02/17  06:00:00,6317907.053460111,1354960.257918031 
 02/17  07:00:00,6317927.70992853,1354960.257918031 
 02/17  08:00:00,6316575.798454376,1354960.257918031 
 02/17  09:00:00,6314516.095305511,1354960.257918031 
 02/17  10:00:00,6312705.912456445,1354960.257918031 
 02/17  11:00:00,6310215.628956871,1354960.257918031 
 02/17  12:00:00,6306370.4551103385,1354960.257918031 
 02/17  13:00:00,6304960.257918031,1354960.257918031 
 02/17  14:00:00,6304960.257918031,1354960.257918031 
 02/17  15:00:00,6304960.257918031,1354960.257918031 
 02/17  16:00:00,6304960.257918031,1354960.257918031 
 02/17  17:00:00,6304960.257918031,1354960.257918031 
 02/17  18:00:00,6304960.257918031,1354960.257918031 
 02/17  19:00:00,6304960.257918031,1354960.257918031 
 02/17  20:00:00,6304960.257918031,1354960.257918031 
 02/17  21:00:00,6304960.257918031,1354960.257918031 
 02/17  22:00:00,6304960.257918031,1354960.257918031 
 02/17  23:00:00,6304960.257918031,1354960.257918031 
 02/17  24:00:00,6304960.257918031,1354960.257918031 
 02/18  01:00:00,3064960.257918031,1354960.257918031 
 02/18  02:00:00,3064960.257918031,1354960.257918031 
 02/18  03:00:00,3064960.257918031,1354960.257918031 
 02/18  04:00:00,3064960.257918031,1354960.257918031 
 02/18  05:00:00,3064960.257918031,1354960.257918031 
 02/18  06:00:00,3064960.257918031,1354960.257918031 
 02/18  07:00:00,3483399.9294934636,1354960.257918031 
 02/18  08:00:00,3371562.2912814873,1354960.257918031 
 02/18  09:00:00,32950153.626902685,1354960.257918031 
 02/18  10:00:00,43269972.67159507,1359075.5296434218 
 02/18  11:00:00,44633153.49984151,1382907.5000781266 
 02/18  12:00:00,43285253.74974784,1362781.8611495723 
 02/18  13:00:00,39230513.89934892,1354960.257918031 
 02/18  14:00:00,41930335.37651615,1354960.257918031 
 02/18  15:00:00,42821933.598846145,1391118.9795543111 
 02/18  16:00:00,41059798.49974039,1451382.0102049685 
 02/18  17:00:00,37430962.70279785,1404060.9238821585 
 02/18  18:00:00,37440016.66969983,1361749.334344957 
 02/18  19:00:00,23022888.97427487,1354960.257918031 
 02/18  20:00:00,12249117.978757262,1354960.257918031 
 02/18  21:00:00,7114960.257918031,1354960.257918031 
 02/18  22:00:00,3064960.257918031,1354960.257918031 
 02/18  23:00:00,3064960.257918031,1354960.257918031 
 02/18  24:00:00,3064960.257918031,1354960.257918031 
 02/19  01:00:00,3064960.257918031,1354960.257918031 
 02/19  02:00:00,3064960.257918031,1354960.257918031 
 02/19  03:00:00,3064960.257918031,1354960.257918031 
 02/19  04:00:00,3064960.257918031,1354960.257918031 
 02/19  05:00:00,3064960.257918031,1354960.257918031 
 02/19  06:00:00,3064960.257918031,1354960.257918031 
 02/19  07:00:00,3479986.373242022,1354960.257918031 
 02/19  08:00:00,3371430.0938763595,1354960.257918031 
 02/19  09:00:00,32953204.724192087,1354960.257918031 
 02/19  10:00:00,43276224.78120723,1354960.257918031 
 02/19  11:00:00,44620512.07607007,1354960.257918031 
 02/19  12:00:00,43271202.52753385,1354960.257918031 
 02/19  13:00:00,39222447.36336311,1354960.257918031 
 02/19  14:00:00,41918355.03500669,1354960.257918031 
 02/19  15:00:00,42818268.64670467,1354960.257918031 
 02/19  16:00:00,41021969.80614547,1354960.257918031 
 02/19  17:00:00,37427205.72789486,1354960.257918031 
 02/19  18:00:00,37432812.76208454,1354960.257918031 
 02/19  19:00:00,23068896.160921074,1354960.257918031 
 02/19  20:00:00,12318518.170380754,1354960.257918031 
 02/19  21:00:00,7114960.257918031,1354960.257918031 
 02/19  22:00:00,3064960.257918031,1354960.257918031 
 02/19  23:00:00,3064960.257918031,1354960.257918031 
 02/19  24:00:00,3064960.257918031,1354960.257918031 
 02/20  01:00:00,3064960.257918031,1354960.257918031 
 02/20  02:00:00,3064960.257918031,1354960.257918031 
 02/20  03:00:00,3064960.257918031,1354960.257918031 
 02/20  04:00:00,3065141.96795671,1354960.257918031 
 02/20  05:00:00,3067233.8194664745,1354960.257918031 
 02/20  06:00:00,3070268.197000592,1354960.257918031 
 02/20  07:00:00,3542137.984834932,1354960.257918031 
 02/20  08:00:00,3493405.606952089,1354960.257918031 
 02/20  09:00:00,32992515.8775824,1354960.257918031 
 02/20  10:00:00,43327288.34411338,1404745.3697052153 
 02/20  11:00:00,44653976.64953687,1399889.491678574 
 02/20  12:00:00,43270232.03278527,1358408.259621786 
 02/20  13:00:00,39217671.23543796,1354960.257918031 
 02/20  14:00:00,41913347.76329139,1354960.257918031 
 02/20  15:00:00,42816144.67590737,1360290.5972963157 
 02/20  16:00:00,41019562.103423804,1359214.8047966028 
 02/20  17:00:00,37426829.408503905,1354960.257918031 
 02/20  18:00:00,37434173.81014413,1354960.257918031 
 02/20  19:00:00,23059168.313892514,1354960.257918031 
 02/20  20:00:00,12300426.37987085,1354960.257918031 
 02/20  21:00:00,7114960.257918031,1354960.257918031 
 02/20  22:00:00,3064960.257918031,1354960.257918031 
 02/20  23:00:00,3064960.257918031,1354960.257918031 
 02/20  24:00:00,3064960.257918031,1354960.257918031 
 02/21  01:00:00,3064960.257918031,1354960.257918031 
 02/21  02:00:00,3064960.257918031,1354960.257918031 
 02/21  03:00:00,3065064.2439746875,1354960.257918031 
 02/21  04:00:00,3066600.7908213907,1354960.257918031 
 02/21  05:00:00,3069625.6185398404,1354960.257918031 
 02/21  06:00:00,3073062.915701009,1354960.257918031 
 02/21  07:00:00,3541218.4152893913,1354960.257918031 
 02/21  08:00:00,3508944.193211542,1354960.257918031 
 02/21  09:00:00,32997641.781636547,1354960.257918031 
 02/21  10:00:00,43294376.404643536,1355400.4331100509 
 02/21  11:00:00,44635121.77495337,1371379.2790929836 
 02/21  12:00:00,43270160.91478707,1357892.8548061268 
 02/21  13:00:00,39218903.9357333,1354960.257918031 
 02/21  14:00:00,41912088.338465914,1354960.257918031 
 02/21  15:00:00,42806917.62244685,1354960.257918031 
 02/21  16:00:00,41004988.222458065,1354960.257918031 
 02/21  17:00:00,37406721.16998412,1354960.257918031 
 02/21  18:00:00,37412193.4447511,1354960.257918031 
 02/21  19:00:00,23039655.061141573,1354960.257918031 
 02/21  20:00:00,12283494.639692826,1354960.257918031 
 02/21  21:00:00,7114960.257918031,1354960.257918031 
 02/21  22:00:00,3064960.257918031,1354960.257918031 
 02/21  23:00:00,3064960.257918031,1354960.257918031 
 02/21  24:00:00,3064960.257918031,1354960.257918031 
 02/22  01:00:00,3064960.257918031,1354960.257918031 
 02/22  02:00:00,3064960.257918031,1354960.257918031 
 02/22  03:00:00,3064960.257918031,1354960.257918031 
 02/22  04:00:00,3064960.257918031,1354960.257918031 
 02/22  05:00:00,3064960.257918031,1354960.257918031 
 02/22  06:00:00,3064960.257918031,1354960.257918031 
 02/22  07:00:00,3473199.166939053,1354960.257918031 
 02/22  08:00:00,3315111.227416507,1354960.257918031 
 02/22  09:00:00,32927815.177408807,1354960.257918031 
 02/22  10:00:00,43272412.50737643,1361420.941372401 
 02/22  11:00:00,44631149.65603303,1406254.8980688653 
 02/22  12:00:00,43267761.39143631,1411288.1016246486 
 02/22  13:00:00,39667307.905998975,1367226.873208121 
 02/22  14:00:00,42825762.870937034,1441106.439511805 
 02/22  15:00:00,42858476.56826296,1453102.0346456168 
 02/22  16:00:00,41027237.43541809,1406138.5576939425 
 02/22  17:00:00,37439517.79337733,1363403.6010044278 
 02/22  18:00:00,37416802.30771375,1354960.257918031 
 02/22  19:00:00,23024232.54228554,1354960.257918031 
 02/22  20:00:00,12253990.692717202,1354960.257918031 
 02/22  21:00:00,7114960.257918031,1354960.257918031 
 02/22  22:00:00,3064960.257918031,1354960.257918031 
 02/22  23:00:00,3064960.257918031,1354960.257918031 
 02/22  24:00:00,3064960.257918031,1354960.257918031 
 02/23  01:00:00,6304960.257918031,1354960.257918031 
 02/23  02:00:00,6304960.257918031,1354960.257918031 
 02/23  03:00:00,6304960.257918031,1354960.257918031 
 02/23  04:00:00,6304960.257918031,1354960.257918031 
 02/23  05:00:00,6304960.257918031,1354960.257918031 
 02/23  06:00:00,6304960.257918031,1354960.257918031 
 02/23  07:00:00,6304960.257918031,1354960.257918031 
 02/23  08:00:00,6304960.257918031,1354960.257918031 
 02/23  09:00:00,6304960.257918031,1354960.257918031 
 02/23  10:00:00,6304960.257918031,1354960.257918031 
 02/23  11:00:00,6304960.257918031,1354960.257918031 
 02/23  12:00:00,6304960.257918031,1354960.257918031 
 02/23  13:00:00,6304960.257918031,1354960.257918031 
 02/23  14:00:00,6304960.257918031,1354960.257918031 
 02/23  15:00:00,6304960.257918031,1354960.257918031 
 02/23  16:00:00,6304960.257918031,1354960.257918031 
 02/23  17:00:00,6304960.257918031,1354960.257918031 
 02/23  18:00:00,6304960.257918031,1354960.257918031 
 02/23  19:00:00,6304960.257918031,1354960.257918031 
 02/23  20:00:00,6304960.257918031,1354960.257918031 
 02/23  21:00:00,6304960.257918031,1354960.257918031 
 02/23  22:00:00,6304960.257918031,1354960.257918031 
 02/23  23:00:00,6304960.257918031,1354960.257918031 
 02/23  24:00:00,6304960.257918031,1354960.257918031 
 02/24  01:00:00,6304960.257918031,1354960.257918031 
 02/24  02:00:00,6304960.257918031,1354960.257918031 
 02/24  03:00:00,6304960.257918031,1354960.257918031 
 02/24  04:00:00,6304960.257918031,1354960.257918031 
 02/24  05:00:00,6304960.257918031,1354960.257918031 
 02/24  06:00:00,6304960.257918031,1354960.257918031 
 02/24  07:00:00,6304960.257918031,1354960.257918031 
 02/24  08:00:00,6304960.257918031,1354960.257918031 
 02/24  09:00:00,6304960.257918031,1354960.257918031 
 02/24  10:00:00,6304960.257918031,1354960.257918031 
 02/24  11:00:00,6304960.257918031,1354960.257918031 
 02/24  12:00:00,6304960.257918031,1354960.257918031 
 02/24  13:00:00,6304960.257918031,1354960.257918031 
 02/24  14:00:00,6304960.257918031,1354960.257918031 
 02/24  15:00:00,6304960.257918031,1354960.257918031 
 02/24  16:00:00,6304960.257918031,1354960.257918031 
 02/24  17:00:00,6304960.257918031,1354960.257918031 
 02/24  18:00:00,6304960.257918031,1354960.257918031 
 02/24  19:00:00,6304960.257918031,1354960.257918031 
 02/24  20:00:00,6304960.257918031,1354960.257918031 
 02/24  21:00:00,6304960.257918031,1354960.257918031 
 02/24  22:00:00,6304960.257918031,1354960.257918031 
 02/24  23:00:00,6304960.257918031,1354960.257918031 
 02/24  24:00:00,6304960.257918031,1354960.257918031 
 02/25  01:00:00,3064960.257918031,1354960.257918031 
 02/25  02:00:00,3064960.257918031,1354960.257918031 
 02/25  03:00:00,3064960.257918031,1354960.257918031 
 02/25  04:00:00,3064960.257918031,1354960.257918031 
 02/25  05:00:00,3064960.257918031,1354960.257918031 
 02/25  06:00:00,3064960.257918031,1354960.257918031 
 02/25  07:00:00,3481026.557051923,1354960.257918031 
 02/25  08:00:00,3433757.163364939,1354960.257918031 
 02/25  09:00:00,32968408.614163928,1354960.257918031 
 02/25  10:00:00,43271939.88454615,1354960.257918031 
 02/25  11:00:00,44610276.128173925,1354960.257918031 
 02/25  12:00:00,43261371.326548554,1354960.257918031 
 02/25  13:00:00,39212427.117709935,1354960.257918031 
 02/25  14:00:00,41911568.968476735,1354960.257918031 
 02/25  15:00:00,42829616.63138706,1354960.257918031 
 02/25  16:00:00,41031154.46538291,1354960.257918031 
 02/25  17:00:00,37435062.05079052,1354960.257918031 
 02/25  18:00:00,37419192.73632439,1354960.257918031 
 02/25  19:00:00,23027588.72530844,1354960.257918031 
 02/25  20:00:00,12265233.538060801,1354960.257918031 
 02/25  21:00:00,7114960.257918031,1354960.257918031 
 02/25  22:00:00,3064960.257918031,1354960.257918031 
 02/25  23:00:00,3064960.257918031,1354960.257918031 
 02/25  24:00:00,3064960.257918031,1354960.257918031 
 02/26  01:00:00,3064960.257918031,1354960.257918031 
 02/26  02:00:00,3064960.257918031,1354960.257918031 
 02/26  03:00:00,3064960.257918031,1354960.257918031 
 02/26  04:00:00,3064960.257918031,1354960.257918031 
 02/26  05:00:00,3064960.257918031,1354960.257918031 
 02/26  06:00:00,3064960.257918031,1354960.257918031 
 02/26  07:00:00,3494116.2263254616,1354960.257918031 
 02/26  08:00:00,3368534.2359648435,1354960.257918031 
 02/26  09:00:00,32949268.14231955,1354960.257918031 
 02/26  10:00:00,43273097.421605006,1354960.257918031 
 02/26  11:00:00,44614563.10579388,1354960.257918031 
 02/26  12:00:00,43260934.50161937,1354960.257918031 
 02/26  13:00:00,39211778.504303716,1354960.257918031 
 02/26  14:00:00,41908067.72447553,1354960.257918031 
 02/26  15:00:00,42808533.078739345,1355543.135881189 
 02/26  16:00:00,41011658.831354916,1354960.257918031 
 02/26  17:00:00,37418425.845219456,1354960.257918031 
 02/26  18:00:00,37425861.00149058,1354960.257918031 
 02/26  19:00:00,23053838.701361284,1354960.257918031 
 02/26  20:00:00,12292332.722648952,1354960.257918031 
 02/26  21:00:00,7114960.257918031,1354960.257918031 
 02/26  22:00:00,3064960.257918031,1354960.257918031 
 02/26  23:00:00,3064960.257918031,1354960.257918031 
 02/26  24:00:00,3064960.257918031,1354960.257918031 
 02/27  01:00:00,3064960.257918031,1354960.257918031 
 02/27  02:00:00,3064960.257918031,1354960.257918031 
 02/27  03:00:00,3064960.257918031,1354960.257918031 
 02/27  04:00:00,3064960.257918031,1354960.257918031 
 02/27  05:00:00,3065411.4345393647,1354960.257918031 
 02/27  06:00:00,3065917.544832842,1354960.257918031 
 02/27  07:00:00,3496933.866607482,1354960.257918031 
 02/27  08:00:00,3448373.7205991894,1354960.257918031 
 02/27  09:00:00,32974039.216983657,1354960.257918031 
 02/27  10:00:00,43285134.33262743,1354960.257918031 
 02/27  11:00:00,44623819.138736024,1354960.257918031 
 02/27  12:00:00,43271446.13402549,1354960.257918031 
 02/27  13:00:00,39223975.12581448,1354960.257918031 
 02/27  14:00:00,41915980.14845238,1354960.257918031 
 02/27  15:00:00,42812666.715246096,1354960.257918031 
 02/27  16:00:00,41013829.67492324,1354960.257918031 
 02/27  17:00:00,37418176.67668929,1354960.257918031 
 02/27  18:00:00,37420724.59716944,1354960.257918031 
 02/27  19:00:00,23042261.915802237,1354960.257918031 
 02/27  20:00:00,12280315.318798816,1354960.257918031 
 02/27  21:00:00,7114960.257918031,1354960.257918031 
 02/27  22:00:00,3064960.257918031,1354960.257918031 
 02/27  23:00:00,3064960.257918031,1354960.257918031 
 02/27  24:00:00,3064960.257918031,1354960.257918031 
 02/28  01:00:00,3064960.257918031,1354960.257918031 
 02/28  02:00:00,3064960.257918031,1354960.257918031 
 02/28  03:00:00,3064960.257918031,1354960.257918031 
 02/28  04:00:00,3064960.257918031,1354960.257918031 
 02/28  05:00:00,3064960.257918031,1354960.257918031 
 02/28  06:00:00,3064989.449499311,1354960.257918031 
 02/28  07:00:00,3512733.6851761127,1354960.257918031 
 02/28  08:00:00,3431194.2694917703,1354960.257918031 
 02/28  09:00:00,32964360.41823918,1354960.257918031 
 02/28  10:00:00,43282183.27129219,1358649.4555919126 
 02/28  11:00:00,44636687.68147881,1388739.7633216777 
 02/28  12:00:00,43281443.62483187,1390097.0514976867 
 02/28  13:00:00,39209470.07911569,1362057.317642331 
 02/28  14:00:00,41937831.02730188,1410298.3986476497 
 02/28  15:00:00,42905004.63101372,1489927.4379364406 
 02/28  16:00:00,41114784.86056311,1502796.9597731247 
 02/28  17:00:00,37432713.37615675,1400566.427650969 
 02/28  18:00:00,37413798.3407041,1367862.393624364 
 02/28  19:00:00,23027617.84737408,1354960.257918031 
 02/28  20:00:00,12267993.165168807,1354960.257918031 
 02/28  21:00:00,7114960.257918031,1354960.257918031 
 02/28  22:00:00,3064960.257918031,1354960.257918031 
 02/28  23:00:00,3064960.257918031,1354960.257918031 
 02/28  24:00:00,3064960.257918031,1354960.257918031,10852164880.49444,9883800000.0,6226200000.0,914641634.7453303,53723245.7488908,12100343751.197456,12100343751.197456,,,,,,,,6226200000.0,,9883800000.0,,3657600000.0 
 03/01  01:00:00,3064960.257918031,1354960.257918031 
 03/01  02:00:00,3064960.257918031,1354960.257918031 
 03/01  03:00:00,3064960.257918031,1354960.257918031 
 03/01  04:00:00,3064960.257918031,1354960.257918031 
 03/01  05:00:00,3064960.257918031,1354960.257918031 
 03/01  06:00:00,3064960.257918031,1354960.257918031 
 03/01  07:00:00,3458620.214928419,1354960.257918031 
 03/01  08:00:00,3322166.221917416,1354960.257918031 
 03/01  09:00:00,32938995.98538328,1354960.257918031 
 03/01  10:00:00,43262666.80460534,1354960.257918031 
 03/01  11:00:00,44628757.35346881,1354960.257918031 
 03/01  12:00:00,43281909.073565274,1354960.257918031 
 03/01  13:00:00,39227862.99305467,1354960.257918031 
 03/01  14:00:00,41920697.969503626,1354960.257918031 
 03/01  15:00:00,42825190.6133931,1361920.5405034171 
 03/01  16:00:00,41022514.8461111,1367355.99453964 
 03/01  17:00:00,37429023.45950054,1354960.257918031 
 03/01  18:00:00,37436623.8996754,1354960.257918031 
 03/01  19:00:00,23031452.246380683,1354960.257918031 
 03/01  20:00:00,12247985.902445244,1354960.257918031 
 03/01  21:00:00,7114960.257918031,1354960.257918031 
 03/01  22:00:00,3064960.257918031,1354960.257918031 
 03/01  23:00:00,3064960.257918031,1354960.257918031 
 03/01  24:00:00,3064960.257918031,1354960.257918031 
 03/02  01:00:00,6304960.257918031,1354960.257918031 
 03/02  02:00:00,6304960.257918031,1354960.257918031 
 03/02  03:00:00,6304960.257918031,1354960.257918031 
 03/02  04:00:00,6304960.257918031,1354960.257918031 
 03/02  05:00:00,6304960.257918031,1354960.257918031 
 03/02  06:00:00,6304960.257918031,1354960.257918031 
 03/02  07:00:00,6304960.257918031,1354960.257918031 
 03/02  08:00:00,6304960.257918031,1354960.257918031 
 03/02  09:00:00,6304960.257918031,1354960.257918031 
 03/02  10:00:00,6304960.257918031,1354960.257918031 
 03/02  11:00:00,6304960.257918031,1354960.257918031 
 03/02  12:00:00,6304960.257918031,1354960.257918031 
 03/02  13:00:00,6304960.257918031,1354960.257918031 
 03/02  14:00:00,6304960.257918031,1354960.257918031 
 03/02  15:00:00,6304960.257918031,1354960.257918031 
 03/02  16:00:00,6304960.257918031,1354960.257918031 
 03/02  17:00:00,6304960.257918031,1354960.257918031 
 03/02  18:00:00,6304960.257918031,1354960.257918031 
 03/02  19:00:00,6304960.257918031,1354960.257918031 
 03/02  20:00:00,6304960.257918031,1354960.257918031 
 03/02  21:00:00,6304960.257918031,1354960.257918031 
 03/02  22:00:00,6304960.257918031,1354960.257918031 
 03/02  23:00:00,6304960.257918031,1354960.257918031 
 03/02  24:00:00,6304960.257918031,1354960.257918031 
 03/03  01:00:00,6304960.257918031,1354960.257918031 
 03/03  02:00:00,6304960.257918031,1354960.257918031 
 03/03  03:00:00,6304960.257918031,1354960.257918031 
 03/03  04:00:00,6304960.257918031,1354960.257918031 
 03/03  05:00:00,6304960.257918031,1354960.257918031 
 03/03  06:00:00,6304960.257918031,1354960.257918031 
 03/03  07:00:00,6304960.257918031,1354960.257918031 
 03/03  08:00:00,6304960.257918031,1354960.257918031 
 03/03  09:00:00,6304960.257918031,1354960.257918031 
 03/03  10:00:00,6304960.257918031,1354960.257918031 
 03/03  11:00:00,6304960.257918031,1354960.257918031 
 03/03  12:00:00,6304960.257918031,1354960.257918031 
 03/03  13:00:00,6304960.257918031,1354960.257918031 
 03/03  14:00:00,6304960.257918031,1354960.257918031 
 03/03  15:00:00,6304960.257918031,1354960.257918031 
 03/03  16:00:00,6304960.257918031,1354960.257918031 
 03/03  17:00:00,6304960.257918031,1354960.257918031 
 03/03  18:00:00,6304960.257918031,1354960.257918031 
 03/03  19:00:00,6304960.257918031,1354960.257918031 
 03/03  20:00:00,6304960.257918031,1354960.257918031 
 03/03  21:00:00,6304960.257918031,1354960.257918031 
 03/03  22:00:00,6304960.257918031,1354960.257918031 
 03/03  23:00:00,6304960.257918031,1354960.257918031 
 03/03  24:00:00,6304960.257918031,1354960.257918031 
 03/04  01:00:00,3064960.257918031,1354960.257918031 
 03/04  02:00:00,3064960.257918031,1354960.257918031 
 03/04  03:00:00,3064960.257918031,1354960.257918031 
 03/04  04:00:00,3064960.257918031,1354960.257918031 
 03/04  05:00:00,3064960.257918031,1354960.257918031 
 03/04  06:00:00,3064960.257918031,1354960.257918031 
 03/04  07:00:00,3480570.208611757,1354960.257918031 
 03/04  08:00:00,3352622.4653462186,1354960.257918031 
 03/04  09:00:00,32941993.617113937,1354960.257918031 
 03/04  10:00:00,43265396.57262845,1354960.257918031 
 03/04  11:00:00,44584388.806998566,1354960.257918031 
 03/04  12:00:00,43234001.61400093,1354960.257918031 
 03/04  13:00:00,39225368.01095217,1354960.257918031 
 03/04  14:00:00,41882342.62104536,1354960.257918031 
 03/04  15:00:00,42790106.776927136,1371314.981025268 
 03/04  16:00:00,41011156.42499091,1360920.63620835 
 03/04  17:00:00,37423580.95635711,1354960.257918031 
 03/04  18:00:00,37418146.00015688,1354960.257918031 
 03/04  19:00:00,23053442.219506912,1354960.257918031 
 03/04  20:00:00,12322252.61433398,1354960.257918031 
 03/04  21:00:00,7114960.257918031,1354960.257918031 
 03/04  22:00:00,3064960.257918031,1354960.257918031 
 03/04  23:00:00,3064960.257918031,1354960.257918031 
 03/04  24:00:00,3064960.257918031,1354960.257918031 
 03/05  01:00:00,3065554.231004719,1354960.257918031 
 03/05  02:00:00,3066819.3131502285,1354960.257918031 
 03/05  03:00:00,3067590.8343489263,1354960.257918031 
 03/05  04:00:00,3069149.3138790377,1354960.257918031 
 03/05  05:00:00,3071515.2916341904,1354960.257918031 
 03/05  06:00:00,3072691.30401518,1354960.257918031 
 03/05  07:00:00,3503790.7019269406,1354960.257918031 
 03/05  08:00:00,3484801.0317789884,1354960.257918031 
 03/05  09:00:00,33003101.224432584,1354960.257918031 
 03/05  10:00:00,43293154.23311054,1354960.257918031 
 03/05  11:00:00,44631940.05431437,1354960.257918031 
 03/05  12:00:00,43278263.08627932,1354960.257918031 
 03/05  13:00:00,39228250.39495632,1354960.257918031 
 03/05  14:00:00,41921081.906657994,1354960.257918031 
 03/05  15:00:00,42818690.051471926,1354960.257918031 
 03/05  16:00:00,41023946.15176116,1354960.257918031 
 03/05  17:00:00,37438123.57497503,1354960.257918031 
 03/05  18:00:00,37448343.01123259,1354960.257918031 
 03/05  19:00:00,23079582.648879472,1354960.257918031 
 03/05  20:00:00,12327630.124062713,1354960.257918031 
 03/05  21:00:00,7114960.257918031,1354960.257918031 
 03/05  22:00:00,3064960.257918031,1354960.257918031 
 03/05  23:00:00,3064960.257918031,1354960.257918031 
 03/05  24:00:00,3064960.257918031,1354960.257918031 
 03/06  01:00:00,3064960.257918031,1354960.257918031 
 03/06  02:00:00,3064960.257918031,1354960.257918031 
 03/06  03:00:00,3064960.257918031,1354960.257918031 
 03/06  04:00:00,3065076.4470531484,1354960.257918031 
 03/06  05:00:00,3065354.6476497725,1354960.257918031 
 03/06  06:00:00,3065576.074103011,1354960.257918031 
 03/06  07:00:00,3497172.6486663735,1354960.257918031 
 03/06  08:00:00,3392695.8500512457,1354960.257918031 
 03/06  09:00:00,32955847.14776197,1354960.257918031 
 03/06  10:00:00,43277867.610407025,1356487.721750948 
 03/06  11:00:00,44636787.30025186,1387752.430023415 
 03/06  12:00:00,43286344.19116673,1395394.0885127839 
 03/06  13:00:00,39209435.60302433,1357904.5028856671 
 03/06  14:00:00,41914137.6028373,1372832.6915066033 
 03/06  15:00:00,42874976.27533204,1454856.6448280232 
 03/06  16:00:00,41062300.204153694,1441963.435818515 
 03/06  17:00:00,37412659.53701902,1372624.752182479 
 03/06  18:00:00,37411573.53564194,1361056.2334118509 
 03/06  19:00:00,23028965.44429078,1354960.257918031 
 03/06  20:00:00,12264404.795544712,1354960.257918031 
 03/06  21:00:00,7114960.257918031,1354960.257918031 
 03/06  22:00:00,3064960.257918031,1354960.257918031 
 03/06  23:00:00,3064960.257918031,1354960.257918031 
 03/06  24:00:00,3064960.257918031,1354960.257918031 
 03/07  01:00:00,3064960.257918031,1354960.257918031 
 03/07  02:00:00,3064960.257918031,1354960.257918031 
 03/07  03:00:00,3064960.257918031,1354960.257918031 
 03/07  04:00:00,3064960.257918031,1354960.257918031 
 03/07  05:00:00,3064960.257918031,1354960.257918031 
 03/07  06:00:00,3064960.257918031,1354960.257918031 
 03/07  07:00:00,3471958.3787175776,1354960.257918031 
 03/07  08:00:00,3321003.0402911906,1354960.257918031 
 03/07  09:00:00,32946264.187589183,1354960.257918031 
 03/07  10:00:00,43269638.29245515,1354960.257918031 
 03/07  11:00:00,44610227.690098785,1354960.257918031 
 03/07  12:00:00,43275445.43295861,1354960.257918031 
 03/07  13:00:00,39231813.20228156,1354960.257918031 
 03/07  14:00:00,41921819.537860036,1354960.257918031 
 03/07  15:00:00,42803337.50626901,1375293.9717534706 
 03/07  16:00:00,41002310.81089077,1377666.4658340958 
 03/07  17:00:00,37397463.0941973,1355625.2418661548 
 03/07  18:00:00,37420276.742824644,1354960.257918031 
 03/07  19:00:00,23008969.046537038,1354960.257918031 
 03/07  20:00:00,12230318.729915477,1354960.257918031 
 03/07  21:00:00,7114960.257918031,1354960.257918031 
 03/07  22:00:00,3064960.257918031,1354960.257918031 
 03/07  23:00:00,3064960.257918031,1354960.257918031 
 03/07  24:00:00,3064960.257918031,1354960.257918031 
 03/08  01:00:00,3064960.257918031,1354960.257918031 
 03/08  02:00:00,3064960.257918031,1354960.257918031 
 03/08  03:00:00,3064960.257918031,1354960.257918031 
 03/08  04:00:00,3064960.257918031,1354960.257918031 
 03/08  05:00:00,3064960.257918031,1354960.257918031 
 03/08  06:00:00,3064960.257918031,1354960.257918031 
 03/08  07:00:00,3440125.9191668043,1354960.257918031 
 03/08  08:00:00,3259944.99034348,1354960.257918031 
 03/08  09:00:00,32929504.818087038,1364593.127240941 
 03/08  10:00:00,43325443.39210867,1436936.7824477458 
 03/08  11:00:00,44727901.42106756,1506537.5008024117 
 03/08  12:00:00,43346719.377744935,1493477.4984967127 
 03/08  13:00:00,39206116.69435113,1401852.2306329054 
 03/08  14:00:00,44192838.8204194,1512271.58036825 
 03/08  15:00:00,45968920.173728175,1608912.7113751099 
 03/08  16:00:00,44541758.891499154,1646365.981999702 
 03/08  17:00:00,40706581.785869636,1599631.2170176946 
 03/08  18:00:00,38633003.15922706,1446242.4995161302 
 03/08  19:00:00,22990689.130076725,1354960.257918031 
 03/08  20:00:00,12216809.235946817,1354960.257918031 
 03/08  21:00:00,7114960.257918031,1354960.257918031 
 03/08  22:00:00,3064960.257918031,1354960.257918031 
 03/08  23:00:00,3064960.257918031,1354960.257918031 
 03/08  24:00:00,3064960.257918031,1354960.257918031 
 03/09  01:00:00,6304960.257918031,1354960.257918031 
 03/09  02:00:00,6304960.257918031,1354960.257918031 
 03/09  03:00:00,6304960.257918031,1354960.257918031 
 03/09  04:00:00,6304960.257918031,1354960.257918031 
 03/09  05:00:00,6304960.257918031,1354960.257918031 
 03/09  06:00:00,6304960.257918031,1354960.257918031 
 03/09  07:00:00,6304960.257918031,1354960.257918031 
 03/09  08:00:00,6304960.257918031,1354960.257918031 
 03/09  09:00:00,6304960.257918031,1354960.257918031 
 03/09  10:00:00,6304960.257918031,1354960.257918031 
 03/09  11:00:00,6304960.257918031,1354960.257918031 
 03/09  12:00:00,6304960.257918031,1354960.257918031 
 03/09  13:00:00,6304960.257918031,1354960.257918031 
 03/09  14:00:00,6304960.257918031,1354960.257918031 
 03/09  15:00:00,6304960.257918031,1354960.257918031 
 03/09  16:00:00,6304960.257918031,1354960.257918031 
 03/09  17:00:00,6304960.257918031,1354960.257918031 
 03/09  18:00:00,6304960.257918031,1354960.257918031 
 03/09  19:00:00,6304960.257918031,1354960.257918031 
 03/09  20:00:00,6304960.257918031,1354960.257918031 
 03/09  21:00:00,6304960.257918031,1354960.257918031 
 03/09  22:00:00,6304960.257918031,1354960.257918031 
 03/09  23:00:00,6304960.257918031,1354960.257918031 
 03/09  24:00:00,6304960.257918031,1354960.257918031 
 03/10  01:00:00,6304960.257918031,1354960.257918031 
 03/10  02:00:00,6304960.257918031,1354960.257918031 
 03/10  03:00:00,6304960.257918031,1354960.257918031 
 03/10  04:00:00,6304960.257918031,1354960.257918031 
 03/10  05:00:00,6304960.257918031,1354960.257918031 
 03/10  06:00:00,6304960.257918031,1354960.257918031 
 03/10  07:00:00,6304960.257918031,1354960.257918031 
 03/10  08:00:00,6304960.257918031,1354960.257918031 
 03/10  09:00:00,6304960.257918031,1354960.257918031 
 03/10  10:00:00,6304960.257918031,1354960.257918031 
 03/10  11:00:00,6304960.257918031,1354960.257918031 
 03/10  12:00:00,6304960.257918031,1354960.257918031 
 03/10  13:00:00,6304960.257918031,1354960.257918031 
 03/10  14:00:00,6304960.257918031,1354960.257918031 
 03/10  15:00:00,6304960.257918031,1354960.257918031 
 03/10  16:00:00,6304960.257918031,1354960.257918031 
 03/10  17:00:00,6304960.257918031,1354960.257918031 
 03/10  18:00:00,6304960.257918031,1354960.257918031 
 03/10  19:00:00,6304960.257918031,1354960.257918031 
 03/10  20:00:00,6304960.257918031,1354960.257918031 
 03/10  21:00:00,6304960.257918031,1354960.257918031 
 03/10  22:00:00,6304960.257918031,1354960.257918031 
 03/10  23:00:00,6304960.257918031,1354960.257918031 
 03/10  24:00:00,6304960.257918031,1354960.257918031 
 03/11  01:00:00,3064960.257918031,1354960.257918031 
 03/11  02:00:00,3064960.257918031,1354960.257918031 
 03/11  03:00:00,3064960.257918031,1354960.257918031 
 03/11  04:00:00,3064960.257918031,1354960.257918031 
 03/11  05:00:00,3064960.257918031,1354960.257918031 
 03/11  06:00:00,3064960.257918031,1354960.257918031 
 03/11  07:00:00,3353592.0780037767,1354960.257918031 
 03/11  08:00:00,3196607.8492407957,1354960.257918031 
 03/11  09:00:00,32887496.558096435,1354960.257918031 
 03/11  10:00:00,43240285.60547856,1354960.257918031 
 03/11  11:00:00,44597707.567250974,1381489.3296810354 
 03/11  12:00:00,43246504.67003093,1384240.833067476 
 03/11  13:00:00,39168166.30825286,1355571.4431854398 
 03/11  14:00:00,41907266.15283166,1403817.642185222 
 03/11  15:00:00,42826567.688059315,1425732.370994994 
 03/11  16:00:00,41012943.81881559,1410479.2788376333 
 03/11  17:00:00,37387361.46180994,1382492.8472663434 
 03/11  18:00:00,37377733.00989951,1370536.4482030154 
 03/11  19:00:00,22973994.54439447,1354960.257918031 
 03/11  20:00:00,12212160.132699717,1354960.257918031 
 03/11  21:00:00,7114960.257918031,1354960.257918031 
 03/11  22:00:00,3064960.257918031,1354960.257918031 
 03/11  23:00:00,3064960.257918031,1354960.257918031 
 03/11  24:00:00,3064960.257918031,1354960.257918031 
 03/12  01:00:00,3064960.257918031,1354960.257918031 
 03/12  02:00:00,3064960.257918031,1354960.257918031 
 03/12  03:00:00,3064960.257918031,1354960.257918031 
 03/12  04:00:00,3064960.257918031,1354960.257918031 
 03/12  05:00:00,3064960.257918031,1354960.257918031 
 03/12  06:00:00,3064960.257918031,1354960.257918031 
 03/12  07:00:00,3469960.32312371,1354960.257918031 
 03/12  08:00:00,3327933.8449503127,1354960.257918031 
 03/12  09:00:00,32935939.595311888,1364372.25291497 
 03/12  10:00:00,43316910.42538151,1429831.2340575536 
 03/12  11:00:00,44686675.49793256,1444161.5993056602 
 03/12  12:00:00,43322833.73162468,1423068.500649104 
 03/12  13:00:00,39199044.527160786,1367642.738943705 
 03/12  14:00:00,42419163.66968812,1434609.2653855067 
 03/12  15:00:00,45090470.61429155,1547992.6522177514 
 03/12  16:00:00,43303337.455049485,1538494.9774056657 
 03/12  17:00:00,37429511.42378057,1422223.915501522 
 03/12  18:00:00,37415916.54321762,1393157.059300241 
 03/12  19:00:00,23019875.92345593,1354960.257918031 
 03/12  20:00:00,12236921.647987159,1354960.257918031 
 03/12  21:00:00,7114960.257918031,1354960.257918031 
 03/12  22:00:00,3064960.257918031,1354960.257918031 
 03/12  23:00:00,3064960.257918031,1354960.257918031 
 03/12  24:00:00,3064960.257918031,1354960.257918031 
 03/13  01:00:00,3064960.257918031,1354960.257918031 
 03/13  02:00:00,3064960.257918031,1354960.257918031 
 03/13  03:00:00,3064960.257918031,1354960.257918031 
 03/13  04:00:00,3064960.257918031,1354960.257918031 
 03/13  05:00:00,3064960.257918031,1354960.257918031 
 03/13  06:00:00,3064960.257918031,1354960.257918031 
 03/13  07:00:00,3474788.7465219293,1354960.257918031 
 03/13  08:00:00,3323622.590097891,1354960.257918031 
 03/13  09:00:00,32943985.34745194,1354960.257918031 
 03/13  10:00:00,43272734.27686343,1354960.257918031 
 03/13  11:00:00,44615781.35093327,1354960.257918031 
 03/13  12:00:00,43263142.82177514,1354960.257918031 
 03/13  13:00:00,39215324.644883074,1354960.257918031 
 03/13  14:00:00,41909670.025672175,1354960.257918031 
 03/13  15:00:00,42806791.3298083,1357153.1927764192 
 03/13  16:00:00,41014531.4047591,1354960.257918031 
 03/13  17:00:00,37416568.99306356,1354960.257918031 
 03/13  18:00:00,37410195.94704524,1354960.257918031 
 03/13  19:00:00,23025416.744586408,1354960.257918031 
 03/13  20:00:00,12257694.665335227,1354960.257918031 
 03/13  21:00:00,7114960.257918031,1354960.257918031 
 03/13  22:00:00,3064960.257918031,1354960.257918031 
 03/13  23:00:00,3064960.257918031,1354960.257918031 
 03/13  24:00:00,3064960.257918031,1354960.257918031 
 03/14  01:00:00,3064960.257918031,1354960.257918031 
 03/14  02:00:00,3064960.257918031,1354960.257918031 
 03/14  03:00:00,3064960.257918031,1354960.257918031 
 03/14  04:00:00,3064960.257918031,1354960.257918031 
 03/14  05:00:00,3064960.257918031,1354960.257918031 
 03/14  06:00:00,3064960.257918031,1354960.257918031 
 03/14  07:00:00,3471059.721354343,1354960.257918031 
 03/14  08:00:00,3313063.310276308,1354960.257918031 
 03/14  09:00:00,32946772.483689215,1380264.6342109994 
 03/14  10:00:00,43331118.32469624,1441405.911287704 
 03/14  11:00:00,44712551.98522441,1459881.240004547 
 03/14  12:00:00,43309210.75244947,1446321.2341303371 
 03/14  13:00:00,39183223.7105026,1369887.1655866124 
 03/14  14:00:00,41906806.53632818,1398004.9284698216 
 03/14  15:00:00,42878099.344432,1475684.8150789957 
 03/14  16:00:00,42025088.38403468,1489993.5761120268 
 03/14  17:00:00,37452516.578811415,1449653.2910219866 
 03/14  18:00:00,37412439.07115257,1393063.6235948023 
 03/14  19:00:00,23019936.532478355,1354960.257918031 
 03/14  20:00:00,12234320.684353817,1354960.257918031 
 03/14  21:00:00,7114960.257918031,1354960.257918031 
 03/14  22:00:00,3064960.257918031,1354960.257918031 
 03/14  23:00:00,3064960.257918031,1354960.257918031 
 03/14  24:00:00,3064960.257918031,1354960.257918031 
 03/15  01:00:00,3064960.257918031,1354960.257918031 
 03/15  02:00:00,3064960.257918031,1354960.257918031 
 03/15  03:00:00,3064960.257918031,1354960.257918031 
 03/15  04:00:00,3064960.257918031,1354960.257918031 
 03/15  05:00:00,3064960.257918031,1354960.257918031 
 03/15  06:00:00,3064960.257918031,1354960.257918031 
 03/15  07:00:00,3466898.009449298,1354960.257918031 
 03/15  08:00:00,3262956.3106805966,1354960.257918031 
 03/15  09:00:00,32949688.13420157,1390460.680373271 
 03/15  10:00:00,43341292.315253094,1459227.596745362 
 03/15  11:00:00,44732232.66432509,1513045.2453310164 
 03/15  12:00:00,43353985.77979112,1496657.7029982 
 03/15  13:00:00,39211904.88771892,1400802.7376311044 
 03/15  14:00:00,43905297.022776715,1527568.8259986497 
 03/15  15:00:00,45513589.08143953,1622274.8534918644 
 03/15  16:00:00,44141277.20269403,1657659.8884185785 
 03/15  17:00:00,40595057.54908976,1644092.0306481377 
 03/15  18:00:00,38716461.55892295,1495638.4148732766 
 03/15  19:00:00,23009976.94919557,1354960.257918031 
 03/15  20:00:00,12228672.991069563,1354960.257918031 
 03/15  21:00:00,7114960.257918031,1354960.257918031 
 03/15  22:00:00,3064960.257918031,1354960.257918031 
 03/15  23:00:00,3064960.257918031,1354960.257918031 
 03/15  24:00:00,3064960.257918031,1354960.257918031 
 03/16  01:00:00,6304960.257918031,1354960.257918031 
 03/16  02:00:00,6304960.257918031,1354960.257918031 
 03/16  03:00:00,6304960.257918031,1354960.257918031 
 03/16  04:00:00,6304960.257918031,1354960.257918031 
 03/16  05:00:00,6304960.257918031,1354960.257918031 
 03/16  06:00:00,6304960.257918031,1354960.257918031 
 03/16  07:00:00,6304960.257918031,1354960.257918031 
 03/16  08:00:00,6304960.257918031,1354960.257918031 
 03/16  09:00:00,6304960.257918031,1354960.257918031 
 03/16  10:00:00,6304960.257918031,1354960.257918031 
 03/16  11:00:00,6304960.257918031,1354960.257918031 
 03/16  12:00:00,6304960.257918031,1354960.257918031 
 03/16  13:00:00,6304960.257918031,1354960.257918031 
 03/16  14:00:00,6304960.257918031,1354960.257918031 
 03/16  15:00:00,6304960.257918031,1354960.257918031 
 03/16  16:00:00,6304960.257918031,1354960.257918031 
 03/16  17:00:00,6304960.257918031,1354960.257918031 
 03/16  18:00:00,6304960.257918031,1354960.257918031 
 03/16  19:00:00,6304960.257918031,1354960.257918031 
 03/16  20:00:00,6304960.257918031,1354960.257918031 
 03/16  21:00:00,6304960.257918031,1354960.257918031 
 03/16  22:00:00,6304960.257918031,1354960.257918031 
 03/16  23:00:00,6304960.257918031,1354960.257918031 
 03/16  24:00:00,6304960.257918031,1354960.257918031 
 03/17  01:00:00,6304960.257918031,1354960.257918031 
 03/17  02:00:00,6304960.257918031,1354960.257918031 
 03/17  03:00:00,6304960.257918031,1354960.257918031 
 03/17  04:00:00,6304960.257918031,1354960.257918031 
 03/17  05:00:00,6304960.257918031,1354960.257918031 
 03/17  06:00:00,6304960.257918031,1354960.257918031 
 03/17  07:00:00,6304960.257918031,1354960.257918031 
 03/17  08:00:00,6304960.257918031,1354960.257918031 
 03/17  09:00:00,6304960.257918031,1354960.257918031 
 03/17  10:00:00,6304960.257918031,1354960.257918031 
 03/17  11:00:00,6304960.257918031,1354960.257918031 
 03/17  12:00:00,6304960.257918031,1354960.257918031 
 03/17  13:00:00,6304960.257918031,1354960.257918031 
 03/17  14:00:00,6304960.257918031,1354960.257918031 
 03/17  15:00:00,6304960.257918031,1354960.257918031 
 03/17  16:00:00,6304960.257918031,1354960.257918031 
 03/17  17:00:00,6304960.257918031,1354960.257918031 
 03/17  18:00:00,6304960.257918031,1354960.257918031 
 03/17  19:00:00,6304960.257918031,1354960.257918031 
 03/17  20:00:00,6304960.257918031,1354960.257918031 
 03/17  21:00:00,6304960.257918031,1354960.257918031 
 03/17  22:00:00,6304960.257918031,1354960.257918031 
 03/17  23:00:00,6304960.257918031,1354960.257918031 
 03/17  24:00:00,6304960.257918031,1354960.257918031 
 03/18  01:00:00,3064960.257918031,1354960.257918031 
 03/18  02:00:00,3065042.959719274,1354960.257918031 
 03/18  03:00:00,3066463.238138116,1354960.257918031 
 03/18  04:00:00,3068035.9589246283,1354960.257918031 
 03/18  05:00:00,3069393.8936881875,1354960.257918031 
 03/18  06:00:00,3071858.8394978526,1354960.257918031 
 03/18  07:00:00,3511286.765352356,1354960.257918031 
 03/18  08:00:00,3368220.5351513186,1354960.257918031 
 03/18  09:00:00,32954255.199887693,1363071.505836139 
 03/18  10:00:00,43322273.05744348,1430168.1466466603 
 03/18  11:00:00,44693181.29464,1466839.5086419496 
 03/18  12:00:00,43323311.876749024,1443168.3989932828 
 03/18  13:00:00,39227250.96185547,1370727.7790438533 
 03/18  14:00:00,41959873.76775821,1442514.855375303 
 03/18  15:00:00,44352196.53616862,1540500.3608831847 
 03/18  16:00:00,43146439.14559877,1558698.5698705348 
 03/18  17:00:00,37472882.28530362,1468794.9243019945 
 03/18  18:00:00,37426278.072726764,1375948.4921588916 
 03/18  19:00:00,23022255.054185268,1354960.257918031 
 03/18  20:00:00,12242101.261115124,1354960.257918031 
 03/18  21:00:00,7114960.257918031,1354960.257918031 
 03/18  22:00:00,3064960.257918031,1354960.257918031 
 03/18  23:00:00,3064960.257918031,1354960.257918031 
 03/18  24:00:00,3064960.257918031,1354960.257918031 
 03/19  01:00:00,3064960.257918031,1354960.257918031 
 03/19  02:00:00,3064960.257918031,1354960.257918031 
 03/19  03:00:00,3064960.257918031,1354960.257918031 
 03/19  04:00:00,3064960.257918031,1354960.257918031 
 03/19  05:00:00,3064960.257918031,1354960.257918031 
 03/19  06:00:00,3064960.257918031,1354960.257918031 
 03/19  07:00:00,3410734.1458635717,1354960.257918031 
 03/19  08:00:00,3230449.0765284486,1354960.257918031 
 03/19  09:00:00,32881846.03308645,1354960.257918031 
 03/19  10:00:00,43219267.788581364,1357711.030688711 
 03/19  11:00:00,45591357.53967434,1441316.6067877335 
 03/19  12:00:00,46094057.45656374,1526876.4108356144 
 03/19  13:00:00,42325710.64904339,1467341.6576539734 
 03/19  14:00:00,46635212.53826606,1689326.924518592 
 03/19  15:00:00,48601342.86185469,1836198.7579574937 
 03/19  16:00:00,47244278.065832555,1829121.369397965 
 03/19  17:00:00,43027245.53141795,1687692.746237724 
 03/19  18:00:00,41419760.468522,1510799.7147118878 
 03/19  19:00:00,25291792.81112527,1354960.257918031 
 03/19  20:00:00,12175898.684415782,1354960.257918031 
 03/19  21:00:00,7114960.257918031,1354960.257918031 
 03/19  22:00:00,3064960.257918031,1354960.257918031 
 03/19  23:00:00,3064960.257918031,1354960.257918031 
 03/19  24:00:00,3064960.257918031,1354960.257918031 
 03/20  01:00:00,3064960.257918031,1354960.257918031 
 03/20  02:00:00,3064960.257918031,1354960.257918031 
 03/20  03:00:00,3064960.257918031,1354960.257918031 
 03/20  04:00:00,3064960.257918031,1354960.257918031 
 03/20  05:00:00,3064960.257918031,1354960.257918031 
 03/20  06:00:00,3064960.257918031,1354960.257918031 
 03/20  07:00:00,3423527.279376368,1354960.2579180307 
 03/20  08:00:00,3244782.9288835432,1354960.257918031 
 03/20  09:00:00,32921326.028593674,1373515.2314211207 
 03/20  10:00:00,43320716.738910094,1440342.5282648618 
 03/20  11:00:00,44700865.55050862,1460070.9356857655 
 03/20  12:00:00,43299070.23812708,1433264.532528183 
 03/20  13:00:00,39220489.05557765,1366219.640824149 
 03/20  14:00:00,41923250.544461675,1385934.5705380097 
 03/20  15:00:00,42882517.255354814,1465872.9476635288 
 03/20  16:00:00,41082611.6234565,1462202.537941805 
 03/20  17:00:00,37425454.12459761,1395230.6362422644 
 03/20  18:00:00,37408371.86545973,1363424.2680142764 
 03/20  19:00:00,23028717.22397511,1354960.257918031 
 03/20  20:00:00,12271409.615355456,1354960.257918031 
 03/20  21:00:00,7114960.257918031,1354960.257918031 
 03/20  22:00:00,3064960.257918031,1354960.257918031 
 03/20  23:00:00,3064960.257918031,1354960.257918031 
 03/20  24:00:00,3064960.257918031,1354960.257918031 
 03/21  01:00:00,3064960.257918031,1354960.257918031 
 03/21  02:00:00,3064960.257918031,1354960.257918031 
 03/21  03:00:00,3064960.257918031,1354960.257918031 
 03/21  04:00:00,3064960.257918031,1354960.257918031 
 03/21  05:00:00,3064960.257918031,1354960.257918031 
 03/21  06:00:00,3064960.257918031,1354960.257918031 
 03/21  07:00:00,3469446.5697273696,1354960.257918031 
 03/21  08:00:00,3311973.0842187908,1354960.257918031 
 03/21  09:00:00,32945239.782573134,1376318.5132368768 
 03/21  10:00:00,43329611.73630302,1445461.629679259 
 03/21  11:00:00,44712494.53867039,1469570.612143806 
 03/21  12:00:00,43314518.4921046,1445876.861463252 
 03/21  13:00:00,39210571.796465315,1370990.8084488125 
 03/21  14:00:00,41955374.065887004,1446926.1853888314 
 03/21  15:00:00,44811295.72820726,1529899.5905968938 
 03/21  16:00:00,41062854.08914323,1458739.7124698423 
 03/21  17:00:00,37405209.62127622,1389002.4158057198 
 03/21  18:00:00,37415903.35925649,1373037.7883040279 
 03/21  19:00:00,23020944.019787338,1354960.257918031 
 03/21  20:00:00,12250461.95350923,1354960.257918031 
 03/21  21:00:00,7114960.257918031,1354960.257918031 
 03/21  22:00:00,3064960.257918031,1354960.257918031 
 03/21  23:00:00,3064960.257918031,1354960.257918031 
 03/21  24:00:00,3064960.257918031,1354960.257918031 
 03/22  01:00:00,3064960.257918031,1354960.257918031 
 03/22  02:00:00,3064960.257918031,1354960.257918031 
 03/22  03:00:00,3064960.257918031,1354960.257918031 
 03/22  04:00:00,3064960.257918031,1354960.257918031 
 03/22  05:00:00,3064960.257918031,1354960.257918031 
 03/22  06:00:00,3064960.257918031,1354960.257918031 
 03/22  07:00:00,3458688.0950113423,1354960.257918031 
 03/22  08:00:00,3286680.4723593583,1354960.257918031 
 03/22  09:00:00,32926328.38600861,1358398.033589494 
 03/22  10:00:00,43303349.19094642,1411533.1286288921 
 03/22  11:00:00,44666346.091910385,1446748.2451750208 
 03/22  12:00:00,43277662.350234725,1415340.5431092982 
 03/22  13:00:00,39179918.82033229,1358006.848682149 
 03/22  14:00:00,41907828.15142476,1395914.8066212838 
 03/22  15:00:00,42818459.27745123,1409729.7450711008 
 03/22  16:00:00,41012280.40532416,1402744.7332622407 
 03/22  17:00:00,37389310.257197164,1370097.1715347508 
 03/22  18:00:00,37419766.69312255,1359549.7482616862 
 03/22  19:00:00,23012066.33612871,1354960.257918031 
 03/22  20:00:00,12227363.790361065,1354960.257918031 
 03/22  21:00:00,7114960.257918031,1354960.257918031 
 03/22  22:00:00,3064960.257918031,1354960.257918031 
 03/22  23:00:00,3064960.257918031,1354960.257918031 
 03/22  24:00:00,3064960.257918031,1354960.257918031 
 03/23  01:00:00,6304960.257918031,1354960.257918031 
 03/23  02:00:00,6304960.257918031,1354960.257918031 
 03/23  03:00:00,6304960.257918031,1354960.257918031 
 03/23  04:00:00,6304960.257918031,1354960.257918031 
 03/23  05:00:00,6304960.257918031,1354960.257918031 
 03/23  06:00:00,6304960.257918031,1354960.257918031 
 03/23  07:00:00,6304960.257918031,1354960.257918031 
 03/23  08:00:00,6304960.257918031,1354960.257918031 
 03/23  09:00:00,6304960.257918031,1354960.257918031 
 03/23  10:00:00,6304960.257918031,1354960.257918031 
 03/23  11:00:00,6304960.257918031,1354960.257918031 
 03/23  12:00:00,6304960.257918031,1354960.257918031 
 03/23  13:00:00,6304960.257918031,1354960.257918031 
 03/23  14:00:00,6304960.257918031,1354960.257918031 
 03/23  15:00:00,6304960.257918031,1354960.257918031 
 03/23  16:00:00,6304960.257918031,1354960.257918031 
 03/23  17:00:00,6304960.257918031,1354960.257918031 
 03/23  18:00:00,6304960.257918031,1354960.257918031 
 03/23  19:00:00,6304960.257918031,1354960.257918031 
 03/23  20:00:00,6304960.257918031,1354960.257918031 
 03/23  21:00:00,6304960.257918031,1354960.257918031 
 03/23  22:00:00,6304960.257918031,1354960.257918031 
 03/23  23:00:00,6304960.257918031,1354960.257918031 
 03/23  24:00:00,6304960.257918031,1354960.257918031 
 03/24  01:00:00,6304960.257918031,1354960.257918031 
 03/24  02:00:00,6304960.257918031,1354960.257918031 
 03/24  03:00:00,6304960.257918031,1354960.257918031 
 03/24  04:00:00,6304960.257918031,1354960.257918031 
 03/24  05:00:00,6304960.257918031,1354960.257918031 
 03/24  06:00:00,6304960.257918031,1354960.257918031 
 03/24  07:00:00,6304960.257918031,1354960.257918031 
 03/24  08:00:00,6304960.257918031,1354960.257918031 
 03/24  09:00:00,6304960.257918031,1354960.257918031 
 03/24  10:00:00,6304960.257918031,1354960.257918031 
 03/24  11:00:00,6304960.257918031,1354960.257918031 
 03/24  12:00:00,6304960.257918031,1354960.257918031 
 03/24  13:00:00,6304960.257918031,1354960.257918031 
 03/24  14:00:00,6304960.257918031,1354960.257918031 
 03/24  15:00:00,6304960.257918031,1354960.257918031 
 03/24  16:00:00,6304960.257918031,1354960.257918031 
 03/24  17:00:00,6304960.257918031,1354960.257918031 
 03/24  18:00:00,6304960.257918031,1354960.257918031 
 03/24  19:00:00,6304960.257918031,1354960.257918031 
 03/24  20:00:00,6304960.257918031,1354960.257918031 
 03/24  21:00:00,6304960.257918031,1354960.257918031 
 03/24  22:00:00,6304960.257918031,1354960.257918031 
 03/24  23:00:00,6304960.257918031,1354960.257918031 
 03/24  24:00:00,6304960.257918031,1354960.257918031 
 03/25  01:00:00,3064960.257918031,1354960.257918031 
 03/25  02:00:00,3064960.257918031,1354960.257918031 
 03/25  03:00:00,3064960.257918031,1354960.257918031 
 03/25  04:00:00,3064960.257918031,1354960.257918031 
 03/25  05:00:00,3064960.257918031,1354960.257918031 
 03/25  06:00:00,3064960.257918031,1354960.257918031 
 03/25  07:00:00,3458885.5547361034,1354960.257918031 
 03/25  08:00:00,3285000.1105304593,1354960.257918031 
 03/25  09:00:00,32924836.089031562,1354960.257918031 
 03/25  10:00:00,43274311.450729,1354960.257918031 
 03/25  11:00:00,44626825.25355243,1364657.281783864 
 03/25  12:00:00,43264824.4865392,1388271.0659200842 
 03/25  13:00:00,39189908.382332996,1361786.4007484904 
 03/25  14:00:00,41947737.8453843,1436500.2572527584 
 03/25  15:00:00,42867221.81955944,1460770.8396985224 
 03/25  16:00:00,41031770.426883504,1422813.615977481 
 03/25  17:00:00,37405157.13327977,1389897.4339014858 
 03/25  18:00:00,37407974.20710735,1388137.4463013695 
 03/25  19:00:00,23019410.24405507,1354960.257918031 
 03/25  20:00:00,12235579.392815469,1354960.257918031 
 03/25  21:00:00,7114960.257918031,1354960.257918031 
 03/25  22:00:00,3064960.257918031,1354960.257918031 
 03/25  23:00:00,3064960.257918031,1354960.257918031 
 03/25  24:00:00,3064960.257918031,1354960.257918031 
 03/26  01:00:00,3064960.257918031,1354960.257918031 
 03/26  02:00:00,3064960.257918031,1354960.257918031 
 03/26  03:00:00,3064960.257918031,1354960.257918031 
 03/26  04:00:00,3064960.257918031,1354960.257918031 
 03/26  05:00:00,3064960.257918031,1354960.257918031 
 03/26  06:00:00,3064960.257918031,1354960.257918031 
 03/26  07:00:00,3420259.6449370515,1354960.257918031 
 03/26  08:00:00,3233029.5042616306,1354960.257918031 
 03/26  09:00:00,32906359.183462292,1376049.3492807471 
 03/26  10:00:00,43296054.22659205,1441292.1864132024 
 03/26  11:00:00,46763843.47758566,1503594.0173945455 
 03/26  12:00:00,46492234.741066776,1566849.6320573748 
 03/26  13:00:00,42745722.83884609,1462546.8691371651 
 03/26  14:00:00,46496883.689733796,1626581.2616232405 
 03/26  15:00:00,49156485.7828949,1798975.5114032906 
 03/26  16:00:00,47559511.46240241,1826470.3821676313 
 03/26  17:00:00,42913515.17203095,1636112.2650395646 
 03/26  18:00:00,41481210.687944025,1472301.9516681754 
 03/26  19:00:00,25858401.84863287,1354960.257918031 
 03/26  20:00:00,14758709.5420279,1354960.257918031 
 03/26  21:00:00,7114960.257918031,1354960.257918031 
 03/26  22:00:00,3064960.257918031,1354960.257918031 
 03/26  23:00:00,3064960.257918031,1354960.257918031 
 03/26  24:00:00,3064960.257918031,1354960.257918031 
 03/27  01:00:00,3064960.257918031,1354960.257918031 
 03/27  02:00:00,3064960.257918031,1354960.257918031 
 03/27  03:00:00,3064960.257918031,1354960.257918031 
 03/27  04:00:00,3064960.257918031,1354960.257918031 
 03/27  05:00:00,3064960.257918031,1354960.257918031 
 03/27  06:00:00,3064960.257918031,1354960.257918031 
 03/27  07:00:00,5212291.270837605,1354960.257918031 
 03/27  08:00:00,5208250.028135841,1354960.257918031 
 03/27  09:00:00,34976487.64336228,1354960.257918031 
 03/27  10:00:00,45408587.499173924,1361010.6678206907 
 03/27  11:00:00,47151822.33500352,1406265.8605089965 
 03/27  12:00:00,47082404.32476573,1480520.553932035 
 03/27  13:00:00,43185941.61061772,1436034.0828267618 
 03/27  14:00:00,47323089.12206556,1624207.33215977 
 03/27  15:00:00,49857952.82601973,1832563.2177013522 
 03/27  16:00:00,47633259.16875095,1741190.0753610292 
 03/27  17:00:00,42162186.36003202,1501229.902926805 
 03/27  18:00:00,41106763.91940565,1442578.3692617225 
 03/27  19:00:00,25566837.85041953,1354960.257918031 
 03/27  20:00:00,14401828.613309875,1354960.257918031 
 03/27  21:00:00,7114960.257918031,1354960.257918031 
 03/27  22:00:00,3064960.257918031,1354960.257918031 
 03/27  23:00:00,3064960.257918031,1354960.257918031 
 03/27  24:00:00,3064960.257918031,1354960.257918031 
 03/28  01:00:00,3064960.257918031,1354960.257918031 
 03/28  02:00:00,3064960.257918031,1354960.257918031 
 03/28  03:00:00,3064960.257918031,1354960.257918031 
 03/28  04:00:00,3064960.257918031,1354960.257918031 
 03/28  05:00:00,3064960.257918031,1354960.257918031 
 03/28  06:00:00,3064960.257918031,1354960.257918031 
 03/28  07:00:00,3310490.643810425,1354960.257918031 
 03/28  08:00:00,3176755.4585931394,1354960.257918031 
 03/28  09:00:00,32890389.08104503,1354960.257918031 
 03/28  10:00:00,43235339.52011809,1354960.257918031 
 03/28  11:00:00,44608402.11111293,1380651.593495971 
 03/28  12:00:00,43254920.506049074,1383128.141527271 
 03/28  13:00:00,39189317.60407309,1354960.257918031 
 03/28  14:00:00,41905352.431843445,1380853.826632804 
 03/28  15:00:00,42814683.789120525,1395575.7161313274 
 03/28  16:00:00,41007886.775033005,1391234.3448720132 
 03/28  17:00:00,37392442.99323416,1370771.044832279 
 03/28  18:00:00,37407204.66497989,1368144.8361025036 
 03/28  19:00:00,22994167.15140038,1354960.257918031 
 03/28  20:00:00,12205693.434741858,1354960.257918031 
 03/28  21:00:00,7114960.257918031,1354960.257918031 
 03/28  22:00:00,3064960.257918031,1354960.257918031 
 03/28  23:00:00,3064960.257918031,1354960.257918031 
 03/28  24:00:00,3064960.257918031,1354960.257918031 
 03/29  01:00:00,3064960.257918031,1354960.257918031 
 03/29  02:00:00,3064960.257918031,1354960.257918031 
 03/29  03:00:00,3064960.257918031,1354960.257918031 
 03/29  04:00:00,3064960.257918031,1354960.257918031 
 03/29  05:00:00,3064960.257918031,1354960.257918031 
 03/29  06:00:00,3064960.257918031,1354960.257918031 
 03/29  07:00:00,3332645.8805918656,1354960.257918031 
 03/29  08:00:00,3183945.3020866676,1354960.257918031 
 03/29  09:00:00,32877628.526197523,1354960.257918031 
 03/29  10:00:00,43221373.73295086,1360757.946696451 
 03/29  11:00:00,45568173.14799805,1420452.5741104921 
 03/29  12:00:00,45500946.78958891,1454612.3110942948 
 03/29  13:00:00,41481612.296662785,1409141.9409896652 
 03/29  14:00:00,44988601.66734131,1505102.6647131261 
 03/29  15:00:00,45744202.96586065,1509350.1218814747 
 03/29  16:00:00,41555086.81739602,1424038.047288218 
 03/29  17:00:00,37397015.087418966,1379339.1985570514 
 03/29  18:00:00,37418061.06074415,1370050.885889178 
 03/29  19:00:00,23018540.311369486,1354960.257918031 
 03/29  20:00:00,12242074.573968915,1354960.257918031 
 03/29  21:00:00,7114960.257918031,1354960.257918031 
 03/29  22:00:00,3064960.257918031,1354960.257918031 
 03/29  23:00:00,3064960.257918031,1354960.257918031 
 03/29  24:00:00,3064960.257918031,1354960.257918031 
 03/30  01:00:00,6304960.257918031,1354960.257918031 
 03/30  02:00:00,6304960.257918031,1354960.257918031 
 03/30  03:00:00,6304960.257918031,1354960.257918031 
 03/30  04:00:00,6304960.257918031,1354960.257918031 
 03/30  05:00:00,6304960.257918031,1354960.257918031 
 03/30  06:00:00,6304960.257918031,1354960.257918031 
 03/30  07:00:00,6304960.257918031,1354960.257918031 
 03/30  08:00:00,6304960.257918031,1354960.257918031 
 03/30  09:00:00,6304960.257918031,1354960.257918031 
 03/30  10:00:00,6304960.257918031,1354960.257918031 
 03/30  11:00:00,6304960.257918031,1354960.257918031 
 03/30  12:00:00,6304960.257918031,1354960.257918031 
 03/30  13:00:00,6304960.257918031,1354960.257918031 
 03/30  14:00:00,6304960.257918031,1354960.257918031 
 03/30  15:00:00,6304960.257918031,1354960.257918031 
 03/30  16:00:00,6304960.257918031,1354960.257918031 
 03/30  17:00:00,6304960.257918031,1354960.257918031 
 03/30  18:00:00,6304960.257918031,1354960.257918031 
 03/30  19:00:00,6304960.257918031,1354960.257918031 
 03/30  20:00:00,6304960.257918031,1354960.257918031 
 03/30  21:00:00,6304960.257918031,1354960.257918031 
 03/30  22:00:00,6304960.257918031,1354960.257918031 
 03/30  23:00:00,6304960.257918031,1354960.257918031 
 03/30  24:00:00,6304960.257918031,1354960.257918031 
 03/31  01:00:00,6304960.257918031,1354960.257918031 
 03/31  02:00:00,6304960.257918031,1354960.257918031 
 03/31  03:00:00,6304960.257918031,1354960.257918031 
 03/31  04:00:00,6304960.257918031,1354960.257918031 
 03/31  05:00:00,6304960.257918031,1354960.257918031 
 03/31  06:00:00,6304960.257918031,1354960.257918031 
 03/31  07:00:00,6304960.257918031,1354960.257918031 
 03/31  08:00:00,6304960.257918031,1354960.257918031 
 03/31  09:00:00,6304960.257918031,1354960.257918031 
 03/31  10:00:00,6304960.257918031,1354960.257918031 
 03/31  11:00:00,6304960.257918031,1354960.257918031 
 03/31  12:00:00,6304960.257918031,1354960.257918031 
 03/31  13:00:00,6304960.257918031,1354960.257918031 
 03/31  14:00:00,6304960.257918031,1354960.257918031 
 03/31  15:00:00,6304960.257918031,1354960.257918031 
 03/31  16:00:00,6304960.257918031,1354960.257918031 
 03/31  17:00:00,6304960.257918031,1354960.257918031 
 03/31  18:00:00,6304960.257918031,1354960.257918031 
 03/31  19:00:00,6304960.257918031,1354960.257918031 
 03/31  20:00:00,6304960.257918031,1354960.257918031 
 03/31  21:00:00,6304960.257918031,1354960.257918031 
 03/31  22:00:00,6304960.257918031,1354960.257918031 
 03/31  23:00:00,6304960.257918031,1354960.257918031 
 03/31  24:00:00,6304960.257918031,1354960.257918031,11783832467.958273,10568070000.0,6589350000.0,1023237314.5745144,192525153.3834293,6638095781.765982,6638095781.765982,,,,,,,,6589350000.0,,10568070000.0,,3978720000.0 
 04/01  01:00:00,1710000.0,0.0 
 04/01  02:00:00,1710000.0,0.0 
 04/01  03:00:00,1710000.0,0.0 
 04/01  04:00:00,1710000.0,0.0 
 04/01  05:00:00,1710000.0,0.0 
 04/01  06:00:00,1710000.0,0.0 
 04/01  07:00:00,3401285.6261531445,1354960.257918031 
 04/01  08:00:00,3213787.8859005054,1354960.257918031 
 04/01  09:00:00,32896680.882925123,1362152.6379254041 
 04/01  10:00:00,43252562.0375015,1386857.8992182368 
 04/01  11:00:00,44609423.85953137,1395771.2115967763 
 04/01  12:00:00,43253983.21444271,1385289.7313956157 
 04/01  13:00:00,39202041.69386625,1358862.1799447238 
 04/01  14:00:00,41902829.48332925,1383540.519092761 
 04/01  15:00:00,42808886.51787527,1392047.4234249387 
 04/01  16:00:00,41005165.268990085,1381181.702459056 
 04/01  17:00:00,37393218.93342154,1358987.1974205268 
 04/01  18:00:00,37393489.85782243,1355165.8940473618 
 04/01  19:00:00,23008700.629205253,1354960.257918031 
 04/01  20:00:00,12237005.029061986,1354960.257918031 
 04/01  21:00:00,5760000.0,0.0 
 04/01  22:00:00,1710000.0,0.0 
 04/01  23:00:00,1710000.0,0.0 
 04/01  24:00:00,1710000.0,0.0 
 04/02  01:00:00,1710000.0,0.0 
 04/02  02:00:00,1710000.0,0.0 
 04/02  03:00:00,1710000.0,0.0 
 04/02  04:00:00,1710000.0,0.0 
 04/02  05:00:00,1710000.0,0.0 
 04/02  06:00:00,1710000.0,0.0 
 04/02  07:00:00,3382453.6137534445,1354960.257918031 
 04/02  08:00:00,3219839.3509836784,1354960.257918031 
 04/02  09:00:00,32887502.717456758,1354960.257918031 
 04/02  10:00:00,43226549.38999285,1354960.257918031 
 04/02  11:00:00,44593190.62808329,1375025.54785146 
 04/02  12:00:00,43247799.740661375,1377192.8329723428 
 04/02  13:00:00,39194771.322497055,1354960.257918031 
 04/02  14:00:00,41894672.18585377,1382107.6536076032 
 04/02  15:00:00,42802510.46301829,1393782.110502098 
 04/02  16:00:00,41002971.06020623,1386152.569016322 
 04/02  17:00:00,37390817.947311975,1366203.4069013046 
 04/02  18:00:00,37383275.897202946,1361637.968561628 
 04/02  19:00:00,22995316.008242816,1354960.257918031 
 04/02  20:00:00,12221639.624869877,1354960.257918031 
 04/02  21:00:00,5760000.0,0.0 
 04/02  22:00:00,1710000.0,0.0 
 04/02  23:00:00,1710000.0,0.0 
 04/02  24:00:00,1710000.0,0.0 
 04/03  01:00:00,1710000.0,0.0 
 04/03  02:00:00,1710000.0,0.0 
 04/03  03:00:00,1710000.0,0.0 
 04/03  04:00:00,1710000.0,0.0 
 04/03  05:00:00,1710000.0,0.0 
 04/03  06:00:00,1710000.0,0.0 
 04/03  07:00:00,3385774.8853693297,1354960.257918031 
 04/03  08:00:00,3228533.035173565,1354960.257918031 
 04/03  09:00:00,32901189.245760128,1354960.257918031 
 04/03  10:00:00,43232238.24840641,1354960.257918031 
 04/03  11:00:00,44583984.19671534,1363948.1593707227 
 04/03  12:00:00,43235780.53586582,1366927.6723802134 
 04/03  13:00:00,39176885.35841933,1354960.257918031 
 04/03  14:00:00,41891566.638645835,1372786.4915463533 
 04/03  15:00:00,42808583.48669664,1396147.091469591 
 04/03  16:00:00,41020538.697239675,1412230.0784926363 
 04/03  17:00:00,37403209.81901876,1390982.2988431812 
 04/03  18:00:00,37397237.19080186,1383480.702824034 
 04/03  19:00:00,22987167.25808212,1354960.257918031 
 04/03  20:00:00,12216484.591149502,1354960.257918031 
 04/03  21:00:00,5760000.0,0.0 
 04/03  22:00:00,1710000.0,0.0 
 04/03  23:00:00,1710000.0,0.0 
 04/03  24:00:00,1710000.0,0.0 
 04/04  01:00:00,1710000.0,0.0 
 04/04  02:00:00,1710000.0,0.0 
 04/04  03:00:00,1710000.0,0.0 
 04/04  04:00:00,1710000.0,0.0 
 04/04  05:00:00,1710000.0,0.0 
 04/04  06:00:00,1710000.0,0.0 
 04/04  07:00:00,3382522.4202148896,1354960.257918031 
 04/04  08:00:00,3211366.1236262936,1354960.257918031 
 04/04  09:00:00,32894820.032786615,1354960.257918031 
 04/04  10:00:00,43239710.83206538,1365171.400897118 
 04/04  11:00:00,44597929.617007576,1380259.5385718353 
 04/04  12:00:00,43243926.62489326,1377360.647233358 
 04/04  13:00:00,39179598.01012548,1354960.257918031 
 04/04  14:00:00,41892817.99155126,1373732.72118514 
 04/04  15:00:00,42802621.19933903,1384713.7968495665 
 04/04  16:00:00,40999103.3114419,1376884.4165866503 
 04/04  17:00:00,37389730.13371226,1358517.7424620856 
 04/04  18:00:00,37390686.15116467,1355804.0485579614 
 04/04  19:00:00,23008503.448487174,1354960.257918031 
 04/04  20:00:00,12239800.284519263,1354960.257918031 
 04/04  21:00:00,5760000.0,0.0 
 04/04  22:00:00,1710000.0,0.0 
 04/04  23:00:00,1710000.0,0.0 
 04/04  24:00:00,1710000.0,0.0 
 04/05  01:00:00,1710000.0,0.0 
 04/05  02:00:00,1710000.0,0.0 
 04/05  03:00:00,1710000.0,0.0 
 04/05  04:00:00,1710000.0,0.0 
 04/05  05:00:00,1710000.0,0.0 
 04/05  06:00:00,1710000.0,0.0 
 04/05  07:00:00,3418413.5511790738,1354960.257918031 
 04/05  08:00:00,3227432.909885399,1354960.257918031 
 04/05  09:00:00,32894464.33728903,1354960.257918031 
 04/05  10:00:00,43230085.38704058,1357434.6119703432 
 04/05  11:00:00,44595388.11280741,1377712.9514160121 
 04/05  12:00:00,43244717.926707745,1379730.7189552896 
 04/05  13:00:00,39181263.924707174,1356655.1053607352 
 04/05  14:00:00,41902600.601832926,1383797.5731715686 
 04/05  15:00:00,42811686.01450359,1392639.5539451628 
 04/05  16:00:00,41008444.03343902,1385459.6994044015 
 04/05  17:00:00,37398973.49790053,1367915.6988607973 
 04/05  18:00:00,37385293.579089664,1365624.2349912364 
 04/05  19:00:00,22993316.975364745,1354960.257918031 
 04/05  20:00:00,12224500.02261164,1354960.257918031 
 04/05  21:00:00,5760000.0,0.0 
 04/05  22:00:00,1710000.0,0.0 
 04/05  23:00:00,1710000.0,0.0 
 04/05  24:00:00,1710000.0,0.0 
 04/06  01:00:00,4950000.0,0.0 
 04/06  02:00:00,4950000.0,0.0 
 04/06  03:00:00,4950000.0,0.0 
 04/06  04:00:00,4950000.0,0.0 
 04/06  05:00:00,4950000.0,0.0 
 04/06  06:00:00,4950000.0,0.0 
 04/06  07:00:00,4950000.0,0.0 
 04/06  08:00:00,4950000.0,0.0 
 04/06  09:00:00,4950000.0,0.0 
 04/06  10:00:00,4950000.0,0.0 
 04/06  11:00:00,4950000.0,0.0 
 04/06  12:00:00,4950000.0,0.0 
 04/06  13:00:00,4950000.0,0.0 
 04/06  14:00:00,4950000.0,0.0 
 04/06  15:00:00,4950000.0,0.0 
 04/06  16:00:00,4950000.0,0.0 
 04/06  17:00:00,4950000.0,0.0 
 04/06  18:00:00,4950000.0,0.0 
 04/06  19:00:00,4950000.0,0.0 
 04/06  20:00:00,4950000.0,0.0 
 04/06  21:00:00,4950000.0,0.0 
 04/06  22:00:00,4950000.0,0.0 
 04/06  23:00:00,4950000.0,0.0 
 04/06  24:00:00,4950000.0,0.0 
 04/07  01:00:00,4950000.0,0.0 
 04/07  02:00:00,4950000.0,0.0 
 04/07  03:00:00,4950000.0,0.0 
 04/07  04:00:00,4950000.0,0.0 
 04/07  05:00:00,4950000.0,0.0 
 04/07  06:00:00,4950000.0,0.0 
 04/07  07:00:00,4950000.0,0.0 
 04/07  08:00:00,4950000.0,0.0 
 04/07  09:00:00,4950000.0,0.0 
 04/07  10:00:00,4950000.0,0.0 
 04/07  11:00:00,4950000.0,0.0 
 04/07  12:00:00,4950000.0,0.0 
 04/07  13:00:00,4950000.0,0.0 
 04/07  14:00:00,4950000.0,0.0 
 04/07  15:00:00,4950000.0,0.0 
 04/07  16:00:00,4950000.0,0.0 
 04/07  17:00:00,4950000.0,0.0 
 04/07  18:00:00,4950000.0,0.0 
 04/07  19:00:00,4950000.0,0.0 
 04/07  20:00:00,4950000.0,0.0 
 04/07  21:00:00,4950000.0,0.0 
 04/07  22:00:00,4950000.0,0.0 
 04/07  23:00:00,4950000.0,0.0 
 04/07  24:00:00,4950000.0,0.0 
 04/08  01:00:00,1710000.0,0.0 
 04/08  02:00:00,1710000.0,0.0 
 04/08  03:00:00,1710000.0,0.0 
 04/08  04:00:00,1710000.0,0.0 
 04/08  05:00:00,1710000.0,0.0 
 04/08  06:00:00,1710000.0,0.0 
 04/08  07:00:00,3297621.846307827,1354960.257918031 
 04/08  08:00:00,3163616.9786988595,1354960.257918031 
 04/08  09:00:00,32869894.182366967,1354960.257918031 
 04/08  10:00:00,43207926.62909078,1354960.257918031 
 04/08  11:00:00,46743735.02052587,1374585.7545854738 
 04/08  12:00:00,45596932.33456824,1371817.4930250656 
 04/08  13:00:00,41540236.90970367,1354960.257918031 
 04/08  14:00:00,44427147.21470329,1370510.2280997047 
 04/08  15:00:00,45536581.62007581,1384973.7005268172 
 04/08  16:00:00,43743336.290243804,1381478.666276317 
 04/08  17:00:00,40006013.670906305,1366355.0654213806 
 04/08  18:00:00,40009489.991765246,1364998.825603991 
 04/08  19:00:00,23588509.21299244,1354960.257918031 
 04/08  20:00:00,12192713.97160709,1354960.257918031 
 04/08  21:00:00,5760000.0,0.0 
 04/08  22:00:00,1710000.0,0.0 
 04/08  23:00:00,1710000.0,0.0 
 04/08  24:00:00,1710000.0,0.0 
 04/09  01:00:00,1710000.0,0.0 
 04/09  02:00:00,1710000.0,0.0 
 04/09  03:00:00,1710000.0,0.0 
 04/09  04:00:00,1710000.0,0.0 
 04/09  05:00:00,1710000.0,0.0 
 04/09  06:00:00,1710000.0,0.0 
 04/09  07:00:00,3281993.3102565673,1354960.257918031 
 04/09  08:00:00,3169153.305213595,1354960.257918031 
 04/09  09:00:00,32881897.746599644,1354960.257918031 
 04/09  10:00:00,43221222.78513324,1354960.257918031 
 04/09  11:00:00,44583170.33731867,1373333.9541904735 
 04/09  12:00:00,43231091.608302616,1371451.0784115186 
 04/09  13:00:00,39166020.5367349,1354960.257918031 
 04/09  14:00:00,42489980.35487232,1383765.2833741733 
 04/09  15:00:00,45950975.63036168,1450664.3801671802 
 04/09  16:00:00,45015559.16585927,1501647.6382522937 
 04/09  17:00:00,40992646.67425769,1451351.0752515215 
 04/09  18:00:00,40414492.08396513,1413660.2094983673 
 04/09  19:00:00,22969245.229413833,1354960.257918031 
 04/09  20:00:00,12198056.40018266,1354960.257918031 
 04/09  21:00:00,5760000.0,0.0 
 04/09  22:00:00,1710000.0,0.0 
 04/09  23:00:00,1710000.0,0.0 
 04/09  24:00:00,1710000.0,0.0 
 04/10  01:00:00,1710000.0,0.0 
 04/10  02:00:00,1710000.0,0.0 
 04/10  03:00:00,1710000.0,0.0 
 04/10  04:00:00,1710000.0,0.0 
 04/10  05:00:00,1710000.0,0.0 
 04/10  06:00:00,1710000.0,0.0 
 04/10  07:00:00,3310021.5573407793,1354960.257918031 
 04/10  08:00:00,3148139.6569733126,1354960.257918031 
 04/10  09:00:00,33604144.55751761,1377275.837488998 
 04/10  10:00:00,45872671.66976058,1433818.2534480488 
 04/10  11:00:00,49063173.483093984,1523806.153425511 
 04/10  12:00:00,48291226.96093373,1527372.3295704406 
 04/10  13:00:00,43893790.61442412,1429021.4300567775 
 04/10  14:00:00,47730736.98108374,1515267.189337675 
 04/10  15:00:00,49464083.375325456,1604840.1809282086 
 04/10  16:00:00,48333521.6139483,1650795.792209637 
 04/10  17:00:00,44051951.73004186,1574874.9309959724 
 04/10  18:00:00,42874534.522572845,1487685.3916218025 
 04/10  19:00:00,26264049.51662924,1354960.257918031 
 04/10  20:00:00,14994941.126401955,1354960.257918031 
 04/10  21:00:00,5760000.0,0.0 
 04/10  22:00:00,1710000.0,0.0 
 04/10  23:00:00,1710000.0,0.0 
 04/10  24:00:00,1710000.0,0.0 
 04/11  01:00:00,1710000.0,0.0 
 04/11  02:00:00,1710000.0,0.0 
 04/11  03:00:00,1710000.0,0.0 
 04/11  04:00:00,1710000.0,0.0 
 04/11  05:00:00,1710000.0,0.0 
 04/11  06:00:00,1710000.0,0.0 
 04/11  07:00:00,4739696.901233157,1354960.257918031 
 04/11  08:00:00,5582557.904101939,1354960.257918031 
 04/11  09:00:00,36013256.572835,1368246.0093345568 
 04/11  10:00:00,48516783.933331445,1484824.6941541913 
 04/11  11:00:00,51923956.42335547,1642807.9105208477 
 04/11  12:00:00,51127553.91916549,1632208.8058229615 
 04/11  13:00:00,46362439.38676739,1508800.9975761063 
 04/11  14:00:00,50692129.697738886,1627429.201366592 
 04/11  15:00:00,53032037.09775445,1734684.453339843 
 04/11  16:00:00,51429890.200057015,1745341.431869317 
 04/11  17:00:00,46970215.15975592,1642147.8126991943 
 04/11  18:00:00,45924166.236691274,1558215.0268906674 
 04/11  19:00:00,28398818.80362902,1354960.257918031 
 04/11  20:00:00,17207954.12421405,1354960.257918031 
 04/11  21:00:00,5760000.0,0.0 
 04/11  22:00:00,1710000.0,0.0 
 04/11  23:00:00,1710000.0,0.0 
 04/11  24:00:00,1710000.0,0.0 
 04/12  01:00:00,1710000.0,0.0 
 04/12  02:00:00,1710000.0,0.0 
 04/12  03:00:00,1710000.0,0.0 
 04/12  04:00:00,1710000.0,0.0 
 04/12  05:00:00,1710000.0,0.0 
 04/12  06:00:00,1710000.0,0.0 
 04/12  07:00:00,6991435.647605947,1354960.257918031 
 04/12  08:00:00,7048165.643954637,1354960.257918031 
 04/12  09:00:00,36987657.44483246,1354960.257918031 
 04/12  10:00:00,47729568.280250974,1379045.3714929197 
 04/12  11:00:00,49966155.816958964,1426732.0846993998 
 04/12  12:00:00,48715369.05336356,1423294.7229568893 
 04/12  13:00:00,43100471.66215728,1377414.9048024772 
 04/12  14:00:00,45484938.30082326,1410367.350079919 
 04/12  15:00:00,46311983.78113215,1418455.2820398873 
 04/12  16:00:00,44239493.50050573,1403101.070234676 
 04/12  17:00:00,40261992.23886994,1383170.2549388127 
 04/12  18:00:00,40003191.95406686,1378029.630253328 
 04/12  19:00:00,22968234.292927854,1354960.257918031 
 04/12  20:00:00,12189155.596982762,1354960.257918031 
 04/12  21:00:00,5760000.0,0.0 
 04/12  22:00:00,1710000.0,0.0 
 04/12  23:00:00,1710000.0,0.0 
 04/12  24:00:00,1710000.0,0.0 
 04/13  01:00:00,4950000.0,0.0 
 04/13  02:00:00,4950000.0,0.0 
 04/13  03:00:00,4950000.0,0.0 
 04/13  04:00:00,4950000.0,0.0 
 04/13  05:00:00,4950000.0,0.0 
 04/13  06:00:00,4950000.0,0.0 
 04/13  07:00:00,4950000.0,0.0 
 04/13  08:00:00,4950000.0,0.0 
 04/13  09:00:00,4950000.0,0.0 
 04/13  10:00:00,4950000.0,0.0 
 04/13  11:00:00,4950000.0,0.0 
 04/13  12:00:00,4950000.0,0.0 
 04/13  13:00:00,4950000.0,0.0 
 04/13  14:00:00,4950000.0,0.0 
 04/13  15:00:00,4950000.0,0.0 
 04/13  16:00:00,4950000.0,0.0 
 04/13  17:00:00,4950000.0,0.0 
 04/13  18:00:00,4950000.0,0.0 
 04/13  19:00:00,4950000.0,0.0 
 04/13  20:00:00,4950000.0,0.0 
 04/13  21:00:00,4950000.0,0.0 
 04/13  22:00:00,4950000.0,0.0 
 04/13  23:00:00,4950000.0,0.0 
 04/13  24:00:00,4950000.0,0.0 
 04/14  01:00:00,4950000.0,0.0 
 04/14  02:00:00,4950000.0,0.0 
 04/14  03:00:00,4950000.0,0.0 
 04/14  04:00:00,4950000.0,0.0 
 04/14  05:00:00,4950000.0,0.0 
 04/14  06:00:00,4950000.0,0.0 
 04/14  07:00:00,4950000.0,0.0 
 04/14  08:00:00,4950000.0,0.0 
 04/14  09:00:00,4950000.0,0.0 
 04/14  10:00:00,4950000.0,0.0 
 04/14  11:00:00,4950000.0,0.0 
 04/14  12:00:00,4950000.0,0.0 
 04/14  13:00:00,4950000.0,0.0 
 04/14  14:00:00,4950000.0,0.0 
 04/14  15:00:00,4950000.0,0.0 
 04/14  16:00:00,4950000.0,0.0 
 04/14  17:00:00,4950000.0,0.0 
 04/14  18:00:00,4950000.0,0.0 
 04/14  19:00:00,4950000.0,0.0 
 04/14  20:00:00,4950000.0,0.0 
 04/14  21:00:00,4950000.0,0.0 
 04/14  22:00:00,4950000.0,0.0 
 04/14  23:00:00,4950000.0,0.0 
 04/14  24:00:00,4950000.0,0.0 
 04/15  01:00:00,1710000.0,0.0 
 04/15  02:00:00,1710000.0,0.0 
 04/15  03:00:00,1710000.0,0.0 
 04/15  04:00:00,1710000.0,0.0 
 04/15  05:00:00,1710000.0,0.0 
 04/15  06:00:00,1710000.0,0.0 
 04/15  07:00:00,8266754.901839545,1354960.257918031 
 04/15  08:00:00,8835912.744193057,1354960.257918031 
 04/15  09:00:00,40021167.54553698,1389512.8240029032 
 04/15  10:00:00,54743371.041851774,1641840.588142275 
 04/15  11:00:00,59974263.87402621,1846569.1957149748 
 04/15  12:00:00,59340398.379342355,1811234.2457952364 
 04/15  13:00:00,53787099.3339352,1634092.98352098 
 04/15  14:00:00,57907298.48673573,1825749.6385532585 
 04/15  15:00:00,60218624.32444773,1984393.0936782109 
 04/15  16:00:00,58619641.845504835,1992854.9269157806 
 04/15  17:00:00,53279904.570710495,1829760.31158062 
 04/15  18:00:00,51398131.28900244,1690036.469232452 
 04/15  19:00:00,31764509.74071575,1366028.6517947505 
 04/15  20:00:00,20753939.48611848,1354960.257918031 
 04/15  21:00:00,5760000.0,0.0 
 04/15  22:00:00,1710000.0,0.0 
 04/15  23:00:00,1710000.0,0.0 
 04/15  24:00:00,1710000.0,0.0 
 04/16  01:00:00,1710000.0,0.0 
 04/16  02:00:00,1710000.0,0.0 
 04/16  03:00:00,1710000.0,0.0 
 04/16  04:00:00,1710000.0,0.0 
 04/16  05:00:00,1710000.0,0.0 
 04/16  06:00:00,1710000.0,0.0 
 04/16  07:00:00,10149377.481157161,1354960.257918031 
 04/16  08:00:00,10838839.566471819,1354960.257918031 
 04/16  09:00:00,42085415.769504115,1421996.7352558156 
 04/16  10:00:00,56850394.218780234,1709673.1763016814 
 04/16  11:00:00,61359167.77462361,1898009.113401695 
 04/16  12:00:00,60042109.2196777,1860045.646587697 
 04/16  13:00:00,54044932.49104884,1647558.30898536 
 04/16  14:00:00,58543353.634803,1830207.3917287632 
 04/16  15:00:00,60602124.97090859,1981386.0832631672 
 04/16  16:00:00,57698105.65902413,1896334.57908878 
 04/16  17:00:00,51182806.343952306,1632690.4482871431 
 04/16  18:00:00,49428055.785586104,1529077.5549993007 
 04/16  19:00:00,31368619.498288378,1356102.7635382696 
 04/16  20:00:00,20470666.464861743,1354960.257918031 
 04/16  21:00:00,5760000.0,0.0 
 04/16  22:00:00,1710000.0,0.0 
 04/16  23:00:00,1710000.0,0.0 
 04/16  24:00:00,1710000.0,0.0 
 04/17  01:00:00,1710000.0,0.0 
 04/17  02:00:00,1710000.0,0.0 
 04/17  03:00:00,1710000.0,0.0 
 04/17  04:00:00,1710000.0,0.0 
 04/17  05:00:00,1710000.0,0.0 
 04/17  06:00:00,1710000.0,0.0 
 04/17  07:00:00,9552117.123994647,1354960.257918031 
 04/17  08:00:00,9944530.746305615,1354960.257918031 
 04/17  09:00:00,41023345.65472541,1381737.7635849654 
 04/17  10:00:00,54870006.55701466,1563145.4824650798 
 04/17  11:00:00,59168571.914927974,1765814.2188664188 
 04/17  12:00:00,58238241.72515097,1764931.3463329277 
 04/17  13:00:00,52228188.684887566,1596172.8869896426 
 04/17  14:00:00,57152348.79638873,1769665.890843194 
 04/17  15:00:00,59598156.30281219,1928085.2996092266 
 04/17  16:00:00,57393876.88924386,1952118.9925996438 
 04/17  17:00:00,51674511.845095836,1806623.6927324715 
 04/17  18:00:00,49554464.769110814,1686015.371098539 
 04/17  19:00:00,30056176.583257448,1365387.5762567506 
 04/17  20:00:00,18300629.982366983,1354960.257918031 
 04/17  21:00:00,5760000.0,0.0 
 04/17  22:00:00,1710000.0,0.0 
 04/17  23:00:00,1710000.0,0.0 
 04/17  24:00:00,1710000.0,0.0 
 04/18  01:00:00,1710000.0,0.0 
 04/18  02:00:00,1710000.0,0.0 
 04/18  03:00:00,1710000.0,0.0 
 04/18  04:00:00,1710000.0,0.0 
 04/18  05:00:00,1710000.0,0.0 
 04/18  06:00:00,1710000.0,0.0 
 04/18  07:00:00,10242192.934911374,1354960.257918031 
 04/18  08:00:00,11186432.51242728,1354960.257918031 
 04/18  09:00:00,42308644.28379432,1387590.8858769895 
 04/18  10:00:00,56088382.88787265,1600365.2145361153 
 04/18  11:00:00,61161264.631109595,1848000.3642458564 
 04/18  12:00:00,60417710.00228851,1845625.7199846995 
 04/18  13:00:00,55189512.43814537,1667499.4963048245 
 04/18  14:00:00,59724747.936864525,1866068.0785829294 
 04/18  15:00:00,61627659.75332438,2000764.1011209965 
 04/18  16:00:00,57413968.07195105,1814268.9332349757 
 04/18  17:00:00,50878848.99661313,1593077.9560640077 
 04/18  18:00:00,50869414.29153146,1584711.6484469473 
 04/18  19:00:00,32887581.39474494,1360121.8304492082 
 04/18  20:00:00,22124572.42314394,1354960.257918031 
 04/18  21:00:00,5760000.0,0.0 
 04/18  22:00:00,1710000.0,0.0 
 04/18  23:00:00,1710000.0,0.0 
 04/18  24:00:00,1710000.0,0.0 
 04/19  01:00:00,1710000.0,0.0 
 04/19  02:00:00,1710000.0,0.0 
 04/19  03:00:00,1710000.0,0.0 
 04/19  04:00:00,1710000.0,0.0 
 04/19  05:00:00,1710000.0,0.0 
 04/19  06:00:00,1710000.0,0.0 
 04/19  07:00:00,6956730.469452973,1354960.257918031 
 04/19  08:00:00,6774565.960984683,1354960.257918031 
 04/19  09:00:00,36685723.229855515,1354960.257918031 
 04/19  10:00:00,47917920.58851362,1449653.9013997104 
 04/19  11:00:00,50540653.65943522,1585350.930716243 
 04/19  12:00:00,49301371.60802874,1563558.8830625468 
 04/19  13:00:00,43692730.429435566,1437542.6643938771 
 04/19  14:00:00,46881957.362060025,1503333.1758281223 
 04/19  15:00:00,48386712.42407992,1554257.382535 
 04/19  16:00:00,46175348.263600774,1527442.1550776267 
 04/19  17:00:00,41290164.733872116,1430977.8459386185 
 04/19  18:00:00,40697662.86137667,1405441.87285722 
 04/19  19:00:00,24205381.409609817,1354960.257918031 
 04/19  20:00:00,12179949.495065162,1354960.257918031 
 04/19  21:00:00,5760000.0,0.0 
 04/19  22:00:00,1710000.0,0.0 
 04/19  23:00:00,1710000.0,0.0 
 04/19  24:00:00,1710000.0,0.0 
 04/20  01:00:00,4950000.0,0.0 
 04/20  02:00:00,4950000.0,0.0 
 04/20  03:00:00,4950000.0,0.0 
 04/20  04:00:00,4950000.0,0.0 
 04/20  05:00:00,4950000.0,0.0 
 04/20  06:00:00,4950000.0,0.0 
 04/20  07:00:00,4950000.0,0.0 
 04/20  08:00:00,4950000.0,0.0 
 04/20  09:00:00,4950000.0,0.0 
 04/20  10:00:00,4950000.0,0.0 
 04/20  11:00:00,4950000.0,0.0 
 04/20  12:00:00,4950000.0,0.0 
 04/20  13:00:00,4950000.0,0.0 
 04/20  14:00:00,4950000.0,0.0 
 04/20  15:00:00,4950000.0,0.0 
 04/20  16:00:00,4950000.0,0.0 
 04/20  17:00:00,4950000.0,0.0 
 04/20  18:00:00,4950000.0,0.0 
 04/20  19:00:00,4950000.0,0.0 
 04/20  20:00:00,4950000.0,0.0 
 04/20  21:00:00,4950000.0,0.0 
 04/20  22:00:00,4950000.0,0.0 
 04/20  23:00:00,4950000.0,0.0 
 04/20  24:00:00,4950000.0,0.0 
 04/21  01:00:00,4950000.0,0.0 
 04/21  02:00:00,4950000.0,0.0 
 04/21  03:00:00,4950000.0,0.0 
 04/21  04:00:00,4950000.0,0.0 
 04/21  05:00:00,4950000.0,0.0 
 04/21  06:00:00,4950000.0,0.0 
 04/21  07:00:00,4950000.0,0.0 
 04/21  08:00:00,4950000.0,0.0 
 04/21  09:00:00,4950000.0,0.0 
 04/21  10:00:00,4950000.0,0.0 
 04/21  11:00:00,4950000.0,0.0 
 04/21  12:00:00,4950000.0,0.0 
 04/21  13:00:00,4950000.0,0.0 
 04/21  14:00:00,4950000.0,0.0 
 04/21  15:00:00,4950000.0,0.0 
 04/21  16:00:00,4950000.0,0.0 
 04/21  17:00:00,4950000.0,0.0 
 04/21  18:00:00,4950000.0,0.0 
 04/21  19:00:00,4950000.0,0.0 
 04/21  20:00:00,4950000.0,0.0 
 04/21  21:00:00,4950000.0,0.0 
 04/21  22:00:00,4950000.0,0.0 
 04/21  23:00:00,4950000.0,0.0 
 04/21  24:00:00,4950000.0,0.0 
 04/22  01:00:00,1710000.0,0.0 
 04/22  02:00:00,1710000.0,0.0 
 04/22  03:00:00,1710000.0,0.0 
 04/22  04:00:00,1710000.0,0.0 
 04/22  05:00:00,1710000.0,0.0 
 04/22  06:00:00,1710000.0,0.0 
 04/22  07:00:00,3339100.068232028,1354960.257918031 
 04/22  08:00:00,3189162.7988538872,1354960.257918031 
 04/22  09:00:00,32892556.381286174,1354960.257918031 
 04/22  10:00:00,43228274.69367957,1354960.257918031 
 04/22  11:00:00,44585791.98771849,1366207.4620073796 
 04/22  12:00:00,43240753.05516428,1366831.5349865598 
 04/22  13:00:00,39175357.03094846,1354960.257918031 
 04/22  14:00:00,41882180.02331368,1372779.962492356 
 04/22  15:00:00,42802917.3455517,1398711.0432932633 
 04/22  16:00:00,42067901.9590073,1437521.2295350104 
 04/22  17:00:00,38985042.87849765,1444512.5326469298 
 04/22  18:00:00,37928780.86224209,1424753.9688790338 
 04/22  19:00:00,22978099.868648555,1354960.257918031 
 04/22  20:00:00,12200655.725112146,1354960.257918031 
 04/22  21:00:00,5760000.0,0.0 
 04/22  22:00:00,1710000.0,0.0 
 04/22  23:00:00,1710000.0,0.0 
 04/22  24:00:00,1710000.0,0.0 
 04/23  01:00:00,1710000.0,0.0 
 04/23  02:00:00,1710000.0,0.0 
 04/23  03:00:00,1710000.0,0.0 
 04/23  04:00:00,1710000.0,0.0 
 04/23  05:00:00,1710000.0,0.0 
 04/23  06:00:00,1710000.0,0.0 
 04/23  07:00:00,3305969.227277161,1354960.257918031 
 04/23  08:00:00,3149604.029776921,1354960.257918031 
 04/23  09:00:00,32893889.36423424,1384232.6010378506 
 04/23  10:00:00,45091460.49836215,1434492.758711133 
 04/23  11:00:00,47610177.830280215,1495892.0577007374 
 04/23  12:00:00,46747024.27204246,1481669.9744798164 
 04/23  13:00:00,42424141.96433829,1399934.15938592 
 04/23  14:00:00,46379956.97696887,1478848.9085693036 
 04/23  15:00:00,48814444.88415024,1552337.2212653933 
 04/23  16:00:00,47613541.0100293,1587953.9686960443 
 04/23  17:00:00,43421466.15069721,1531802.5700500277 
 04/23  18:00:00,42373924.51881097,1472675.8830652996 
 04/23  19:00:00,26054782.822720237,1354960.257918031 
 04/23  20:00:00,14219717.604637472,1354960.257918031 
 04/23  21:00:00,5760000.0,0.0 
 04/23  22:00:00,1710000.0,0.0 
 04/23  23:00:00,1710000.0,0.0 
 04/23  24:00:00,1710000.0,0.0 
 04/24  01:00:00,1710000.0,0.0 
 04/24  02:00:00,1710000.0,0.0 
 04/24  03:00:00,1710000.0,0.0 
 04/24  04:00:00,1710000.0,0.0 
 04/24  05:00:00,1710000.0,0.0 
 04/24  06:00:00,1710000.0,0.0 
 04/24  07:00:00,5383659.846003069,1354960.257918031 
 04/24  08:00:00,5827799.787543767,1354960.257918031 
 04/24  09:00:00,36734350.87416148,1389338.0821927823 
 04/24  10:00:00,49060390.79626032,1521903.2387286827 
 04/24  11:00:00,52725077.22388214,1689707.0177696473 
 04/24  12:00:00,51996201.253957964,1678480.7809217505 
 04/24  13:00:00,46837719.85738291,1523181.8092186751 
 04/24  14:00:00,49708843.82228778,1548658.5182514843 
 04/24  15:00:00,50743569.285501376,1507575.0188819563 
 04/24  16:00:00,48105600.42246486,1424561.8410535334 
 04/24  17:00:00,43972255.95621284,1391898.03092677 
 04/24  18:00:00,41754588.97267498,1385940.7389876293 
 04/24  19:00:00,25617032.89244552,1354960.257918031 
 04/24  20:00:00,14409000.639565118,1354960.257918031 
 04/24  21:00:00,5760000.0,0.0 
 04/24  22:00:00,1710000.0,0.0 
 04/24  23:00:00,1710000.0,0.0 
 04/24  24:00:00,1710000.0,0.0 
 04/25  01:00:00,1710000.0,0.0 
 04/25  02:00:00,1710000.0,0.0 
 04/25  03:00:00,1710000.0,0.0 
 04/25  04:00:00,1710000.0,0.0 
 04/25  05:00:00,1710000.0,0.0 
 04/25  06:00:00,1710000.0,0.0 
 04/25  07:00:00,3281003.2939431258,1354960.257918031 
 04/25  08:00:00,3136443.0011149663,1354960.257918031 
 04/25  09:00:00,32879250.294715106,1372881.8935441696 
 04/25  10:00:00,45483922.683295295,1425702.2674492623 
 04/25  11:00:00,47709258.73545182,1479236.5572972083 
 04/25  12:00:00,46588086.41204556,1459019.1101866919 
 04/25  13:00:00,42006951.86008528,1384207.3085253474 
 04/25  14:00:00,45486808.75023757,1441943.498748741 
 04/25  15:00:00,47055218.99976555,1491909.719665973 
 04/25  16:00:00,45582427.230918795,1515335.744102054 
 04/25  17:00:00,41612200.68684046,1477941.3037039984 
 04/25  18:00:00,41012589.17076598,1441520.1865619272 
 04/25  19:00:00,25295362.926777378,1354960.257918031 
 04/25  20:00:00,12442531.53395842,1354960.257918031 
 04/25  21:00:00,5760000.0,0.0 
 04/25  22:00:00,1710000.0,0.0 
 04/25  23:00:00,1710000.0,0.0 
 04/25  24:00:00,1710000.0,0.0 
 04/26  01:00:00,1710000.0,0.0 
 04/26  02:00:00,1710000.0,0.0 
 04/26  03:00:00,1710000.0,0.0 
 04/26  04:00:00,1710000.0,0.0 
 04/26  05:00:00,1710000.0,0.0 
 04/26  06:00:00,1710000.0,0.0 
 04/26  07:00:00,3289622.346564517,1354960.257918031 
 04/26  08:00:00,3146981.698982218,1354960.257918031 
 04/26  09:00:00,32886648.126812704,1372867.6485619075 
 04/26  10:00:00,44275943.52859649,1428056.8490031573 
 04/26  11:00:00,47446916.191424966,1502338.0836254607 
 04/26  12:00:00,46513446.33589357,1487320.6104332814 
 04/26  13:00:00,41943768.99926737,1401160.8419098398 
 04/26  14:00:00,45757760.85762994,1478919.2522754027 
 04/26  15:00:00,47333499.735006966,1534194.7954399213 
 04/26  16:00:00,45738669.76364542,1551523.682229286 
 04/26  17:00:00,41430081.0963558,1491333.6547795301 
 04/26  18:00:00,40636529.5170852,1446762.2643464513 
 04/26  19:00:00,22963460.859143704,1354960.257918031 
 04/26  20:00:00,12185991.061942808,1354960.257918031 
 04/26  21:00:00,5760000.0,0.0 
 04/26  22:00:00,1710000.0,0.0 
 04/26  23:00:00,1710000.0,0.0 
 04/26  24:00:00,1710000.0,0.0 
 04/27  01:00:00,4950000.0,0.0 
 04/27  02:00:00,4950000.0,0.0 
 04/27  03:00:00,4950000.0,0.0 
 04/27  04:00:00,4950000.0,0.0 
 04/27  05:00:00,4950000.0,0.0 
 04/27  06:00:00,4950000.0,0.0 
 04/27  07:00:00,4950000.0,0.0 
 04/27  08:00:00,4950000.0,0.0 
 04/27  09:00:00,4950000.0,0.0 
 04/27  10:00:00,4950000.0,0.0 
 04/27  11:00:00,4950000.0,0.0 
 04/27  12:00:00,4950000.0,0.0 
 04/27  13:00:00,4950000.0,0.0 
 04/27  14:00:00,4950000.0,0.0 
 04/27  15:00:00,4950000.0,0.0 
 04/27  16:00:00,4950000.0,0.0 
 04/27  17:00:00,4950000.0,0.0 
 04/27  18:00:00,4950000.0,0.0 
 04/27  19:00:00,4950000.0,0.0 
 04/27  20:00:00,4950000.0,0.0 
 04/27  21:00:00,4950000.0,0.0 
 04/27  22:00:00,4950000.0,0.0 
 04/27  23:00:00,4950000.0,0.0 
 04/27  24:00:00,4950000.0,0.0 
 04/28  01:00:00,4950000.0,0.0 
 04/28  02:00:00,4950000.0,0.0 
 04/28  03:00:00,4950000.0,0.0 
 04/28  04:00:00,4950000.0,0.0 
 04/28  05:00:00,4950000.0,0.0 
 04/28  06:00:00,4950000.0,0.0 
 04/28  07:00:00,4950000.0,0.0 
 04/28  08:00:00,4950000.0,0.0 
 04/28  09:00:00,4950000.0,0.0 
 04/28  10:00:00,4950000.0,0.0 
 04/28  11:00:00,4950000.0,0.0 
 04/28  12:00:00,4950000.0,0.0 
 04/28  13:00:00,4950000.0,0.0 
 04/28  14:00:00,4950000.0,0.0 
 04/28  15:00:00,4950000.0,0.0 
 04/28  16:00:00,4950000.0,0.0 
 04/28  17:00:00,4950000.0,0.0 
 04/28  18:00:00,4950000.0,0.0 
 04/28  19:00:00,4950000.0,0.0 
 04/28  20:00:00,4950000.0,0.0 
 04/28  21:00:00,4950000.0,0.0 
 04/28  22:00:00,4950000.0,0.0 
 04/28  23:00:00,4950000.0,0.0 
 04/28  24:00:00,4950000.0,0.0 
 04/29  01:00:00,1710000.0,0.0 
 04/29  02:00:00,1710000.0,0.0 
 04/29  03:00:00,1710000.0,0.0 
 04/29  04:00:00,1710000.0,0.0 
 04/29  05:00:00,1710000.0,0.0 
 04/29  06:00:00,1710000.0,0.0 
 04/29  07:00:00,3313223.1429294855,1354960.257918031 
 04/29  08:00:00,3161093.2741756593,1354960.257918031 
 04/29  09:00:00,32868045.15588978,1354960.257918031 
 04/29  10:00:00,43211276.61074194,1358854.7124546939 
 04/29  11:00:00,47215092.74769907,1411230.1628908273 
 04/29  12:00:00,46308636.62856581,1421128.9744799947 
 04/29  13:00:00,41951387.444974884,1372257.1287893732 
 04/29  14:00:00,45854317.53551774,1428495.3924347823 
 04/29  15:00:00,48049825.897649564,1505310.9047466198 
 04/29  16:00:00,46959618.61719248,1549405.4302885935 
 04/29  17:00:00,43307307.535469525,1515015.9603241337 
 04/29  18:00:00,42914886.25178623,1473067.9179405281 
 04/29  19:00:00,26705237.655449197,1354960.257918031 
 04/29  20:00:00,15182935.66806372,1354960.257918031 
 04/29  21:00:00,5760000.0,0.0 
 04/29  22:00:00,1710000.0,0.0 
 04/29  23:00:00,1710000.0,0.0 
 04/29  24:00:00,1710000.0,0.0 
 04/30  01:00:00,1710000.0,0.0 
 04/30  02:00:00,1710000.0,0.0 
 04/30  03:00:00,1710000.0,0.0 
 04/30  04:00:00,1710000.0,0.0 
 04/30  05:00:00,1710000.0,0.0 
 04/30  06:00:00,1710000.0,0.0 
 04/30  07:00:00,5106425.761443024,1354960.257918031 
 04/30  08:00:00,5149287.284704217,1354960.257918031 
 04/30  09:00:00,35102064.19734762,1354960.257918031 
 04/30  10:00:00,45752288.30745332,1370929.6619056356 
 04/30  11:00:00,47742746.634419166,1416748.8317613485 
 04/30  12:00:00,46679328.34283829,1418965.955887525 
 04/30  13:00:00,42424281.511512354,1388565.4767539904 
 04/30  14:00:00,46000872.173390694,1452545.404707883 
 04/30  15:00:00,47441201.20919457,1481362.3882604644 
 04/30  16:00:00,45592530.77839583,1458993.0629245453 
 04/30  17:00:00,41951201.9908294,1446442.2350703846 
 04/30  18:00:00,41199001.94013606,1407429.372138521 
 04/30  19:00:00,25704181.2506444,1354960.257918031 
 04/30  20:00:00,14595221.519382194,1354960.257918031 
 04/30  21:00:00,5760000.0,0.0 
 04/30  22:00:00,1710000.0,0.0 
 04/30  23:00:00,1710000.0,0.0 
 04/30  24:00:00,1710000.0,0.0,12479662398.396955,10777140000.0,6822900000.0,446417164.08972794,1256105234.307227,3484718632.864782,3484718632.864782,,,,,,,,6822900000.0,,10777140000.0,,3954240000.0 
 05/01  01:00:00,1710000.0,0.0 
 05/01  02:00:00,1710000.0,0.0 
 05/01  03:00:00,1710000.0,0.0 
 05/01  04:00:00,1710000.0,0.0 
 05/01  05:00:00,1710000.0,0.0 
 05/01  06:00:00,1710000.0,0.0 
 05/01  07:00:00,4302763.452571731,1354960.257918031 
 05/01  08:00:00,5727495.491279317,1354960.257918031 
 05/01  09:00:00,35760755.72038487,1354960.257918031 
 05/01  10:00:00,46525293.73303419,1380984.594772255 
 05/01  11:00:00,49051656.10128693,1459779.4525355706 
 05/01  12:00:00,48455519.67960389,1496254.2988310591 
 05/01  13:00:00,43926629.990570456,1432554.9799493225 
 05/01  14:00:00,47167738.86222156,1495522.8189127936 
 05/01  15:00:00,48539879.96576256,1507397.321226879 
 05/01  16:00:00,46687423.36219483,1474649.1060158089 
 05/01  17:00:00,42465797.27019299,1421105.7240125532 
 05/01  18:00:00,42174287.25771457,1400911.8410100406 
 05/01  19:00:00,26683187.172746927,1354960.257918031 
 05/01  20:00:00,15209816.271937411,1354960.257918031 
 05/01  21:00:00,5760000.0,0.0 
 05/01  22:00:00,1710000.0,0.0 
 05/01  23:00:00,1710000.0,0.0 
 05/01  24:00:00,1710000.0,0.0 
 05/02  01:00:00,1710000.0,0.0 
 05/02  02:00:00,1710000.0,0.0 
 05/02  03:00:00,1710000.0,0.0 
 05/02  04:00:00,1710000.0,0.0 
 05/02  05:00:00,1710000.0,0.0 
 05/02  06:00:00,1710000.0,0.0 
 05/02  07:00:00,3263601.8654542807,1354960.257918031 
 05/02  08:00:00,4170069.8169748783,1354960.257918031 
 05/02  09:00:00,35629485.04841896,1356308.4401318019 
 05/02  10:00:00,47740935.87612299,1440334.1274381275 
 05/02  11:00:00,51770332.32205824,1613845.271025456 
 05/02  12:00:00,51696503.015058115,1643538.5048897907 
 05/02  13:00:00,47370358.634815685,1547176.342516086 
 05/02  14:00:00,51909973.26718525,1722547.407402732 
 05/02  15:00:00,53798444.18467134,1807294.706874147 
 05/02  16:00:00,51199773.49650395,1709704.9968353421 
 05/02  17:00:00,46330991.11070178,1595021.326856965 
 05/02  18:00:00,44484450.12684188,1512152.20571888 
 05/02  19:00:00,27303306.614891984,1354960.257918031 
 05/02  20:00:00,15928209.186054356,1354960.257918031 
 05/02  21:00:00,5760000.0,0.0 
 05/02  22:00:00,1710000.0,0.0 
 05/02  23:00:00,1710000.0,0.0 
 05/02  24:00:00,1710000.0,0.0 
 05/03  01:00:00,1710000.0,0.0 
 05/03  02:00:00,1710000.0,0.0 
 05/03  03:00:00,1710000.0,0.0 
 05/03  04:00:00,1710000.0,0.0 
 05/03  05:00:00,1710000.0,0.0 
 05/03  06:00:00,1710000.0,0.0 
 05/03  07:00:00,4962500.0922574075,1354960.257918031 
 05/03  08:00:00,6398133.08081918,1355294.9922563033 
 05/03  09:00:00,37620523.84724952,1417759.3142863542 
 05/03  10:00:00,50272746.95558223,1592543.6329041373 
 05/03  11:00:00,54072125.9756114,1748306.3833440645 
 05/03  12:00:00,53144196.783265695,1698694.1801326228 
 05/03  13:00:00,47900086.32491543,1544395.033186307 
 05/03  14:00:00,51839855.63215081,1679079.5781210556 
 05/03  15:00:00,53933190.873537876,1796716.162735256 
 05/03  16:00:00,52284831.57258487,1817541.6409953197 
 05/03  17:00:00,47568151.77578893,1706417.6023472897 
 05/03  18:00:00,46439073.67490619,1630895.034233795 
 05/03  19:00:00,28173962.75730328,1369689.9931189334 
 05/03  20:00:00,16310501.864433799,1354960.257918031 
 05/03  21:00:00,5760000.0,0.0 
 05/03  22:00:00,1710000.0,0.0 
 05/03  23:00:00,1710000.0,0.0 
 05/03  24:00:00,1710000.0,0.0 
 05/04  01:00:00,4950000.0,0.0 
 05/04  02:00:00,4950000.0,0.0 
 05/04  03:00:00,4950000.0,0.0 
 05/04  04:00:00,4950000.0,0.0 
 05/04  05:00:00,4950000.0,0.0 
 05/04  06:00:00,4950000.0,0.0 
 05/04  07:00:00,4950000.0,0.0 
 05/04  08:00:00,4950000.0,0.0 
 05/04  09:00:00,4950000.0,0.0 
 05/04  10:00:00,4950000.0,0.0 
 05/04  11:00:00,4950000.0,0.0 
 05/04  12:00:00,4950000.0,0.0 
 05/04  13:00:00,4950000.0,0.0 
 05/04  14:00:00,4950000.0,0.0 
 05/04  15:00:00,4950000.0,0.0 
 05/04  16:00:00,4950000.0,0.0 
 05/04  17:00:00,4950000.0,0.0 
 05/04  18:00:00,4950000.0,0.0 
 05/04  19:00:00,4950000.0,0.0 
 05/04  20:00:00,4950000.0,0.0 
 05/04  21:00:00,4950000.0,0.0 
 05/04  22:00:00,4950000.0,0.0 
 05/04  23:00:00,4950000.0,0.0 
 05/04  24:00:00,4950000.0,0.0 
 05/05  01:00:00,4950000.0,0.0 
 05/05  02:00:00,4950000.0,0.0 
 05/05  03:00:00,4950000.0,0.0 
 05/05  04:00:00,4950000.0,0.0 
 05/05  05:00:00,4950000.0,0.0 
 05/05  06:00:00,4950000.0,0.0 
 05/05  07:00:00,4950000.0,0.0 
 05/05  08:00:00,4950000.0,0.0 
 05/05  09:00:00,4950000.0,0.0 
 05/05  10:00:00,4950000.0,0.0 
 05/05  11:00:00,4950000.0,0.0 
 05/05  12:00:00,4950000.0,0.0 
 05/05  13:00:00,4950000.0,0.0 
 05/05  14:00:00,4950000.0,0.0 
 05/05  15:00:00,4950000.0,0.0 
 05/05  16:00:00,4950000.0,0.0 
 05/05  17:00:00,4950000.0,0.0 
 05/05  18:00:00,4950000.0,0.0 
 05/05  19:00:00,4950000.0,0.0 
 05/05  20:00:00,4950000.0,0.0 
 05/05  21:00:00,4950000.0,0.0 
 05/05  22:00:00,4950000.0,0.0 
 05/05  23:00:00,4950000.0,0.0 
 05/05  24:00:00,4950000.0,0.0 
 05/06  01:00:00,1710000.0,0.0 
 05/06  02:00:00,1710000.0,0.0 
 05/06  03:00:00,1710000.0,0.0 
 05/06  04:00:00,1710000.0,0.0 
 05/06  05:00:00,1710000.0,0.0 
 05/06  06:00:00,1710000.0,0.0 
 05/06  07:00:00,4745239.072970564,1354960.257918031 
 05/06  08:00:00,5885697.053857603,1354960.257918031 
 05/06  09:00:00,36722243.87551669,1405774.6042246046 
 05/06  10:00:00,49014813.90208837,1560691.970644046 
 05/06  11:00:00,52214972.287513405,1688064.7287827244 
 05/06  12:00:00,51420784.529434554,1647649.1149752943 
 05/06  13:00:00,46528152.93696666,1520066.1009459791 
 05/06  14:00:00,50689631.250883274,1653699.726469119 
 05/06  15:00:00,52025828.33362496,1698568.8725978627 
 05/06  16:00:00,49621447.24987156,1647709.1330595152 
 05/06  17:00:00,44471900.20180028,1524300.5746559561 
 05/06  18:00:00,43546180.29811349,1464666.3719504017 
 05/06  19:00:00,27198529.211614247,1354960.257918031 
 05/06  20:00:00,15778239.029046783,1354960.257918031 
 05/06  21:00:00,5760000.0,0.0 
 05/06  22:00:00,1710000.0,0.0 
 05/06  23:00:00,1710000.0,0.0 
 05/06  24:00:00,1710000.0,0.0 
 05/07  01:00:00,1710000.0,0.0 
 05/07  02:00:00,1710000.0,0.0 
 05/07  03:00:00,1710000.0,0.0 
 05/07  04:00:00,1710000.0,0.0 
 05/07  05:00:00,1710000.0,0.0 
 05/07  06:00:00,1710000.0,0.0 
 05/07  07:00:00,3226881.00473692,1354960.257918031 
 05/07  08:00:00,3118695.4643118177,1354960.257918031 
 05/07  09:00:00,33920965.62555718,1373259.5321205887 
 05/07  10:00:00,45877533.03439846,1432886.4936700785 
 05/07  11:00:00,47620790.945652984,1450087.5444429447 
 05/07  12:00:00,46260819.61472084,1433177.8369255513 
 05/07  13:00:00,42117267.499940544,1394246.4396595121 
 05/07  14:00:00,45812147.00071944,1458127.9441548893 
 05/07  15:00:00,46997739.93998444,1477816.830514631 
 05/07  16:00:00,44890971.94293578,1456903.2292360992 
 05/07  17:00:00,40617353.52933814,1405944.47481375 
 05/07  18:00:00,40261377.65650032,1395552.9649451391 
 05/07  19:00:00,23536747.734429,1354960.257918031 
 05/07  20:00:00,12182200.903642396,1354960.257918031 
 05/07  21:00:00,5760000.0,0.0 
 05/07  22:00:00,1710000.0,0.0 
 05/07  23:00:00,1710000.0,0.0 
 05/07  24:00:00,1710000.0,0.0 
 05/08  01:00:00,1710000.0,0.0 
 05/08  02:00:00,1710000.0,0.0 
 05/08  03:00:00,1710000.0,0.0 
 05/08  04:00:00,1710000.0,0.0 
 05/08  05:00:00,1710000.0,0.0 
 05/08  06:00:00,1710000.0,0.0 
 05/08  07:00:00,3260677.9860087545,1354960.257918031 
 05/08  08:00:00,3133903.7591817677,1354960.257918031 
 05/08  09:00:00,33337727.301682726,1354960.257918031 
 05/08  10:00:00,45435594.362838686,1391424.7147214098 
 05/08  11:00:00,47406754.61438932,1433204.0414798858 
 05/08  12:00:00,46127175.394512974,1425333.8754461736 
 05/08  13:00:00,41842490.21267335,1388775.728221509 
 05/08  14:00:00,45109567.20806782,1437586.8944519795 
 05/08  15:00:00,46585724.701624244,1471490.2777165673 
 05/08  16:00:00,44889598.924244456,1461533.4961436372 
 05/08  17:00:00,40628841.29029385,1402121.3083590544 
 05/08  18:00:00,40439983.08304201,1395114.8469972238 
 05/08  19:00:00,25370861.70295261,1354960.257918031 
 05/08  20:00:00,13250884.160275577,1354960.257918031 
 05/08  21:00:00,5760000.0,0.0 
 05/08  22:00:00,1710000.0,0.0 
 05/08  23:00:00,1710000.0,0.0 
 05/08  24:00:00,1710000.0,0.0 
 05/09  01:00:00,1710000.0,0.0 
 05/09  02:00:00,1710000.0,0.0 
 05/09  03:00:00,1710000.0,0.0 
 05/09  04:00:00,1710000.0,0.0 
 05/09  05:00:00,1710000.0,0.0 
 05/09  06:00:00,1710000.0,0.0 
 05/09  07:00:00,3223340.7884960044,1354960.257918031 
 05/09  08:00:00,3341863.474142231,1354960.257918031 
 05/09  09:00:00,35170831.67702517,1391454.2824031913 
 05/09  10:00:00,46848802.87108497,1484690.5467652197 
 05/09  11:00:00,49635510.807078086,1577966.741831399 
 05/09  12:00:00,48405632.35203273,1520256.7173850203 
 05/09  13:00:00,43952790.64020676,1440349.9552451987 
 05/09  14:00:00,47742485.100703664,1532583.4955913427 
 05/09  15:00:00,49689142.88452312,1613023.0859568242 
 05/09  16:00:00,48326986.55918281,1633800.8546933404 
 05/09  17:00:00,44267354.255848266,1582339.6765056867 
 05/09  18:00:00,43621030.807101145,1540239.5542329135 
 05/09  19:00:00,26761208.482697297,1369636.381659221 
 05/09  20:00:00,15147645.68197478,1354960.257918031 
 05/09  21:00:00,5760000.0,0.0 
 05/09  22:00:00,1710000.0,0.0 
 05/09  23:00:00,1710000.0,0.0 
 05/09  24:00:00,1710000.0,0.0 
 05/10  01:00:00,1710000.0,0.0 
 05/10  02:00:00,1710000.0,0.0 
 05/10  03:00:00,1710000.0,0.0 
 05/10  04:00:00,1710000.0,0.0 
 05/10  05:00:00,1710000.0,0.0 
 05/10  06:00:00,1710000.0,0.0 
 05/10  07:00:00,5279815.282292143,1354960.257918031 
 05/10  08:00:00,5387621.019711823,1354960.257918031 
 05/10  09:00:00,35514238.07876286,1354960.257918031 
 05/10  10:00:00,46739495.1175596,1384152.1638874302 
 05/10  11:00:00,50008682.53941547,1489260.3498030931 
 05/10  12:00:00,49749586.042542405,1523121.08951546 
 05/10  13:00:00,45707256.328391835,1456394.1930763514 
 05/10  14:00:00,49479332.35205805,1538940.4723571679 
 05/10  15:00:00,50135385.75779747,1541462.823733685 
 05/10  16:00:00,47498542.63434916,1491261.357617102 
 05/10  17:00:00,42897113.57952915,1420351.850046062 
 05/10  18:00:00,41791745.858349204,1396767.3322737738 
 05/10  19:00:00,26259042.5862169,1354960.257918031 
 05/10  20:00:00,15343153.43873009,1354960.257918031 
 05/10  21:00:00,5760000.0,0.0 
 05/10  22:00:00,1710000.0,0.0 
 05/10  23:00:00,1710000.0,0.0 
 05/10  24:00:00,1710000.0,0.0 
 05/11  01:00:00,4950000.0,0.0 
 05/11  02:00:00,4950000.0,0.0 
 05/11  03:00:00,4950000.0,0.0 
 05/11  04:00:00,4950000.0,0.0 
 05/11  05:00:00,4950000.0,0.0 
 05/11  06:00:00,4950000.0,0.0 
 05/11  07:00:00,4950000.0,0.0 
 05/11  08:00:00,4950000.0,0.0 
 05/11  09:00:00,4950000.0,0.0 
 05/11  10:00:00,4950000.0,0.0 
 05/11  11:00:00,4950000.0,0.0 
 05/11  12:00:00,4950000.0,0.0 
 05/11  13:00:00,4950000.0,0.0 
 05/11  14:00:00,4950000.0,0.0 
 05/11  15:00:00,4950000.0,0.0 
 05/11  16:00:00,4950000.0,0.0 
 05/11  17:00:00,4950000.0,0.0 
 05/11  18:00:00,4950000.0,0.0 
 05/11  19:00:00,4950000.0,0.0 
 05/11  20:00:00,4950000.0,0.0 
 05/11  21:00:00,4950000.0,0.0 
 05/11  22:00:00,4950000.0,0.0 
 05/11  23:00:00,4950000.0,0.0 
 05/11  24:00:00,4950000.0,0.0 
 05/12  01:00:00,4950000.0,0.0 
 05/12  02:00:00,4950000.0,0.0 
 05/12  03:00:00,4950000.0,0.0 
 05/12  04:00:00,4950000.0,0.0 
 05/12  05:00:00,4950000.0,0.0 
 05/12  06:00:00,4950000.0,0.0 
 05/12  07:00:00,4950000.0,0.0 
 05/12  08:00:00,4950000.0,0.0 
 05/12  09:00:00,4950000.0,0.0 
 05/12  10:00:00,4950000.0,0.0 
 05/12  11:00:00,4950000.0,0.0 
 05/12  12:00:00,4950000.0,0.0 
 05/12  13:00:00,4950000.0,0.0 
 05/12  14:00:00,4950000.0,0.0 
 05/12  15:00:00,4950000.0,0.0 
 05/12  16:00:00,4950000.0,0.0 
 05/12  17:00:00,4950000.0,0.0 
 05/12  18:00:00,4950000.0,0.0 
 05/12  19:00:00,4950000.0,0.0 
 05/12  20:00:00,4950000.0,0.0 
 05/12  21:00:00,4950000.0,0.0 
 05/12  22:00:00,4950000.0,0.0 
 05/12  23:00:00,4950000.0,0.0 
 05/12  24:00:00,4950000.0,0.0 
 05/13  01:00:00,1710000.0,0.0 
 05/13  02:00:00,1710000.0,0.0 
 05/13  03:00:00,1710000.0,0.0 
 05/13  04:00:00,1710000.0,0.0 
 05/13  05:00:00,1710000.0,0.0 
 05/13  06:00:00,1710000.0,0.0 
 05/13  07:00:00,3247975.27906852,1354960.257918031 
 05/13  08:00:00,3135315.304419145,1354960.257918031 
 05/13  09:00:00,34621783.92402444,1354960.257918031 
 05/13  10:00:00,45669041.30707291,1366382.9552862346 
 05/13  11:00:00,48429435.91771041,1429733.8676781643 
 05/13  12:00:00,48917187.0225016,1438419.7340480876 
 05/13  13:00:00,44977087.92831684,1418798.4927755522 
 05/13  14:00:00,48191898.86703871,1511134.3794980603 
 05/13  15:00:00,48788531.04016011,1532319.8857517303 
 05/13  16:00:00,45599972.733492464,1468401.902773101 
 05/13  17:00:00,40619682.54774086,1401692.695235727 
 05/13  18:00:00,40066423.84036606,1392398.713115669 
 05/13  19:00:00,22964724.211501792,1354960.257918031 
 05/13  20:00:00,12186382.43869815,1354960.257918031 
 05/13  21:00:00,5760000.0,0.0 
 05/13  22:00:00,1710000.0,0.0 
 05/13  23:00:00,1710000.0,0.0 
 05/13  24:00:00,1710000.0,0.0 
 05/14  01:00:00,1710000.0,0.0 
 05/14  02:00:00,1710000.0,0.0 
 05/14  03:00:00,1710000.0,0.0 
 05/14  04:00:00,1710000.0,0.0 
 05/14  05:00:00,1710000.0,0.0 
 05/14  06:00:00,1710000.0,0.0 
 05/14  07:00:00,3199016.8477401887,1354960.257918031 
 05/14  08:00:00,4095639.672726156,1354960.257918031 
 05/14  09:00:00,35534078.90634625,1399121.8458620578 
 05/14  10:00:00,47761731.39807682,1512417.61114647 
 05/14  11:00:00,50607341.72141747,1610432.974973654 
 05/14  12:00:00,48808109.65683031,1537214.7609949233 
 05/14  13:00:00,43866420.65603244,1439191.465375981 
 05/14  14:00:00,47703932.96644146,1527060.8958995473 
 05/14  15:00:00,49235470.00585921,1589596.609043171 
 05/14  16:00:00,47212051.20216453,1561455.9266686144 
 05/14  17:00:00,43006098.64848082,1505996.451093547 
 05/14  18:00:00,42549378.232133314,1486369.3416946358 
 05/14  19:00:00,26097373.988837697,1364937.2359105877 
 05/14  20:00:00,13323643.985743552,1354960.257918031 
 05/14  21:00:00,5760000.0,0.0 
 05/14  22:00:00,1710000.0,0.0 
 05/14  23:00:00,1710000.0,0.0 
 05/14  24:00:00,1710000.0,0.0 
 05/15  01:00:00,1710000.0,0.0 
 05/15  02:00:00,1710000.0,0.0 
 05/15  03:00:00,1710000.0,0.0 
 05/15  04:00:00,1710000.0,0.0 
 05/15  05:00:00,1710000.0,0.0 
 05/15  06:00:00,1710000.0,0.0 
 05/15  07:00:00,3220967.0270749964,1354960.257918031 
 05/15  08:00:00,3594853.991954008,1354960.257918031 
 05/15  09:00:00,35458236.42312299,1369200.5681458272 
 05/15  10:00:00,47097500.68115202,1450460.7389521166 
 05/15  11:00:00,49873589.01036635,1545018.109870638 
 05/15  12:00:00,48751465.85234706,1518494.7729962599 
 05/15  13:00:00,43965173.52701682,1427763.2379273695 
 05/15  14:00:00,47640740.03207362,1506862.2113916336 
 05/15  15:00:00,49338764.805731714,1579096.2131549916 
 05/15  16:00:00,47758100.52914656,1605461.2232860187 
 05/15  17:00:00,43567087.54544504,1553229.8924073915 
 05/15  18:00:00,42847333.97698426,1513077.709206788 
 05/15  19:00:00,26270545.819028366,1369359.7200818257 
 05/15  20:00:00,14184565.707182262,1354960.257918031 
 05/15  21:00:00,5760000.0,0.0 
 05/15  22:00:00,1710000.0,0.0 
 05/15  23:00:00,1710000.0,0.0 
 05/15  24:00:00,1710000.0,0.0 
 05/16  01:00:00,1710000.0,0.0 
 05/16  02:00:00,1710000.0,0.0 
 05/16  03:00:00,1710000.0,0.0 
 05/16  04:00:00,1710000.0,0.0 
 05/16  05:00:00,1710000.0,0.0 
 05/16  06:00:00,1710000.0,0.0 
 05/16  07:00:00,4141231.934723226,1354960.257918031 
 05/16  08:00:00,5409670.903285128,1354960.257918031 
 05/16  09:00:00,36063506.22183043,1369359.0450428764 
 05/16  10:00:00,47951176.85865857,1499223.5966693177 
 05/16  11:00:00,50677272.98905884,1610510.747861162 
 05/16  12:00:00,49260111.647612445,1562785.9586908168 
 05/16  13:00:00,44336889.85581662,1459830.5703668604 
 05/16  14:00:00,47870006.84153254,1535710.3551326455 
 05/16  15:00:00,48579000.58103524,1520790.8046347862 
 05/16  16:00:00,46156406.01728326,1468329.0051384005 
 05/16  17:00:00,41518800.40682596,1402079.398831346 
 05/16  18:00:00,41033447.48394319,1392497.1649997928 
 05/16  19:00:00,25704477.08686526,1354960.257918031 
 05/16  20:00:00,14633222.91568572,1354960.257918031 
 05/16  21:00:00,5760000.0,0.0 
 05/16  22:00:00,1710000.0,0.0 
 05/16  23:00:00,1710000.0,0.0 
 05/16  24:00:00,1710000.0,0.0 
 05/17  01:00:00,1710000.0,0.0 
 05/17  02:00:00,1710000.0,0.0 
 05/17  03:00:00,1710000.0,0.0 
 05/17  04:00:00,1710000.0,0.0 
 05/17  05:00:00,1710000.0,0.0 
 05/17  06:00:00,1710000.0,0.0 
 05/17  07:00:00,3223195.843985445,1354960.257918031 
 05/17  08:00:00,5162387.734796168,1354960.257918031 
 05/17  09:00:00,35146148.04425482,1354960.257918031 
 05/17  10:00:00,46115806.91453829,1380852.4739840156 
 05/17  11:00:00,48978754.564451374,1449936.0727232909 
 05/17  12:00:00,48247914.453304455,1467166.9066889884 
 05/17  13:00:00,43712104.04877073,1415176.1240987387 
 05/17  14:00:00,47345753.06221202,1482751.7263489193 
 05/17  15:00:00,48220431.31500913,1471340.9136915738 
 05/17  16:00:00,45841319.93670888,1429372.2845094157 
 05/17  17:00:00,41392062.8190272,1392786.4632830308 
 05/17  18:00:00,41123262.3034362,1388084.7573348475 
 05/17  19:00:00,25959349.752676543,1354960.257918031 
 05/17  20:00:00,14962822.905241325,1354960.257918031 
 05/17  21:00:00,5760000.0,0.0 
 05/17  22:00:00,1710000.0,0.0 
 05/17  23:00:00,1710000.0,0.0 
 05/17  24:00:00,1710000.0,0.0 
 05/18  01:00:00,4950000.0,0.0 
 05/18  02:00:00,4950000.0,0.0 
 05/18  03:00:00,4950000.0,0.0 
 05/18  04:00:00,4950000.0,0.0 
 05/18  05:00:00,4950000.0,0.0 
 05/18  06:00:00,4950000.0,0.0 
 05/18  07:00:00,4950000.0,0.0 
 05/18  08:00:00,4950000.0,0.0 
 05/18  09:00:00,4950000.0,0.0 
 05/18  10:00:00,4950000.0,0.0 
 05/18  11:00:00,4950000.0,0.0 
 05/18  12:00:00,4950000.0,0.0 
 05/18  13:00:00,4950000.0,0.0 
 05/18  14:00:00,4950000.0,0.0 
 05/18  15:00:00,4950000.0,0.0 
 05/18  16:00:00,4950000.0,0.0 
 05/18  17:00:00,4950000.0,0.0 
 05/18  18:00:00,4950000.0,0.0 
 05/18  19:00:00,4950000.0,0.0 
 05/18  20:00:00,4950000.0,0.0 
 05/18  21:00:00,4950000.0,0.0 
 05/18  22:00:00,4950000.0,0.0 
 05/18  23:00:00,4950000.0,0.0 
 05/18  24:00:00,4950000.0,0.0 
 05/19  01:00:00,4950000.0,0.0 
 05/19  02:00:00,4950000.0,0.0 
 05/19  03:00:00,4950000.0,0.0 
 05/19  04:00:00,4950000.0,0.0 
 05/19  05:00:00,4950000.0,0.0 
 05/19  06:00:00,4950000.0,0.0 
 05/19  07:00:00,4950000.0,0.0 
 05/19  08:00:00,4950000.0,0.0 
 05/19  09:00:00,4950000.0,0.0 
 05/19  10:00:00,4950000.0,0.0 
 05/19  11:00:00,4950000.0,0.0 
 05/19  12:00:00,4950000.0,0.0 
 05/19  13:00:00,4950000.0,0.0 
 05/19  14:00:00,4950000.0,0.0 
 05/19  15:00:00,4950000.0,0.0 
 05/19  16:00:00,4950000.0,0.0 
 05/19  17:00:00,4950000.0,0.0 
 05/19  18:00:00,4950000.0,0.0 
 05/19  19:00:00,4950000.0,0.0 
 05/19  20:00:00,4950000.0,0.0 
 05/19  21:00:00,4950000.0,0.0 
 05/19  22:00:00,4950000.0,0.0 
 05/19  23:00:00,4950000.0,0.0 
 05/19  24:00:00,4950000.0,0.0 
 05/20  01:00:00,1710000.0,0.0 
 05/20  02:00:00,1710000.0,0.0 
 05/20  03:00:00,1710000.0,0.0 
 05/20  04:00:00,1710000.0,0.0 
 05/20  05:00:00,1710000.0,0.0 
 05/20  06:00:00,1710000.0,0.0 
 05/20  07:00:00,5441496.570204202,1354960.257918031 
 05/20  08:00:00,6023949.727353824,1354960.257918031 
 05/20  09:00:00,36973178.12120548,1395440.09449346 
 05/20  10:00:00,49379216.04048211,1554910.402899697 
 05/20  11:00:00,52837099.83073448,1697107.1131655914 
 05/20  12:00:00,52343101.43217309,1667961.607560199 
 05/20  13:00:00,47379310.923075385,1540408.4458734407 
 05/20  14:00:00,52102389.10764323,1708943.5784279257 
 05/20  15:00:00,54381076.98011538,1828965.5362406955 
 05/20  16:00:00,52234789.17909281,1800527.35764545 
 05/20  17:00:00,46846695.237618536,1643986.441272185 
 05/20  18:00:00,45102476.955614835,1521005.1913555444 
 05/20  19:00:00,27712581.691048115,1355085.582569223 
 05/20  20:00:00,16040437.454003762,1354960.257918031 
 05/20  21:00:00,5760000.0,0.0 
 05/20  22:00:00,1710000.0,0.0 
 05/20  23:00:00,1710000.0,0.0 
 05/20  24:00:00,1710000.0,0.0 
 05/21  01:00:00,1710000.0,0.0 
 05/21  02:00:00,1710000.0,0.0 
 05/21  03:00:00,1710000.0,0.0 
 05/21  04:00:00,1710000.0,0.0 
 05/21  05:00:00,1710000.0,0.0 
 05/21  06:00:00,1710000.0,0.0 
 05/21  07:00:00,5586760.374546586,1354960.257918031 
 05/21  08:00:00,6354102.789487778,1354960.257918031 
 05/21  09:00:00,37611598.79329164,1409623.2787314923 
 05/21  10:00:00,51178564.315362096,1625200.0915285673 
 05/21  11:00:00,55274332.736818,1802979.963528025 
 05/21  12:00:00,54758014.067032635,1764895.3588328324 
 05/21  13:00:00,49776461.00023061,1603089.6503478084 
 05/21  14:00:00,53939485.738049574,1788453.377662568 
 05/21  15:00:00,56076493.78823235,1908299.0054310453 
 05/21  16:00:00,54296133.46079255,1920184.1054516896 
 05/21  17:00:00,49563484.9949265,1784157.4524168621 
 05/21  18:00:00,47710014.00747283,1670471.935434333 
 05/21  19:00:00,28927116.78290821,1376501.9607171535 
 05/21  20:00:00,16831872.699026443,1354960.257918031 
 05/21  21:00:00,5760000.0,0.0 
 05/21  22:00:00,1710000.0,0.0 
 05/21  23:00:00,1710000.0,0.0 
 05/21  24:00:00,1710000.0,0.0 
 05/22  01:00:00,1710000.0,0.0 
 05/22  02:00:00,1710000.0,0.0 
 05/22  03:00:00,1710000.0,0.0 
 05/22  04:00:00,1710000.0,0.0 
 05/22  05:00:00,1710000.0,0.0 
 05/22  06:00:00,1710000.0,0.0 
 05/22  07:00:00,6433574.361108694,1354960.257918031 
 05/22  08:00:00,7455227.0176948495,1355918.7469968474 
 05/22  09:00:00,39287191.60013707,1463556.7768028234 
 05/22  10:00:00,52853263.046492405,1729568.296725842 
 05/22  11:00:00,56213870.396622285,1866266.2885636515 
 05/22  12:00:00,54487356.800332576,1791330.97060885 
 05/22  13:00:00,49712679.61473131,1616160.3287807195 
 05/22  14:00:00,54533284.71915706,1796650.4738748157 
 05/22  15:00:00,56384611.97581142,1919322.0565541517 
 05/22  16:00:00,54742403.8033782,1935558.47953005 
 05/22  17:00:00,49826038.06273311,1790916.9413068576 
 05/22  18:00:00,48284059.0080503,1680655.03503438 
 05/22  19:00:00,29521974.22508073,1377376.365427656 
 05/22  20:00:00,17460117.548292268,1354960.257918031 
 05/22  21:00:00,5760000.0,0.0 
 05/22  22:00:00,1710000.0,0.0 
 05/22  23:00:00,1710000.0,0.0 
 05/22  24:00:00,1710000.0,0.0 
 05/23  01:00:00,1710000.0,0.0 
 05/23  02:00:00,1710000.0,0.0 
 05/23  03:00:00,1710000.0,0.0 
 05/23  04:00:00,1710000.0,0.0 
 05/23  05:00:00,1710000.0,0.0 
 05/23  06:00:00,1710000.0,0.0 
 05/23  07:00:00,6586198.315197831,1354960.257918031 
 05/23  08:00:00,7272510.611543398,1354960.257918031 
 05/23  09:00:00,37865293.27315265,1375280.7198447287 
 05/23  10:00:00,50770809.858360276,1565607.0951819802 
 05/23  11:00:00,53331857.603217825,1642668.8086686144 
 05/23  12:00:00,51609723.961405754,1605250.1046595694 
 05/23  13:00:00,45441731.668197036,1449864.9624000243 
 05/23  14:00:00,49210791.37270345,1546274.9747960574 
 05/23  15:00:00,50817044.45671321,1583041.207767811 
 05/23  16:00:00,49102807.47781572,1533867.8105775414 
 05/23  17:00:00,45755141.110027395,1455524.7914706576 
 05/23  18:00:00,44655657.78266376,1423351.5019705605 
 05/23  19:00:00,27873581.806599986,1354960.257918031 
 05/23  20:00:00,16264199.477201516,1354960.257918031 
 05/23  21:00:00,5760000.0,0.0 
 05/23  22:00:00,1710000.0,0.0 
 05/23  23:00:00,1710000.0,0.0 
 05/23  24:00:00,1710000.0,0.0 
 05/24  01:00:00,1710000.0,0.0 
 05/24  02:00:00,1710000.0,0.0 
 05/24  03:00:00,1710000.0,0.0 
 05/24  04:00:00,1710000.0,0.0 
 05/24  05:00:00,1710000.0,0.0 
 05/24  06:00:00,1710000.0,0.0 
 05/24  07:00:00,7023478.668310307,1354960.257918031 
 05/24  08:00:00,7543425.051544372,1354960.257918031 
 05/24  09:00:00,37951596.742975116,1354960.257918031 
 05/24  10:00:00,50313998.034618706,1448697.135132939 
 05/24  11:00:00,54965979.654627025,1611685.1298826085 
 05/24  12:00:00,54999762.96230067,1616651.314745757 
 05/24  13:00:00,50531965.18790202,1523126.9326724934 
 05/24  14:00:00,55107786.46217461,1683055.6986322815 
 05/24  15:00:00,57140111.16534005,1781380.6953661265 
 05/24  16:00:00,54835555.96694449,1757356.6224136394 
 05/24  17:00:00,49792152.42716764,1643801.8554378594 
 05/24  18:00:00,47827281.57116891,1530097.2195062446 
 05/24  19:00:00,29070025.3633623,1355090.8668269252 
 05/24  20:00:00,17142626.556505457,1354960.257918031 
 05/24  21:00:00,5760000.0,0.0 
 05/24  22:00:00,1710000.0,0.0 
 05/24  23:00:00,1710000.0,0.0 
 05/24  24:00:00,1710000.0,0.0 
 05/25  01:00:00,4950000.0,0.0 
 05/25  02:00:00,4950000.0,0.0 
 05/25  03:00:00,4950000.0,0.0 
 05/25  04:00:00,4950000.0,0.0 
 05/25  05:00:00,4950000.0,0.0 
 05/25  06:00:00,4950000.0,0.0 
 05/25  07:00:00,4950000.0,0.0 
 05/25  08:00:00,4950000.0,0.0 
 05/25  09:00:00,4950000.0,0.0 
 05/25  10:00:00,4950000.0,0.0 
 05/25  11:00:00,4950000.0,0.0 
 05/25  12:00:00,4950000.0,0.0 
 05/25  13:00:00,4950000.0,0.0 
 05/25  14:00:00,4950000.0,0.0 
 05/25  15:00:00,4950000.0,0.0 
 05/25  16:00:00,4950000.0,0.0 
 05/25  17:00:00,4950000.0,0.0 
 05/25  18:00:00,4950000.0,0.0 
 05/25  19:00:00,4950000.0,0.0 
 05/25  20:00:00,4950000.0,0.0 
 05/25  21:00:00,4950000.0,0.0 
 05/25  22:00:00,4950000.0,0.0 
 05/25  23:00:00,4950000.0,0.0 
 05/25  24:00:00,4950000.0,0.0 
 05/26  01:00:00,4950000.0,0.0 
 05/26  02:00:00,4950000.0,0.0 
 05/26  03:00:00,4950000.0,0.0 
 05/26  04:00:00,4950000.0,0.0 
 05/26  05:00:00,4950000.0,0.0 
 05/26  06:00:00,4950000.0,0.0 
 05/26  07:00:00,4950000.0,0.0 
 05/26  08:00:00,4950000.0,0.0 
 05/26  09:00:00,4950000.0,0.0 
 05/26  10:00:00,4950000.0,0.0 
 05/26  11:00:00,4950000.0,0.0 
 05/26  12:00:00,4950000.0,0.0 
 05/26  13:00:00,4950000.0,0.0 
 05/26  14:00:00,4950000.0,0.0 
 05/26  15:00:00,4950000.0,0.0 
 05/26  16:00:00,4950000.0,0.0 
 05/26  17:00:00,4950000.0,0.0 
 05/26  18:00:00,4950000.0,0.0 
 05/26  19:00:00,4950000.0,0.0 
 05/26  20:00:00,4950000.0,0.0 
 05/26  21:00:00,4950000.0,0.0 
 05/26  22:00:00,4950000.0,0.0 
 05/26  23:00:00,4950000.0,0.0 
 05/26  24:00:00,4950000.0,0.0 
 05/27  01:00:00,1710000.0,0.0 
 05/27  02:00:00,1710000.0,0.0 
 05/27  03:00:00,1710000.0,0.0 
 05/27  04:00:00,1710000.0,0.0 
 05/27  05:00:00,1710000.0,0.0 
 05/27  06:00:00,1710000.0,0.0 
 05/27  07:00:00,5927149.225060314,1354960.257918031 
 05/27  08:00:00,6929681.898714702,1354960.257918031 
 05/27  09:00:00,37784038.915313445,1380598.6175141043 
 05/27  10:00:00,50817292.35189001,1583370.4131315353 
 05/27  11:00:00,54469149.81688121,1759459.5988961817 
 05/27  12:00:00,53955359.60884907,1720797.4947649224 
 05/27  13:00:00,49377159.324893415,1579211.430375253 
 05/27  14:00:00,54067150.35774416,1785739.84685429 
 05/27  15:00:00,57380461.76582188,1977307.094327094 
 05/27  16:00:00,55699530.29110832,2012889.7913748343 
 05/27  17:00:00,51457489.50317338,1864944.107497962 
 05/27  18:00:00,49981220.27437449,1732228.7157940012 
 05/27  19:00:00,30045658.053759307,1382763.2409204212 
 05/27  20:00:00,17636362.907943863,1354960.257918031 
 05/27  21:00:00,5760000.0,0.0 
 05/27  22:00:00,1710000.0,0.0 
 05/27  23:00:00,1710000.0,0.0 
 05/27  24:00:00,1710000.0,0.0 
 05/28  01:00:00,1710000.0,0.0 
 05/28  02:00:00,1710000.0,0.0 
 05/28  03:00:00,1710000.0,0.0 
 05/28  04:00:00,1710000.0,0.0 
 05/28  05:00:00,1710000.0,0.0 
 05/28  06:00:00,1710000.0,0.0 
 05/28  07:00:00,8021137.6266018655,1354960.257918031 
 05/28  08:00:00,8681295.315815587,1354960.257918031 
 05/28  09:00:00,40193097.176413074,1447035.557744305 
 05/28  10:00:00,55282303.89755876,1723757.6505924426 
 05/28  11:00:00,60149062.37631118,1903628.7154542927 
 05/28  12:00:00,59376674.99380371,1843184.2902015913 
 05/28  13:00:00,52420266.68532523,1583486.315688426 
 05/28  14:00:00,56445149.90345855,1723662.123182298 
 05/28  15:00:00,57998724.65818171,1818439.1062649265 
 05/28  16:00:00,52991687.44948902,1605719.5159350643 
 05/28  17:00:00,47130497.84153447,1455392.4561217418 
 05/28  18:00:00,46839874.50832076,1423447.361871596 
 05/28  19:00:00,30797844.523015458,1354960.257918031 
 05/28  20:00:00,19627386.407839816,1354960.257918031 
 05/28  21:00:00,5760000.0,0.0 
 05/28  22:00:00,1710000.0,0.0 
 05/28  23:00:00,1710000.0,0.0 
 05/28  24:00:00,1710000.0,0.0 
 05/29  01:00:00,1710000.0,0.0 
 05/29  02:00:00,1710000.0,0.0 
 05/29  03:00:00,1710000.0,0.0 
 05/29  04:00:00,1710000.0,0.0 
 05/29  05:00:00,1710000.0,0.0 
 05/29  06:00:00,1710000.0,0.0 
 05/29  07:00:00,9545673.19372322,1354960.257918031 
 05/29  08:00:00,10099787.770168774,1354960.257918031 
 05/29  09:00:00,40287006.32450183,1356679.9176560899 
 05/29  10:00:00,54272808.07476856,1533398.5467594971 
 05/29  11:00:00,59423647.60447697,1727803.1729154112 
 05/29  12:00:00,59653445.04766816,1742233.7937602452 
 05/29  13:00:00,54866008.329649426,1612720.6555390223 
 05/29  14:00:00,55046144.4551846,1647586.7544375572 
 05/29  15:00:00,53673552.03266272,1585024.588317241 
 05/29  16:00:00,52545387.01821569,1604251.346576837 
 05/29  17:00:00,47676451.255240545,1509644.3310868521 
 05/29  18:00:00,47676651.92465953,1490153.950576102 
 05/29  19:00:00,30437304.83488559,1355388.7596378003 
 05/29  20:00:00,19182131.89679092,1354960.257918031 
 05/29  21:00:00,5760000.0,0.0 
 05/29  22:00:00,1710000.0,0.0 
 05/29  23:00:00,1710000.0,0.0 
 05/29  24:00:00,1710000.0,0.0 
 05/30  01:00:00,1710000.0,0.0 
 05/30  02:00:00,1710000.0,0.0 
 05/30  03:00:00,1710000.0,0.0 
 05/30  04:00:00,1710000.0,0.0 
 05/30  05:00:00,1710000.0,0.0 
 05/30  06:00:00,1710000.0,0.0 
 05/30  07:00:00,11124983.949369837,1354960.257918031 
 05/30  08:00:00,11501304.089928268,1354960.257918031 
 05/30  09:00:00,42430352.591077,1358462.462185833 
 05/30  10:00:00,55639531.05993672,1502889.8709237 
 05/30  11:00:00,57323705.89499358,1592511.367815708 
 05/30  12:00:00,55485389.25363617,1611716.3569845152 
 05/30  13:00:00,51952653.474817485,1526590.710608032 
 05/30  14:00:00,57934281.9210462,1711736.77008056 
 05/30  15:00:00,60200145.93127533,1817827.784357349 
 05/30  16:00:00,59112528.58734415,1783602.0709406983 
 05/30  17:00:00,54584843.415828116,1652906.9299946292 
 05/30  18:00:00,52090158.88011288,1604030.0582994698 
 05/30  19:00:00,31265765.191385344,1365479.5437402576 
 05/30  20:00:00,18867481.617880255,1354960.257918031 
 05/30  21:00:00,5760000.0,0.0 
 05/30  22:00:00,1710000.0,0.0 
 05/30  23:00:00,1710000.0,0.0 
 05/30  24:00:00,1710000.0,0.0 
 05/31  01:00:00,1710000.0,0.0 
 05/31  02:00:00,1710000.0,0.0 
 05/31  03:00:00,1710000.0,0.0 
 05/31  04:00:00,1710000.0,0.0 
 05/31  05:00:00,1710000.0,0.0 
 05/31  06:00:00,1710000.0,0.0 
 05/31  07:00:00,7952272.810741992,1354960.257918031 
 05/31  08:00:00,8418623.180975324,1354960.257918031 
 05/31  09:00:00,39362987.341171876,1435693.870358096 
 05/31  10:00:00,53258673.73598913,1685688.5145903989 
 05/31  11:00:00,56303294.699451886,1812658.6798088807 
 05/31  12:00:00,54576076.83974169,1744153.6138952798 
 05/31  13:00:00,49207204.776469514,1578009.0343426033 
 05/31  14:00:00,53806193.20014117,1763696.9326589475 
 05/31  15:00:00,55959634.48546203,1898260.0443286733 
 05/31  16:00:00,54363374.613996804,1904365.0180016882 
 05/31  17:00:00,49091329.55229598,1721601.977325551 
 05/31  18:00:00,47324737.758528024,1553975.471728169 
 05/31  19:00:00,28733622.939012993,1355841.8803511448 
 05/31  20:00:00,17342107.470594466,1354960.257918031 
 05/31  21:00:00,5760000.0,0.0 
 05/31  22:00:00,1710000.0,0.0 
 05/31  23:00:00,1710000.0,0.0 
 05/31  24:00:00,1710000.0,0.0,13778609271.812462,11223810000.0,7121250000.0,484921399.75375426,2069877872.058711,1785924821.3389204,1785924821.3389204,,,,,,,,7121250000.0,,11223810000.0,,4102560000.0 
 06/01  01:00:00,4950000.0,0.0 
 06/01  02:00:00,4950000.0,0.0 
 06/01  03:00:00,4950000.0,0.0 
 06/01  04:00:00,4950000.0,0.0 
 06/01  05:00:00,4950000.0,0.0 
 06/01  06:00:00,4950000.0,0.0 
 06/01  07:00:00,4950000.0,0.0 
 06/01  08:00:00,4950000.0,0.0 
 06/01  09:00:00,4950000.0,0.0 
 06/01  10:00:00,4950000.0,0.0 
 06/01  11:00:00,4950000.0,0.0 
 06/01  12:00:00,4950000.0,0.0 
 06/01  13:00:00,4950000.0,0.0 
 06/01  14:00:00,4950000.0,0.0 
 06/01  15:00:00,4950000.0,0.0 
 06/01  16:00:00,4950000.0,0.0 
 06/01  17:00:00,4950000.0,0.0 
 06/01  18:00:00,4950000.0,0.0 
 06/01  19:00:00,4950000.0,0.0 
 06/01  20:00:00,4950000.0,0.0 
 06/01  21:00:00,4950000.0,0.0 
 06/01  22:00:00,4950000.0,0.0 
 06/01  23:00:00,4950000.0,0.0 
 06/01  24:00:00,4950000.0,0.0 
 06/02  01:00:00,4950000.0,0.0 
 06/02  02:00:00,4950000.0,0.0 
 06/02  03:00:00,4950000.0,0.0 
 06/02  04:00:00,4950000.0,0.0 
 06/02  05:00:00,4950000.0,0.0 
 06/02  06:00:00,4950000.0,0.0 
 06/02  07:00:00,4950000.0,0.0 
 06/02  08:00:00,4950000.0,0.0 
 06/02  09:00:00,4950000.0,0.0 
 06/02  10:00:00,4950000.0,0.0 
 06/02  11:00:00,4950000.0,0.0 
 06/02  12:00:00,4950000.0,0.0 
 06/02  13:00:00,4950000.0,0.0 
 06/02  14:00:00,4950000.0,0.0 
 06/02  15:00:00,4950000.0,0.0 
 06/02  16:00:00,4950000.0,0.0 
 06/02  17:00:00,4950000.0,0.0 
 06/02  18:00:00,4950000.0,0.0 
 06/02  19:00:00,4950000.0,0.0 
 06/02  20:00:00,4950000.0,0.0 
 06/02  21:00:00,4950000.0,0.0 
 06/02  22:00:00,4950000.0,0.0 
 06/02  23:00:00,4950000.0,0.0 
 06/02  24:00:00,4950000.0,0.0 
 06/03  01:00:00,1710000.0,0.0 
 06/03  02:00:00,1710000.0,0.0 
 06/03  03:00:00,1710000.0,0.0 
 06/03  04:00:00,1710000.0,0.0 
 06/03  05:00:00,1710000.0,0.0 
 06/03  06:00:00,1710000.0,0.0 
 06/03  07:00:00,6598695.749845007,1354960.257918031 
 06/03  08:00:00,7361550.575426826,1356133.5492678909 
 06/03  09:00:00,39113309.37161884,1452046.539481179 
 06/03  10:00:00,53069737.88074805,1697656.8867130007 
 06/03  11:00:00,56515417.03832933,1825973.1419936526 
 06/03  12:00:00,55359798.672841884,1768370.5028013794 
 06/03  13:00:00,50499873.3832333,1622244.4826383002 
 06/03  14:00:00,54756237.60623456,1828597.9582986082 
 06/03  15:00:00,55731591.12916759,1896493.6986353942 
 06/03  16:00:00,52489218.57817734,1839416.7621300605 
 06/03  17:00:00,48021418.665389016,1719507.442368722 
 06/03  18:00:00,47454289.76021001,1652771.467689165 
 06/03  19:00:00,29331371.52108004,1382954.2061452474 
 06/03  20:00:00,17211542.092047226,1354960.257918031 
 06/03  21:00:00,5760000.0,0.0 
 06/03  22:00:00,1710000.0,0.0 
 06/03  23:00:00,1710000.0,0.0 
 06/03  24:00:00,1710000.0,0.0 
 06/04  01:00:00,1710000.0,0.0 
 06/04  02:00:00,1710000.0,0.0 
 06/04  03:00:00,1710000.0,0.0 
 06/04  04:00:00,1710000.0,0.0 
 06/04  05:00:00,1710000.0,0.0 
 06/04  06:00:00,1710000.0,0.0 
 06/04  07:00:00,7615557.21045073,1354960.257918031 
 06/04  08:00:00,8184144.077938236,1354960.257918031 
 06/04  09:00:00,40453439.96457406,1466351.3289652462 
 06/04  10:00:00,55610953.15693653,1824923.619621558 
 06/04  11:00:00,59559974.111553326,2015047.7339884466 
 06/04  12:00:00,58131833.07369134,1950986.4074093385 
 06/04  13:00:00,51574308.317332275,1695641.3898706932 
 06/04  14:00:00,55758625.88199181,1869404.995662698 
 06/04  15:00:00,57491719.74954723,1981159.4241939168 
 06/04  16:00:00,55187472.7152557,1895876.1732290774 
 06/04  17:00:00,49091765.890501484,1652445.2967517106 
 06/04  18:00:00,47379270.45984344,1557568.2999351602 
 06/04  19:00:00,30271057.292434625,1357842.4380360811 
 06/04  20:00:00,18590537.428691234,1354960.257918031 
 06/04  21:00:00,5760000.0,0.0 
 06/04  22:00:00,1710000.0,0.0 
 06/04  23:00:00,1710000.0,0.0 
 06/04  24:00:00,1710000.0,0.0 
 06/05  01:00:00,1710000.0,0.0 
 06/05  02:00:00,1710000.0,0.0 
 06/05  03:00:00,1710000.0,0.0 
 06/05  04:00:00,1710000.0,0.0 
 06/05  05:00:00,1710000.0,0.0 
 06/05  06:00:00,1710000.0,0.0 
 06/05  07:00:00,7487201.851830248,1354960.257918031 
 06/05  08:00:00,7194270.9555733185,1354960.257918031 
 06/05  09:00:00,37647308.62225966,1409064.7511673176 
 06/05  10:00:00,50210154.838066265,1567348.973357496 
 06/05  11:00:00,53693626.0178384,1656704.5178728958 
 06/05  12:00:00,53132133.195166335,1617890.7788966163 
 06/05  13:00:00,47817992.15934308,1503323.7989560883 
 06/05  14:00:00,51282002.78236957,1590300.2708502226 
 06/05  15:00:00,53167949.50665306,1668191.3746705747 
 06/05  16:00:00,51316388.719841585,1690597.7473615524 
 06/05  17:00:00,46059728.046578154,1622703.8432765023 
 06/05  18:00:00,44721876.98409261,1571435.5428139968 
 06/05  19:00:00,27484628.406296805,1386119.9799271945 
 06/05  20:00:00,15805140.702630278,1354960.257918031 
 06/05  21:00:00,5760000.0,0.0 
 06/05  22:00:00,1710000.0,0.0 
 06/05  23:00:00,1710000.0,0.0 
 06/05  24:00:00,1710000.0,0.0 
 06/06  01:00:00,1710000.0,0.0 
 06/06  02:00:00,1710000.0,0.0 
 06/06  03:00:00,1710000.0,0.0 
 06/06  04:00:00,1710000.0,0.0 
 06/06  05:00:00,1710000.0,0.0 
 06/06  06:00:00,1710000.0,0.0 
 06/06  07:00:00,6116670.859621468,1354960.257918031 
 06/06  08:00:00,7361855.425639625,1355326.3129416204 
 06/06  09:00:00,40220688.52555749,1459215.132159302 
 06/06  10:00:00,54894883.4190963,1718704.5265792008 
 06/06  11:00:00,59693509.49288024,1865568.580180353 
 06/06  12:00:00,59460228.50775348,1858615.9913248587 
 06/06  13:00:00,54656011.42200403,1677176.3998303437 
 06/06  14:00:00,60114016.51827218,1898576.7555226325 
 06/06  15:00:00,62933113.56655778,2059327.3442300586 
 06/06  16:00:00,61601484.750643186,2097229.965522577 
 06/06  17:00:00,56144766.37640597,1935983.0341625728 
 06/06  18:00:00,53738450.267864615,1807197.3276654992 
 06/06  19:00:00,32756956.219761144,1415313.4815799752 
 06/06  20:00:00,20139617.440554447,1354960.257918031 
 06/06  21:00:00,5760000.0,0.0 
 06/06  22:00:00,1710000.0,0.0 
 06/06  23:00:00,1710000.0,0.0 
 06/06  24:00:00,1710000.0,0.0 
 06/07  01:00:00,1710000.0,0.0 
 06/07  02:00:00,1710000.0,0.0 
 06/07  03:00:00,1710000.0,0.0 
 06/07  04:00:00,1710000.0,0.0 
 06/07  05:00:00,1710000.0,0.0 
 06/07  06:00:00,1710000.0,0.0 
 06/07  07:00:00,12741327.533662561,1354960.257918031 
 06/07  08:00:00,13464532.058549196,1354960.257918031 
 06/07  09:00:00,43313893.28334619,1357111.2671987219 
 06/07  10:00:00,56654148.63905972,1509986.8495926727 
 06/07  11:00:00,57462994.70830126,1562731.5582978586 
 06/07  12:00:00,54752209.135059804,1522440.1966215074 
 06/07  13:00:00,50917214.442928195,1470714.5443378857 
 06/07  14:00:00,56113765.85583352,1559433.5243292397 
 06/07  15:00:00,58223036.10441635,1620547.7939111101 
 06/07  16:00:00,57806819.88751026,1666498.8734455116 
 06/07  17:00:00,53785868.13308273,1614616.5990974247 
 06/07  18:00:00,53533496.5925886,1581381.90210101 
 06/07  19:00:00,34511935.74949853,1360104.5737510193 
 06/07  20:00:00,22861965.891110383,1354960.257918031 
 06/07  21:00:00,5760000.0,0.0 
 06/07  22:00:00,1710000.0,0.0 
 06/07  23:00:00,1710000.0,0.0 
 06/07  24:00:00,1710000.0,0.0 
 06/08  01:00:00,4950000.0,0.0 
 06/08  02:00:00,4950000.0,0.0 
 06/08  03:00:00,4950000.0,0.0 
 06/08  04:00:00,4950000.0,0.0 
 06/08  05:00:00,4950000.0,0.0 
 06/08  06:00:00,4950000.0,0.0 
 06/08  07:00:00,4950000.0,0.0 
 06/08  08:00:00,4950000.0,0.0 
 06/08  09:00:00,4950000.0,0.0 
 06/08  10:00:00,4950000.0,0.0 
 06/08  11:00:00,4950000.0,0.0 
 06/08  12:00:00,4950000.0,0.0 
 06/08  13:00:00,4950000.0,0.0 
 06/08  14:00:00,4950000.0,0.0 
 06/08  15:00:00,4950000.0,0.0 
 06/08  16:00:00,4950000.0,0.0 
 06/08  17:00:00,4950000.0,0.0 
 06/08  18:00:00,4950000.0,0.0 
 06/08  19:00:00,4950000.0,0.0 
 06/08  20:00:00,4950000.0,0.0 
 06/08  21:00:00,4950000.0,0.0 
 06/08  22:00:00,4950000.0,0.0 
 06/08  23:00:00,4950000.0,0.0 
 06/08  24:00:00,4950000.0,0.0 
 06/09  01:00:00,4950000.0,0.0 
 06/09  02:00:00,4950000.0,0.0 
 06/09  03:00:00,4950000.0,0.0 
 06/09  04:00:00,4950000.0,0.0 
 06/09  05:00:00,4950000.0,0.0 
 06/09  06:00:00,4950000.0,0.0 
 06/09  07:00:00,4950000.0,0.0 
 06/09  08:00:00,4950000.0,0.0 
 06/09  09:00:00,4950000.0,0.0 
 06/09  10:00:00,4950000.0,0.0 
 06/09  11:00:00,4950000.0,0.0 
 06/09  12:00:00,4950000.0,0.0 
 06/09  13:00:00,4950000.0,0.0 
 06/09  14:00:00,4950000.0,0.0 
 06/09  15:00:00,4950000.0,0.0 
 06/09  16:00:00,4950000.0,0.0 
 06/09  17:00:00,4950000.0,0.0 
 06/09  18:00:00,4950000.0,0.0 
 06/09  19:00:00,4950000.0,0.0 
 06/09  20:00:00,4950000.0,0.0 
 06/09  21:00:00,4950000.0,0.0 
 06/09  22:00:00,4950000.0,0.0 
 06/09  23:00:00,4950000.0,0.0 
 06/09  24:00:00,4950000.0,0.0 
 06/10  01:00:00,1710000.0,0.0 
 06/10  02:00:00,1710000.0,0.0 
 06/10  03:00:00,1710000.0,0.0 
 06/10  04:00:00,1710000.0,0.0 
 06/10  05:00:00,1710000.0,0.0 
 06/10  06:00:00,1710000.0,0.0 
 06/10  07:00:00,13645001.937745024,1354960.257918031 
 06/10  08:00:00,11490598.993458312,1354960.257918031 
 06/10  09:00:00,38993125.7678227,1354960.257918031 
 06/10  10:00:00,48996547.97619457,1431671.8297750559 
 06/10  11:00:00,50887242.44506848,1511620.1622163882 
 06/10  12:00:00,49470879.803857535,1507875.432277652 
 06/10  13:00:00,44371505.860987835,1435180.6665070653 
 06/10  14:00:00,47830190.68824141,1508790.6226393206 
 06/10  15:00:00,49241886.04712176,1543526.5679840748 
 06/10  16:00:00,46613844.16930433,1473032.2895111963 
 06/10  17:00:00,42302080.72513141,1418394.7714687781 
 06/10  18:00:00,42119469.01862131,1404660.4192555174 
 06/10  19:00:00,27009022.771322824,1354960.257918031 
 06/10  20:00:00,15945645.775373086,1354960.257918031 
 06/10  21:00:00,5760000.0,0.0 
 06/10  22:00:00,1710000.0,0.0 
 06/10  23:00:00,1710000.0,0.0 
 06/10  24:00:00,1710000.0,0.0 
 06/11  01:00:00,1710000.0,0.0 
 06/11  02:00:00,1710000.0,0.0 
 06/11  03:00:00,1710000.0,0.0 
 06/11  04:00:00,1710000.0,0.0 
 06/11  05:00:00,1710000.0,0.0 
 06/11  06:00:00,1710000.0,0.0 
 06/11  07:00:00,6480427.416111918,1354960.257918031 
 06/11  08:00:00,7032182.422960831,1354960.257918031 
 06/11  09:00:00,38444250.28171864,1417766.3599618752 
 06/11  10:00:00,52413438.21187813,1670073.7073499926 
 06/11  11:00:00,56060190.40754482,1812130.2332113876 
 06/11  12:00:00,54632700.290190645,1756327.1681672717 
 06/11  13:00:00,48836901.25499676,1594397.6080091149 
 06/11  14:00:00,54091684.09807276,1804463.2000357592 
 06/11  15:00:00,56721735.12438887,1925314.3477699256 
 06/11  16:00:00,53910357.9541572,1825515.5235483365 
 06/11  17:00:00,48339895.04448706,1650512.237143758 
 06/11  18:00:00,47134920.196506985,1556182.865938427 
 06/11  19:00:00,29130697.98468948,1356024.1473386614 
 06/11  20:00:00,17521825.43054673,1354960.257918031 
 06/11  21:00:00,5760000.0,0.0 
 06/11  22:00:00,1710000.0,0.0 
 06/11  23:00:00,1710000.0,0.0 
 06/11  24:00:00,1710000.0,0.0 
 06/12  01:00:00,1710000.0,0.0 
 06/12  02:00:00,1710000.0,0.0 
 06/12  03:00:00,1710000.0,0.0 
 06/12  04:00:00,1710000.0,0.0 
 06/12  05:00:00,1710000.0,0.0 
 06/12  06:00:00,1710000.0,0.0 
 06/12  07:00:00,6283637.328052417,1354960.257918031 
 06/12  08:00:00,6928491.665765962,1354960.257918031 
 06/12  09:00:00,38212265.26383102,1451764.6319773225 
 06/12  10:00:00,51186205.113760784,1653680.943791529 
 06/12  11:00:00,54064288.600444414,1757669.2227043435 
 06/12  12:00:00,51424785.35233003,1648390.7195042204 
 06/12  13:00:00,46146043.90300676,1518843.8089095503 
 06/12  14:00:00,50859542.68654525,1685592.5464524468 
 06/12  15:00:00,53203683.04496111,1803272.1391881548 
 06/12  16:00:00,51455375.59939594,1790653.2163102992 
 06/12  17:00:00,45822980.465774745,1597685.2991235666 
 06/12  18:00:00,44284341.733653255,1496488.3715861673 
 06/12  19:00:00,27588817.996706884,1355144.9300112044 
 06/12  20:00:00,16524690.840010164,1354960.257918031 
 06/12  21:00:00,5760000.0,0.0 
 06/12  22:00:00,1710000.0,0.0 
 06/12  23:00:00,1710000.0,0.0 
 06/12  24:00:00,1710000.0,0.0 
 06/13  01:00:00,1710000.0,0.0 
 06/13  02:00:00,1710000.0,0.0 
 06/13  03:00:00,1710000.0,0.0 
 06/13  04:00:00,1710000.0,0.0 
 06/13  05:00:00,1710000.0,0.0 
 06/13  06:00:00,1710000.0,0.0 
 06/13  07:00:00,7060296.890749609,1354960.257918031 
 06/13  08:00:00,7996907.623820821,1354960.257918031 
 06/13  09:00:00,39496435.81954513,1404096.3268675236 
 06/13  10:00:00,52730000.83995159,1571895.4635919896 
 06/13  11:00:00,56158476.962276615,1684860.1632065405 
 06/13  12:00:00,55067198.05158378,1659712.4311403024 
 06/13  13:00:00,49770436.48164614,1523528.0952383191 
 06/13  14:00:00,52889748.73362969,1611248.9596657816 
 06/13  15:00:00,54933036.242574334,1694294.1473156163 
 06/13  16:00:00,53656461.820854306,1680819.2699309806 
 06/13  17:00:00,49223256.19701728,1590478.8501510997 
 06/13  18:00:00,48790016.58635351,1562145.483914344 
 06/13  19:00:00,30595334.633910313,1369572.0019639828 
 06/13  20:00:00,19000887.92702458,1354960.257918031 
 06/13  21:00:00,5760000.0,0.0 
 06/13  22:00:00,1710000.0,0.0 
 06/13  23:00:00,1710000.0,0.0 
 06/13  24:00:00,1710000.0,0.0 
 06/14  01:00:00,1710000.0,0.0 
 06/14  02:00:00,1710000.0,0.0 
 06/14  03:00:00,1710000.0,0.0 
 06/14  04:00:00,1710000.0,0.0 
 06/14  05:00:00,1710000.0,0.0 
 06/14  06:00:00,1710000.0,0.0 
 06/14  07:00:00,9311097.358456371,1354960.257918031 
 06/14  08:00:00,10127860.817095783,1354960.257918031 
 06/14  09:00:00,41566840.15396722,1397064.9937569823 
 06/14  10:00:00,56342347.5778529,1628326.9760306613 
 06/14  11:00:00,60441945.99544402,1770306.8134798682 
 06/14  12:00:00,59731032.932245724,1785196.2801212482 
 06/14  13:00:00,54565291.67255353,1621538.0652735261 
 06/14  14:00:00,60467799.71935601,1879229.760830551 
 06/14  15:00:00,62783484.48500322,2055555.9736649068 
 06/14  16:00:00,60407541.54844066,2036783.7078499552 
 06/14  17:00:00,54914154.254564986,1837082.036929956 
 06/14  18:00:00,53336548.07398476,1711929.8039687113 
 06/14  19:00:00,32984181.89125921,1381126.9310754966 
 06/14  20:00:00,20816305.94293052,1354960.257918031 
 06/14  21:00:00,5760000.0,0.0 
 06/14  22:00:00,1710000.0,0.0 
 06/14  23:00:00,1710000.0,0.0 
 06/14  24:00:00,1710000.0,0.0 
 06/15  01:00:00,4950000.0,0.0 
 06/15  02:00:00,4950000.0,0.0 
 06/15  03:00:00,4950000.0,0.0 
 06/15  04:00:00,4950000.0,0.0 
 06/15  05:00:00,4950000.0,0.0 
 06/15  06:00:00,4950000.0,0.0 
 06/15  07:00:00,4950000.0,0.0 
 06/15  08:00:00,4950000.0,0.0 
 06/15  09:00:00,4950000.0,0.0 
 06/15  10:00:00,4950000.0,0.0 
 06/15  11:00:00,4950000.0,0.0 
 06/15  12:00:00,4950000.0,0.0 
 06/15  13:00:00,4950000.0,0.0 
 06/15  14:00:00,4950000.0,0.0 
 06/15  15:00:00,4950000.0,0.0 
 06/15  16:00:00,4950000.0,0.0 
 06/15  17:00:00,4950000.0,0.0 
 06/15  18:00:00,4950000.0,0.0 
 06/15  19:00:00,4950000.0,0.0 
 06/15  20:00:00,4950000.0,0.0 
 06/15  21:00:00,4950000.0,0.0 
 06/15  22:00:00,4950000.0,0.0 
 06/15  23:00:00,4950000.0,0.0 
 06/15  24:00:00,4950000.0,0.0 
 06/16  01:00:00,4950000.0,0.0 
 06/16  02:00:00,4950000.0,0.0 
 06/16  03:00:00,4950000.0,0.0 
 06/16  04:00:00,4950000.0,0.0 
 06/16  05:00:00,4950000.0,0.0 
 06/16  06:00:00,4950000.0,0.0 
 06/16  07:00:00,4950000.0,0.0 
 06/16  08:00:00,4950000.0,0.0 
 06/16  09:00:00,4950000.0,0.0 
 06/16  10:00:00,4950000.0,0.0 
 06/16  11:00:00,4950000.0,0.0 
 06/16  12:00:00,4950000.0,0.0 
 06/16  13:00:00,4950000.0,0.0 
 06/16  14:00:00,4950000.0,0.0 
 06/16  15:00:00,4950000.0,0.0 
 06/16  16:00:00,4950000.0,0.0 
 06/16  17:00:00,4950000.0,0.0 
 06/16  18:00:00,4950000.0,0.0 
 06/16  19:00:00,4950000.0,0.0 
 06/16  20:00:00,4950000.0,0.0 
 06/16  21:00:00,4950000.0,0.0 
 06/16  22:00:00,4950000.0,0.0 
 06/16  23:00:00,4950000.0,0.0 
 06/16  24:00:00,4950000.0,0.0 
 06/17  01:00:00,1710000.0,0.0 
 06/17  02:00:00,1710000.0,0.0 
 06/17  03:00:00,1710000.0,0.0 
 06/17  04:00:00,1710000.0,0.0 
 06/17  05:00:00,1710000.0,0.0 
 06/17  06:00:00,1710000.0,0.0 
 06/17  07:00:00,11097789.06246571,1354960.257918031 
 06/17  08:00:00,11006246.298988586,1354960.257918031 
 06/17  09:00:00,41983894.835791096,1415898.9797883646 
 06/17  10:00:00,54277686.89087945,1669987.0263494784 
 06/17  11:00:00,56469108.31688666,1743365.0183301563 
 06/17  12:00:00,54229784.315380454,1629461.1007475234 
 06/17  13:00:00,48394861.45942709,1507618.077348673 
 06/17  14:00:00,52993116.020279236,1669870.3291608063 
 06/17  15:00:00,54821324.976257,1775639.9260222437 
 06/17  16:00:00,51891492.26796854,1699176.3839548142 
 06/17  17:00:00,45179175.7141268,1488345.0998077788 
 06/17  18:00:00,44811118.73847496,1475673.5829518652 
 06/17  19:00:00,27575415.35237055,1355282.9511733179 
 06/17  20:00:00,16116441.41409299,1354960.257918031 
 06/17  21:00:00,5760000.0,0.0 
 06/17  22:00:00,1710000.0,0.0 
 06/17  23:00:00,1710000.0,0.0 
 06/17  24:00:00,1710000.0,0.0 
 06/18  01:00:00,1710000.0,0.0 
 06/18  02:00:00,1710000.0,0.0 
 06/18  03:00:00,1710000.0,0.0 
 06/18  04:00:00,1710000.0,0.0 
 06/18  05:00:00,1710000.0,0.0 
 06/18  06:00:00,1710000.0,0.0 
 06/18  07:00:00,6072779.723795485,1354960.257918031 
 06/18  08:00:00,6548443.363754372,1354960.257918031 
 06/18  09:00:00,36648924.45893816,1354960.257918031 
 06/18  10:00:00,47766875.39225735,1395691.0686796056 
 06/18  11:00:00,49879030.94448873,1448150.2806364084 
 06/18  12:00:00,48480093.48709541,1444991.6506221867 
 06/18  13:00:00,44312879.67252335,1407340.995240048 
 06/18  14:00:00,48501505.3155435,1494573.6069284056 
 06/18  15:00:00,50899747.21237546,1589965.1170035193 
 06/18  16:00:00,49679306.02009262,1612470.7918626014 
 06/18  17:00:00,44593242.495657094,1513652.795777521 
 06/18  18:00:00,43028947.57707366,1433135.2548082941 
 06/18  19:00:00,27089706.307664245,1354960.257918031 
 06/18  20:00:00,15648284.944528107,1354960.257918031 
 06/18  21:00:00,5760000.0,0.0 
 06/18  22:00:00,1710000.0,0.0 
 06/18  23:00:00,1710000.0,0.0 
 06/18  24:00:00,1710000.0,0.0 
 06/19  01:00:00,1710000.0,0.0 
 06/19  02:00:00,1710000.0,0.0 
 06/19  03:00:00,1710000.0,0.0 
 06/19  04:00:00,1710000.0,0.0 
 06/19  05:00:00,1710000.0,0.0 
 06/19  06:00:00,1710000.0,0.0 
 06/19  07:00:00,7068488.079940394,1354960.257918031 
 06/19  08:00:00,8025808.473668264,1354960.257918031 
 06/19  09:00:00,39500605.046370074,1382422.9195138873 
 06/19  10:00:00,54180199.888163656,1618185.7804574417 
 06/19  11:00:00,57742185.437746994,1787516.8342111446 
 06/19  12:00:00,57179710.774115525,1755168.4267528295 
 06/19  13:00:00,54381545.32986674,1640550.9106972867 
 06/19  14:00:00,60738552.591947004,1861117.6804277305 
 06/19  15:00:00,63771353.79532768,1978874.125473362 
 06/19  16:00:00,62546431.518687636,1947052.3414021027 
 06/19  17:00:00,56499930.23233385,1684510.4883018313 
 06/19  18:00:00,55027641.71075837,1603343.1434713793 
 06/19  19:00:00,35138502.120181255,1362152.7378789715 
 06/19  20:00:00,23571995.95194477,1354960.257918031 
 06/19  21:00:00,5760000.0,0.0 
 06/19  22:00:00,1710000.0,0.0 
 06/19  23:00:00,1710000.0,0.0 
 06/19  24:00:00,1710000.0,0.0 
 06/20  01:00:00,1710000.0,0.0 
 06/20  02:00:00,1710000.0,0.0 
 06/20  03:00:00,1710000.0,0.0 
 06/20  04:00:00,1710000.0,0.0 
 06/20  05:00:00,1710000.0,0.0 
 06/20  06:00:00,1710000.0,0.0 
 06/20  07:00:00,13838518.937858533,1354960.257918031 
 06/20  08:00:00,14028518.995127805,1354960.257918031 
 06/20  09:00:00,45531837.83577737,1415939.9796093646 
 06/20  10:00:00,61357836.18527859,1781379.441333083 
 06/20  11:00:00,66035078.77931464,2001942.257542573 
 06/20  12:00:00,65031136.51044102,1954004.4061745666 
 06/20  13:00:00,59602841.87399466,1737638.3632027102 
 06/20  14:00:00,65567962.41935101,1992832.533408516 
 06/20  15:00:00,68400069.4696827,2130922.4811059623 
 06/20  16:00:00,63555994.2703666,1980274.0976796849 
 06/20  17:00:00,55972997.318638854,1754990.381988293 
 06/20  18:00:00,53505811.69292695,1642766.4078245093 
 06/20  19:00:00,33235787.55591472,1370487.4864838938 
 06/20  20:00:00,20723566.138740227,1354960.257918031 
 06/20  21:00:00,5760000.0,0.0 
 06/20  22:00:00,1710000.0,0.0 
 06/20  23:00:00,1710000.0,0.0 
 06/20  24:00:00,1710000.0,0.0 
 06/21  01:00:00,1710000.0,0.0 
 06/21  02:00:00,1710000.0,0.0 
 06/21  03:00:00,1710000.0,0.0 
 06/21  04:00:00,1710000.0,0.0 
 06/21  05:00:00,1710000.0,0.0 
 06/21  06:00:00,1710000.0,0.0 
 06/21  07:00:00,10691165.471967487,1354960.257918031 
 06/21  08:00:00,11310248.996928193,1358304.5711828456 
 06/21  09:00:00,43799445.4785261,1505756.3046278069 
 06/21  10:00:00,58997562.17513312,1901191.0421485761 
 06/21  11:00:00,62517403.89241464,2029048.007423769 
 06/21  12:00:00,60132855.61414179,1914197.9115537317 
 06/21  13:00:00,53485422.473752916,1686322.583535845 
 06/21  14:00:00,58498344.87619756,1903075.814748674 
 06/21  15:00:00,60892024.720422685,2048455.4936893845 
 06/21  16:00:00,58799049.90279526,2044877.0422430914 
 06/21  17:00:00,53043864.95158016,1855665.3393018362 
 06/21  18:00:00,51621774.74313981,1727593.8890088033 
 06/21  19:00:00,31984626.620443787,1389593.4955670526 
 06/21  20:00:00,19972292.14141984,1354960.257918031 
 06/21  21:00:00,5760000.0,0.0 
 06/21  22:00:00,1710000.0,0.0 
 06/21  23:00:00,1710000.0,0.0 
 06/21  24:00:00,1710000.0,0.0 
 06/22  01:00:00,4950000.0,0.0 
 06/22  02:00:00,4950000.0,0.0 
 06/22  03:00:00,4950000.0,0.0 
 06/22  04:00:00,4950000.0,0.0 
 06/22  05:00:00,4950000.0,0.0 
 06/22  06:00:00,4950000.0,0.0 
 06/22  07:00:00,4950000.0,0.0 
 06/22  08:00:00,4950000.0,0.0 
 06/22  09:00:00,4950000.0,0.0 
 06/22  10:00:00,4950000.0,0.0 
 06/22  11:00:00,4950000.0,0.0 
 06/22  12:00:00,4950000.0,0.0 
 06/22  13:00:00,4950000.0,0.0 
 06/22  14:00:00,4950000.0,0.0 
 06/22  15:00:00,4950000.0,0.0 
 06/22  16:00:00,4950000.0,0.0 
 06/22  17:00:00,4950000.0,0.0 
 06/22  18:00:00,4950000.0,0.0 
 06/22  19:00:00,4950000.0,0.0 
 06/22  20:00:00,4950000.0,0.0 
 06/22  21:00:00,4950000.0,0.0 
 06/22  22:00:00,4950000.0,0.0 
 06/22  23:00:00,4950000.0,0.0 
 06/22  24:00:00,4950000.0,0.0 
 06/23  01:00:00,4950000.0,0.0 
 06/23  02:00:00,4950000.0,0.0 
 06/23  03:00:00,4950000.0,0.0 
 06/23  04:00:00,4950000.0,0.0 
 06/23  05:00:00,4950000.0,0.0 
 06/23  06:00:00,4950000.0,0.0 
 06/23  07:00:00,4950000.0,0.0 
 06/23  08:00:00,4950000.0,0.0 
 06/23  09:00:00,4950000.0,0.0 
 06/23  10:00:00,4950000.0,0.0 
 06/23  11:00:00,4950000.0,0.0 
 06/23  12:00:00,4950000.0,0.0 
 06/23  13:00:00,4950000.0,0.0 
 06/23  14:00:00,4950000.0,0.0 
 06/23  15:00:00,4950000.0,0.0 
 06/23  16:00:00,4950000.0,0.0 
 06/23  17:00:00,4950000.0,0.0 
 06/23  18:00:00,4950000.0,0.0 
 06/23  19:00:00,4950000.0,0.0 
 06/23  20:00:00,4950000.0,0.0 
 06/23  21:00:00,4950000.0,0.0 
 06/23  22:00:00,4950000.0,0.0 
 06/23  23:00:00,4950000.0,0.0 
 06/23  24:00:00,4950000.0,0.0 
 06/24  01:00:00,1710000.0,0.0 
 06/24  02:00:00,1710000.0,0.0 
 06/24  03:00:00,1710000.0,0.0 
 06/24  04:00:00,1710000.0,0.0 
 06/24  05:00:00,1710000.0,0.0 
 06/24  06:00:00,1710000.0,0.0 
 06/24  07:00:00,5729784.099773313,1354960.257918031 
 06/24  08:00:00,6153808.137227711,1354960.257918031 
 06/24  09:00:00,37279395.39759733,1426562.9886569558 
 06/24  10:00:00,50295877.54239382,1583022.5030673344 
 06/24  11:00:00,53304492.09003876,1647715.2062541083 
 06/24  12:00:00,52122979.563047774,1608863.3527650968 
 06/24  13:00:00,46592498.224425964,1487067.1558112977 
 06/24  14:00:00,50223115.702463515,1590215.6098291932 
 06/24  15:00:00,52370397.096103825,1698535.8102119993 
 06/24  16:00:00,50936801.5736512,1733143.1868683137 
 06/24  17:00:00,46557214.36574484,1660979.5471834007 
 06/24  18:00:00,45875358.173204064,1615468.8270391128 
 06/24  19:00:00,28297871.503751818,1391938.9136593242 
 06/24  20:00:00,16177627.849183224,1354960.257918031 
 06/24  21:00:00,5760000.0,0.0 
 06/24  22:00:00,1710000.0,0.0 
 06/24  23:00:00,1710000.0,0.0 
 06/24  24:00:00,1710000.0,0.0 
 06/25  01:00:00,1710000.0,0.0 
 06/25  02:00:00,1710000.0,0.0 
 06/25  03:00:00,1710000.0,0.0 
 06/25  04:00:00,1710000.0,0.0 
 06/25  05:00:00,1710000.0,0.0 
 06/25  06:00:00,1710000.0,0.0 
 06/25  07:00:00,6030191.469601204,1354960.257918031 
 06/25  08:00:00,7493206.490577744,1354960.257918031 
 06/25  09:00:00,39642634.98072637,1458326.7640417176 
 06/25  10:00:00,53272824.247947276,1702266.640403633 
 06/25  11:00:00,57396481.25815219,1852227.817831128 
 06/25  12:00:00,56142561.06708408,1794769.054851065 
 06/25  13:00:00,49757408.36225066,1610545.138634876 
 06/25  14:00:00,53696384.99897425,1762166.1230944206 
 06/25  15:00:00,55935777.02638308,1876953.7601907626 
 06/25  16:00:00,54211649.42336332,1888757.409151278 
 06/25  17:00:00,49190019.65786647,1778170.136141719 
 06/25  18:00:00,47985004.28540735,1706504.6557157952 
 06/25  19:00:00,29541614.620764323,1401168.3740883062 
 06/25  20:00:00,17296499.24671659,1355271.4113704623 
 06/25  21:00:00,5760000.0,0.0 
 06/25  22:00:00,1710000.0,0.0 
 06/25  23:00:00,1710000.0,0.0 
 06/25  24:00:00,1710000.0,0.0 
 06/26  01:00:00,1710000.0,0.0 
 06/26  02:00:00,1710000.0,0.0 
 06/26  03:00:00,1710000.0,0.0 
 06/26  04:00:00,1710000.0,0.0 
 06/26  05:00:00,1710000.0,0.0 
 06/26  06:00:00,1710000.0,0.0 
 06/26  07:00:00,6959352.450053079,1354960.257918031 
 06/26  08:00:00,8119808.733770922,1354960.257918031 
 06/26  09:00:00,39393531.003681615,1445039.4929542674 
 06/26  10:00:00,53431195.70264648,1686341.4515286144 
 06/26  11:00:00,57755282.54896157,1820962.0344495554 
 06/26  12:00:00,56871934.85757693,1777150.6430839254 
 06/26  13:00:00,51580593.51707497,1610355.4448467828 
 06/26  14:00:00,56718743.862875395,1813882.9011103823 
 06/26  15:00:00,59339352.998706214,1955624.0824693632 
 06/26  16:00:00,58367794.30016264,2017941.00580584 
 06/26  17:00:00,53539800.92313813,1871036.7771868478 
 06/26  18:00:00,51845265.88989065,1768717.9489880765 
 06/26  19:00:00,31393912.73150012,1396493.292029726 
 06/26  20:00:00,18573764.459956154,1354960.257918031 
 06/26  21:00:00,5760000.0,0.0 
 06/26  22:00:00,1710000.0,0.0 
 06/26  23:00:00,1710000.0,0.0 
 06/26  24:00:00,1710000.0,0.0 
 06/27  01:00:00,1710000.0,0.0 
 06/27  02:00:00,1710000.0,0.0 
 06/27  03:00:00,1710000.0,0.0 
 06/27  04:00:00,1710000.0,0.0 
 06/27  05:00:00,1710000.0,0.0 
 06/27  06:00:00,1710000.0,0.0 
 06/27  07:00:00,7661787.816232975,1354960.257918031 
 06/27  08:00:00,8756242.828567196,1354960.257918031 
 06/27  09:00:00,39900484.5972004,1367490.6236923086 
 06/27  10:00:00,54916771.54669216,1576111.9080147343 
 06/27  11:00:00,60462375.929634035,1811050.749886314 
 06/27  12:00:00,59903502.61277549,1801542.8384025078 
 06/27  13:00:00,55431589.92275953,1652302.2210581698 
 06/27  14:00:00,60700887.464961514,1897081.9774554358 
 06/27  15:00:00,63030340.93464911,2035138.232673429 
 06/27  16:00:00,60652733.45722011,1994125.6184190747 
 06/27  17:00:00,54363143.52857047,1771659.8258169522 
 06/27  18:00:00,53443285.591725506,1683367.9149423297 
 06/27  19:00:00,33671491.47232486,1380276.5501500303 
 06/27  20:00:00,21218568.19732307,1354960.257918031 
 06/27  21:00:00,5760000.0,0.0 
 06/27  22:00:00,1710000.0,0.0 
 06/27  23:00:00,1710000.0,0.0 
 06/27  24:00:00,1710000.0,0.0 
 06/28  01:00:00,1710000.0,0.0 
 06/28  02:00:00,1710000.0,0.0 
 06/28  03:00:00,1710000.0,0.0 
 06/28  04:00:00,1710000.0,0.0 
 06/28  05:00:00,1710000.0,0.0 
 06/28  06:00:00,1710000.0,0.0 
 06/28  07:00:00,10717720.063087273,1356892.5746182762 
 06/28  08:00:00,13106858.652740002,1376335.3405413877 
 06/28  09:00:00,46097016.71605868,1521947.3810444449 
 06/28  10:00:00,61955395.96045931,1899563.0465182192 
 06/28  11:00:00,64883961.501593076,2056135.9292313752 
 06/28  12:00:00,62611079.132174976,1980773.3824839 
 06/28  13:00:00,57068968.193737805,1720939.5854134648 
 06/28  14:00:00,62460781.06354213,1941347.1528194575 
 06/28  15:00:00,63445646.81427781,2067944.4161482055 
 06/28  16:00:00,61300524.22156451,2020027.8306475596 
 06/28  17:00:00,56276651.47953063,1835507.6723218365 
 06/28  18:00:00,54190450.07519279,1737908.3828700604 
 06/28  19:00:00,32680863.883765515,1381223.4571901502 
 06/28  20:00:00,20362961.730539795,1354960.257918031 
 06/28  21:00:00,5760000.0,0.0 
 06/28  22:00:00,1710000.0,0.0 
 06/28  23:00:00,1710000.0,0.0 
 06/28  24:00:00,1710000.0,0.0 
 06/29  01:00:00,4950000.0,0.0 
 06/29  02:00:00,4950000.0,0.0 
 06/29  03:00:00,4950000.0,0.0 
 06/29  04:00:00,4950000.0,0.0 
 06/29  05:00:00,4950000.0,0.0 
 06/29  06:00:00,4950000.0,0.0 
 06/29  07:00:00,4950000.0,0.0 
 06/29  08:00:00,4950000.0,0.0 
 06/29  09:00:00,4950000.0,0.0 
 06/29  10:00:00,4950000.0,0.0 
 06/29  11:00:00,4950000.0,0.0 
 06/29  12:00:00,4950000.0,0.0 
 06/29  13:00:00,4950000.0,0.0 
 06/29  14:00:00,4950000.0,0.0 
 06/29  15:00:00,4950000.0,0.0 
 06/29  16:00:00,4950000.0,0.0 
 06/29  17:00:00,4950000.0,0.0 
 06/29  18:00:00,4950000.0,0.0 
 06/29  19:00:00,4950000.0,0.0 
 06/29  20:00:00,4950000.0,0.0 
 06/29  21:00:00,4950000.0,0.0 
 06/29  22:00:00,4950000.0,0.0 
 06/29  23:00:00,4950000.0,0.0 
 06/29  24:00:00,4950000.0,0.0 
 06/30  01:00:00,4950000.0,0.0 
 06/30  02:00:00,4950000.0,0.0 
 06/30  03:00:00,4950000.0,0.0 
 06/30  04:00:00,4950000.0,0.0 
 06/30  05:00:00,4950000.0,0.0 
 06/30  06:00:00,4950000.0,0.0 
 06/30  07:00:00,4950000.0,0.0 
 06/30  08:00:00,4950000.0,0.0 
 06/30  09:00:00,4950000.0,0.0 
 06/30  10:00:00,4950000.0,0.0 
 06/30  11:00:00,4950000.0,0.0 
 06/30  12:00:00,4950000.0,0.0 
 06/30  13:00:00,4950000.0,0.0 
 06/30  14:00:00,4950000.0,0.0 
 06/30  15:00:00,4950000.0,0.0 
 06/30  16:00:00,4950000.0,0.0 
 06/30  17:00:00,4950000.0,0.0 
 06/30  18:00:00,4950000.0,0.0 
 06/30  19:00:00,4950000.0,0.0 
 06/30  20:00:00,4950000.0,0.0 
 06/30  21:00:00,4950000.0,0.0 
 06/30  22:00:00,4950000.0,0.0 
 06/30  23:00:00,4950000.0,0.0 
 06/30  24:00:00,4950000.0,0.0,13513405011.27384,10121400000.0,6291000000.0,448153356.1750841,2943851655.0987654,840403005.2518581,840403005.2518581,,,,,,,,6291000000.0,,10121400000.0,,3830400000.0 
 07/01  01:00:00,1710000.0,0.0 
 07/01  02:00:00,1710000.0,0.0 
 07/01  03:00:00,1710000.0,0.0 
 07/01  04:00:00,1710000.0,0.0 
 07/01  05:00:00,1710000.0,0.0 
 07/01  06:00:00,1710000.0,0.0 
 07/01  07:00:00,7868506.382177519,1354960.257918031 
 07/01  08:00:00,8072848.488288259,1354960.257918031 
 07/01  09:00:00,38182104.17538795,1354960.257918031 
 07/01  10:00:00,50138448.549501464,1441773.1571153132 
 07/01  11:00:00,54016699.54223771,1580580.9732658772 
 07/01  12:00:00,53214882.197680846,1598955.344473003 
 07/01  13:00:00,48192630.79545203,1508650.7288371108 
 07/01  14:00:00,51989043.039976835,1627320.9294063249 
 07/01  15:00:00,53259345.123407654,1652774.560568965 
 07/01  16:00:00,49718349.96371786,1520855.0062374936 
 07/01  17:00:00,44483851.09565306,1429007.278791144 
 07/01  18:00:00,44368564.654437095,1411380.5139874157 
 07/01  19:00:00,28931149.9982901,1354960.257918031 
 07/01  20:00:00,17956821.589441977,1354960.257918031 
 07/01  21:00:00,5760000.0,0.0 
 07/01  22:00:00,1710000.0,0.0 
 07/01  23:00:00,1710000.0,0.0 
 07/01  24:00:00,1710000.0,0.0 
 07/02  01:00:00,1710000.0,0.0 
 07/02  02:00:00,1710000.0,0.0 
 07/02  03:00:00,1710000.0,0.0 
 07/02  04:00:00,1710000.0,0.0 
 07/02  05:00:00,1710000.0,0.0 
 07/02  06:00:00,1710000.0,0.0 
 07/02  07:00:00,8589564.526104905,1354960.257918031 
 07/02  08:00:00,8502900.885026902,1354960.257918031 
 07/02  09:00:00,38527444.65171151,1354960.257918031 
 07/02  10:00:00,50822745.37615664,1472867.918323864 
 07/02  11:00:00,54573443.12675154,1602362.1525876657 
 07/02  12:00:00,54257647.205225855,1623738.4574339676 
 07/02  13:00:00,49585447.15815477,1531199.4787085485 
 07/02  14:00:00,54338977.7975696,1693257.1214877707 
 07/02  15:00:00,56508315.42305362,1797712.6767967497 
 07/02  16:00:00,54488832.16122872,1762610.0357285237 
 07/02  17:00:00,49909834.37993518,1663032.2462713444 
 07/02  18:00:00,48963483.279289775,1580967.1391765904 
 07/02  19:00:00,30123252.84785956,1370231.528358471 
 07/02  20:00:00,17459830.088781953,1354960.257918031 
 07/02  21:00:00,5760000.0,0.0 
 07/02  22:00:00,1710000.0,0.0 
 07/02  23:00:00,1710000.0,0.0 
 07/02  24:00:00,1710000.0,0.0 
 07/03  01:00:00,1710000.0,0.0 
 07/03  02:00:00,1710000.0,0.0 
 07/03  03:00:00,1710000.0,0.0 
 07/03  04:00:00,1710000.0,0.0 
 07/03  05:00:00,1710000.0,0.0 
 07/03  06:00:00,1710000.0,0.0 
 07/03  07:00:00,6237651.58558659,1354960.257918031 
 07/03  08:00:00,6572353.276514621,1354960.257918031 
 07/03  09:00:00,37457286.08752539,1429122.2235596695 
 07/03  10:00:00,50829606.985398136,1661169.309061908 
 07/03  11:00:00,54624223.258978754,1806116.3899321146 
 07/03  12:00:00,53550493.01595654,1759962.7303907138 
 07/03  13:00:00,48655505.017651565,1596196.596999803 
 07/03  14:00:00,53370560.12148488,1790731.7620903912 
 07/03  15:00:00,55666303.63082528,1897633.3083335133 
 07/03  16:00:00,54245613.06998649,1888323.395715168 
 07/03  17:00:00,49513914.105881795,1743379.2046714085 
 07/03  18:00:00,48914792.36210291,1652119.3859038358 
 07/03  19:00:00,30159215.44472099,1373048.3675729288 
 07/03  20:00:00,18668120.40332926,1354960.257918031 
 07/03  21:00:00,5760000.0,0.0 
 07/03  22:00:00,1710000.0,0.0 
 07/03  23:00:00,1710000.0,0.0 
 07/03  24:00:00,1710000.0,0.0 
 07/04  01:00:00,1710000.0,0.0 
 07/04  02:00:00,1710000.0,0.0 
 07/04  03:00:00,1710000.0,0.0 
 07/04  04:00:00,1710000.0,0.0 
 07/04  05:00:00,1710000.0,0.0 
 07/04  06:00:00,1710000.0,0.0 
 07/04  07:00:00,9700838.145593321,1354960.257918031 
 07/04  08:00:00,10538912.135300064,1354960.257918031 
 07/04  09:00:00,42383574.13737935,1414847.5308640525 
 07/04  10:00:00,58398254.6874641,1746167.6053344228 
 07/04  11:00:00,62167022.68807486,1861080.8612799146 
 07/04  12:00:00,61215859.53242721,1818336.6890155168 
 07/04  13:00:00,56407710.296131484,1638289.0920367062 
 07/04  14:00:00,62248460.019802265,1860009.8709954405 
 07/04  15:00:00,65336923.91748631,2026761.2053272598 
 07/04  16:00:00,63995196.21725577,2038555.4967330396 
 07/04  17:00:00,58777669.64968299,1873584.3095067248 
 07/04  18:00:00,57348806.19458786,1742284.87023414 
 07/04  19:00:00,37015267.18843095,1389779.8735929206 
 07/04  20:00:00,25309241.435676105,1354960.257918031 
 07/04  21:00:00,5760000.0,0.0 
 07/04  22:00:00,1710000.0,0.0 
 07/04  23:00:00,1710000.0,0.0 
 07/04  24:00:00,1710000.0,0.0 
 07/05  01:00:00,1710000.0,0.0 
 07/05  02:00:00,1710000.0,0.0 
 07/05  03:00:00,1710000.0,0.0 
 07/05  04:00:00,1710000.0,0.0 
 07/05  05:00:00,1710000.0,0.0 
 07/05  06:00:00,1710000.0,0.0 
 07/05  07:00:00,13910907.101627553,1359728.9113232181 
 07/05  08:00:00,15187648.888579182,1383382.8467342695 
 07/05  09:00:00,48051595.59492191,1550242.6306674236 
 07/05  10:00:00,64234248.30554223,1977283.8115524154 
 07/05  11:00:00,68329187.50120416,2114447.40279652 
 07/05  12:00:00,66203800.638731256,1971072.0740435137 
 07/05  13:00:00,59955279.69333596,1723197.1804665686 
 07/05  14:00:00,65531754.237685464,1963011.6880556864 
 07/05  15:00:00,68477078.60963964,2158391.380817938 
 07/05  16:00:00,66699623.37784038,2156842.3633283367 
 07/05  17:00:00,61326706.942762025,1962105.7653823667 
 07/05  18:00:00,59576300.372073084,1862878.1475921338 
 07/05  19:00:00,38601457.58146045,1443665.9319765517 
 07/05  20:00:00,25412666.66420223,1355815.822865447 
 07/05  21:00:00,5760000.0,0.0 
 07/05  22:00:00,1710000.0,0.0 
 07/05  23:00:00,1710000.0,0.0 
 07/05  24:00:00,1710000.0,0.0 
 07/06  01:00:00,4950000.0,0.0 
 07/06  02:00:00,4950000.0,0.0 
 07/06  03:00:00,4950000.0,0.0 
 07/06  04:00:00,4950000.0,0.0 
 07/06  05:00:00,4950000.0,0.0 
 07/06  06:00:00,4950000.0,0.0 
 07/06  07:00:00,4950000.0,0.0 
 07/06  08:00:00,4950000.0,0.0 
 07/06  09:00:00,4950000.0,0.0 
 07/06  10:00:00,4950000.0,0.0 
 07/06  11:00:00,4950000.0,0.0 
 07/06  12:00:00,4950000.0,0.0 
 07/06  13:00:00,4950000.0,0.0 
 07/06  14:00:00,4950000.0,0.0 
 07/06  15:00:00,4950000.0,0.0 
 07/06  16:00:00,4950000.0,0.0 
 07/06  17:00:00,4950000.0,0.0 
 07/06  18:00:00,4950000.0,0.0 
 07/06  19:00:00,4950000.0,0.0 
 07/06  20:00:00,4950000.0,0.0 
 07/06  21:00:00,4950000.0,0.0 
 07/06  22:00:00,4950000.0,0.0 
 07/06  23:00:00,4950000.0,0.0 
 07/06  24:00:00,4950000.0,0.0 
 07/07  01:00:00,4950000.0,0.0 
 07/07  02:00:00,4950000.0,0.0 
 07/07  03:00:00,4950000.0,0.0 
 07/07  04:00:00,4950000.0,0.0 
 07/07  05:00:00,4950000.0,0.0 
 07/07  06:00:00,4950000.0,0.0 
 07/07  07:00:00,4950000.0,0.0 
 07/07  08:00:00,4950000.0,0.0 
 07/07  09:00:00,4950000.0,0.0 
 07/07  10:00:00,4950000.0,0.0 
 07/07  11:00:00,4950000.0,0.0 
 07/07  12:00:00,4950000.0,0.0 
 07/07  13:00:00,4950000.0,0.0 
 07/07  14:00:00,4950000.0,0.0 
 07/07  15:00:00,4950000.0,0.0 
 07/07  16:00:00,4950000.0,0.0 
 07/07  17:00:00,4950000.0,0.0 
 07/07  18:00:00,4950000.0,0.0 
 07/07  19:00:00,4950000.0,0.0 
 07/07  20:00:00,4950000.0,0.0 
 07/07  21:00:00,4950000.0,0.0 
 07/07  22:00:00,4950000.0,0.0 
 07/07  23:00:00,4950000.0,0.0 
 07/07  24:00:00,4950000.0,0.0 
 07/08  01:00:00,1710000.0,0.0 
 07/08  02:00:00,1710000.0,0.0 
 07/08  03:00:00,1710000.0,0.0 
 07/08  04:00:00,1710000.0,0.0 
 07/08  05:00:00,1710000.0,0.0 
 07/08  06:00:00,1710000.0,0.0 
 07/08  07:00:00,11986239.671786865,1354960.257918031 
 07/08  08:00:00,12659293.211931095,1354960.257918031 
 07/08  09:00:00,44722389.75383216,1366807.1467737092 
 07/08  10:00:00,60105720.48695724,1612617.3125967744 
 07/08  11:00:00,64668068.09913069,1813232.6691678397 
 07/08  12:00:00,63971856.310422435,1810689.9613442328 
 07/08  13:00:00,57006464.73660529,1556508.3947845818 
 07/08  14:00:00,60963029.35862347,1645868.6506327665 
 07/08  15:00:00,64186780.231086254,1779862.7220961445 
 07/08  16:00:00,62381150.467515826,1749030.547275851 
 07/08  17:00:00,57823826.07093489,1673974.191894666 
 07/08  18:00:00,56423146.22663289,1583207.7602283007 
 07/08  19:00:00,35735282.69262972,1359492.8758580217 
 07/08  20:00:00,24501116.422925368,1354960.257918031 
 07/08  21:00:00,5760000.0,0.0 
 07/08  22:00:00,1710000.0,0.0 
 07/08  23:00:00,1710000.0,0.0 
 07/08  24:00:00,1710000.0,0.0 
 07/09  01:00:00,1710000.0,0.0 
 07/09  02:00:00,1710000.0,0.0 
 07/09  03:00:00,1710000.0,0.0 
 07/09  04:00:00,1710000.0,0.0 
 07/09  05:00:00,1710000.0,0.0 
 07/09  06:00:00,1710000.0,0.0 
 07/09  07:00:00,12410957.486788467,1354960.257918031 
 07/09  08:00:00,12241692.905823205,1354960.257918031 
 07/09  09:00:00,40624339.4840564,1354960.257918031 
 07/09  10:00:00,52518118.01336139,1496587.347219999 
 07/09  11:00:00,56430226.73066197,1653454.1100937908 
 07/09  12:00:00,55316636.65496718,1657206.18414426 
 07/09  13:00:00,49961212.378190845,1542308.7266382105 
 07/09  14:00:00,54626821.04456264,1719248.4782067528 
 07/09  15:00:00,56739590.88595375,1844431.298845154 
 07/09  16:00:00,54517341.62070845,1814284.5327650937 
 07/09  17:00:00,49086281.045028664,1673364.650153096 
 07/09  18:00:00,47079251.15134287,1592443.6024796148 
 07/09  19:00:00,28414925.7607863,1360862.2915085345 
 07/09  20:00:00,16985869.26173961,1354960.257918031 
 07/09  21:00:00,5760000.0,0.0 
 07/09  22:00:00,1710000.0,0.0 
 07/09  23:00:00,1710000.0,0.0 
 07/09  24:00:00,1710000.0,0.0 
 07/10  01:00:00,1710000.0,0.0 
 07/10  02:00:00,1710000.0,0.0 
 07/10  03:00:00,1710000.0,0.0 
 07/10  04:00:00,1710000.0,0.0 
 07/10  05:00:00,1710000.0,0.0 
 07/10  06:00:00,1710000.0,0.0 
 07/10  07:00:00,8840447.398933008,1354960.257918031 
 07/10  08:00:00,10004522.850459946,1354960.257918031 
 07/10  09:00:00,41042366.575098604,1355624.801866352 
 07/10  10:00:00,54476851.923063554,1487452.7390886345 
 07/10  11:00:00,58023468.367060184,1619735.2986663627 
 07/10  12:00:00,56522081.14057551,1583295.8621078257 
 07/10  13:00:00,52508772.89011601,1514311.3101665904 
 07/10  14:00:00,57280999.68712306,1684207.5068083904 
 07/10  15:00:00,58687934.025898665,1676678.1424336429 
 07/10  16:00:00,55192338.0471714,1578156.2785493336 
 07/10  17:00:00,49177658.42459649,1486389.6449776636 
 07/10  18:00:00,48199853.915866196,1457199.374528491 
 07/10  19:00:00,31631361.15636888,1354960.257918031 
 07/10  20:00:00,21073074.237066854,1354960.257918031 
 07/10  21:00:00,5760000.0,0.0 
 07/10  22:00:00,1710000.0,0.0 
 07/10  23:00:00,1710000.0,0.0 
 07/10  24:00:00,1710000.0,0.0 
 07/11  01:00:00,1710000.0,0.0 
 07/11  02:00:00,1710000.0,0.0 
 07/11  03:00:00,1710000.0,0.0 
 07/11  04:00:00,1710000.0,0.0 
 07/11  05:00:00,1710000.0,0.0 
 07/11  06:00:00,1710000.0,0.0 
 07/11  07:00:00,11987522.3851862,1354960.257918031 
 07/11  08:00:00,12357096.420399189,1354960.257918031 
 07/11  09:00:00,42433460.76357861,1354960.257918031 
 07/11  10:00:00,54640809.30388617,1443139.8207999675 
 07/11  11:00:00,58379875.08798289,1552001.8034761127 
 07/11  12:00:00,58290165.341446914,1621979.2695448184 
 07/11  13:00:00,53488924.33657524,1538030.0569934198 
 07/11  14:00:00,58259785.45491867,1693603.7755654196 
 07/11  15:00:00,60499282.14253416,1768188.0604274261 
 07/11  16:00:00,59526980.693300754,1775442.7051323464 
 07/11  17:00:00,54964561.85708264,1677599.2789339412 
 07/11  18:00:00,54026636.96517423,1600824.4337040628 
 07/11  19:00:00,34996089.94265989,1358532.3869755827 
 07/11  20:00:00,23471236.27672175,1354960.257918031 
 07/11  21:00:00,5760000.0,0.0 
 07/11  22:00:00,1710000.0,0.0 
 07/11  23:00:00,1710000.0,0.0 
 07/11  24:00:00,1710000.0,0.0 
 07/12  01:00:00,1710000.0,0.0 
 07/12  02:00:00,1710000.0,0.0 
 07/12  03:00:00,1710000.0,0.0 
 07/12  04:00:00,1710000.0,0.0 
 07/12  05:00:00,1710000.0,0.0 
 07/12  06:00:00,1710000.0,0.0 
 07/12  07:00:00,12132294.99715773,1354960.257918031 
 07/12  08:00:00,13160121.8409537,1354960.257918031 
 07/12  09:00:00,43139035.20385457,1354960.257918031 
 07/12  10:00:00,56830944.67783407,1499788.2615830528 
 07/12  11:00:00,60550738.72218481,1655945.6757579383 
 07/12  12:00:00,59104336.36281361,1671371.057658074 
 07/12  13:00:00,54290601.723294884,1593732.2734613935 
 07/12  14:00:00,59660764.39640387,1805772.663249478 
 07/12  15:00:00,62838392.57777338,1940045.4971435496 
 07/12  16:00:00,59404909.569095194,1749839.8641853263 
 07/12  17:00:00,54396381.26340143,1647742.4118949978 
 07/12  18:00:00,53250062.35184214,1582114.1456457833 
 07/12  19:00:00,34465648.40537068,1359261.3035697152 
 07/12  20:00:00,23584628.727706153,1354960.257918031 
 07/12  21:00:00,5760000.0,0.0 
 07/12  22:00:00,1710000.0,0.0 
 07/12  23:00:00,1710000.0,0.0 
 07/12  24:00:00,1710000.0,0.0 
 07/13  01:00:00,4950000.0,0.0 
 07/13  02:00:00,4950000.0,0.0 
 07/13  03:00:00,4950000.0,0.0 
 07/13  04:00:00,4950000.0,0.0 
 07/13  05:00:00,4950000.0,0.0 
 07/13  06:00:00,4950000.0,0.0 
 07/13  07:00:00,4950000.0,0.0 
 07/13  08:00:00,4950000.0,0.0 
 07/13  09:00:00,4950000.0,0.0 
 07/13  10:00:00,4950000.0,0.0 
 07/13  11:00:00,4950000.0,0.0 
 07/13  12:00:00,4950000.0,0.0 
 07/13  13:00:00,4950000.0,0.0 
 07/13  14:00:00,4950000.0,0.0 
 07/13  15:00:00,4950000.0,0.0 
 07/13  16:00:00,4950000.0,0.0 
 07/13  17:00:00,4950000.0,0.0 
 07/13  18:00:00,4950000.0,0.0 
 07/13  19:00:00,4950000.0,0.0 
 07/13  20:00:00,4950000.0,0.0 
 07/13  21:00:00,4950000.0,0.0 
 07/13  22:00:00,4950000.0,0.0 
 07/13  23:00:00,4950000.0,0.0 
 07/13  24:00:00,4950000.0,0.0 
 07/14  01:00:00,4950000.0,0.0 
 07/14  02:00:00,4950000.0,0.0 
 07/14  03:00:00,4950000.0,0.0 
 07/14  04:00:00,4950000.0,0.0 
 07/14  05:00:00,4950000.0,0.0 
 07/14  06:00:00,4950000.0,0.0 
 07/14  07:00:00,4950000.0,0.0 
 07/14  08:00:00,4950000.0,0.0 
 07/14  09:00:00,4950000.0,0.0 
 07/14  10:00:00,4950000.0,0.0 
 07/14  11:00:00,4950000.0,0.0 
 07/14  12:00:00,4950000.0,0.0 
 07/14  13:00:00,4950000.0,0.0 
 07/14  14:00:00,4950000.0,0.0 
 07/14  15:00:00,4950000.0,0.0 
 07/14  16:00:00,4950000.0,0.0 
 07/14  17:00:00,4950000.0,0.0 
 07/14  18:00:00,4950000.0,0.0 
 07/14  19:00:00,4950000.0,0.0 
 07/14  20:00:00,4950000.0,0.0 
 07/14  21:00:00,4950000.0,0.0 
 07/14  22:00:00,4950000.0,0.0 
 07/14  23:00:00,4950000.0,0.0 
 07/14  24:00:00,4950000.0,0.0 
 07/15  01:00:00,1710000.0,0.0 
 07/15  02:00:00,1710000.0,0.0 
 07/15  03:00:00,1710000.0,0.0 
 07/15  04:00:00,1710000.0,0.0 
 07/15  05:00:00,1710000.0,0.0 
 07/15  06:00:00,1710000.0,0.0 
 07/15  07:00:00,11119078.938194279,1354960.257918031 
 07/15  08:00:00,12436139.875218289,1354960.257918031 
 07/15  09:00:00,44731192.59422624,1404384.9980921224 
 07/15  10:00:00,61960649.40151632,1757785.501218155 
 07/15  11:00:00,66661061.510505974,2000594.3178054262 
 07/15  12:00:00,66241718.32934129,1990816.4643360595 
 07/15  13:00:00,61482559.92571049,1785678.0566795412 
 07/15  14:00:00,67413255.10357371,2045451.398247163 
 07/15  15:00:00,70296455.52248314,2196292.117001999 
 07/15  16:00:00,68755804.71998802,2132663.086706984 
 07/15  17:00:00,62072764.601570666,1815123.0824880553 
 07/15  18:00:00,58433632.941477664,1629597.1613593702 
 07/15  19:00:00,38479347.39385409,1371978.8897355157 
 07/15  20:00:00,23969680.5051078,1354960.257918031 
 07/15  21:00:00,5760000.0,0.0 
 07/15  22:00:00,1710000.0,0.0 
 07/15  23:00:00,1710000.0,0.0 
 07/15  24:00:00,1710000.0,0.0 
 07/16  01:00:00,1710000.0,0.0 
 07/16  02:00:00,1710000.0,0.0 
 07/16  03:00:00,1710000.0,0.0 
 07/16  04:00:00,1710000.0,0.0 
 07/16  05:00:00,1710000.0,0.0 
 07/16  06:00:00,1710000.0,0.0 
 07/16  07:00:00,16137212.495457642,1356740.0190640385 
 07/16  08:00:00,17105206.24579118,1381405.5895927814 
 07/16  09:00:00,50261943.16463212,1560954.5449203602 
 07/16  10:00:00,67079475.72305408,2030161.2857994945 
 07/16  11:00:00,70854038.15173194,2168137.1098494977 
 07/16  12:00:00,69070181.95955183,2042140.22203861 
 07/16  13:00:00,63203060.921819665,1794496.2402298092 
 07/16  14:00:00,69102014.42859048,2073052.6534641949 
 07/16  15:00:00,71781413.92288883,2261665.692878069 
 07/16  16:00:00,69577039.36292556,2220997.559646611 
 07/16  17:00:00,64540815.421956494,2020659.2019464117 
 07/16  18:00:00,62668143.18445438,1891641.5840003013 
 07/16  19:00:00,41091147.362398006,1447000.4614563412 
 07/16  20:00:00,28074146.412864164,1354960.257918031 
 07/16  21:00:00,5760000.0,0.0 
 07/16  22:00:00,1710000.0,0.0 
 07/16  23:00:00,1710000.0,0.0 
 07/16  24:00:00,1710000.0,0.0 
 07/17  01:00:00,1710000.0,0.0 
 07/17  02:00:00,1710000.0,0.0 
 07/17  03:00:00,1710000.0,0.0 
 07/17  04:00:00,1710000.0,0.0 
 07/17  05:00:00,1710000.0,0.0 
 07/17  06:00:00,1710000.0,0.0 
 07/17  07:00:00,16460084.06872797,1354960.257918031 
 07/17  08:00:00,17604712.842685927,1354960.257918031 
 07/17  09:00:00,50675578.950335786,1523625.878076301 
 07/17  10:00:00,67829408.5949867,2054623.2918512048 
 07/17  11:00:00,71639243.56692159,2251166.453442955 
 07/17  12:00:00,70544693.4001569,2182801.8077229816 
 07/17  13:00:00,63842466.13865288,1902967.8533118502 
 07/17  14:00:00,68217345.3243362,2162652.7143271184 
 07/17  15:00:00,71642328.10254577,2320576.541760591 
 07/17  16:00:00,69471193.50917888,2275800.4592673946 
 07/17  17:00:00,62642902.25741995,1981153.608825272 
 07/17  18:00:00,60016941.236744575,1789447.3600024646 
 07/17  19:00:00,38847970.86570942,1401972.6488731888 
 07/17  20:00:00,26379042.44331705,1354960.257918031 
 07/17  21:00:00,5760000.0,0.0 
 07/17  22:00:00,1710000.0,0.0 
 07/17  23:00:00,1710000.0,0.0 
 07/17  24:00:00,1710000.0,0.0 
 07/18  01:00:00,1710000.0,0.0 
 07/18  02:00:00,1710000.0,0.0 
 07/18  03:00:00,1710000.0,0.0 
 07/18  04:00:00,1710000.0,0.0 
 07/18  05:00:00,1710000.0,0.0 
 07/18  06:00:00,1710000.0,0.0 
 07/18  07:00:00,15795497.717076225,1354960.257918031 
 07/18  08:00:00,16465014.862608977,1356326.2472270995 
 07/18  09:00:00,49543756.07052468,1531221.1970053772 
 07/18  10:00:00,66948394.12362781,2046695.1969723986 
 07/18  11:00:00,71319463.3378672,2237983.0552417887 
 07/18  12:00:00,70087533.36334361,2124955.410496291 
 07/18  13:00:00,63573869.393884405,1836447.748991302 
 07/18  14:00:00,69034388.31800488,2089334.420810646 
 07/18  15:00:00,71017816.45546708,2260464.7269937648 
 07/18  16:00:00,69536145.5116869,2253989.77951181 
 07/18  17:00:00,63986339.78344977,2016601.9538091533 
 07/18  18:00:00,61815570.2026017,1847336.1254779287 
 07/18  19:00:00,40203028.53609992,1420269.3899249842 
 07/18  20:00:00,27095185.524973225,1354960.257918031 
 07/18  21:00:00,5760000.0,0.0 
 07/18  22:00:00,1710000.0,0.0 
 07/18  23:00:00,1710000.0,0.0 
 07/18  24:00:00,1710000.0,0.0 
 07/19  01:00:00,1710000.0,0.0 
 07/19  02:00:00,1710000.0,0.0 
 07/19  03:00:00,1710000.0,0.0 
 07/19  04:00:00,1710000.0,0.0 
 07/19  05:00:00,1710000.0,0.0 
 07/19  06:00:00,1710000.0,0.0 
 07/19  07:00:00,15663561.606891437,1354960.257918031 
 07/19  08:00:00,16609877.977313213,1354960.257918031 
 07/19  09:00:00,49283654.50884554,1469351.1998554408 
 07/19  10:00:00,66347686.511703536,1930275.904063241 
 07/19  11:00:00,71362566.68978003,2162697.5171225835 
 07/19  12:00:00,70884806.27070048,2109928.6145616258 
 07/19  13:00:00,63883574.444566764,1872887.1756030032 
 07/19  14:00:00,68167440.5664912,2112348.55383484 
 07/19  15:00:00,71305259.95599249,2269691.108968376 
 07/19  16:00:00,70414725.46426955,2198566.288057758 
 07/19  17:00:00,65472534.39932308,1948270.1657741624 
 07/19  18:00:00,62675004.0412499,1741894.9715575753 
 07/19  19:00:00,41337937.79612361,1390448.4198461045 
 07/19  20:00:00,26190949.69237933,1354960.257918031 
 07/19  21:00:00,5760000.0,0.0 
 07/19  22:00:00,1710000.0,0.0 
 07/19  23:00:00,1710000.0,0.0 
 07/19  24:00:00,1710000.0,0.0 
 07/20  01:00:00,4950000.0,0.0 
 07/20  02:00:00,4950000.0,0.0 
 07/20  03:00:00,4950000.0,0.0 
 07/20  04:00:00,4950000.0,0.0 
 07/20  05:00:00,4950000.0,0.0 
 07/20  06:00:00,4950000.0,0.0 
 07/20  07:00:00,4950000.0,0.0 
 07/20  08:00:00,4950000.0,0.0 
 07/20  09:00:00,4950000.0,0.0 
 07/20  10:00:00,4950000.0,0.0 
 07/20  11:00:00,4950000.0,0.0 
 07/20  12:00:00,4950000.0,0.0 
 07/20  13:00:00,4950000.0,0.0 
 07/20  14:00:00,4950000.0,0.0 
 07/20  15:00:00,4950000.0,0.0 
 07/20  16:00:00,4950000.0,0.0 
 07/20  17:00:00,4950000.0,0.0 
 07/20  18:00:00,4950000.0,0.0 
 07/20  19:00:00,4950000.0,0.0 
 07/20  20:00:00,4950000.0,0.0 
 07/20  21:00:00,4950000.0,0.0 
 07/20  22:00:00,4950000.0,0.0 
 07/20  23:00:00,4950000.0,0.0 
 07/20  24:00:00,4950000.0,0.0 
 07/21  01:00:00,4950000.0,0.0 
 07/21  02:00:00,4950000.0,0.0 
 07/21  03:00:00,4950000.0,0.0 
 07/21  04:00:00,4950000.0,0.0 
 07/21  05:00:00,4950000.0,0.0 
 07/21  06:00:00,4950000.0,0.0 
 07/21  07:00:00,4950000.0,0.0 
 07/21  08:00:00,4950000.0,0.0 
 07/21  09:00:00,4950000.0,0.0 
 07/21  10:00:00,4950000.0,0.0 
 07/21  11:00:00,4950000.0,0.0 
 07/21  12:00:00,4950000.0,0.0 
 07/21  13:00:00,4950000.0,0.0 
 07/21  14:00:00,4950000.0,0.0 
 07/21  15:00:00,4950000.0,0.0 
 07/21  16:00:00,4950000.0,0.0 
 07/21  17:00:00,4950000.0,0.0 
 07/21  18:00:00,4950000.0,0.0 
 07/21  19:00:00,4950000.0,0.0 
 07/21  20:00:00,4950000.0,0.0 
 07/21  21:00:00,4950000.0,0.0 
 07/21  22:00:00,4950000.0,0.0 
 07/21  23:00:00,4950000.0,0.0 
 07/21  24:00:00,4950000.0,0.0 
 07/22  01:00:00,1710000.0,0.0 
 07/22  02:00:00,1710000.0,0.0 
 07/22  03:00:00,1710000.0,0.0 
 07/22  04:00:00,1710000.0,0.0 
 07/22  05:00:00,1710000.0,0.0 
 07/22  06:00:00,1710000.0,0.0 
 07/22  07:00:00,12253850.872550637,1354960.257918031 
 07/22  08:00:00,13199628.95922905,1357021.8418084234 
 07/22  09:00:00,45365382.88272351,1499369.8245411552 
 07/22  10:00:00,61125745.539290525,1918069.6001420512 
 07/22  11:00:00,63017774.907667294,1988747.673006135 
 07/22  12:00:00,61157429.184324026,1908062.4694928601 
 07/22  13:00:00,54454198.87735516,1708118.7263088212 
 07/22  14:00:00,60162243.35217285,1911642.110384385 
 07/22  15:00:00,63849239.748115756,2069175.6933164515 
 07/22  16:00:00,61142246.59504312,2012956.677101743 
 07/22  17:00:00,54763853.133407086,1798681.8016310483 
 07/22  18:00:00,52942563.02695811,1659212.6017429451 
 07/22  19:00:00,33397983.859394077,1370674.5870932825 
 07/22  20:00:00,21577912.159649592,1354960.257918031 
 07/22  21:00:00,5760000.0,0.0 
 07/22  22:00:00,1710000.0,0.0 
 07/22  23:00:00,1710000.0,0.0 
 07/22  24:00:00,1710000.0,0.0 
 07/23  01:00:00,1710000.0,0.0 
 07/23  02:00:00,1710000.0,0.0 
 07/23  03:00:00,1710000.0,0.0 
 07/23  04:00:00,1710000.0,0.0 
 07/23  05:00:00,1710000.0,0.0 
 07/23  06:00:00,1710000.0,0.0 
 07/23  07:00:00,12026401.36462843,1354960.257918031 
 07/23  08:00:00,13650393.304517467,1354960.257918031 
 07/23  09:00:00,45155183.10072206,1471626.8536683687 
 07/23  10:00:00,60391001.65821336,1905758.5961170662 
 07/23  11:00:00,64333535.01684244,2109614.7233810895 
 07/23  12:00:00,62737170.48326248,2038274.598324817 
 07/23  13:00:00,56710414.30944747,1774104.070732125 
 07/23  14:00:00,62372409.490705565,2007205.4156659408 
 07/23  15:00:00,64472127.59947617,2102014.0633234596 
 07/23  16:00:00,62430172.61537725,2046930.8173842616 
 07/23  17:00:00,57238332.351683974,1874242.1902022494 
 07/23  18:00:00,55222305.9344986,1722605.7514787489 
 07/23  19:00:00,34773080.89272753,1383615.6405081926 
 07/23  20:00:00,22935389.980491757,1354960.257918031 
 07/23  21:00:00,5760000.0,0.0 
 07/23  22:00:00,1710000.0,0.0 
 07/23  23:00:00,1710000.0,0.0 
 07/23  24:00:00,1710000.0,0.0 
 07/24  01:00:00,1710000.0,0.0 
 07/24  02:00:00,1710000.0,0.0 
 07/24  03:00:00,1710000.0,0.0 
 07/24  04:00:00,1710000.0,0.0 
 07/24  05:00:00,1710000.0,0.0 
 07/24  06:00:00,1710000.0,0.0 
 07/24  07:00:00,13102154.851578705,1354960.257918031 
 07/24  08:00:00,14095386.785908245,1354960.257918031 
 07/24  09:00:00,45980859.40869847,1461783.8382159672 
 07/24  10:00:00,61912235.051588796,1824191.0372487085 
 07/24  11:00:00,65959964.00333095,1989182.1346912524 
 07/24  12:00:00,65514618.0848313,1947901.8466908731 
 07/24  13:00:00,59912630.48901864,1745432.6501536493 
 07/24  14:00:00,65904929.21410371,2001778.6759017669 
 07/24  15:00:00,69088270.86765453,2149724.643179929 
 07/24  16:00:00,66430546.561180644,2108876.0311159356 
 07/24  17:00:00,61069756.302593164,1920071.461157697 
 07/24  18:00:00,59957848.260926895,1794899.4546729862 
 07/24  19:00:00,39126547.61917856,1406944.2086105505 
 07/24  20:00:00,26856371.042727128,1354960.257918031 
 07/24  21:00:00,5760000.0,0.0 
 07/24  22:00:00,1710000.0,0.0 
 07/24  23:00:00,1710000.0,0.0 
 07/24  24:00:00,1710000.0,0.0 
 07/25  01:00:00,1710000.0,0.0 
 07/25  02:00:00,1710000.0,0.0 
 07/25  03:00:00,1710000.0,0.0 
 07/25  04:00:00,1710000.0,0.0 
 07/25  05:00:00,1710000.0,0.0 
 07/25  06:00:00,1710000.0,0.0 
 07/25  07:00:00,12722919.25586572,1354960.257918031 
 07/25  08:00:00,13129688.90383639,1354960.257918031 
 07/25  09:00:00,44235329.96513688,1364506.3625214691 
 07/25  10:00:00,58109230.30822194,1563916.1509274475 
 07/25  11:00:00,61732958.98325671,1698998.0243934812 
 07/25  12:00:00,61717690.14422501,1714357.854689131 
 07/25  13:00:00,57373601.32025716,1595919.5497978202 
 07/25  14:00:00,62697177.12262448,1806304.7485910826 
 07/25  15:00:00,64400854.91315104,1959618.9699552322 
 07/25  16:00:00,62158141.18115809,1964604.7000283494 
 07/25  17:00:00,56920970.98512624,1825310.298159565 
 07/25  18:00:00,54853413.404948615,1720285.5899976643 
 07/25  19:00:00,34053519.67184141,1382733.1748962356 
 07/25  20:00:00,22044748.88693388,1354960.257918031 
 07/25  21:00:00,5760000.0,0.0 
 07/25  22:00:00,1710000.0,0.0 
 07/25  23:00:00,1710000.0,0.0 
 07/25  24:00:00,1710000.0,0.0 
 07/26  01:00:00,1710000.0,0.0 
 07/26  02:00:00,1710000.0,0.0 
 07/26  03:00:00,1710000.0,0.0 
 07/26  04:00:00,1710000.0,0.0 
 07/26  05:00:00,1710000.0,0.0 
 07/26  06:00:00,1710000.0,0.0 
 07/26  07:00:00,11683763.82052552,1354960.257918031 
 07/26  08:00:00,11962195.03485245,1354960.257918031 
 07/26  09:00:00,42651756.00299161,1399012.8381488337 
 07/26  10:00:00,57915743.61925618,1719006.316063265 
 07/26  11:00:00,62193775.901651405,1899116.7896047672 
 07/26  12:00:00,60865902.29906684,1819713.6259017373 
 07/26  13:00:00,54617811.54477993,1634115.415337508 
 07/26  14:00:00,58750378.50157107,1849876.7617932379 
 07/26  15:00:00,60035334.19369103,1993434.3839629397 
 07/26  16:00:00,58105265.32359426,1939740.2422476145 
 07/26  17:00:00,52844988.82493127,1717873.7296593864 
 07/26  18:00:00,52087076.868367285,1667041.10913389 
 07/26  19:00:00,32265998.037623566,1376638.7090917602 
 07/26  20:00:00,21266375.982877675,1354960.257918031 
 07/26  21:00:00,5760000.0,0.0 
 07/26  22:00:00,1710000.0,0.0 
 07/26  23:00:00,1710000.0,0.0 
 07/26  24:00:00,1710000.0,0.0 
 07/27  01:00:00,4950000.0,0.0 
 07/27  02:00:00,4950000.0,0.0 
 07/27  03:00:00,4950000.0,0.0 
 07/27  04:00:00,4950000.0,0.0 
 07/27  05:00:00,4950000.0,0.0 
 07/27  06:00:00,4950000.0,0.0 
 07/27  07:00:00,4950000.0,0.0 
 07/27  08:00:00,4950000.0,0.0 
 07/27  09:00:00,4950000.0,0.0 
 07/27  10:00:00,4950000.0,0.0 
 07/27  11:00:00,4950000.0,0.0 
 07/27  12:00:00,4950000.0,0.0 
 07/27  13:00:00,4950000.0,0.0 
 07/27  14:00:00,4950000.0,0.0 
 07/27  15:00:00,4950000.0,0.0 
 07/27  16:00:00,4950000.0,0.0 
 07/27  17:00:00,4950000.0,0.0 
 07/27  18:00:00,4950000.0,0.0 
 07/27  19:00:00,4950000.0,0.0 
 07/27  20:00:00,4950000.0,0.0 
 07/27  21:00:00,4950000.0,0.0 
 07/27  22:00:00,4950000.0,0.0 
 07/27  23:00:00,4950000.0,0.0 
 07/27  24:00:00,4950000.0,0.0 
 07/28  01:00:00,4950000.0,0.0 
 07/28  02:00:00,4950000.0,0.0 
 07/28  03:00:00,4950000.0,0.0 
 07/28  04:00:00,4950000.0,0.0 
 07/28  05:00:00,4950000.0,0.0 
 07/28  06:00:00,4950000.0,0.0 
 07/28  07:00:00,4950000.0,0.0 
 07/28  08:00:00,4950000.0,0.0 
 07/28  09:00:00,4950000.0,0.0 
 07/28  10:00:00,4950000.0,0.0 
 07/28  11:00:00,4950000.0,0.0 
 07/28  12:00:00,4950000.0,0.0 
 07/28  13:00:00,4950000.0,0.0 
 07/28  14:00:00,4950000.0,0.0 
 07/28  15:00:00,4950000.0,0.0 
 07/28  16:00:00,4950000.0,0.0 
 07/28  17:00:00,4950000.0,0.0 
 07/28  18:00:00,4950000.0,0.0 
 07/28  19:00:00,4950000.0,0.0 
 07/28  20:00:00,4950000.0,0.0 
 07/28  21:00:00,4950000.0,0.0 
 07/28  22:00:00,4950000.0,0.0 
 07/28  23:00:00,4950000.0,0.0 
 07/28  24:00:00,4950000.0,0.0 
 07/29  01:00:00,1710000.0,0.0 
 07/29  02:00:00,1710000.0,0.0 
 07/29  03:00:00,1710000.0,0.0 
 07/29  04:00:00,1710000.0,0.0 
 07/29  05:00:00,1710000.0,0.0 
 07/29  06:00:00,1710000.0,0.0 
 07/29  07:00:00,11473987.902811209,1354960.257918031 
 07/29  08:00:00,11844039.257877773,1357687.6710605477 
 07/29  09:00:00,43331293.3738539,1469671.650154031 
 07/29  10:00:00,57859018.751816526,1751505.6221318226 
 07/29  11:00:00,60936978.51795611,1886163.7329057546 
 07/29  12:00:00,59149341.56014398,1830929.2249817054 
 07/29  13:00:00,53042239.82780113,1632590.481674074 
 07/29  14:00:00,57459680.51640716,1821980.8253226504 
 07/29  15:00:00,59739283.34158751,1972460.389933391 
 07/29  16:00:00,57980223.47522585,2000791.9029947391 
 07/29  17:00:00,52707881.63054648,1860856.8899420467 
 07/29  18:00:00,51528028.029366106,1760274.691243969 
 07/29  19:00:00,31303828.83879549,1396259.8765096092 
 07/29  20:00:00,18751081.280557018,1354960.257918031 
 07/29  21:00:00,5760000.0,0.0 
 07/29  22:00:00,1710000.0,0.0 
 07/29  23:00:00,1710000.0,0.0 
 07/29  24:00:00,1710000.0,0.0 
 07/30  01:00:00,1710000.0,0.0 
 07/30  02:00:00,1710000.0,0.0 
 07/30  03:00:00,1710000.0,0.0 
 07/30  04:00:00,1710000.0,0.0 
 07/30  05:00:00,1710000.0,0.0 
 07/30  06:00:00,1710000.0,0.0 
 07/30  07:00:00,9306190.44209057,1354960.257918031 
 07/30  08:00:00,10755037.545156594,1354960.257918031 
 07/30  09:00:00,41120572.607501805,1368001.2974900138 
 07/30  10:00:00,55276120.25738868,1621418.1942729612 
 07/30  11:00:00,60398465.810841516,1882566.5181075942 
 07/30  12:00:00,60176405.21603909,1895742.0031257258 
 07/30  13:00:00,54136851.87785473,1699126.3561870689 
 07/30  14:00:00,58091774.252978474,1946290.8813715554 
 07/30  15:00:00,59389442.77319075,2037917.4014744747 
 07/30  16:00:00,58058857.25112364,1962937.8442932565 
 07/30  17:00:00,52562366.53693505,1735802.9894157788 
 07/30  18:00:00,50966388.958070055,1626681.425365001 
 07/30  19:00:00,31339630.67129864,1367338.4861691413 
 07/30  20:00:00,20373431.155942224,1354960.257918031 
 07/30  21:00:00,5760000.0,0.0 
 07/30  22:00:00,1710000.0,0.0 
 07/30  23:00:00,1710000.0,0.0 
 07/30  24:00:00,1710000.0,0.0 
 07/31  01:00:00,1710000.0,0.0 
 07/31  02:00:00,1710000.0,0.0 
 07/31  03:00:00,1710000.0,0.0 
 07/31  04:00:00,1710000.0,0.0 
 07/31  05:00:00,1710000.0,0.0 
 07/31  06:00:00,1710000.0,0.0 
 07/31  07:00:00,11203315.957129642,1354960.257918031 
 07/31  08:00:00,11642841.579752037,1354960.257918031 
 07/31  09:00:00,43337907.47751836,1440471.734429142 
 07/31  10:00:00,59681714.80434823,1866953.6109473982 
 07/31  11:00:00,63910279.49938207,2119651.1256484836 
 07/31  12:00:00,63212945.96364149,2065889.137709747 
 07/31  13:00:00,59560211.96431438,1832561.6329652478 
 07/31  14:00:00,64608354.99855883,2102368.5809353334 
 07/31  15:00:00,65254897.11824939,2178728.9429684984 
 07/31  16:00:00,62283708.200667694,1977842.432847492 
 07/31  17:00:00,55676980.42567218,1696451.7350996034 
 07/31  18:00:00,52761313.6886418,1572939.1798906522 
 07/31  19:00:00,33205670.218114614,1360612.7968455695 
 07/31  20:00:00,21393376.3854351,1354960.257918031 
 07/31  21:00:00,5760000.0,0.0 
 07/31  22:00:00,1710000.0,0.0 
 07/31  23:00:00,1710000.0,0.0 
 07/31  24:00:00,1710000.0,0.0,16689976576.45707,11223810000.0,7121250000.0,537433925.9303786,4928732650.526671,835496833.2019899,835496833.2019899,,,,,,,,7121250000.0,,11223810000.0,,4102560000.0 
 08/01  01:00:00,1710000.0,0.0 
 08/01  02:00:00,1710000.0,0.0 
 08/01  03:00:00,1710000.0,0.0 
 08/01  04:00:00,1710000.0,0.0 
 08/01  05:00:00,1710000.0,0.0 
 08/01  06:00:00,1710000.0,0.0 
 08/01  07:00:00,9939731.843964003,1354960.257918031 
 08/01  08:00:00,10558018.086196613,1354960.257918031 
 08/01  09:00:00,41048116.91887893,1377240.1971703474 
 08/01  10:00:00,56018225.217058286,1674131.508022267 
 08/01  11:00:00,60851520.64339745,1879666.4555986808 
 08/01  12:00:00,59980095.26603454,1845377.3963706123 
 08/01  13:00:00,54071009.54133491,1646356.162141145 
 08/01  14:00:00,58697812.325469255,1825183.9919368248 
 08/01  15:00:00,60119576.242477305,1930995.8116746405 
 08/01  16:00:00,58789013.28289024,1974231.8481545886 
 08/01  17:00:00,53793646.04142852,1864177.8359091133 
 08/01  18:00:00,52501577.59994671,1783099.8495412369 
 08/01  19:00:00,32863889.87571492,1414734.4847112573 
 08/01  20:00:00,20447341.26727414,1354960.257918031 
 08/01  21:00:00,5760000.0,0.0 
 08/01  22:00:00,1710000.0,0.0 
 08/01  23:00:00,1710000.0,0.0 
 08/01  24:00:00,1710000.0,0.0 
 08/02  01:00:00,1710000.0,0.0 
 08/02  02:00:00,1710000.0,0.0 
 08/02  03:00:00,1710000.0,0.0 
 08/02  04:00:00,1710000.0,0.0 
 08/02  05:00:00,1710000.0,0.0 
 08/02  06:00:00,1710000.0,0.0 
 08/02  07:00:00,10153980.035819666,1354960.257918031 
 08/02  08:00:00,11433952.245935995,1359650.912957313 
 08/02  09:00:00,44048376.79476399,1497340.781595205 
 08/02  10:00:00,59435609.472809896,1899231.7050894434 
 08/02  11:00:00,63485212.78641756,2080108.8937031608 
 08/02  12:00:00,61892563.885163344,1983343.643292791 
 08/02  13:00:00,55814615.009200215,1721597.96132007 
 08/02  14:00:00,60897057.69471329,1920437.1026523467 
 08/02  15:00:00,63566957.51874156,2065145.6376206395 
 08/02  16:00:00,62560355.79870302,2090679.0042039345 
 08/02  17:00:00,57757390.993794546,1939665.5637560817 
 08/02  18:00:00,56363179.7950795,1821511.623706127 
 08/02  19:00:00,35405467.88091018,1414729.7385279764 
 08/02  20:00:00,22673923.238239586,1354960.257918031 
 08/02  21:00:00,5760000.0,0.0 
 08/02  22:00:00,1710000.0,0.0 
 08/02  23:00:00,1710000.0,0.0 
 08/02  24:00:00,1710000.0,0.0 
 08/03  01:00:00,4950000.0,0.0 
 08/03  02:00:00,4950000.0,0.0 
 08/03  03:00:00,4950000.0,0.0 
 08/03  04:00:00,4950000.0,0.0 
 08/03  05:00:00,4950000.0,0.0 
 08/03  06:00:00,4950000.0,0.0 
 08/03  07:00:00,4950000.0,0.0 
 08/03  08:00:00,4950000.0,0.0 
 08/03  09:00:00,4950000.0,0.0 
 08/03  10:00:00,4950000.0,0.0 
 08/03  11:00:00,4950000.0,0.0 
 08/03  12:00:00,4950000.0,0.0 
 08/03  13:00:00,4950000.0,0.0 
 08/03  14:00:00,4950000.0,0.0 
 08/03  15:00:00,4950000.0,0.0 
 08/03  16:00:00,4950000.0,0.0 
 08/03  17:00:00,4950000.0,0.0 
 08/03  18:00:00,4950000.0,0.0 
 08/03  19:00:00,4950000.0,0.0 
 08/03  20:00:00,4950000.0,0.0 
 08/03  21:00:00,4950000.0,0.0 
 08/03  22:00:00,4950000.0,0.0 
 08/03  23:00:00,4950000.0,0.0 
 08/03  24:00:00,4950000.0,0.0 
 08/04  01:00:00,4950000.0,0.0 
 08/04  02:00:00,4950000.0,0.0 
 08/04  03:00:00,4950000.0,0.0 
 08/04  04:00:00,4950000.0,0.0 
 08/04  05:00:00,4950000.0,0.0 
 08/04  06:00:00,4950000.0,0.0 
 08/04  07:00:00,4950000.0,0.0 
 08/04  08:00:00,4950000.0,0.0 
 08/04  09:00:00,4950000.0,0.0 
 08/04  10:00:00,4950000.0,0.0 
 08/04  11:00:00,4950000.0,0.0 
 08/04  12:00:00,4950000.0,0.0 
 08/04  13:00:00,4950000.0,0.0 
 08/04  14:00:00,4950000.0,0.0 
 08/04  15:00:00,4950000.0,0.0 
 08/04  16:00:00,4950000.0,0.0 
 08/04  17:00:00,4950000.0,0.0 
 08/04  18:00:00,4950000.0,0.0 
 08/04  19:00:00,4950000.0,0.0 
 08/04  20:00:00,4950000.0,0.0 
 08/04  21:00:00,4950000.0,0.0 
 08/04  22:00:00,4950000.0,0.0 
 08/04  23:00:00,4950000.0,0.0 
 08/04  24:00:00,4950000.0,0.0 
 08/05  01:00:00,1710000.0,0.0 
 08/05  02:00:00,1710000.0,0.0 
 08/05  03:00:00,1710000.0,0.0 
 08/05  04:00:00,1710000.0,0.0 
 08/05  05:00:00,1710000.0,0.0 
 08/05  06:00:00,1710000.0,0.0 
 08/05  07:00:00,11962059.125756321,1354960.257918031 
 08/05  08:00:00,12969816.889673144,1354960.257918031 
 08/05  09:00:00,43305557.38719731,1360900.2427181406 
 08/05  10:00:00,58140455.53129276,1621557.4534194532 
 08/05  11:00:00,63431226.16728288,1853479.0303064827 
 08/05  12:00:00,63086745.37656566,1822894.2371936399 
 08/05  13:00:00,57402022.99228628,1635234.804981276 
 08/05  14:00:00,59461394.0320533,1786413.323560789 
 08/05  15:00:00,61647498.89319414,1940188.324035004 
 08/05  16:00:00,61272597.566973634,1980352.207648228 
 08/05  17:00:00,56590351.30129726,1864159.5740204984 
 08/05  18:00:00,55564752.833923176,1800535.7827711985 
 08/05  19:00:00,35327217.72285427,1419282.74865933 
 08/05  20:00:00,22698252.00690085,1354960.257918031 
 08/05  21:00:00,5760000.0,0.0 
 08/05  22:00:00,1710000.0,0.0 
 08/05  23:00:00,1710000.0,0.0 
 08/05  24:00:00,1710000.0,0.0 
 08/06  01:00:00,1710000.0,0.0 
 08/06  02:00:00,1710000.0,0.0 
 08/06  03:00:00,1710000.0,0.0 
 08/06  04:00:00,1710000.0,0.0 
 08/06  05:00:00,1710000.0,0.0 
 08/06  06:00:00,1710000.0,0.0 
 08/06  07:00:00,8898345.168848317,1354960.257918031 
 08/06  08:00:00,9230487.444551509,1354960.257918031 
 08/06  09:00:00,40101761.27683063,1403794.7332839626 
 08/06  10:00:00,52930480.73013924,1559444.4016787254 
 08/06  11:00:00,53701172.77242306,1563001.404930769 
 08/06  12:00:00,51052070.346702725,1504843.449521804 
 08/06  13:00:00,45968610.545726314,1443994.1647823246 
 08/06  14:00:00,49092068.73237236,1537733.9596418422 
 08/06  15:00:00,49366717.56134775,1541810.4029685555 
 08/06  16:00:00,46726968.346217886,1496405.10833691 
 08/06  17:00:00,42375560.443362,1425871.8654926966 
 08/06  18:00:00,42347868.55467682,1414177.48272033 
 08/06  19:00:00,26992370.179314848,1354960.257918031 
 08/06  20:00:00,15543426.178526651,1354960.257918031 
 08/06  21:00:00,5760000.0,0.0 
 08/06  22:00:00,1710000.0,0.0 
 08/06  23:00:00,1710000.0,0.0 
 08/06  24:00:00,1710000.0,0.0 
 08/07  01:00:00,1710000.0,0.0 
 08/07  02:00:00,1710000.0,0.0 
 08/07  03:00:00,1710000.0,0.0 
 08/07  04:00:00,1710000.0,0.0 
 08/07  05:00:00,1710000.0,0.0 
 08/07  06:00:00,1710000.0,0.0 
 08/07  07:00:00,5944386.220541336,1354960.257918031 
 08/07  08:00:00,6554403.742207634,1354960.257918031 
 08/07  09:00:00,37822788.313123524,1430334.3965156495 
 08/07  10:00:00,50570724.05319102,1655505.7379587698 
 08/07  11:00:00,53384341.00399603,1785930.2417217738 
 08/07  12:00:00,52240933.549225755,1728805.202999765 
 08/07  13:00:00,46999732.6524284,1541297.0577194514 
 08/07  14:00:00,50781569.778938144,1678932.4579988082 
 08/07  15:00:00,52456908.61024927,1758942.2631907626 
 08/07  16:00:00,51240578.435044974,1761666.8178724572 
 08/07  17:00:00,46392518.46202885,1632807.1164408599 
 08/07  18:00:00,45798965.31657434,1588318.4129672667 
 08/07  19:00:00,27874798.777786683,1368892.104377797 
 08/07  20:00:00,16182193.199846221,1354960.257918031 
 08/07  21:00:00,5760000.0,0.0 
 08/07  22:00:00,1710000.0,0.0 
 08/07  23:00:00,1710000.0,0.0 
 08/07  24:00:00,1710000.0,0.0 
 08/08  01:00:00,1710000.0,0.0 
 08/08  02:00:00,1710000.0,0.0 
 08/08  03:00:00,1710000.0,0.0 
 08/08  04:00:00,1710000.0,0.0 
 08/08  05:00:00,1710000.0,0.0 
 08/08  06:00:00,1710000.0,0.0 
 08/08  07:00:00,5969221.329316223,1354960.257918031 
 08/08  08:00:00,6613733.432835819,1354960.257918031 
 08/08  09:00:00,37881880.203655794,1427399.229219356 
 08/08  10:00:00,51665529.55268939,1688408.2097906445 
 08/08  11:00:00,56079375.50126472,1866826.990595058 
 08/08  12:00:00,54506127.79435796,1811719.0692725203 
 08/08  13:00:00,48912295.59944411,1610085.957914656 
 08/08  14:00:00,53148711.074866734,1754948.3468893573 
 08/08  15:00:00,55222267.84466231,1835918.8475540762 
 08/08  16:00:00,53366655.53605389,1761086.8871803735 
 08/08  17:00:00,47928431.6347901,1605293.3748557267 
 08/08  18:00:00,47029847.95366373,1529301.1268839915 
 08/08  19:00:00,29410132.527037118,1356295.0116821611 
 08/08  20:00:00,18273136.758491576,1354960.257918031 
 08/08  21:00:00,5760000.0,0.0 
 08/08  22:00:00,1710000.0,0.0 
 08/08  23:00:00,1710000.0,0.0 
 08/08  24:00:00,1710000.0,0.0 
 08/09  01:00:00,1710000.0,0.0 
 08/09  02:00:00,1710000.0,0.0 
 08/09  03:00:00,1710000.0,0.0 
 08/09  04:00:00,1710000.0,0.0 
 08/09  05:00:00,1710000.0,0.0 
 08/09  06:00:00,1710000.0,0.0 
 08/09  07:00:00,8090427.084862478,1354960.257918031 
 08/09  08:00:00,8818836.807292644,1354960.257918031 
 08/09  09:00:00,40263044.00397674,1431847.9787012492 
 08/09  10:00:00,55477300.3226566,1757055.2895666163 
 08/09  11:00:00,59662896.21165113,1941669.3995343363 
 08/09  12:00:00,57977381.24465781,1893109.0386187742 
 08/09  13:00:00,51390594.016130164,1648393.13804504 
 08/09  14:00:00,56389049.40167607,1862809.7224459706 
 08/09  15:00:00,58525373.31709275,1969864.3517962764 
 08/09  16:00:00,55549688.6953205,1815993.5578116816 
 08/09  17:00:00,49461534.52876117,1608756.967571192 
 08/09  18:00:00,47999587.21171552,1529755.8912157062 
 08/09  19:00:00,30051205.270521596,1356578.9588264264 
 08/09  20:00:00,18933517.160272297,1354960.257918031 
 08/09  21:00:00,5760000.0,0.0 
 08/09  22:00:00,1710000.0,0.0 
 08/09  23:00:00,1710000.0,0.0 
 08/09  24:00:00,1710000.0,0.0 
 08/10  01:00:00,4950000.0,0.0 
 08/10  02:00:00,4950000.0,0.0 
 08/10  03:00:00,4950000.0,0.0 
 08/10  04:00:00,4950000.0,0.0 
 08/10  05:00:00,4950000.0,0.0 
 08/10  06:00:00,4950000.0,0.0 
 08/10  07:00:00,4950000.0,0.0 
 08/10  08:00:00,4950000.0,0.0 
 08/10  09:00:00,4950000.0,0.0 
 08/10  10:00:00,4950000.0,0.0 
 08/10  11:00:00,4950000.0,0.0 
 08/10  12:00:00,4950000.0,0.0 
 08/10  13:00:00,4950000.0,0.0 
 08/10  14:00:00,4950000.0,0.0 
 08/10  15:00:00,4950000.0,0.0 
 08/10  16:00:00,4950000.0,0.0 
 08/10  17:00:00,4950000.0,0.0 
 08/10  18:00:00,4950000.0,0.0 
 08/10  19:00:00,4950000.0,0.0 
 08/10  20:00:00,4950000.0,0.0 
 08/10  21:00:00,4950000.0,0.0 
 08/10  22:00:00,4950000.0,0.0 
 08/10  23:00:00,4950000.0,0.0 
 08/10  24:00:00,4950000.0,0.0 
 08/11  01:00:00,4950000.0,0.0 
 08/11  02:00:00,4950000.0,0.0 
 08/11  03:00:00,4950000.0,0.0 
 08/11  04:00:00,4950000.0,0.0 
 08/11  05:00:00,4950000.0,0.0 
 08/11  06:00:00,4950000.0,0.0 
 08/11  07:00:00,4950000.0,0.0 
 08/11  08:00:00,4950000.0,0.0 
 08/11  09:00:00,4950000.0,0.0 
 08/11  10:00:00,4950000.0,0.0 
 08/11  11:00:00,4950000.0,0.0 
 08/11  12:00:00,4950000.0,0.0 
 08/11  13:00:00,4950000.0,0.0 
 08/11  14:00:00,4950000.0,0.0 
 08/11  15:00:00,4950000.0,0.0 
 08/11  16:00:00,4950000.0,0.0 
 08/11  17:00:00,4950000.0,0.0 
 08/11  18:00:00,4950000.0,0.0 
 08/11  19:00:00,4950000.0,0.0 
 08/11  20:00:00,4950000.0,0.0 
 08/11  21:00:00,4950000.0,0.0 
 08/11  22:00:00,4950000.0,0.0 
 08/11  23:00:00,4950000.0,0.0 
 08/11  24:00:00,4950000.0,0.0 
 08/12  01:00:00,1710000.0,0.0 
 08/12  02:00:00,1710000.0,0.0 
 08/12  03:00:00,1710000.0,0.0 
 08/12  04:00:00,1710000.0,0.0 
 08/12  05:00:00,1710000.0,0.0 
 08/12  06:00:00,1710000.0,0.0 
 08/12  07:00:00,8635598.916488573,1354960.257918031 
 08/12  08:00:00,10532261.839493696,1354960.257918031 
 08/12  09:00:00,41762360.983899176,1408503.2773221573 
 08/12  10:00:00,56679508.057478905,1766272.7632724408 
 08/12  11:00:00,61027862.81204209,2024044.8474455266 
 08/12  12:00:00,59500199.11811689,1986616.1140890233 
 08/12  13:00:00,54029578.908208385,1762796.277325051 
 08/12  14:00:00,57399211.59469895,1904029.6706790323 
 08/12  15:00:00,56637719.467203796,1835312.744413777 
 08/12  16:00:00,54670462.456515536,1735690.066050841 
 08/12  17:00:00,48436480.42298415,1559166.7941772463 
 08/12  18:00:00,46709981.500209145,1474726.7373696594 
 08/12  19:00:00,29708181.16029472,1355654.3483703171 
 08/12  20:00:00,18566922.529457457,1354960.257918031 
 08/12  21:00:00,5760000.0,0.0 
 08/12  22:00:00,1710000.0,0.0 
 08/12  23:00:00,1710000.0,0.0 
 08/12  24:00:00,1710000.0,0.0 
 08/13  01:00:00,1710000.0,0.0 
 08/13  02:00:00,1710000.0,0.0 
 08/13  03:00:00,1710000.0,0.0 
 08/13  04:00:00,1710000.0,0.0 
 08/13  05:00:00,1710000.0,0.0 
 08/13  06:00:00,1710000.0,0.0 
 08/13  07:00:00,8240235.2305771625,1354960.257918031 
 08/13  08:00:00,9711177.804895367,1354960.257918031 
 08/13  09:00:00,41569384.740943804,1430670.0369243952 
 08/13  10:00:00,56236091.29421488,1753122.7357252555 
 08/13  11:00:00,60613575.5722914,1958545.1373044536 
 08/13  12:00:00,60251042.87879821,1915610.0653958123 
 08/13  13:00:00,55620500.30683795,1713577.3852449222 
 08/13  14:00:00,59943428.24119064,1922828.379974484 
 08/13  15:00:00,61287679.9993403,2018006.5905226672 
 08/13  16:00:00,59467242.00702271,1993832.0184299056 
 08/13  17:00:00,53235727.453471944,1783493.563206317 
 08/13  18:00:00,50659445.2836049,1581097.6690960429 
 08/13  19:00:00,31697518.867486812,1358890.6508030216 
 08/13  20:00:00,20227302.958514184,1354960.257918031 
 08/13  21:00:00,5760000.0,0.0 
 08/13  22:00:00,1710000.0,0.0 
 08/13  23:00:00,1710000.0,0.0 
 08/13  24:00:00,1710000.0,0.0 
 08/14  01:00:00,1710000.0,0.0 
 08/14  02:00:00,1710000.0,0.0 
 08/14  03:00:00,1710000.0,0.0 
 08/14  04:00:00,1710000.0,0.0 
 08/14  05:00:00,1710000.0,0.0 
 08/14  06:00:00,1710000.0,0.0 
 08/14  07:00:00,10038647.317708215,1354960.257918031 
 08/14  08:00:00,10443201.151625626,1354960.257918031 
 08/14  09:00:00,40875477.391108885,1354960.257918031 
 08/14  10:00:00,54824248.40048412,1500788.4078591382 
 08/14  11:00:00,60004490.41819261,1699790.8859896495 
 08/14  12:00:00,58568767.71538607,1655426.6478999709 
 08/14  13:00:00,51225439.219634324,1530494.1503184498 
 08/14  14:00:00,54761408.478230506,1660711.7058624139 
 08/14  15:00:00,54233932.591517285,1607357.750144797 
 08/14  16:00:00,51666390.24201718,1548281.189256798 
 08/14  17:00:00,47744228.826989435,1467541.0537102092 
 08/14  18:00:00,47129524.5827285,1432249.0278627258 
 08/14  19:00:00,31449805.319566533,1354960.257918031 
 08/14  20:00:00,20916277.50384812,1354960.257918031 
 08/14  21:00:00,5760000.0,0.0 
 08/14  22:00:00,1710000.0,0.0 
 08/14  23:00:00,1710000.0,0.0 
 08/14  24:00:00,1710000.0,0.0 
 08/15  01:00:00,1710000.0,0.0 
 08/15  02:00:00,1710000.0,0.0 
 08/15  03:00:00,1710000.0,0.0 
 08/15  04:00:00,1710000.0,0.0 
 08/15  05:00:00,1710000.0,0.0 
 08/15  06:00:00,1710000.0,0.0 
 08/15  07:00:00,9840997.462643934,1354960.257918031 
 08/15  08:00:00,10624119.092853924,1354960.257918031 
 08/15  09:00:00,41394576.04511363,1358510.9817396055 
 08/15  10:00:00,55233961.41344989,1541853.5129663502 
 08/15  11:00:00,59401822.873383835,1729953.9754074789 
 08/15  12:00:00,58134978.9012726,1708480.1318998255 
 08/15  13:00:00,51268739.92398185,1526887.6923174146 
 08/15  14:00:00,55273617.304738194,1646271.7821343904 
 08/15  15:00:00,57019076.65898732,1705078.6350491133 
 08/15  16:00:00,54843376.315893106,1633668.3389736572 
 08/15  17:00:00,49464548.0421174,1545745.3364070277 
 08/15  18:00:00,47545599.295662016,1474583.5715403338 
 08/15  19:00:00,30216431.5942407,1355050.25442759 
 08/15  20:00:00,19069493.933764946,1354960.257918031 
 08/15  21:00:00,5760000.0,0.0 
 08/15  22:00:00,1710000.0,0.0 
 08/15  23:00:00,1710000.0,0.0 
 08/15  24:00:00,1710000.0,0.0 
 08/16  01:00:00,1710000.0,0.0 
 08/16  02:00:00,1710000.0,0.0 
 08/16  03:00:00,1710000.0,0.0 
 08/16  04:00:00,1710000.0,0.0 
 08/16  05:00:00,1710000.0,0.0 
 08/16  06:00:00,1710000.0,0.0 
 08/16  07:00:00,7520551.612700142,1354960.257918031 
 08/16  08:00:00,8429240.401253078,1354960.257918031 
 08/16  09:00:00,38899444.879509784,1354960.257918031 
 08/16  10:00:00,51416375.74300919,1506153.9491027063 
 08/16  11:00:00,55293288.10785623,1690093.5636768471 
 08/16  12:00:00,54115949.09834972,1699142.4850522734 
 08/16  13:00:00,49471150.20315334,1571139.0210912614 
 08/16  14:00:00,54108268.37074992,1719755.1355488151 
 08/16  15:00:00,56102910.66924954,1814972.4282741153 
 08/16  16:00:00,54032881.741163366,1815193.2790278716 
 08/16  17:00:00,49333801.948285535,1720136.613433131 
 08/16  18:00:00,48603913.705536485,1647624.0500976497 
 08/16  19:00:00,29867530.567993313,1369008.2418082873 
 08/16  20:00:00,18377149.946293384,1354960.257918031 
 08/16  21:00:00,5760000.0,0.0 
 08/16  22:00:00,1710000.0,0.0 
 08/16  23:00:00,1710000.0,0.0 
 08/16  24:00:00,1710000.0,0.0 
 08/17  01:00:00,4950000.0,0.0 
 08/17  02:00:00,4950000.0,0.0 
 08/17  03:00:00,4950000.0,0.0 
 08/17  04:00:00,4950000.0,0.0 
 08/17  05:00:00,4950000.0,0.0 
 08/17  06:00:00,4950000.0,0.0 
 08/17  07:00:00,4950000.0,0.0 
 08/17  08:00:00,4950000.0,0.0 
 08/17  09:00:00,4950000.0,0.0 
 08/17  10:00:00,4950000.0,0.0 
 08/17  11:00:00,4950000.0,0.0 
 08/17  12:00:00,4950000.0,0.0 
 08/17  13:00:00,4950000.0,0.0 
 08/17  14:00:00,4950000.0,0.0 
 08/17  15:00:00,4950000.0,0.0 
 08/17  16:00:00,4950000.0,0.0 
 08/17  17:00:00,4950000.0,0.0 
 08/17  18:00:00,4950000.0,0.0 
 08/17  19:00:00,4950000.0,0.0 
 08/17  20:00:00,4950000.0,0.0 
 08/17  21:00:00,4950000.0,0.0 
 08/17  22:00:00,4950000.0,0.0 
 08/17  23:00:00,4950000.0,0.0 
 08/17  24:00:00,4950000.0,0.0 
 08/18  01:00:00,4950000.0,0.0 
 08/18  02:00:00,4950000.0,0.0 
 08/18  03:00:00,4950000.0,0.0 
 08/18  04:00:00,4950000.0,0.0 
 08/18  05:00:00,4950000.0,0.0 
 08/18  06:00:00,4950000.0,0.0 
 08/18  07:00:00,4950000.0,0.0 
 08/18  08:00:00,4950000.0,0.0 
 08/18  09:00:00,4950000.0,0.0 
 08/18  10:00:00,4950000.0,0.0 
 08/18  11:00:00,4950000.0,0.0 
 08/18  12:00:00,4950000.0,0.0 
 08/18  13:00:00,4950000.0,0.0 
 08/18  14:00:00,4950000.0,0.0 
 08/18  15:00:00,4950000.0,0.0 
 08/18  16:00:00,4950000.0,0.0 
 08/18  17:00:00,4950000.0,0.0 
 08/18  18:00:00,4950000.0,0.0 
 08/18  19:00:00,4950000.0,0.0 
 08/18  20:00:00,4950000.0,0.0 
 08/18  21:00:00,4950000.0,0.0 
 08/18  22:00:00,4950000.0,0.0 
 08/18  23:00:00,4950000.0,0.0 
 08/18  24:00:00,4950000.0,0.0 
 08/19  01:00:00,1710000.0,0.0 
 08/19  02:00:00,1710000.0,0.0 
 08/19  03:00:00,1710000.0,0.0 
 08/19  04:00:00,1710000.0,0.0 
 08/19  05:00:00,1710000.0,0.0 
 08/19  06:00:00,1710000.0,0.0 
 08/19  07:00:00,7565809.397732526,1354960.257918031 
 08/19  08:00:00,8720895.721459433,1354960.257918031 
 08/19  09:00:00,40298464.847196065,1419186.9769302905 
 08/19  10:00:00,54554077.956158735,1700132.0003255976 
 08/19  11:00:00,58411496.81740855,1917544.525034302 
 08/19  12:00:00,57251983.10715301,1873035.6068122983 
 08/19  13:00:00,51516876.19109096,1669015.901435275 
 08/19  14:00:00,56232065.44327742,1838713.975131925 
 08/19  15:00:00,58471997.00780747,1907326.8087006304 
 08/19  16:00:00,55877488.46724047,1813997.1984597845 
 08/19  17:00:00,50116611.92448927,1614838.1547949966 
 08/19  18:00:00,48862329.34027578,1523005.8641510215 
 08/19  19:00:00,31149424.187280547,1356226.0094938516 
 08/19  20:00:00,20146585.833765775,1354960.257918031 
 08/19  21:00:00,5760000.0,0.0 
 08/19  22:00:00,1710000.0,0.0 
 08/19  23:00:00,1710000.0,0.0 
 08/19  24:00:00,1710000.0,0.0 
 08/20  01:00:00,1710000.0,0.0 
 08/20  02:00:00,1710000.0,0.0 
 08/20  03:00:00,1710000.0,0.0 
 08/20  04:00:00,1710000.0,0.0 
 08/20  05:00:00,1710000.0,0.0 
 08/20  06:00:00,1710000.0,0.0 
 08/20  07:00:00,12669237.844859924,1354960.257918031 
 08/20  08:00:00,13119946.963516254,1354960.257918031 
 08/20  09:00:00,43743416.42352795,1361853.9083663756 
 08/20  10:00:00,57981957.593014404,1599555.2857572292 
 08/20  11:00:00,62701384.430615604,1865997.5178660222 
 08/20  12:00:00,61634189.97017193,1854072.5061148694 
 08/20  13:00:00,56113910.2505959,1697828.7856865488 
 08/20  14:00:00,59889549.4269751,1903177.4456919997 
 08/20  15:00:00,62154757.44111855,2008075.6334671495 
 08/20  16:00:00,59188749.61269665,1896454.273619338 
 08/20  17:00:00,53287873.75766959,1698008.2687997818 
 08/20  18:00:00,50725321.08608567,1583030.9535556624 
 08/20  19:00:00,31256757.437015504,1359043.264224226 
 08/20  20:00:00,19723541.256860495,1354960.257918031 
 08/20  21:00:00,5760000.0,0.0 
 08/20  22:00:00,1710000.0,0.0 
 08/20  23:00:00,1710000.0,0.0 
 08/20  24:00:00,1710000.0,0.0 
 08/21  01:00:00,1710000.0,0.0 
 08/21  02:00:00,1710000.0,0.0 
 08/21  03:00:00,1710000.0,0.0 
 08/21  04:00:00,1710000.0,0.0 
 08/21  05:00:00,1710000.0,0.0 
 08/21  06:00:00,1710000.0,0.0 
 08/21  07:00:00,9475437.6088512,1354960.257918031 
 08/21  08:00:00,10350485.431750402,1354960.257918031 
 08/21  09:00:00,41405166.14254923,1419399.9257694117 
 08/21  10:00:00,56818965.48473313,1783315.4688694135 
 08/21  11:00:00,61216415.62788968,2023447.5735813524 
 08/21  12:00:00,60241220.59723178,1989080.7594801004 
 08/21  13:00:00,55440993.20424228,1760666.3557309385 
 08/21  14:00:00,60972142.68508269,1980850.93001447 
 08/21  15:00:00,62153312.07241042,2055714.178615327 
 08/21  16:00:00,59521564.78287909,2010713.5427737497 
 08/21  17:00:00,53524477.10293116,1747739.6932626134 
 08/21  18:00:00,52082529.491023004,1611420.502963992 
 08/21  19:00:00,33384497.50279741,1364300.4176210337 
 08/21  20:00:00,22561357.493063986,1354960.257918031 
 08/21  21:00:00,5760000.0,0.0 
 08/21  22:00:00,1710000.0,0.0 
 08/21  23:00:00,1710000.0,0.0 
 08/21  24:00:00,1710000.0,0.0 
 08/22  01:00:00,1710000.0,0.0 
 08/22  02:00:00,1710000.0,0.0 
 08/22  03:00:00,1710000.0,0.0 
 08/22  04:00:00,1710000.0,0.0 
 08/22  05:00:00,1710000.0,0.0 
 08/22  06:00:00,1710000.0,0.0 
 08/22  07:00:00,12886401.8234353,1354960.257918031 
 08/22  08:00:00,12677338.91995727,1354960.257918031 
 08/22  09:00:00,42869195.36633748,1354960.257918031 
 08/22  10:00:00,56109575.70113574,1492832.7545131934 
 08/22  11:00:00,60404903.70687181,1641797.4574560097 
 08/22  12:00:00,60737027.58909354,1699362.0102028497 
 08/22  13:00:00,55943485.889381185,1570797.9077634611 
 08/22  14:00:00,60369062.59044127,1702647.8782839533 
 08/22  15:00:00,63880541.56857661,1856005.377797352 
 08/22  16:00:00,62778353.51534608,1850351.5239435604 
 08/22  17:00:00,58525892.6120685,1747241.657621132 
 08/22  18:00:00,57289138.443256915,1653256.5301303968 
 08/22  19:00:00,37273537.26240894,1368325.4037097131 
 08/22  20:00:00,25632100.48979696,1354960.257918031 
 08/22  21:00:00,5760000.0,0.0 
 08/22  22:00:00,1710000.0,0.0 
 08/22  23:00:00,1710000.0,0.0 
 08/22  24:00:00,1710000.0,0.0 
 08/23  01:00:00,1710000.0,0.0 
 08/23  02:00:00,1710000.0,0.0 
 08/23  03:00:00,1710000.0,0.0 
 08/23  04:00:00,1710000.0,0.0 
 08/23  05:00:00,1710000.0,0.0 
 08/23  06:00:00,1710000.0,0.0 
 08/23  07:00:00,12100489.721161664,1354960.257918031 
 08/23  08:00:00,11913481.06252499,1354960.257918031 
 08/23  09:00:00,41816772.80860234,1354960.257918031 
 08/23  10:00:00,53727166.64434982,1447870.6765626622 
 08/23  11:00:00,56264556.23327016,1524485.019077023 
 08/23  12:00:00,54784527.07865745,1516686.0145653167 
 08/23  13:00:00,49541183.37311849,1468887.23653548 
 08/23  14:00:00,53691395.02309588,1587974.5985704716 
 08/23  15:00:00,55374610.426443495,1634743.8995088676 
 08/23  16:00:00,52396134.0658378,1562637.0676486322 
 08/23  17:00:00,47225844.03130819,1462936.9970549182 
 08/23  18:00:00,46841116.46642916,1435548.7411628724 
 08/23  19:00:00,30136422.561506346,1354960.257918031 
 08/23  20:00:00,18955333.145833746,1354960.257918031 
 08/23  21:00:00,5760000.0,0.0 
 08/23  22:00:00,1710000.0,0.0 
 08/23  23:00:00,1710000.0,0.0 
 08/23  24:00:00,1710000.0,0.0 
 08/24  01:00:00,4950000.0,0.0 
 08/24  02:00:00,4950000.0,0.0 
 08/24  03:00:00,4950000.0,0.0 
 08/24  04:00:00,4950000.0,0.0 
 08/24  05:00:00,4950000.0,0.0 
 08/24  06:00:00,4950000.0,0.0 
 08/24  07:00:00,4950000.0,0.0 
 08/24  08:00:00,4950000.0,0.0 
 08/24  09:00:00,4950000.0,0.0 
 08/24  10:00:00,4950000.0,0.0 
 08/24  11:00:00,4950000.0,0.0 
 08/24  12:00:00,4950000.0,0.0 
 08/24  13:00:00,4950000.0,0.0 
 08/24  14:00:00,4950000.0,0.0 
 08/24  15:00:00,4950000.0,0.0 
 08/24  16:00:00,4950000.0,0.0 
 08/24  17:00:00,4950000.0,0.0 
 08/24  18:00:00,4950000.0,0.0 
 08/24  19:00:00,4950000.0,0.0 
 08/24  20:00:00,4950000.0,0.0 
 08/24  21:00:00,4950000.0,0.0 
 08/24  22:00:00,4950000.0,0.0 
 08/24  23:00:00,4950000.0,0.0 
 08/24  24:00:00,4950000.0,0.0 
 08/25  01:00:00,4950000.0,0.0 
 08/25  02:00:00,4950000.0,0.0 
 08/25  03:00:00,4950000.0,0.0 
 08/25  04:00:00,4950000.0,0.0 
 08/25  05:00:00,4950000.0,0.0 
 08/25  06:00:00,4950000.0,0.0 
 08/25  07:00:00,4950000.0,0.0 
 08/25  08:00:00,4950000.0,0.0 
 08/25  09:00:00,4950000.0,0.0 
 08/25  10:00:00,4950000.0,0.0 
 08/25  11:00:00,4950000.0,0.0 
 08/25  12:00:00,4950000.0,0.0 
 08/25  13:00:00,4950000.0,0.0 
 08/25  14:00:00,4950000.0,0.0 
 08/25  15:00:00,4950000.0,0.0 
 08/25  16:00:00,4950000.0,0.0 
 08/25  17:00:00,4950000.0,0.0 
 08/25  18:00:00,4950000.0,0.0 
 08/25  19:00:00,4950000.0,0.0 
 08/25  20:00:00,4950000.0,0.0 
 08/25  21:00:00,4950000.0,0.0 
 08/25  22:00:00,4950000.0,0.0 
 08/25  23:00:00,4950000.0,0.0 
 08/25  24:00:00,4950000.0,0.0 
 08/26  01:00:00,1710000.0,0.0 
 08/26  02:00:00,1710000.0,0.0 
 08/26  03:00:00,1710000.0,0.0 
 08/26  04:00:00,1710000.0,0.0 
 08/26  05:00:00,1710000.0,0.0 
 08/26  06:00:00,1710000.0,0.0 
 08/26  07:00:00,8938134.656637395,1354960.257918031 
 08/26  08:00:00,8896493.93868119,1354960.257918031 
 08/26  09:00:00,39103932.18334986,1354960.257918031 
 08/26  10:00:00,51679418.98537555,1465291.3681891616 
 08/26  11:00:00,56074004.209373616,1611390.672319807 
 08/26  12:00:00,56021815.7001193,1623335.847230815 
 08/26  13:00:00,51608493.6256488,1525759.1235720117 
 08/26  14:00:00,57126494.93084687,1691848.8922692603 
 08/26  15:00:00,58732394.03037272,1723309.0305307312 
 08/26  16:00:00,56157487.616284095,1642595.6402951307 
 08/26  17:00:00,50186349.82131639,1489706.1794573362 
 08/26  18:00:00,49545593.62207124,1457094.9489351495 
 08/26  19:00:00,32660243.314641286,1354960.257918031 
 08/26  20:00:00,21212728.255042493,1354960.257918031 
 08/26  21:00:00,5760000.0,0.0 
 08/26  22:00:00,1710000.0,0.0 
 08/26  23:00:00,1710000.0,0.0 
 08/26  24:00:00,1710000.0,0.0 
 08/27  01:00:00,1710000.0,0.0 
 08/27  02:00:00,1710000.0,0.0 
 08/27  03:00:00,1710000.0,0.0 
 08/27  04:00:00,1710000.0,0.0 
 08/27  05:00:00,1710000.0,0.0 
 08/27  06:00:00,1710000.0,0.0 
 08/27  07:00:00,12089096.084407367,1354960.257918031 
 08/27  08:00:00,13359304.81271875,1354960.257918031 
 08/27  09:00:00,44447281.965861544,1399401.3088701684 
 08/27  10:00:00,59995770.271436885,1710831.6435231639 
 08/27  11:00:00,65034718.734424554,1958738.1499165199 
 08/27  12:00:00,64310124.31278409,1980366.7421862883 
 08/27  13:00:00,58144510.30214979,1729892.4599444354 
 08/27  14:00:00,62204691.29352288,1886340.547531427 
 08/27  15:00:00,63895415.58555967,1986090.1361992282 
 08/27  16:00:00,62157519.97686063,1937316.7116912797 
 08/27  17:00:00,56190378.80072683,1735817.5025944447 
 08/27  18:00:00,53336404.67596919,1579509.144220904 
 08/27  19:00:00,34058756.656577244,1358855.342778625 
 08/27  20:00:00,22689852.90132387,1354960.257918031 
 08/27  21:00:00,5760000.0,0.0 
 08/27  22:00:00,1710000.0,0.0 
 08/27  23:00:00,1710000.0,0.0 
 08/27  24:00:00,1710000.0,0.0 
 08/28  01:00:00,1710000.0,0.0 
 08/28  02:00:00,1710000.0,0.0 
 08/28  03:00:00,1710000.0,0.0 
 08/28  04:00:00,1710000.0,0.0 
 08/28  05:00:00,1710000.0,0.0 
 08/28  06:00:00,1710000.0,0.0 
 08/28  07:00:00,12597267.734287698,1354960.257918031 
 08/28  08:00:00,12571789.372143967,1354960.257918031 
 08/28  09:00:00,43535552.5481158,1354960.257918031 
 08/28  10:00:00,57116071.387036346,1492117.839020104 
 08/28  11:00:00,60775031.36991473,1603390.8455008012 
 08/28  12:00:00,60613386.0491492,1639609.9645167482 
 08/28  13:00:00,55749974.9251252,1545892.7968886732 
 08/28  14:00:00,61662134.67781785,1752749.001678424 
 08/28  15:00:00,63132430.814523816,1807212.3335460473 
 08/28  16:00:00,59734481.42559121,1695339.4170499656 
 08/28  17:00:00,53988731.43204134,1533342.8851016972 
 08/28  18:00:00,53226889.27456525,1491928.5736223767 
 08/28  19:00:00,35342205.43351013,1355251.7180292238 
 08/28  20:00:00,23542031.235537473,1354960.257918031 
 08/28  21:00:00,5760000.0,0.0 
 08/28  22:00:00,1710000.0,0.0 
 08/28  23:00:00,1710000.0,0.0 
 08/28  24:00:00,1710000.0,0.0 
 08/29  01:00:00,1710000.0,0.0 
 08/29  02:00:00,1710000.0,0.0 
 08/29  03:00:00,1710000.0,0.0 
 08/29  04:00:00,1710000.0,0.0 
 08/29  05:00:00,1710000.0,0.0 
 08/29  06:00:00,1710000.0,0.0 
 08/29  07:00:00,12958151.262073442,1354960.257918031 
 08/29  08:00:00,13222117.59797899,1354960.257918031 
 08/29  09:00:00,43842026.0963521,1354960.257918031 
 08/29  10:00:00,58144729.104810745,1504137.7560635104 
 08/29  11:00:00,63196483.624959745,1705285.9024513555 
 08/29  12:00:00,61931022.54324556,1778596.333682551 
 08/29  13:00:00,56074584.55563526,1656779.9306355347 
 08/29  14:00:00,61354079.143287085,1851050.7526277795 
 08/29  15:00:00,62541452.615405105,1907459.0775665056 
 08/29  16:00:00,59702684.99929671,1914310.4471735447 
 08/29  17:00:00,53184634.123409815,1676801.0216678279 
 08/29  18:00:00,50761171.969297566,1538468.7612333512 
 08/29  19:00:00,31627744.742321976,1356313.6803083906 
 08/29  20:00:00,19646160.670934197,1354960.257918031 
 08/29  21:00:00,5760000.0,0.0 
 08/29  22:00:00,1710000.0,0.0 
 08/29  23:00:00,1710000.0,0.0 
 08/29  24:00:00,1710000.0,0.0 
 08/30  01:00:00,1710000.0,0.0 
 08/30  02:00:00,1710000.0,0.0 
 08/30  03:00:00,1710000.0,0.0 
 08/30  04:00:00,1710000.0,0.0 
 08/30  05:00:00,1710000.0,0.0 
 08/30  06:00:00,1710000.0,0.0 
 08/30  07:00:00,7214398.989135817,1354960.257918031 
 08/30  08:00:00,7703544.41331357,1354960.257918031 
 08/30  09:00:00,38487534.33254694,1400888.4381246646 
 08/30  10:00:00,52420517.614805266,1658840.949407507 
 08/30  11:00:00,56538395.30680053,1852635.2245393859 
 08/30  12:00:00,55732914.32535933,1807265.5830088798 
 08/30  13:00:00,50359708.36658162,1614772.6133096088 
 08/30  14:00:00,55194771.36613572,1809353.2228872774 
 08/30  15:00:00,58191597.17818809,1988574.08940774 
 08/30  16:00:00,57440940.159609005,2025237.2007080633 
 08/30  17:00:00,53421913.43795334,1910881.75852036 
 08/30  18:00:00,52211915.72236939,1746623.7176962506 
 08/30  19:00:00,31701257.459981132,1373698.2343829519 
 08/30  20:00:00,19605664.732989453,1354960.257918031 
 08/30  21:00:00,5760000.0,0.0 
 08/30  22:00:00,1710000.0,0.0 
 08/30  23:00:00,1710000.0,0.0 
 08/30  24:00:00,1710000.0,0.0 
 08/31  01:00:00,4950000.0,0.0 
 08/31  02:00:00,4950000.0,0.0 
 08/31  03:00:00,4950000.0,0.0 
 08/31  04:00:00,4950000.0,0.0 
 08/31  05:00:00,4950000.0,0.0 
 08/31  06:00:00,4950000.0,0.0 
 08/31  07:00:00,4950000.0,0.0 
 08/31  08:00:00,4950000.0,0.0 
 08/31  09:00:00,4950000.0,0.0 
 08/31  10:00:00,4950000.0,0.0 
 08/31  11:00:00,4950000.0,0.0 
 08/31  12:00:00,4950000.0,0.0 
 08/31  13:00:00,4950000.0,0.0 
 08/31  14:00:00,4950000.0,0.0 
 08/31  15:00:00,4950000.0,0.0 
 08/31  16:00:00,4950000.0,0.0 
 08/31  17:00:00,4950000.0,0.0 
 08/31  18:00:00,4950000.0,0.0 
 08/31  19:00:00,4950000.0,0.0 
 08/31  20:00:00,4950000.0,0.0 
 08/31  21:00:00,4950000.0,0.0 
 08/31  22:00:00,4950000.0,0.0 
 08/31  23:00:00,4950000.0,0.0 
 08/31  24:00:00,4950000.0,0.0,15040059373.447063,10895940000.0,6855300000.0,492000133.6696802,3652119239.7773566,1005743505.4028251,1005743505.4028251,,,,,,,,6855300000.0,,10895940000.0,,4040640000.0 
 09/01  01:00:00,4950000.0,0.0 
 09/01  02:00:00,4950000.0,0.0 
 09/01  03:00:00,4950000.0,0.0 
 09/01  04:00:00,4950000.0,0.0 
 09/01  05:00:00,4950000.0,0.0 
 09/01  06:00:00,4950000.0,0.0 
 09/01  07:00:00,4950000.0,0.0 
 09/01  08:00:00,4950000.0,0.0 
 09/01  09:00:00,4950000.0,0.0 
 09/01  10:00:00,4950000.0,0.0 
 09/01  11:00:00,4950000.0,0.0 
 09/01  12:00:00,4950000.0,0.0 
 09/01  13:00:00,4950000.0,0.0 
 09/01  14:00:00,4950000.0,0.0 
 09/01  15:00:00,4950000.0,0.0 
 09/01  16:00:00,4950000.0,0.0 
 09/01  17:00:00,4950000.0,0.0 
 09/01  18:00:00,4950000.0,0.0 
 09/01  19:00:00,4950000.0,0.0 
 09/01  20:00:00,4950000.0,0.0 
 09/01  21:00:00,4950000.0,0.0 
 09/01  22:00:00,4950000.0,0.0 
 09/01  23:00:00,4950000.0,0.0 
 09/01  24:00:00,4950000.0,0.0 
 09/02  01:00:00,1710000.0,0.0 
 09/02  02:00:00,1710000.0,0.0 
 09/02  03:00:00,1710000.0,0.0 
 09/02  04:00:00,1710000.0,0.0 
 09/02  05:00:00,1710000.0,0.0 
 09/02  06:00:00,1710000.0,0.0 
 09/02  07:00:00,7158641.305581957,1354960.257918031 
 09/02  08:00:00,7345725.462897851,1354960.257918031 
 09/02  09:00:00,37226319.32100774,1355045.8307216198 
 09/02  10:00:00,49007816.42918903,1472920.3220075583 
 09/02  11:00:00,52381694.830185115,1579974.641144651 
 09/02  12:00:00,51618991.316375166,1577574.395726496 
 09/02  13:00:00,46527815.264149085,1486032.382497706 
 09/02  14:00:00,50119750.7034649,1601305.3055201264 
 09/02  15:00:00,51956260.67954321,1692405.9929412142 
 09/02  16:00:00,50316314.64128573,1697061.2947952298 
 09/02  17:00:00,45836745.95315167,1634121.6061886863 
 09/02  18:00:00,44663558.79329611,1561443.6377115115 
 09/02  19:00:00,27132092.275169004,1355520.002967916 
 09/02  20:00:00,15920156.168447465,1354960.257918031 
 09/02  21:00:00,5760000.0,0.0 
 09/02  22:00:00,1710000.0,0.0 
 09/02  23:00:00,1710000.0,0.0 
 09/02  24:00:00,1710000.0,0.0 
 09/03  01:00:00,1710000.0,0.0 
 09/03  02:00:00,1710000.0,0.0 
 09/03  03:00:00,1710000.0,0.0 
 09/03  04:00:00,1710000.0,0.0 
 09/03  05:00:00,1710000.0,0.0 
 09/03  06:00:00,1710000.0,0.0 
 09/03  07:00:00,5634054.364081977,1354960.257918031 
 09/03  08:00:00,6734177.127731867,1354960.257918031 
 09/03  09:00:00,37356427.62240335,1392143.4164268007 
 09/03  10:00:00,50133160.879825585,1590705.1854812102 
 09/03  11:00:00,53650987.79214977,1781593.7520584906 
 09/03  12:00:00,52538000.38724385,1738319.0846478501 
 09/03  13:00:00,47512598.31580157,1566451.8165342954 
 09/03  14:00:00,51525350.72668971,1701384.099343778 
 09/03  15:00:00,53315984.42952957,1827227.4862877377 
 09/03  16:00:00,51540510.94276799,1841242.4477388235 
 09/03  17:00:00,46685895.17452976,1689711.971529833 
 09/03  18:00:00,44837580.48743094,1550992.2487361704 
 09/03  19:00:00,27429780.856348135,1356298.7231758554 
 09/03  20:00:00,16179642.22445384,1354960.257918031 
 09/03  21:00:00,5760000.0,0.0 
 09/03  22:00:00,1710000.0,0.0 
 09/03  23:00:00,1710000.0,0.0 
 09/03  24:00:00,1710000.0,0.0 
 09/04  01:00:00,1710000.0,0.0 
 09/04  02:00:00,1710000.0,0.0 
 09/04  03:00:00,1710000.0,0.0 
 09/04  04:00:00,1710000.0,0.0 
 09/04  05:00:00,1710000.0,0.0 
 09/04  06:00:00,1710000.0,0.0 
 09/04  07:00:00,5996518.665034983,1354960.257918031 
 09/04  08:00:00,6590024.29957607,1354960.257918031 
 09/04  09:00:00,37830357.313538715,1407054.1928876084 
 09/04  10:00:00,51882303.42910845,1644394.1113316617 
 09/04  11:00:00,56839371.9208432,1851917.1909220244 
 09/04  12:00:00,56936805.76056698,1834427.5992576107 
 09/04  13:00:00,51721120.745254084,1645162.1047510058 
 09/04  14:00:00,57565243.28948464,1849212.2453897707 
 09/04  15:00:00,61041170.206494495,2034315.966029375 
 09/04  16:00:00,59369212.790273175,2066508.9529318195 
 09/04  17:00:00,53687241.29725468,1903676.953134563 
 09/04  18:00:00,51006058.29507733,1710893.6480469173 
 09/04  19:00:00,30667218.17198836,1367246.116311342 
 09/04  20:00:00,19232912.247100513,1354960.257918031 
 09/04  21:00:00,5760000.0,0.0 
 09/04  22:00:00,1710000.0,0.0 
 09/04  23:00:00,1710000.0,0.0 
 09/04  24:00:00,1710000.0,0.0 
 09/05  01:00:00,1710000.0,0.0 
 09/05  02:00:00,1710000.0,0.0 
 09/05  03:00:00,1710000.0,0.0 
 09/05  04:00:00,1710000.0,0.0 
 09/05  05:00:00,1710000.0,0.0 
 09/05  06:00:00,1710000.0,0.0 
 09/05  07:00:00,7693799.925076923,1354960.257918031 
 09/05  08:00:00,8847874.159082815,1354960.257918031 
 09/05  09:00:00,40417066.813837886,1410454.1445995807 
 09/05  10:00:00,55996795.19706944,1745408.063770393 
 09/05  11:00:00,61149656.09431845,2003131.1683224263 
 09/05  12:00:00,60068406.05639624,1986468.9186559846 
 09/05  13:00:00,54074071.450470276,1757449.4188732232 
 09/05  14:00:00,58557235.358645454,2001366.503873373 
 09/05  15:00:00,61259477.47808674,2168363.298834315 
 09/05  16:00:00,59529915.06886691,2136026.944030592 
 09/05  17:00:00,53162979.09920969,1910136.405440892 
 09/05  18:00:00,49797856.48506163,1682575.0604625386 
 09/05  19:00:00,30203312.569835186,1365740.9709931146 
 09/05  20:00:00,18755246.007433042,1354960.257918031 
 09/05  21:00:00,5760000.0,0.0 
 09/05  22:00:00,1710000.0,0.0 
 09/05  23:00:00,1710000.0,0.0 
 09/05  24:00:00,1710000.0,0.0 
 09/06  01:00:00,1710000.0,0.0 
 09/06  02:00:00,1710000.0,0.0 
 09/06  03:00:00,1710000.0,0.0 
 09/06  04:00:00,1710000.0,0.0 
 09/06  05:00:00,1710000.0,0.0 
 09/06  06:00:00,1710000.0,0.0 
 09/06  07:00:00,8915488.073685557,1354960.257918031 
 09/06  08:00:00,9849097.117826711,1356519.140686344 
 09/06  09:00:00,41479993.67247115,1424919.176628837 
 09/06  10:00:00,57218215.803861424,1760303.9853410125 
 09/06  11:00:00,62930478.58586922,2019186.9380778898 
 09/06  12:00:00,62151253.440831564,2000544.1599918688 
 09/06  13:00:00,55657731.43060093,1718099.4317375938 
 09/06  14:00:00,59371543.884810664,1897706.2381101567 
 09/06  15:00:00,59846953.27173993,1874430.0026981006 
 09/06  16:00:00,57294226.28801283,1785153.434137057 
 09/06  17:00:00,53284456.30329804,1651043.5579992046 
 09/06  18:00:00,51825964.021795996,1542707.046781443 
 09/06  19:00:00,33181854.30463077,1356697.0390115404 
 09/06  20:00:00,21740089.97127069,1354960.257918031 
 09/06  21:00:00,5760000.0,0.0 
 09/06  22:00:00,1710000.0,0.0 
 09/06  23:00:00,1710000.0,0.0 
 09/06  24:00:00,1710000.0,0.0 
 09/07  01:00:00,4950000.0,0.0 
 09/07  02:00:00,4950000.0,0.0 
 09/07  03:00:00,4950000.0,0.0 
 09/07  04:00:00,4950000.0,0.0 
 09/07  05:00:00,4950000.0,0.0 
 09/07  06:00:00,4950000.0,0.0 
 09/07  07:00:00,4950000.0,0.0 
 09/07  08:00:00,4950000.0,0.0 
 09/07  09:00:00,4950000.0,0.0 
 09/07  10:00:00,4950000.0,0.0 
 09/07  11:00:00,4950000.0,0.0 
 09/07  12:00:00,4950000.0,0.0 
 09/07  13:00:00,4950000.0,0.0 
 09/07  14:00:00,4950000.0,0.0 
 09/07  15:00:00,4950000.0,0.0 
 09/07  16:00:00,4950000.0,0.0 
 09/07  17:00:00,4950000.0,0.0 
 09/07  18:00:00,4950000.0,0.0 
 09/07  19:00:00,4950000.0,0.0 
 09/07  20:00:00,4950000.0,0.0 
 09/07  21:00:00,4950000.0,0.0 
 09/07  22:00:00,4950000.0,0.0 
 09/07  23:00:00,4950000.0,0.0 
 09/07  24:00:00,4950000.0,0.0 
 09/08  01:00:00,4950000.0,0.0 
 09/08  02:00:00,4950000.0,0.0 
 09/08  03:00:00,4950000.0,0.0 
 09/08  04:00:00,4950000.0,0.0 
 09/08  05:00:00,4950000.0,0.0 
 09/08  06:00:00,4950000.0,0.0 
 09/08  07:00:00,4950000.0,0.0 
 09/08  08:00:00,4950000.0,0.0 
 09/08  09:00:00,4950000.0,0.0 
 09/08  10:00:00,4950000.0,0.0 
 09/08  11:00:00,4950000.0,0.0 
 09/08  12:00:00,4950000.0,0.0 
 09/08  13:00:00,4950000.0,0.0 
 09/08  14:00:00,4950000.0,0.0 
 09/08  15:00:00,4950000.0,0.0 
 09/08  16:00:00,4950000.0,0.0 
 09/08  17:00:00,4950000.0,0.0 
 09/08  18:00:00,4950000.0,0.0 
 09/08  19:00:00,4950000.0,0.0 
 09/08  20:00:00,4950000.0,0.0 
 09/08  21:00:00,4950000.0,0.0 
 09/08  22:00:00,4950000.0,0.0 
 09/08  23:00:00,4950000.0,0.0 
 09/08  24:00:00,4950000.0,0.0 
 09/09  01:00:00,1710000.0,0.0 
 09/09  02:00:00,1710000.0,0.0 
 09/09  03:00:00,1710000.0,0.0 
 09/09  04:00:00,1710000.0,0.0 
 09/09  05:00:00,1710000.0,0.0 
 09/09  06:00:00,1710000.0,0.0 
 09/09  07:00:00,7841572.020649847,1354960.257918031 
 09/09  08:00:00,8429557.971143596,1354960.257918031 
 09/09  09:00:00,39359588.93373764,1385962.9848184008 
 09/09  10:00:00,53482810.33002866,1634505.5176511996 
 09/09  11:00:00,57315962.65090078,1794719.251083301 
 09/09  12:00:00,56628073.66317461,1796924.8517177738 
 09/09  13:00:00,50305467.83823011,1610718.864132812 
 09/09  14:00:00,55228361.59315243,1794452.1138120398 
 09/09  15:00:00,57322857.09269445,1895225.0748100532 
 09/09  16:00:00,55443700.59444672,1889911.9213047172 
 09/09  17:00:00,49740017.37176333,1738844.592869005 
 09/09  18:00:00,47345932.72219099,1585984.0876676587 
 09/09  19:00:00,28743567.107007537,1357491.7692839962 
 09/09  20:00:00,17634919.565121435,1354960.257918031 
 09/09  21:00:00,5760000.0,0.0 
 09/09  22:00:00,1710000.0,0.0 
 09/09  23:00:00,1710000.0,0.0 
 09/09  24:00:00,1710000.0,0.0 
 09/10  01:00:00,1710000.0,0.0 
 09/10  02:00:00,1710000.0,0.0 
 09/10  03:00:00,1710000.0,0.0 
 09/10  04:00:00,1710000.0,0.0 
 09/10  05:00:00,1710000.0,0.0 
 09/10  06:00:00,1710000.0,0.0 
 09/10  07:00:00,7379562.670890557,1354960.257918031 
 09/10  08:00:00,8860382.61277349,1354960.257918031 
 09/10  09:00:00,39314878.221361086,1388781.7236970905 
 09/10  10:00:00,53116774.12141818,1645788.0519084313 
 09/10  11:00:00,57332331.217244074,1841879.8593809863 
 09/10  12:00:00,56835020.82155776,1861264.221693091 
 09/10  13:00:00,51852981.519321814,1678221.8732357887 
 09/10  14:00:00,55513892.23702344,1800654.0456514899 
 09/10  15:00:00,55572232.23545875,1741266.652366254 
 09/10  16:00:00,51896433.090416245,1607568.5250769986 
 09/10  17:00:00,46011820.78278845,1477056.027151181 
 09/10  18:00:00,45097820.08257203,1436763.5307148092 
 09/10  19:00:00,29150868.38994937,1354960.257918031 
 09/10  20:00:00,18453443.667176154,1354960.257918031 
 09/10  21:00:00,5760000.0,0.0 
 09/10  22:00:00,1710000.0,0.0 
 09/10  23:00:00,1710000.0,0.0 
 09/10  24:00:00,1710000.0,0.0 
 09/11  01:00:00,1710000.0,0.0 
 09/11  02:00:00,1710000.0,0.0 
 09/11  03:00:00,1710000.0,0.0 
 09/11  04:00:00,1710000.0,0.0 
 09/11  05:00:00,1710000.0,0.0 
 09/11  06:00:00,1710000.0,0.0 
 09/11  07:00:00,7509248.700117076,1354960.257918031 
 09/11  08:00:00,9005907.07123143,1354960.257918031 
 09/11  09:00:00,40309553.81426261,1383411.8535893632 
 09/11  10:00:00,54138287.71624197,1605216.8130781872 
 09/11  11:00:00,57871993.55818857,1784647.3875447947 
 09/11  12:00:00,57295589.16842604,1773514.9594217944 
 09/11  13:00:00,51994359.06775313,1606644.895261537 
 09/11  14:00:00,56290154.358399935,1757981.961524181 
 09/11  15:00:00,58809601.23758184,1908292.3795889267 
 09/11  16:00:00,57149591.14929691,1968866.8681149972 
 09/11  17:00:00,51453549.87596953,1778960.232886284 
 09/11  18:00:00,49191109.1354063,1592035.2771089792 
 09/11  19:00:00,30728753.301565677,1359353.146996097 
 09/11  20:00:00,19089608.723997343,1354960.257918031 
 09/11  21:00:00,5760000.0,0.0 
 09/11  22:00:00,1710000.0,0.0 
 09/11  23:00:00,1710000.0,0.0 
 09/11  24:00:00,1710000.0,0.0 
 09/12  01:00:00,1710000.0,0.0 
 09/12  02:00:00,1710000.0,0.0 
 09/12  03:00:00,1710000.0,0.0 
 09/12  04:00:00,1710000.0,0.0 
 09/12  05:00:00,1710000.0,0.0 
 09/12  06:00:00,1710000.0,0.0 
 09/12  07:00:00,7760790.019076835,1354960.257918031 
 09/12  08:00:00,8173453.177974233,1354960.257918031 
 09/12  09:00:00,38809926.018603414,1368769.8777572403 
 09/12  10:00:00,51915481.51997061,1553575.0669154413 
 09/12  11:00:00,56124673.06442794,1762989.7969291809 
 09/12  12:00:00,56045747.741243824,1777214.7460399 
 09/12  13:00:00,49576428.300401494,1584620.5916473446 
 09/12  14:00:00,53111380.15045953,1717167.4415384769 
 09/12  15:00:00,55150532.8699124,1814502.247094262 
 09/12  16:00:00,53052625.16008368,1827884.8983555795 
 09/12  17:00:00,47331740.35609823,1655544.2619754889 
 09/12  18:00:00,45241042.78108597,1526878.9307593093 
 09/12  19:00:00,27850125.547362696,1355888.1852676517 
 09/12  20:00:00,16310466.198556444,1354960.257918031 
 09/12  21:00:00,5760000.0,0.0 
 09/12  22:00:00,1710000.0,0.0 
 09/12  23:00:00,1710000.0,0.0 
 09/12  24:00:00,1710000.0,0.0 
 09/13  01:00:00,1710000.0,0.0 
 09/13  02:00:00,1710000.0,0.0 
 09/13  03:00:00,1710000.0,0.0 
 09/13  04:00:00,1710000.0,0.0 
 09/13  05:00:00,1710000.0,0.0 
 09/13  06:00:00,1710000.0,0.0 
 09/13  07:00:00,5003886.985660581,1354960.257918031 
 09/13  08:00:00,6227091.278581178,1354960.257918031 
 09/13  09:00:00,36598229.276006445,1354960.257918031 
 09/13  10:00:00,47949876.15768933,1402835.6406241735 
 09/13  11:00:00,50379139.767611,1451146.2417402323 
 09/13  12:00:00,48796558.575045094,1439445.1382878143 
 09/13  13:00:00,44203238.24990382,1404455.0525054953 
 09/13  14:00:00,48710903.46126553,1509398.3233237236 
 09/13  15:00:00,51277350.76280428,1617636.8362523708 
 09/13  16:00:00,49380314.8428334,1580614.878155325 
 09/13  17:00:00,44715419.40194299,1469657.2092509207 
 09/13  18:00:00,44238122.83356484,1438757.0454598172 
 09/13  19:00:00,27690098.571787536,1354960.257918031 
 09/13  20:00:00,16570821.552183019,1354960.257918031 
 09/13  21:00:00,5760000.0,0.0 
 09/13  22:00:00,1710000.0,0.0 
 09/13  23:00:00,1710000.0,0.0 
 09/13  24:00:00,1710000.0,0.0 
 09/14  01:00:00,4950000.0,0.0 
 09/14  02:00:00,4950000.0,0.0 
 09/14  03:00:00,4950000.0,0.0 
 09/14  04:00:00,4950000.0,0.0 
 09/14  05:00:00,4950000.0,0.0 
 09/14  06:00:00,4950000.0,0.0 
 09/14  07:00:00,4950000.0,0.0 
 09/14  08:00:00,4950000.0,0.0 
 09/14  09:00:00,4950000.0,0.0 
 09/14  10:00:00,4950000.0,0.0 
 09/14  11:00:00,4950000.0,0.0 
 09/14  12:00:00,4950000.0,0.0 
 09/14  13:00:00,4950000.0,0.0 
 09/14  14:00:00,4950000.0,0.0 
 09/14  15:00:00,4950000.0,0.0 
 09/14  16:00:00,4950000.0,0.0 
 09/14  17:00:00,4950000.0,0.0 
 09/14  18:00:00,4950000.0,0.0 
 09/14  19:00:00,4950000.0,0.0 
 09/14  20:00:00,4950000.0,0.0 
 09/14  21:00:00,4950000.0,0.0 
 09/14  22:00:00,4950000.0,0.0 
 09/14  23:00:00,4950000.0,0.0 
 09/14  24:00:00,4950000.0,0.0 
 09/15  01:00:00,4950000.0,0.0 
 09/15  02:00:00,4950000.0,0.0 
 09/15  03:00:00,4950000.0,0.0 
 09/15  04:00:00,4950000.0,0.0 
 09/15  05:00:00,4950000.0,0.0 
 09/15  06:00:00,4950000.0,0.0 
 09/15  07:00:00,4950000.0,0.0 
 09/15  08:00:00,4950000.0,0.0 
 09/15  09:00:00,4950000.0,0.0 
 09/15  10:00:00,4950000.0,0.0 
 09/15  11:00:00,4950000.0,0.0 
 09/15  12:00:00,4950000.0,0.0 
 09/15  13:00:00,4950000.0,0.0 
 09/15  14:00:00,4950000.0,0.0 
 09/15  15:00:00,4950000.0,0.0 
 09/15  16:00:00,4950000.0,0.0 
 09/15  17:00:00,4950000.0,0.0 
 09/15  18:00:00,4950000.0,0.0 
 09/15  19:00:00,4950000.0,0.0 
 09/15  20:00:00,4950000.0,0.0 
 09/15  21:00:00,4950000.0,0.0 
 09/15  22:00:00,4950000.0,0.0 
 09/15  23:00:00,4950000.0,0.0 
 09/15  24:00:00,4950000.0,0.0 
 09/16  01:00:00,1710000.0,0.0 
 09/16  02:00:00,1710000.0,0.0 
 09/16  03:00:00,1710000.0,0.0 
 09/16  04:00:00,1710000.0,0.0 
 09/16  05:00:00,1710000.0,0.0 
 09/16  06:00:00,1710000.0,0.0 
 09/16  07:00:00,11304248.59467477,1354960.257918031 
 09/16  08:00:00,11431277.333493857,1354960.257918031 
 09/16  09:00:00,41232560.21743048,1354960.257918031 
 09/16  10:00:00,53023423.98077281,1417994.8505152753 
 09/16  11:00:00,56216470.031763375,1493718.8223072996 
 09/16  12:00:00,55012401.336084865,1487510.014470737 
 09/16  13:00:00,49668966.53790616,1427378.4943643238 
 09/16  14:00:00,53918677.50018728,1533608.560045869 
 09/16  15:00:00,56204939.0968626,1602924.5316278096 
 09/16  16:00:00,54462846.70547046,1570624.975887156 
 09/16  17:00:00,49744481.28563389,1479865.8483856667 
 09/16  18:00:00,49019917.28149929,1445267.9668923304 
 09/16  19:00:00,32429895.583468486,1354960.257918031 
 09/16  20:00:00,21527040.330139093,1354960.257918031 
 09/16  21:00:00,5760000.0,0.0 
 09/16  22:00:00,1710000.0,0.0 
 09/16  23:00:00,1710000.0,0.0 
 09/16  24:00:00,1710000.0,0.0 
 09/17  01:00:00,1710000.0,0.0 
 09/17  02:00:00,1710000.0,0.0 
 09/17  03:00:00,1710000.0,0.0 
 09/17  04:00:00,1710000.0,0.0 
 09/17  05:00:00,1710000.0,0.0 
 09/17  06:00:00,1710000.0,0.0 
 09/17  07:00:00,10196912.857181657,1354960.257918031 
 09/17  08:00:00,10149571.269442338,1354960.257918031 
 09/17  09:00:00,40105132.51255542,1354960.257918031 
 09/17  10:00:00,51424501.677395545,1395120.883569785 
 09/17  11:00:00,55624375.38370068,1495721.5825081505 
 09/17  12:00:00,54715237.49828474,1531390.0961804774 
 09/17  13:00:00,49301049.64830971,1457880.1205856882 
 09/17  14:00:00,53302851.99559854,1554287.9472166933 
 09/17  15:00:00,54420699.80383729,1553918.4666367234 
 09/17  16:00:00,52339655.938063964,1514932.8164953573 
 09/17  17:00:00,47615193.22741823,1441919.8835453347 
 09/17  18:00:00,46933444.36925287,1412441.3808175465 
 09/17  19:00:00,30824156.011583578,1354960.257918031 
 09/17  20:00:00,19878214.7296826,1354960.257918031 
 09/17  21:00:00,5760000.0,0.0 
 09/17  22:00:00,1710000.0,0.0 
 09/17  23:00:00,1710000.0,0.0 
 09/17  24:00:00,1710000.0,0.0 
 09/18  01:00:00,1710000.0,0.0 
 09/18  02:00:00,1710000.0,0.0 
 09/18  03:00:00,1710000.0,0.0 
 09/18  04:00:00,1710000.0,0.0 
 09/18  05:00:00,1710000.0,0.0 
 09/18  06:00:00,1710000.0,0.0 
 09/18  07:00:00,8587970.161762947,1354960.257918031 
 09/18  08:00:00,8274256.927899717,1354960.257918031 
 09/18  09:00:00,38135250.55007078,1354960.257918031 
 09/18  10:00:00,49405449.53448529,1401863.336786195 
 09/18  11:00:00,52661486.05335868,1493855.8185386602 
 09/18  12:00:00,52248581.489322744,1512027.7217175176 
 09/18  13:00:00,47427011.83340291,1444778.5913704867 
 09/18  14:00:00,50712634.350718334,1498360.9360577553 
 09/18  15:00:00,51953956.13344549,1509779.5589468193 
 09/18  16:00:00,49959902.432677954,1468267.101541634 
 09/18  17:00:00,45125450.26526265,1408510.6803764622 
 09/18  18:00:00,44585314.387639634,1398600.609311547 
 09/18  19:00:00,29151470.472827885,1354960.257918031 
 09/18  20:00:00,17970688.078130588,1354960.257918031 
 09/18  21:00:00,5760000.0,0.0 
 09/18  22:00:00,1710000.0,0.0 
 09/18  23:00:00,1710000.0,0.0 
 09/18  24:00:00,1710000.0,0.0 
 09/19  01:00:00,1710000.0,0.0 
 09/19  02:00:00,1710000.0,0.0 
 09/19  03:00:00,1710000.0,0.0 
 09/19  04:00:00,1710000.0,0.0 
 09/19  05:00:00,1710000.0,0.0 
 09/19  06:00:00,1710000.0,0.0 
 09/19  07:00:00,5442625.00771061,1354960.257918031 
 09/19  08:00:00,5708599.132529152,1354960.257918031 
 09/19  09:00:00,36447917.768204354,1395998.7911614247 
 09/19  10:00:00,48766858.859047,1528497.0523773578 
 09/19  11:00:00,52551193.45173978,1689491.1547965007 
 09/19  12:00:00,51639668.1391034,1670784.4034404794 
 09/19  13:00:00,46735144.58299538,1547398.1446456355 
 09/19  14:00:00,50573710.1782045,1648167.3679536555 
 09/19  15:00:00,51195739.156586014,1641350.4282333564 
 09/19  16:00:00,47922478.94308123,1526734.3650897774 
 09/19  17:00:00,42827249.31938155,1425305.8188655654 
 09/19  18:00:00,42131342.12773059,1402959.136350682 
 09/19  19:00:00,26625993.687902696,1354960.257918031 
 09/19  20:00:00,15214748.770473316,1354960.257918031 
 09/19  21:00:00,5760000.0,0.0 
 09/19  22:00:00,1710000.0,0.0 
 09/19  23:00:00,1710000.0,0.0 
 09/19  24:00:00,1710000.0,0.0 
 09/20  01:00:00,1710000.0,0.0 
 09/20  02:00:00,1710000.0,0.0 
 09/20  03:00:00,1710000.0,0.0 
 09/20  04:00:00,1710000.0,0.0 
 09/20  05:00:00,1710000.0,0.0 
 09/20  06:00:00,1710000.0,0.0 
 09/20  07:00:00,5438273.7614462655,1354960.257918031 
 09/20  08:00:00,5482695.247763757,1354960.257918031 
 09/20  09:00:00,35500469.90408626,1354960.257918031 
 09/20  10:00:00,46622856.48755915,1382022.5941974586 
 09/20  11:00:00,48537089.78795294,1429870.478711087 
 09/20  12:00:00,48312346.98722203,1468844.4892737884 
 09/20  13:00:00,43638342.9273886,1409181.647239543 
 09/20  14:00:00,46947934.25287165,1468642.55700201 
 09/20  15:00:00,48340439.85876894,1488435.9254367445 
 09/20  16:00:00,46105716.21169807,1449466.5690793938 
 09/20  17:00:00,42013975.95671129,1413959.9034996345 
 09/20  18:00:00,41751278.92611759,1398822.9524788568 
 09/20  19:00:00,26329131.176197536,1354960.257918031 
 09/20  20:00:00,15070717.792752389,1354960.257918031 
 09/20  21:00:00,5760000.0,0.0 
 09/20  22:00:00,1710000.0,0.0 
 09/20  23:00:00,1710000.0,0.0 
 09/20  24:00:00,1710000.0,0.0 
 09/21  01:00:00,4950000.0,0.0 
 09/21  02:00:00,4950000.0,0.0 
 09/21  03:00:00,4950000.0,0.0 
 09/21  04:00:00,4950000.0,0.0 
 09/21  05:00:00,4950000.0,0.0 
 09/21  06:00:00,4950000.0,0.0 
 09/21  07:00:00,4950000.0,0.0 
 09/21  08:00:00,4950000.0,0.0 
 09/21  09:00:00,4950000.0,0.0 
 09/21  10:00:00,4950000.0,0.0 
 09/21  11:00:00,4950000.0,0.0 
 09/21  12:00:00,4950000.0,0.0 
 09/21  13:00:00,4950000.0,0.0 
 09/21  14:00:00,4950000.0,0.0 
 09/21  15:00:00,4950000.0,0.0 
 09/21  16:00:00,4950000.0,0.0 
 09/21  17:00:00,4950000.0,0.0 
 09/21  18:00:00,4950000.0,0.0 
 09/21  19:00:00,4950000.0,0.0 
 09/21  20:00:00,4950000.0,0.0 
 09/21  21:00:00,4950000.0,0.0 
 09/21  22:00:00,4950000.0,0.0 
 09/21  23:00:00,4950000.0,0.0 
 09/21  24:00:00,4950000.0,0.0 
 09/22  01:00:00,4950000.0,0.0 
 09/22  02:00:00,4950000.0,0.0 
 09/22  03:00:00,4950000.0,0.0 
 09/22  04:00:00,4950000.0,0.0 
 09/22  05:00:00,4950000.0,0.0 
 09/22  06:00:00,4950000.0,0.0 
 09/22  07:00:00,4950000.0,0.0 
 09/22  08:00:00,4950000.0,0.0 
 09/22  09:00:00,4950000.0,0.0 
 09/22  10:00:00,4950000.0,0.0 
 09/22  11:00:00,4950000.0,0.0 
 09/22  12:00:00,4950000.0,0.0 
 09/22  13:00:00,4950000.0,0.0 
 09/22  14:00:00,4950000.0,0.0 
 09/22  15:00:00,4950000.0,0.0 
 09/22  16:00:00,4950000.0,0.0 
 09/22  17:00:00,4950000.0,0.0 
 09/22  18:00:00,4950000.0,0.0 
 09/22  19:00:00,4950000.0,0.0 
 09/22  20:00:00,4950000.0,0.0 
 09/22  21:00:00,4950000.0,0.0 
 09/22  22:00:00,4950000.0,0.0 
 09/22  23:00:00,4950000.0,0.0 
 09/22  24:00:00,4950000.0,0.0 
 09/23  01:00:00,1710000.0,0.0 
 09/23  02:00:00,1710000.0,0.0 
 09/23  03:00:00,1710000.0,0.0 
 09/23  04:00:00,1710000.0,0.0 
 09/23  05:00:00,1710000.0,0.0 
 09/23  06:00:00,1710000.0,0.0 
 09/23  07:00:00,4774882.967321176,1354960.257918031 
 09/23  08:00:00,5805281.554976865,1354960.257918031 
 09/23  09:00:00,36736082.77224943,1400256.36564276 
 09/23  10:00:00,49069428.0985268,1533616.9199977466 
 09/23  11:00:00,53338075.629030675,1713007.108718922 
 09/23  12:00:00,52675735.77259502,1690825.2656250694 
 09/23  13:00:00,47302672.016344905,1548302.8958203807 
 09/23  14:00:00,51662104.40793568,1704850.6344692623 
 09/23  15:00:00,54556503.83904532,1862920.3339619227 
 09/23  16:00:00,52898538.20450396,1861430.6553205024 
 09/23  17:00:00,48055069.31334279,1741950.0527044178 
 09/23  18:00:00,45942956.43963638,1546721.3578962155 
 09/23  19:00:00,28305023.214762855,1355943.7302770342 
 09/23  20:00:00,16987499.27749045,1354960.257918031 
 09/23  21:00:00,5760000.0,0.0 
 09/23  22:00:00,1710000.0,0.0 
 09/23  23:00:00,1710000.0,0.0 
 09/23  24:00:00,1710000.0,0.0 
 09/24  01:00:00,1710000.0,0.0 
 09/24  02:00:00,1710000.0,0.0 
 09/24  03:00:00,1710000.0,0.0 
 09/24  04:00:00,1710000.0,0.0 
 09/24  05:00:00,1710000.0,0.0 
 09/24  06:00:00,1710000.0,0.0 
 09/24  07:00:00,5626326.336457823,1354960.257918031 
 09/24  08:00:00,6971711.774387165,1354960.257918031 
 09/24  09:00:00,37428831.765989214,1356826.7457452673 
 09/24  10:00:00,49271621.217577994,1483822.0152114662 
 09/24  11:00:00,52820588.81929211,1651596.924497625 
 09/24  12:00:00,51720063.05734841,1642248.7468576627 
 09/24  13:00:00,46563130.46364895,1514166.6785849747 
 09/24  14:00:00,50423490.11191881,1647267.3075947547 
 09/24  15:00:00,51976425.14554035,1731558.7818088362 
 09/24  16:00:00,49662453.121947065,1707330.580835944 
 09/24  17:00:00,44326703.455749616,1548190.019996411 
 09/24  18:00:00,42433753.99391517,1434002.0079536887 
 09/24  19:00:00,26312880.018290654,1354960.257918031 
 09/24  20:00:00,14987804.35439336,1354960.257918031 
 09/24  21:00:00,5760000.0,0.0 
 09/24  22:00:00,1710000.0,0.0 
 09/24  23:00:00,1710000.0,0.0 
 09/24  24:00:00,1710000.0,0.0 
 09/25  01:00:00,1710000.0,0.0 
 09/25  02:00:00,1710000.0,0.0 
 09/25  03:00:00,1710000.0,0.0 
 09/25  04:00:00,1710000.0,0.0 
 09/25  05:00:00,1710000.0,0.0 
 09/25  06:00:00,1710000.0,0.0 
 09/25  07:00:00,3234799.1568070306,1354960.257918031 
 09/25  08:00:00,4236246.900093579,1354960.257918031 
 09/25  09:00:00,35985780.30827709,1372759.1006793561 
 09/25  10:00:00,47821120.89113551,1472174.926025859 
 09/25  11:00:00,51174585.663448766,1639633.9840546737 
 09/25  12:00:00,50368620.73051979,1617882.7782941917 
 09/25  13:00:00,45972340.838338204,1508838.2358404687 
 09/25  14:00:00,50436552.08472364,1663898.6270523062 
 09/25  15:00:00,52284957.760492735,1811050.1658094905 
 09/25  16:00:00,50748574.01656018,1814726.5432420904 
 09/25  17:00:00,46106301.230467044,1691187.3570677508 
 09/25  18:00:00,43472646.224390194,1496705.6544163288 
 09/25  19:00:00,26262502.73955186,1355436.9675199476 
 09/25  20:00:00,15064674.179559175,1354960.257918031 
 09/25  21:00:00,5760000.0,0.0 
 09/25  22:00:00,1710000.0,0.0 
 09/25  23:00:00,1710000.0,0.0 
 09/25  24:00:00,1710000.0,0.0 
 09/26  01:00:00,1710000.0,0.0 
 09/26  02:00:00,1710000.0,0.0 
 09/26  03:00:00,1710000.0,0.0 
 09/26  04:00:00,1710000.0,0.0 
 09/26  05:00:00,1710000.0,0.0 
 09/26  06:00:00,1710000.0,0.0 
 09/26  07:00:00,3769197.128698433,1354960.257918031 
 09/26  08:00:00,6002191.373799553,1354960.257918031 
 09/26  09:00:00,37196021.54507665,1391397.2509943284 
 09/26  10:00:00,49686581.01131681,1541085.3459447913 
 09/26  11:00:00,53776285.766514026,1765855.5757714887 
 09/26  12:00:00,53562680.63328749,1764933.7001501448 
 09/26  13:00:00,49171856.51249765,1618770.830837185 
 09/26  14:00:00,54655735.01275051,1838864.56775546 
 09/26  15:00:00,57421424.168290205,1980144.9877943282 
 09/26  16:00:00,55923513.07889531,1969105.166740151 
 09/26  17:00:00,49769074.53582557,1718659.9725432158 
 09/26  18:00:00,47585681.71892336,1542058.001032525 
 09/26  19:00:00,29867502.726039067,1357012.783117762 
 09/26  20:00:00,18580961.54050959,1354960.257918031 
 09/26  21:00:00,5760000.0,0.0 
 09/26  22:00:00,1710000.0,0.0 
 09/26  23:00:00,1710000.0,0.0 
 09/26  24:00:00,1710000.0,0.0 
 09/27  01:00:00,1710000.0,0.0 
 09/27  02:00:00,1710000.0,0.0 
 09/27  03:00:00,1710000.0,0.0 
 09/27  04:00:00,1710000.0,0.0 
 09/27  05:00:00,1710000.0,0.0 
 09/27  06:00:00,1710000.0,0.0 
 09/27  07:00:00,8234827.936667121,1354960.257918031 
 09/27  08:00:00,8921587.190836914,1354960.257918031 
 09/27  09:00:00,40218900.27179975,1400553.566443868 
 09/27  10:00:00,54064805.50597155,1630666.8946950794 
 09/27  11:00:00,57462590.400496155,1813468.0988643123 
 09/27  12:00:00,56579222.93653405,1781320.9727175524 
 09/27  13:00:00,51696391.367514655,1630495.9135318794 
 09/27  14:00:00,56882576.27996463,1851733.593666249 
 09/27  15:00:00,59449630.0038764,2003565.233935549 
 09/27  16:00:00,57988231.682942875,2013928.5104899064 
 09/27  17:00:00,52784520.40527323,1856675.443771372 
 09/27  18:00:00,49188685.3310578,1610764.525751484 
 09/27  19:00:00,29953266.52850204,1361534.106407466 
 09/27  20:00:00,18301347.993767217,1354960.257918031 
 09/27  21:00:00,5760000.0,0.0 
 09/27  22:00:00,1710000.0,0.0 
 09/27  23:00:00,1710000.0,0.0 
 09/27  24:00:00,1710000.0,0.0 
 09/28  01:00:00,4950000.0,0.0 
 09/28  02:00:00,4950000.0,0.0 
 09/28  03:00:00,4950000.0,0.0 
 09/28  04:00:00,4950000.0,0.0 
 09/28  05:00:00,4950000.0,0.0 
 09/28  06:00:00,4950000.0,0.0 
 09/28  07:00:00,4950000.0,0.0 
 09/28  08:00:00,4950000.0,0.0 
 09/28  09:00:00,4950000.0,0.0 
 09/28  10:00:00,4950000.0,0.0 
 09/28  11:00:00,4950000.0,0.0 
 09/28  12:00:00,4950000.0,0.0 
 09/28  13:00:00,4950000.0,0.0 
 09/28  14:00:00,4950000.0,0.0 
 09/28  15:00:00,4950000.0,0.0 
 09/28  16:00:00,4950000.0,0.0 
 09/28  17:00:00,4950000.0,0.0 
 09/28  18:00:00,4950000.0,0.0 
 09/28  19:00:00,4950000.0,0.0 
 09/28  20:00:00,4950000.0,0.0 
 09/28  21:00:00,4950000.0,0.0 
 09/28  22:00:00,4950000.0,0.0 
 09/28  23:00:00,4950000.0,0.0 
 09/28  24:00:00,4950000.0,0.0 
 09/29  01:00:00,4950000.0,0.0 
 09/29  02:00:00,4950000.0,0.0 
 09/29  03:00:00,4950000.0,0.0 
 09/29  04:00:00,4950000.0,0.0 
 09/29  05:00:00,4950000.0,0.0 
 09/29  06:00:00,4950000.0,0.0 
 09/29  07:00:00,4950000.0,0.0 
 09/29  08:00:00,4950000.0,0.0 
 09/29  09:00:00,4950000.0,0.0 
 09/29  10:00:00,4950000.0,0.0 
 09/29  11:00:00,4950000.0,0.0 
 09/29  12:00:00,4950000.0,0.0 
 09/29  13:00:00,4950000.0,0.0 
 09/29  14:00:00,4950000.0,0.0 
 09/29  15:00:00,4950000.0,0.0 
 09/29  16:00:00,4950000.0,0.0 
 09/29  17:00:00,4950000.0,0.0 
 09/29  18:00:00,4950000.0,0.0 
 09/29  19:00:00,4950000.0,0.0 
 09/29  20:00:00,4950000.0,0.0 
 09/29  21:00:00,4950000.0,0.0 
 09/29  22:00:00,4950000.0,0.0 
 09/29  23:00:00,4950000.0,0.0 
 09/29  24:00:00,4950000.0,0.0 
 09/30  01:00:00,1710000.0,0.0 
 09/30  02:00:00,1710000.0,0.0 
 09/30  03:00:00,1710000.0,0.0 
 09/30  04:00:00,1710000.0,0.0 
 09/30  05:00:00,1710000.0,0.0 
 09/30  06:00:00,1710000.0,0.0 
 09/30  07:00:00,4779962.34075126,1354960.257918031 
 09/30  08:00:00,5426473.965958154,1354960.257918031 
 09/30  09:00:00,35469977.34996103,1354960.257918031 
 09/30  10:00:00,46420857.30369298,1397880.5978353836 
 09/30  11:00:00,49685883.53973844,1547120.1016938274 
 09/30  12:00:00,49225582.20128699,1568600.843376399 
 09/30  13:00:00,44922409.71571414,1472764.0697165495 
 09/30  14:00:00,49211040.91428162,1602630.9295557516 
 09/30  15:00:00,50902803.63544294,1689582.9720477387 
 09/30  16:00:00,48143052.472680055,1602987.334943596 
 09/30  17:00:00,42620328.28285386,1465030.2072026494 
 09/30  18:00:00,41572829.51534136,1413049.2605724765 
 09/30  19:00:00,25803820.644870836,1354960.257918031 
 09/30  20:00:00,13882300.436812798,1354960.257918031 
 09/30  21:00:00,5760000.0,0.0 
 09/30  22:00:00,1710000.0,0.0 
 09/30  23:00:00,1710000.0,0.0 
 09/30  24:00:00,1710000.0,0.0,13321176290.052717,10449270000.0,6556950000.0,454654405.56490296,2417251884.4878173,1441944810.7329338,1441944810.7329338,,,,,,,,6556950000.0,,10449270000.0,,3892320000.0 
 10/01  01:00:00,3064960.257918031,1354960.257918031 
 10/01  02:00:00,3064960.257918031,1354960.257918031 
 10/01  03:00:00,3064960.257918031,1354960.257918031 
 10/01  04:00:00,3064960.257918031,1354960.257918031 
 10/01  05:00:00,3064960.257918031,1354960.257918031 
 10/01  06:00:00,3064960.257918031,1354960.257918031 
 10/01  07:00:00,3639372.441321208,1354960.257918031 
 10/01  08:00:00,5173877.435286744,1354960.257918031 
 10/01  09:00:00,35539769.787661366,1402882.4512383188 
 10/01  10:00:00,47420011.38551903,1658328.7708261283 
 10/01  11:00:00,51040310.980028264,2017739.0310715698 
 10/01  12:00:00,51011085.290394075,2117105.7094561853 
 10/01  13:00:00,45964222.13461007,1784265.4432746945 
 10/01  14:00:00,50289059.17181748,2118183.8066741168 
 10/01  15:00:00,51616758.089861244,2181153.050796414 
 10/01  16:00:00,49303641.94561274,2092752.8114945553 
 10/01  17:00:00,44039460.801042326,1805018.3685200918 
 10/01  18:00:00,41911580.982788995,1540972.6458781282 
 10/01  19:00:00,25569373.672317993,1357089.7087649344 
 10/01  20:00:00,14330757.669609608,1354960.257918031 
 10/01  21:00:00,7114960.257918031,1354960.257918031 
 10/01  22:00:00,3064960.257918031,1354960.257918031 
 10/01  23:00:00,3064960.257918031,1354960.257918031 
 10/01  24:00:00,3064960.257918031,1354960.257918031 
 10/02  01:00:00,3064960.257918031,1354960.257918031 
 10/02  02:00:00,3064960.257918031,1354960.257918031 
 10/02  03:00:00,3064960.257918031,1354960.257918031 
 10/02  04:00:00,3064960.257918031,1354960.257918031 
 10/02  05:00:00,3064960.257918031,1354960.257918031 
 10/02  06:00:00,3064960.257918031,1354960.257918031 
 10/02  07:00:00,3217653.5392445284,1354960.257918031 
 10/02  08:00:00,5066464.704286506,1354960.257918031 
 10/02  09:00:00,35663787.16945861,1400285.4647592662 
 10/02  10:00:00,47787630.67681588,1627041.7674747272 
 10/02  11:00:00,51631429.20026116,1997237.311284977 
 10/02  12:00:00,51128144.51742146,1979122.2126510371 
 10/02  13:00:00,46266579.5582033,1701038.4831660648 
 10/02  14:00:00,50615175.17196976,2063015.5231227586 
 10/02  15:00:00,51888771.66942462,2123520.0048091277 
 10/02  16:00:00,48790677.77325198,1857293.2375281185 
 10/02  17:00:00,43123881.62092455,1559045.3043595683 
 10/02  18:00:00,42014204.45192824,1477144.8308608471 
 10/02  19:00:00,26699080.239452425,1355598.8426905076 
 10/02  20:00:00,15914767.403014064,1354960.257918031 
 10/02  21:00:00,7114960.257918031,1354960.257918031 
 10/02  22:00:00,3064960.257918031,1354960.257918031 
 10/02  23:00:00,3064960.257918031,1354960.257918031 
 10/02  24:00:00,3064960.257918031,1354960.257918031 
 10/03  01:00:00,3064960.257918031,1354960.257918031 
 10/03  02:00:00,3064960.257918031,1354960.257918031 
 10/03  03:00:00,3064960.257918031,1354960.257918031 
 10/03  04:00:00,3064960.257918031,1354960.257918031 
 10/03  05:00:00,3064960.257918031,1354960.257918031 
 10/03  06:00:00,3064960.257918031,1354960.257918031 
 10/03  07:00:00,6599296.285720634,1354960.257918031 
 10/03  08:00:00,6644382.40429816,1354960.257918031 
 10/03  09:00:00,36318015.75663656,1354960.257918031 
 10/03  10:00:00,46618936.34325163,1439155.2278549774 
 10/03  11:00:00,49054215.596467085,1626122.047407151 
 10/03  12:00:00,48605036.14442861,1689077.3106121426 
 10/03  13:00:00,44020020.43681331,1568096.6485164347 
 10/03  14:00:00,48482137.1019055,1832658.6231563948 
 10/03  15:00:00,50158861.33321477,2025206.6084758267 
 10/03  16:00:00,47518410.098319724,1852574.9595816955 
 10/03  17:00:00,42161453.43377144,1574289.9788187623 
 10/03  18:00:00,40916058.514312536,1463795.3891042403 
 10/03  19:00:00,25383754.298297368,1355013.0054674153 
 10/03  20:00:00,14298166.70402118,1354960.257918031 
 10/03  21:00:00,7114960.257918031,1354960.257918031 
 10/03  22:00:00,3064960.257918031,1354960.257918031 
 10/03  23:00:00,3064960.257918031,1354960.257918031 
 10/03  24:00:00,3064960.257918031,1354960.257918031 
 10/04  01:00:00,3064960.257918031,1354960.257918031 
 10/04  02:00:00,3064960.257918031,1354960.257918031 
 10/04  03:00:00,3064960.257918031,1354960.257918031 
 10/04  04:00:00,3064960.257918031,1354960.257918031 
 10/04  05:00:00,3064960.257918031,1354960.257918031 
 10/04  06:00:00,3064960.257918031,1354960.257918031 
 10/04  07:00:00,3235353.8469467023,1354960.257918031 
 10/04  08:00:00,3129779.0691081234,1354960.257918031 
 10/04  09:00:00,34261015.11033436,1354960.257918031 
 10/04  10:00:00,45368329.02662037,1409562.79908873 
 10/04  11:00:00,47415593.79495238,1506262.3904136156 
 10/04  12:00:00,46351961.95057137,1507260.3316314572 
 10/04  13:00:00,42029610.92084884,1428038.2670084736 
 10/04  14:00:00,46261616.244229764,1628219.0470437836 
 10/04  15:00:00,48222291.85996478,1758651.1500188592 
 10/04  16:00:00,46905189.48764195,1794604.157462194 
 10/04  17:00:00,41889165.636081345,1572827.8423447935 
 10/04  18:00:00,40664550.88115032,1458727.6323122394 
 10/04  19:00:00,25446849.986492176,1354960.257918031 
 10/04  20:00:00,14486661.022471134,1354960.257918031 
 10/04  21:00:00,7114960.257918031,1354960.257918031 
 10/04  22:00:00,3064960.257918031,1354960.257918031 
 10/04  23:00:00,3064960.257918031,1354960.257918031 
 10/04  24:00:00,3064960.257918031,1354960.257918031 
 10/05  01:00:00,6304960.257918031,1354960.257918031 
 10/05  02:00:00,6304960.257918031,1354960.257918031 
 10/05  03:00:00,6304960.257918031,1354960.257918031 
 10/05  04:00:00,6304960.257918031,1354960.257918031 
 10/05  05:00:00,6304960.257918031,1354960.257918031 
 10/05  06:00:00,6304960.257918031,1354960.257918031 
 10/05  07:00:00,6304960.257918031,1354960.257918031 
 10/05  08:00:00,6304960.257918031,1354960.257918031 
 10/05  09:00:00,6304960.257918031,1354960.257918031 
 10/05  10:00:00,6304960.257918031,1354960.257918031 
 10/05  11:00:00,6304960.257918031,1354960.257918031 
 10/05  12:00:00,6304960.257918031,1354960.257918031 
 10/05  13:00:00,6304960.257918031,1354960.257918031 
 10/05  14:00:00,6304960.257918031,1354960.257918031 
 10/05  15:00:00,6304960.257918031,1354960.257918031 
 10/05  16:00:00,6304960.257918031,1354960.257918031 
 10/05  17:00:00,6304960.257918031,1354960.257918031 
 10/05  18:00:00,6304960.257918031,1354960.257918031 
 10/05  19:00:00,6304960.257918031,1354960.257918031 
 10/05  20:00:00,6304960.257918031,1354960.257918031 
 10/05  21:00:00,6304960.257918031,1354960.257918031 
 10/05  22:00:00,6304960.257918031,1354960.257918031 
 10/05  23:00:00,6304960.257918031,1354960.257918031 
 10/05  24:00:00,6304960.257918031,1354960.257918031 
 10/06  01:00:00,6304960.257918031,1354960.257918031 
 10/06  02:00:00,6304960.257918031,1354960.257918031 
 10/06  03:00:00,6304960.257918031,1354960.257918031 
 10/06  04:00:00,6304960.257918031,1354960.257918031 
 10/06  05:00:00,6304960.257918031,1354960.257918031 
 10/06  06:00:00,6304960.257918031,1354960.257918031 
 10/06  07:00:00,6304960.257918031,1354960.257918031 
 10/06  08:00:00,6304960.257918031,1354960.257918031 
 10/06  09:00:00,6304960.257918031,1354960.257918031 
 10/06  10:00:00,6304960.257918031,1354960.257918031 
 10/06  11:00:00,6304960.257918031,1354960.257918031 
 10/06  12:00:00,6304960.257918031,1354960.257918031 
 10/06  13:00:00,6304960.257918031,1354960.257918031 
 10/06  14:00:00,6304960.257918031,1354960.257918031 
 10/06  15:00:00,6304960.257918031,1354960.257918031 
 10/06  16:00:00,6304960.257918031,1354960.257918031 
 10/06  17:00:00,6304960.257918031,1354960.257918031 
 10/06  18:00:00,6304960.257918031,1354960.257918031 
 10/06  19:00:00,6304960.257918031,1354960.257918031 
 10/06  20:00:00,6304960.257918031,1354960.257918031 
 10/06  21:00:00,6304960.257918031,1354960.257918031 
 10/06  22:00:00,6304960.257918031,1354960.257918031 
 10/06  23:00:00,6304960.257918031,1354960.257918031 
 10/06  24:00:00,6304960.257918031,1354960.257918031 
 10/07  01:00:00,3064960.257918031,1354960.257918031 
 10/07  02:00:00,3064960.257918031,1354960.257918031 
 10/07  03:00:00,3064960.257918031,1354960.257918031 
 10/07  04:00:00,3064960.257918031,1354960.257918031 
 10/07  05:00:00,3064960.257918031,1354960.257918031 
 10/07  06:00:00,3064960.257918031,1354960.257918031 
 10/07  07:00:00,3305078.2745015495,1354960.257918031 
 10/07  08:00:00,3151363.2785785776,1354960.257918031 
 10/07  09:00:00,32875946.437070858,1357629.3488625889 
 10/07  10:00:00,43516016.57825389,1413405.2874659623 
 10/07  11:00:00,47007455.99582772,1519081.7303517503 
 10/07  12:00:00,45871788.9449119,1516085.7582048355 
 10/07  13:00:00,41243720.20417181,1420031.882661386 
 10/07  14:00:00,44047572.7048777,1491276.8979771202 
 10/07  15:00:00,45004152.19721438,1496476.0732847138 
 10/07  16:00:00,43011486.82283666,1460009.762226249 
 10/07  17:00:00,37424270.819274716,1422029.8170569988 
 10/07  18:00:00,37420019.97708283,1414832.3542372207 
 10/07  19:00:00,22980655.868709203,1354960.257918031 
 10/07  20:00:00,12197577.804753624,1354960.257918031 
 10/07  21:00:00,7114960.257918031,1354960.257918031 
 10/07  22:00:00,3064960.257918031,1354960.257918031 
 10/07  23:00:00,3064960.257918031,1354960.257918031 
 10/07  24:00:00,3064960.257918031,1354960.257918031 
 10/08  01:00:00,3064960.257918031,1354960.257918031 
 10/08  02:00:00,3064960.257918031,1354960.257918031 
 10/08  03:00:00,3064960.257918031,1354960.257918031 
 10/08  04:00:00,3064960.257918031,1354960.257918031 
 10/08  05:00:00,3064960.257918031,1354960.257918031 
 10/08  06:00:00,3064960.257918031,1354960.257918031 
 10/08  07:00:00,3373753.1115836245,1354960.257918031 
 10/08  08:00:00,3191859.3010469684,1354960.257918031 
 10/08  09:00:00,32930198.474153236,1411995.8589250697 
 10/08  10:00:00,44226058.97282118,1508718.171201875 
 10/08  11:00:00,47478306.035604626,1711196.0374202398 
 10/08  12:00:00,47310927.11783556,1799777.1581328637 
 10/08  13:00:00,42965804.8676665,1635335.518721489 
 10/08  14:00:00,47003782.67445007,1866359.2015745388 
 10/08  15:00:00,48650632.87513298,1944198.044481541 
 10/08  16:00:00,46683470.92026362,1891298.0521541908 
 10/08  17:00:00,41955055.293442726,1690969.375189601 
 10/08  18:00:00,40098125.506794415,1481078.3450817568 
 10/08  19:00:00,22972613.854934856,1355325.9753247057 
 10/08  20:00:00,12193106.116267296,1354960.257918031 
 10/08  21:00:00,7114960.257918031,1354960.257918031 
 10/08  22:00:00,3064960.257918031,1354960.257918031 
 10/08  23:00:00,3064960.257918031,1354960.257918031 
 10/08  24:00:00,3064960.257918031,1354960.257918031 
 10/09  01:00:00,3064960.257918031,1354960.257918031 
 10/09  02:00:00,3064960.257918031,1354960.257918031 
 10/09  03:00:00,3064960.257918031,1354960.257918031 
 10/09  04:00:00,3064960.257918031,1354960.257918031 
 10/09  05:00:00,3064960.257918031,1354960.257918031 
 10/09  06:00:00,3064960.257918031,1354960.257918031 
 10/09  07:00:00,3250799.1811826285,1354960.257918031 
 10/09  08:00:00,3544019.0547392396,1354960.257918031 
 10/09  09:00:00,34760396.809323214,1366386.1261478006 
 10/09  10:00:00,46373270.69527763,1545540.0668574162 
 10/09  11:00:00,50072821.81478878,1875994.5902669178 
 10/09  12:00:00,49933631.98633926,1909745.755423626 
 10/09  13:00:00,45846016.0659808,1753315.9738186975 
 10/09  14:00:00,50292233.975507714,2058906.7123008012 
 10/09  15:00:00,52163053.09600187,2163614.1321515106 
 10/09  16:00:00,50262053.3741454,2080748.2122696086 
 10/09  17:00:00,45241900.88858633,1831983.1966743185 
 10/09  18:00:00,43020332.84545563,1561981.7608360837 
 10/09  19:00:00,26512283.648942728,1356555.038921798 
 10/09  20:00:00,15449160.021356791,1354960.257918031 
 10/09  21:00:00,7114960.257918031,1354960.257918031 
 10/09  22:00:00,3064960.257918031,1354960.257918031 
 10/09  23:00:00,3064960.257918031,1354960.257918031 
 10/09  24:00:00,3064960.257918031,1354960.257918031 
 10/10  01:00:00,3064960.257918031,1354960.257918031 
 10/10  02:00:00,3064960.257918031,1354960.257918031 
 10/10  03:00:00,3064960.257918031,1354960.257918031 
 10/10  04:00:00,3064960.257918031,1354960.257918031 
 10/10  05:00:00,3064960.257918031,1354960.257918031 
 10/10  06:00:00,3064960.257918031,1354960.257918031 
 10/10  07:00:00,5274424.773315079,1354960.257918031 
 10/10  08:00:00,5393487.394236206,1354960.257918031 
 10/10  09:00:00,35518892.100281596,1354960.257918031 
 10/10  10:00:00,46233390.79011713,1416068.9566738612 
 10/10  11:00:00,48357583.23134987,1558923.4119487118 
 10/10  12:00:00,47364192.358324885,1588644.3703986704 
 10/10  13:00:00,42642222.04063725,1467937.9991233535 
 10/10  14:00:00,46172971.51830204,1616395.0992519855 
 10/10  15:00:00,47667750.48034862,1681999.1339255394 
 10/10  16:00:00,46121419.88775216,1715155.4517419674 
 10/10  17:00:00,41208757.13139893,1492061.3454552817 
 10/10  18:00:00,40690629.23708187,1434383.822082907 
 10/10  19:00:00,25912983.544863865,1354960.257918031 
 10/10  20:00:00,15159832.162037238,1354960.257918031 
 10/10  21:00:00,7114960.257918031,1354960.257918031 
 10/10  22:00:00,3064960.257918031,1354960.257918031 
 10/10  23:00:00,3064960.257918031,1354960.257918031 
 10/10  24:00:00,3064960.257918031,1354960.257918031 
 10/11  01:00:00,3064960.257918031,1354960.257918031 
 10/11  02:00:00,3064960.257918031,1354960.257918031 
 10/11  03:00:00,3064960.257918031,1354960.257918031 
 10/11  04:00:00,3064960.257918031,1354960.257918031 
 10/11  05:00:00,3064960.257918031,1354960.257918031 
 10/11  06:00:00,3064960.257918031,1354960.257918031 
 10/11  07:00:00,5275594.206563224,1354960.257918031 
 10/11  08:00:00,5270143.3609128855,1354960.257918031 
 10/11  09:00:00,35330560.429064415,1362211.3970269493 
 10/11  10:00:00,46688078.07674143,1542275.4053046447 
 10/11  11:00:00,49006908.19741366,1679973.6039947965 
 10/11  12:00:00,47555498.62502485,1628802.6845799214 
 10/11  13:00:00,42881146.30405684,1484070.3243970382 
 10/11  14:00:00,46692037.49304612,1611642.5185739587 
 10/11  15:00:00,48029314.18554816,1661949.9116368096 
 10/11  16:00:00,46025481.30676937,1623070.061620215 
 10/11  17:00:00,41338347.96739393,1490930.6808158988 
 10/11  18:00:00,40645858.92718718,1433436.591671801 
 10/11  19:00:00,25622038.360792674,1354960.257918031 
 10/11  20:00:00,14708405.25056567,1354960.257918031 
 10/11  21:00:00,7114960.257918031,1354960.257918031 
 10/11  22:00:00,3064960.257918031,1354960.257918031 
 10/11  23:00:00,3064960.257918031,1354960.257918031 
 10/11  24:00:00,3064960.257918031,1354960.257918031 
 10/12  01:00:00,6304960.257918031,1354960.257918031 
 10/12  02:00:00,6304960.257918031,1354960.257918031 
 10/12  03:00:00,6304960.257918031,1354960.257918031 
 10/12  04:00:00,6304960.257918031,1354960.257918031 
 10/12  05:00:00,6304960.257918031,1354960.257918031 
 10/12  06:00:00,6304960.257918031,1354960.257918031 
 10/12  07:00:00,6304960.257918031,1354960.257918031 
 10/12  08:00:00,6304960.257918031,1354960.257918031 
 10/12  09:00:00,6304960.257918031,1354960.257918031 
 10/12  10:00:00,6304960.257918031,1354960.257918031 
 10/12  11:00:00,6304960.257918031,1354960.257918031 
 10/12  12:00:00,6304960.257918031,1354960.257918031 
 10/12  13:00:00,6304960.257918031,1354960.257918031 
 10/12  14:00:00,6304960.257918031,1354960.257918031 
 10/12  15:00:00,6304960.257918031,1354960.257918031 
 10/12  16:00:00,6304960.257918031,1354960.257918031 
 10/12  17:00:00,6304960.257918031,1354960.257918031 
 10/12  18:00:00,6304960.257918031,1354960.257918031 
 10/12  19:00:00,6304960.257918031,1354960.257918031 
 10/12  20:00:00,6304960.257918031,1354960.257918031 
 10/12  21:00:00,6304960.257918031,1354960.257918031 
 10/12  22:00:00,6304960.257918031,1354960.257918031 
 10/12  23:00:00,6304960.257918031,1354960.257918031 
 10/12  24:00:00,6304960.257918031,1354960.257918031 
 10/13  01:00:00,6304960.257918031,1354960.257918031 
 10/13  02:00:00,6304960.257918031,1354960.257918031 
 10/13  03:00:00,6304960.257918031,1354960.257918031 
 10/13  04:00:00,6304960.257918031,1354960.257918031 
 10/13  05:00:00,6304960.257918031,1354960.257918031 
 10/13  06:00:00,6304960.257918031,1354960.257918031 
 10/13  07:00:00,6304960.257918031,1354960.257918031 
 10/13  08:00:00,6304960.257918031,1354960.257918031 
 10/13  09:00:00,6304960.257918031,1354960.257918031 
 10/13  10:00:00,6304960.257918031,1354960.257918031 
 10/13  11:00:00,6304960.257918031,1354960.257918031 
 10/13  12:00:00,6304960.257918031,1354960.257918031 
 10/13  13:00:00,6304960.257918031,1354960.257918031 
 10/13  14:00:00,6304960.257918031,1354960.257918031 
 10/13  15:00:00,6304960.257918031,1354960.257918031 
 10/13  16:00:00,6304960.257918031,1354960.257918031 
 10/13  17:00:00,6304960.257918031,1354960.257918031 
 10/13  18:00:00,6304960.257918031,1354960.257918031 
 10/13  19:00:00,6304960.257918031,1354960.257918031 
 10/13  20:00:00,6304960.257918031,1354960.257918031 
 10/13  21:00:00,6304960.257918031,1354960.257918031 
 10/13  22:00:00,6304960.257918031,1354960.257918031 
 10/13  23:00:00,6304960.257918031,1354960.257918031 
 10/13  24:00:00,6304960.257918031,1354960.257918031 
 10/14  01:00:00,3064960.257918031,1354960.257918031 
 10/14  02:00:00,3064960.257918031,1354960.257918031 
 10/14  03:00:00,3064960.257918031,1354960.257918031 
 10/14  04:00:00,3064960.257918031,1354960.257918031 
 10/14  05:00:00,3064960.257918031,1354960.257918031 
 10/14  06:00:00,3064960.257918031,1354960.257918031 
 10/14  07:00:00,3337605.0715125212,1354960.257918031 
 10/14  08:00:00,3187788.633835744,1354960.257918031 
 10/14  09:00:00,32887651.140072893,1354960.257918031 
 10/14  10:00:00,43261412.36070772,1396106.0902342391 
 10/14  11:00:00,44688889.82595028,1486305.0469435723 
 10/14  12:00:00,44845965.193296224,1533285.1288405054 
 10/14  13:00:00,39749187.40836425,1444071.2851431272 
 10/14  14:00:00,44546008.75385049,1624869.1289673785 
 10/14  15:00:00,45911577.10699443,1668169.014202484 
 10/14  16:00:00,44074870.75671488,1616314.8886260057 
 10/14  17:00:00,39114791.12015515,1470595.4564379673 
 10/14  18:00:00,37431003.66920465,1424874.3686926053 
 10/14  19:00:00,22999318.907415934,1354960.257918031 
 10/14  20:00:00,12224414.220532449,1354960.257918031 
 10/14  21:00:00,7114960.257918031,1354960.257918031 
 10/14  22:00:00,3064960.257918031,1354960.257918031 
 10/14  23:00:00,3064960.257918031,1354960.257918031 
 10/14  24:00:00,3064960.257918031,1354960.257918031 
 10/15  01:00:00,3064960.257918031,1354960.257918031 
 10/15  02:00:00,3064960.257918031,1354960.257918031 
 10/15  03:00:00,3064960.257918031,1354960.257918031 
 10/15  04:00:00,3064960.257918031,1354960.257918031 
 10/15  05:00:00,3064960.257918031,1354960.257918031 
 10/15  06:00:00,3064960.257918031,1354960.257918031 
 10/15  07:00:00,3366597.7005925123,1354960.257918031 
 10/15  08:00:00,3201552.063233897,1354960.257918031 
 10/15  09:00:00,32894297.968924627,1354960.257918031 
 10/15  10:00:00,43256742.053261966,1369888.3202393062 
 10/15  11:00:00,44635951.756389126,1410108.5666256547 
 10/15  12:00:00,43276361.78329069,1412483.4857612064 
 10/15  13:00:00,39191066.189955875,1378617.042011728 
 10/15  14:00:00,41928109.26575729,1425102.5747408667 
 10/15  15:00:00,44874689.892259434,1467991.7045925567 
 10/15  16:00:00,43058535.582659185,1450647.9376435867 
 10/15  17:00:00,37419317.98449686,1417603.098862408 
 10/15  18:00:00,37415283.4669334,1411363.66550948 
 10/15  19:00:00,22978922.528284207,1354960.257918031 
 10/15  20:00:00,12195593.176288692,1354960.257918031 
 10/15  21:00:00,7114960.257918031,1354960.257918031 
 10/15  22:00:00,3064960.257918031,1354960.257918031 
 10/15  23:00:00,3064960.257918031,1354960.257918031 
 10/15  24:00:00,3064960.257918031,1354960.257918031 
 10/16  01:00:00,3064960.257918031,1354960.257918031 
 10/16  02:00:00,3064960.257918031,1354960.257918031 
 10/16  03:00:00,3064960.257918031,1354960.257918031 
 10/16  04:00:00,3064960.257918031,1354960.257918031 
 10/16  05:00:00,3064960.257918031,1354960.257918031 
 10/16  06:00:00,3064960.257918031,1354960.257918031 
 10/16  07:00:00,3305843.5716933543,1354960.257918031 
 10/16  08:00:00,3177016.400804407,1354960.257918031 
 10/16  09:00:00,32890044.740662515,1354960.257918031 
 10/16  10:00:00,43245078.56674665,1375934.6834325325 
 10/16  11:00:00,45109175.61771193,1436699.484685866 
 10/16  12:00:00,45446181.931099005,1481400.0578094195 
 10/16  13:00:00,41344792.686678484,1432358.682473694 
 10/16  14:00:00,45430700.55311717,1683975.3559746146 
 10/16  15:00:00,46876240.36606299,1785186.3149448282 
 10/16  16:00:00,44575449.565714344,1670012.6743644485 
 10/16  17:00:00,40022327.524039246,1510005.1215706274 
 10/16  18:00:00,37434714.190983176,1428585.2519430488 
 10/16  19:00:00,22994363.22284591,1354960.257918031 
 10/16  20:00:00,12215406.380300093,1354960.257918031 
 10/16  21:00:00,7114960.257918031,1354960.257918031 
 10/16  22:00:00,3064960.257918031,1354960.257918031 
 10/16  23:00:00,3064960.257918031,1354960.257918031 
 10/16  24:00:00,3064960.257918031,1354960.257918031 
 10/17  01:00:00,3064960.257918031,1354960.257918031 
 10/17  02:00:00,3064960.257918031,1354960.257918031 
 10/17  03:00:00,3064960.257918031,1354960.257918031 
 10/17  04:00:00,3064960.257918031,1354960.257918031 
 10/17  05:00:00,3064960.257918031,1354960.257918031 
 10/17  06:00:00,3064960.257918031,1354960.257918031 
 10/17  07:00:00,3381649.0707026063,1354960.257918031 
 10/17  08:00:00,3198938.3048142474,1354960.257918031 
 10/17  09:00:00,32899067.116259135,1374120.990040521 
 10/17  10:00:00,43973792.73448961,1476866.1292532235 
 10/17  11:00:00,47448463.3772277,1683998.233516226 
 10/17  12:00:00,47301978.441380806,1726342.9994391138 
 10/17  13:00:00,42735304.125443436,1589388.4821495907 
 10/17  14:00:00,46453122.01155637,1783019.9107309314 
 10/17  15:00:00,46846497.32425447,1636802.5360614895 
 10/17  16:00:00,44486903.900428586,1513028.0586506263 
 10/17  17:00:00,40235362.01936796,1431194.026262871 
 10/17  18:00:00,39910437.34142455,1424123.370470623 
 10/17  19:00:00,25171690.468998812,1354960.257918031 
 10/17  20:00:00,14063819.451582273,1354960.257918031 
 10/17  21:00:00,7114960.257918031,1354960.257918031 
 10/17  22:00:00,3064960.257918031,1354960.257918031 
 10/17  23:00:00,3064960.257918031,1354960.257918031 
 10/17  24:00:00,3064960.257918031,1354960.257918031 
 10/18  01:00:00,3064960.257918031,1354960.257918031 
 10/18  02:00:00,3064960.257918031,1354960.257918031 
 10/18  03:00:00,3064960.257918031,1354960.257918031 
 10/18  04:00:00,3064960.257918031,1354960.257918031 
 10/18  05:00:00,3064960.257918031,1354960.257918031 
 10/18  06:00:00,3064960.257918031,1354960.257918031 
 10/18  07:00:00,3270467.9814359304,1354960.257918031 
 10/18  08:00:00,3142718.749685081,1354960.257918031 
 10/18  09:00:00,32870479.250974417,1359421.713332017 
 10/18  10:00:00,45183036.23471998,1467378.37493229 
 10/18  11:00:00,48236251.46807656,1634476.531045437 
 10/18  12:00:00,47029638.13587436,1583245.8443997675 
 10/18  13:00:00,42007227.51107365,1439876.7374639234 
 10/18  14:00:00,45281697.93949594,1542257.2675988236 
 10/18  15:00:00,47147492.51663497,1637352.9239782135 
 10/18  16:00:00,44739107.56203239,1532070.6036357856 
 10/18  17:00:00,40208659.933986925,1451506.321661173 
 10/18  18:00:00,38491814.48765526,1425540.4988106452 
 10/18  19:00:00,22974170.341920525,1354960.257918031 
 10/18  20:00:00,12190517.04875291,1354960.257918031 
 10/18  21:00:00,7114960.257918031,1354960.257918031 
 10/18  22:00:00,3064960.257918031,1354960.257918031 
 10/18  23:00:00,3064960.257918031,1354960.257918031 
 10/18  24:00:00,3064960.257918031,1354960.257918031 
 10/19  01:00:00,6304960.257918031,1354960.257918031 
 10/19  02:00:00,6304960.257918031,1354960.257918031 
 10/19  03:00:00,6304960.257918031,1354960.257918031 
 10/19  04:00:00,6304960.257918031,1354960.257918031 
 10/19  05:00:00,6304960.257918031,1354960.257918031 
 10/19  06:00:00,6304960.257918031,1354960.257918031 
 10/19  07:00:00,6304960.257918031,1354960.257918031 
 10/19  08:00:00,6304960.257918031,1354960.257918031 
 10/19  09:00:00,6304960.257918031,1354960.257918031 
 10/19  10:00:00,6304960.257918031,1354960.257918031 
 10/19  11:00:00,6304960.257918031,1354960.257918031 
 10/19  12:00:00,6304960.257918031,1354960.257918031 
 10/19  13:00:00,6304960.257918031,1354960.257918031 
 10/19  14:00:00,6304960.257918031,1354960.257918031 
 10/19  15:00:00,6304960.257918031,1354960.257918031 
 10/19  16:00:00,6304960.257918031,1354960.257918031 
 10/19  17:00:00,6304960.257918031,1354960.257918031 
 10/19  18:00:00,6304960.257918031,1354960.257918031 
 10/19  19:00:00,6304960.257918031,1354960.257918031 
 10/19  20:00:00,6304960.257918031,1354960.257918031 
 10/19  21:00:00,6304960.257918031,1354960.257918031 
 10/19  22:00:00,6304960.257918031,1354960.257918031 
 10/19  23:00:00,6304960.257918031,1354960.257918031 
 10/19  24:00:00,6304960.257918031,1354960.257918031 
 10/20  01:00:00,6304960.257918031,1354960.257918031 
 10/20  02:00:00,6304960.257918031,1354960.257918031 
 10/20  03:00:00,6304960.257918031,1354960.257918031 
 10/20  04:00:00,6304960.257918031,1354960.257918031 
 10/20  05:00:00,6304960.257918031,1354960.257918031 
 10/20  06:00:00,6304960.257918031,1354960.257918031 
 10/20  07:00:00,6304960.257918031,1354960.257918031 
 10/20  08:00:00,6304960.257918031,1354960.257918031 
 10/20  09:00:00,6304960.257918031,1354960.257918031 
 10/20  10:00:00,6304960.257918031,1354960.257918031 
 10/20  11:00:00,6304960.257918031,1354960.257918031 
 10/20  12:00:00,6304960.257918031,1354960.257918031 
 10/20  13:00:00,6304960.257918031,1354960.257918031 
 10/20  14:00:00,6304960.257918031,1354960.257918031 
 10/20  15:00:00,6304960.257918031,1354960.257918031 
 10/20  16:00:00,6304960.257918031,1354960.257918031 
 10/20  17:00:00,6304960.257918031,1354960.257918031 
 10/20  18:00:00,6304960.257918031,1354960.257918031 
 10/20  19:00:00,6304960.257918031,1354960.257918031 
 10/20  20:00:00,6304960.257918031,1354960.257918031 
 10/20  21:00:00,6304960.257918031,1354960.257918031 
 10/20  22:00:00,6304960.257918031,1354960.257918031 
 10/20  23:00:00,6304960.257918031,1354960.257918031 
 10/20  24:00:00,6304960.257918031,1354960.257918031 
 10/21  01:00:00,3064960.257918031,1354960.257918031 
 10/21  02:00:00,3064960.257918031,1354960.257918031 
 10/21  03:00:00,3064960.257918031,1354960.257918031 
 10/21  04:00:00,3064960.257918031,1354960.257918031 
 10/21  05:00:00,3064960.257918031,1354960.257918031 
 10/21  06:00:00,3064960.257918031,1354960.257918031 
 10/21  07:00:00,4958019.004813554,1354960.257918031 
 10/21  08:00:00,5593964.6589177195,1354960.257918031 
 10/21  09:00:00,35970256.23105792,1380953.4449459827 
 10/21  10:00:00,48014139.78072676,1654210.223999164 
 10/21  11:00:00,52406004.36762519,2113891.792993075 
 10/21  12:00:00,52933267.110650256,2224967.912002594 
 10/21  13:00:00,48234148.242275275,1907627.6629916835 
 10/21  14:00:00,52430601.87350619,2167532.141029972 
 10/21  15:00:00,53325229.28742637,2199172.8135940027 
 10/21  16:00:00,50646182.19392355,2068166.9434790814 
 10/21  17:00:00,44459341.736618936,1658833.1722142706 
 10/21  18:00:00,42557410.473047964,1510462.772939102 
 10/21  19:00:00,26973914.510555893,1356041.2320348383 
 10/21  20:00:00,16097880.875278765,1354960.257918031 
 10/21  21:00:00,7114960.257918031,1354960.257918031 
 10/21  22:00:00,3064960.257918031,1354960.257918031 
 10/21  23:00:00,3064960.257918031,1354960.257918031 
 10/21  24:00:00,3064960.257918031,1354960.257918031 
 10/22  01:00:00,3064960.257918031,1354960.257918031 
 10/22  02:00:00,3064960.257918031,1354960.257918031 
 10/22  03:00:00,3064960.257918031,1354960.257918031 
 10/22  04:00:00,3064960.257918031,1354960.257918031 
 10/22  05:00:00,3064960.257918031,1354960.257918031 
 10/22  06:00:00,3064960.257918031,1354960.257918031 
 10/22  07:00:00,5939020.345398377,1354960.257918031 
 10/22  08:00:00,5884726.1748153325,1354960.257918031 
 10/22  09:00:00,36036302.907201216,1354960.257918031 
 10/22  10:00:00,47265829.097485095,1436621.891970519 
 10/22  11:00:00,50982241.490386456,1711201.339813503 
 10/22  12:00:00,50350786.68685113,1745799.560848019 
 10/22  13:00:00,45755242.02304055,1596096.08655574 
 10/22  14:00:00,49426758.80180618,1807687.2398793632 
 10/22  15:00:00,50128950.13151148,1794639.1415164142 
 10/22  16:00:00,46259266.09062642,1608608.410024228 
 10/22  17:00:00,40805721.219952084,1448677.044098319 
 10/22  18:00:00,40327145.588533506,1428980.111753451 
 10/22  19:00:00,25278275.21634783,1354960.257918031 
 10/22  20:00:00,14229408.452270422,1354960.257918031 
 10/22  21:00:00,7114960.257918031,1354960.257918031 
 10/22  22:00:00,3064960.257918031,1354960.257918031 
 10/22  23:00:00,3064960.257918031,1354960.257918031 
 10/22  24:00:00,3064960.257918031,1354960.257918031 
 10/23  01:00:00,3064960.257918031,1354960.257918031 
 10/23  02:00:00,3064960.257918031,1354960.257918031 
 10/23  03:00:00,3064960.257918031,1354960.257918031 
 10/23  04:00:00,3064960.257918031,1354960.257918031 
 10/23  05:00:00,3064960.257918031,1354960.257918031 
 10/23  06:00:00,3064960.257918031,1354960.257918031 
 10/23  07:00:00,3259833.4559409698,1354960.257918031 
 10/23  08:00:00,3148542.8286511437,1354960.257918031 
 10/23  09:00:00,32880944.164338756,1356444.9538100986 
 10/23  10:00:00,43281934.95632893,1424649.3025495422 
 10/23  11:00:00,46176366.56851764,1519283.5476022754 
 10/23  12:00:00,45649800.8034636,1525449.03677906 
 10/23  13:00:00,41279447.27900534,1448411.792893196 
 10/23  14:00:00,44755160.22082838,1646550.3721437934 
 10/23  15:00:00,46143921.91909247,1693557.8821313074 
 10/23  16:00:00,44100299.28568891,1650495.329592193 
 10/23  17:00:00,38651522.669392414,1495926.259157475 
 10/23  18:00:00,37434873.94921241,1424309.5240827324 
 10/23  19:00:00,23011930.602945495,1354960.257918031 
 10/23  20:00:00,12217297.39105176,1354960.257918031 
 10/23  21:00:00,7114960.257918031,1354960.257918031 
 10/23  22:00:00,3064960.257918031,1354960.257918031 
 10/23  23:00:00,3064960.257918031,1354960.257918031 
 10/23  24:00:00,3064960.257918031,1354960.257918031 
 10/24  01:00:00,3064960.257918031,1354960.257918031 
 10/24  02:00:00,3064960.257918031,1354960.257918031 
 10/24  03:00:00,3064960.257918031,1354960.257918031 
 10/24  04:00:00,3064960.257918031,1354960.257918031 
 10/24  05:00:00,3064960.257918031,1354960.257918031 
 10/24  06:00:00,3064960.257918031,1354960.257918031 
 10/24  07:00:00,3389216.968946772,1354960.257918031 
 10/24  08:00:00,3210875.204172704,1354960.257918031 
 10/24  09:00:00,32918785.136425097,1383887.1560507677 
 10/24  10:00:00,43339929.95544825,1479851.2270649972 
 10/24  11:00:00,46250302.00144874,1585213.4738307777 
 10/24  12:00:00,45885044.04225566,1609554.1031677015 
 10/24  13:00:00,42042324.31407815,1514195.2898364759 
 10/24  14:00:00,45807087.922045946,1730409.0415121908 
 10/24  15:00:00,47368111.45692986,1785138.6317289132 
 10/24  16:00:00,45691665.414276294,1781022.7537048794 
 10/24  17:00:00,41401429.09363222,1609606.6980547043 
 10/24  18:00:00,39853899.58063837,1450221.6838301308 
 10/24  19:00:00,22964388.3720322,1354960.257918031 
 10/24  20:00:00,12179191.152328417,1354960.257918031 
 10/24  21:00:00,7114960.257918031,1354960.257918031 
 10/24  22:00:00,3064960.257918031,1354960.257918031 
 10/24  23:00:00,3064960.257918031,1354960.257918031 
 10/24  24:00:00,3064960.257918031,1354960.257918031 
 10/25  01:00:00,3064960.257918031,1354960.257918031 
 10/25  02:00:00,3064960.257918031,1354960.257918031 
 10/25  03:00:00,3064960.257918031,1354960.257918031 
 10/25  04:00:00,3064960.257918031,1354960.257918031 
 10/25  05:00:00,3064960.257918031,1354960.257918031 
 10/25  06:00:00,3064960.257918031,1354960.257918031 
 10/25  07:00:00,3255167.024032519,1354960.257918031 
 10/25  08:00:00,3147264.4204070694,1354960.257918031 
 10/25  09:00:00,32872663.987960994,1354960.257918031 
 10/25  10:00:00,43239625.72775626,1382223.7452252086 
 10/25  11:00:00,45071586.06629878,1423323.1343229008 
 10/25  12:00:00,45264096.44586421,1426208.9853686092 
 10/25  13:00:00,41696019.66725482,1389163.4083826265 
 10/25  14:00:00,45503871.74983415,1489094.208351364 
 10/25  15:00:00,47207577.48588174,1543137.4960836575 
 10/25  16:00:00,45283535.53849882,1496272.0855464647 
 10/25  17:00:00,41339099.40951282,1423977.3244756174 
 10/25  18:00:00,40994360.430441275,1419608.8924308922 
 10/25  19:00:00,25690758.049177162,1354960.257918031 
 10/25  20:00:00,14244485.741947917,1354960.257918031 
 10/25  21:00:00,7114960.257918031,1354960.257918031 
 10/25  22:00:00,3064960.257918031,1354960.257918031 
 10/25  23:00:00,3064960.257918031,1354960.257918031 
 10/25  24:00:00,3064960.257918031,1354960.257918031 
 10/26  01:00:00,6304960.257918031,1354960.257918031 
 10/26  02:00:00,6304960.257918031,1354960.257918031 
 10/26  03:00:00,6304960.257918031,1354960.257918031 
 10/26  04:00:00,6304960.257918031,1354960.257918031 
 10/26  05:00:00,6304960.257918031,1354960.257918031 
 10/26  06:00:00,6304960.257918031,1354960.257918031 
 10/26  07:00:00,6304960.257918031,1354960.257918031 
 10/26  08:00:00,6304960.257918031,1354960.257918031 
 10/26  09:00:00,6304960.257918031,1354960.257918031 
 10/26  10:00:00,6304960.257918031,1354960.257918031 
 10/26  11:00:00,6304960.257918031,1354960.257918031 
 10/26  12:00:00,6304960.257918031,1354960.257918031 
 10/26  13:00:00,6304960.257918031,1354960.257918031 
 10/26  14:00:00,6304960.257918031,1354960.257918031 
 10/26  15:00:00,6304960.257918031,1354960.257918031 
 10/26  16:00:00,6304960.257918031,1354960.257918031 
 10/26  17:00:00,6304960.257918031,1354960.257918031 
 10/26  18:00:00,6304960.257918031,1354960.257918031 
 10/26  19:00:00,6304960.257918031,1354960.257918031 
 10/26  20:00:00,6304960.257918031,1354960.257918031 
 10/26  21:00:00,6304960.257918031,1354960.257918031 
 10/26  22:00:00,6304960.257918031,1354960.257918031 
 10/26  23:00:00,6304960.257918031,1354960.257918031 
 10/26  24:00:00,6304960.257918031,1354960.257918031 
 10/27  01:00:00,6304960.257918031,1354960.257918031 
 10/27  02:00:00,6304960.257918031,1354960.257918031 
 10/27  03:00:00,6304960.257918031,1354960.257918031 
 10/27  04:00:00,6304960.257918031,1354960.257918031 
 10/27  05:00:00,6304960.257918031,1354960.257918031 
 10/27  06:00:00,6304960.257918031,1354960.257918031 
 10/27  07:00:00,6304960.257918031,1354960.257918031 
 10/27  08:00:00,6304960.257918031,1354960.257918031 
 10/27  09:00:00,6304960.257918031,1354960.257918031 
 10/27  10:00:00,6304960.257918031,1354960.257918031 
 10/27  11:00:00,6304960.257918031,1354960.257918031 
 10/27  12:00:00,6304960.257918031,1354960.257918031 
 10/27  13:00:00,6304960.257918031,1354960.257918031 
 10/27  14:00:00,6304960.257918031,1354960.257918031 
 10/27  15:00:00,6304960.257918031,1354960.257918031 
 10/27  16:00:00,6304960.257918031,1354960.257918031 
 10/27  17:00:00,6304960.257918031,1354960.257918031 
 10/27  18:00:00,6304960.257918031,1354960.257918031 
 10/27  19:00:00,6304960.257918031,1354960.257918031 
 10/27  20:00:00,6304960.257918031,1354960.257918031 
 10/27  21:00:00,6304960.257918031,1354960.257918031 
 10/27  22:00:00,6304960.257918031,1354960.257918031 
 10/27  23:00:00,6304960.257918031,1354960.257918031 
 10/27  24:00:00,6304960.257918031,1354960.257918031 
 10/28  01:00:00,3064960.257918031,1354960.257918031 
 10/28  02:00:00,3064960.257918031,1354960.257918031 
 10/28  03:00:00,3064960.257918031,1354960.257918031 
 10/28  04:00:00,3064960.257918031,1354960.257918031 
 10/28  05:00:00,3064960.257918031,1354960.257918031 
 10/28  06:00:00,3064960.257918031,1354960.257918031 
 10/28  07:00:00,3358329.437197474,1354960.257918031 
 10/28  08:00:00,3194331.958699695,1354960.257918031 
 10/28  09:00:00,32897659.10889662,1368352.8827572237 
 10/28  10:00:00,43745487.898995355,1465354.2020870913 
 10/28  11:00:00,47514923.69897754,1672447.6056862625 
 10/28  12:00:00,47515312.91705218,1800248.2789065843 
 10/28  13:00:00,42882187.75865151,1643201.3612461134 
 10/28  14:00:00,46310036.53470261,1787267.4388920423 
 10/28  15:00:00,47304780.24606971,1795944.6915215105 
 10/28  16:00:00,45278700.19354006,1764184.7157460647 
 10/28  17:00:00,40955583.82320094,1607466.3815239533 
 10/28  18:00:00,38516068.57737808,1451783.309658549 
 10/28  19:00:00,22978641.95115172,1354960.257918031 
 10/28  20:00:00,12192023.518355578,1354960.257918031 
 10/28  21:00:00,7114960.257918031,1354960.257918031 
 10/28  22:00:00,3064960.257918031,1354960.257918031 
 10/28  23:00:00,3064960.257918031,1354960.257918031 
 10/28  24:00:00,3064960.257918031,1354960.257918031 
 10/29  01:00:00,3064960.257918031,1354960.257918031 
 10/29  02:00:00,3064960.257918031,1354960.257918031 
 10/29  03:00:00,3064960.257918031,1354960.257918031 
 10/29  04:00:00,3064960.257918031,1354960.257918031 
 10/29  05:00:00,3064960.257918031,1354960.257918031 
 10/29  06:00:00,3064960.257918031,1354960.257918031 
 10/29  07:00:00,3298199.0829399917,1354960.257918031 
 10/29  08:00:00,3163377.6944082878,1354960.257918031 
 10/29  09:00:00,32878245.195853427,1354960.257918031 
 10/29  10:00:00,43236455.92114465,1377748.7387681352 
 10/29  11:00:00,46703084.65861173,1534862.7949494936 
 10/29  12:00:00,46588139.69233515,1676353.086864508 
 10/29  13:00:00,42946638.53426479,1636176.8269719526 
 10/29  14:00:00,46636560.41586382,1800529.4405773757 
 10/29  15:00:00,48055508.62891475,1839133.5561593163 
 10/29  16:00:00,46212572.83512206,1804766.0924630342 
 10/29  17:00:00,41135442.84101439,1589145.9581099483 
 10/29  18:00:00,39136786.07928899,1449028.6137298185 
 10/29  19:00:00,22972143.52147979,1354960.257918031 
 10/29  20:00:00,12189931.185822649,1354960.257918031 
 10/29  21:00:00,7114960.257918031,1354960.257918031 
 10/29  22:00:00,3064960.257918031,1354960.257918031 
 10/29  23:00:00,3064960.257918031,1354960.257918031 
 10/29  24:00:00,3064960.257918031,1354960.257918031 
 10/30  01:00:00,3064960.257918031,1354960.257918031 
 10/30  02:00:00,3064960.257918031,1354960.257918031 
 10/30  03:00:00,3064960.257918031,1354960.257918031 
 10/30  04:00:00,3064960.257918031,1354960.257918031 
 10/30  05:00:00,3064960.257918031,1354960.257918031 
 10/30  06:00:00,3064960.257918031,1354960.257918031 
 10/30  07:00:00,3312862.0258435532,1354960.257918031 
 10/30  08:00:00,3158503.883518121,1354960.257918031 
 10/30  09:00:00,33318792.4051733,1387935.973970097 
 10/30  10:00:00,45498641.75281401,1522702.1331288433 
 10/30  11:00:00,48947596.31931908,1825715.5565142436 
 10/30  12:00:00,49621566.07032946,2002013.8823761626 
 10/30  13:00:00,45229393.53540395,1760937.0499356256 
 10/30  14:00:00,49140239.39265506,1924083.898028893 
 10/30  15:00:00,50776455.149375066,1991564.359349534 
 10/30  16:00:00,48839864.55501622,1947988.2245476637 
 10/30  17:00:00,43322185.681413226,1706056.3193885284 
 10/30  18:00:00,41245530.70945531,1503981.0930346253 
 10/30  19:00:00,25227934.50979028,1355740.3509256872 
 10/30  20:00:00,12665465.957425443,1354960.257918031 
 10/30  21:00:00,7114960.257918031,1354960.257918031 
 10/30  22:00:00,3064960.257918031,1354960.257918031 
 10/30  23:00:00,3064960.257918031,1354960.257918031 
 10/30  24:00:00,3064960.257918031,1354960.257918031 
 10/31  01:00:00,3064960.257918031,1354960.257918031 
 10/31  02:00:00,3064960.257918031,1354960.257918031 
 10/31  03:00:00,3064960.257918031,1354960.257918031 
 10/31  04:00:00,3064960.257918031,1354960.257918031 
 10/31  05:00:00,3064960.257918031,1354960.257918031 
 10/31  06:00:00,3064960.257918031,1354960.257918031 
 10/31  07:00:00,3277481.1432154444,1354960.257918031 
 10/31  08:00:00,3140355.848613819,1354960.257918031 
 10/31  09:00:00,33273429.343272895,1356709.298956713 
 10/31  10:00:00,45246185.50648253,1416663.3128203745 
 10/31  11:00:00,46985357.58062681,1470922.6881400435 
 10/31  12:00:00,45805900.681949206,1495476.0778879782 
 10/31  13:00:00,41675368.004110605,1458115.0448947528 
 10/31  14:00:00,45678972.10601863,1697269.7075203932 
 10/31  15:00:00,47083170.54657163,1762828.6727836763 
 10/31  16:00:00,44658148.26094736,1641232.935761247 
 10/31  17:00:00,38652658.15796033,1456870.9525920022 
 10/31  18:00:00,37428403.97651947,1421382.032408875 
 10/31  19:00:00,23001012.588985715,1354960.257918031 
 10/31  20:00:00,12226236.09219044,1354960.257918031 
 10/31  21:00:00,7114960.257918031,1354960.257918031 
 10/31  22:00:00,3064960.257918031,1354960.257918031 
 10/31  23:00:00,3064960.257918031,1354960.257918031 
 10/31  24:00:00,3064960.257918031,1354960.257918031,13176858479.914156,11223810000.0,7121250000.0,1065689396.0738117,887359083.8399979,3150852838.941062,3150852838.941062,,,,,,,,7121250000.0,,11223810000.0,,4102560000.0 
 11/01  01:00:00,3064960.257918031,1354960.257918031 
 11/01  02:00:00,3064960.257918031,1354960.257918031 
 11/01  03:00:00,3064960.257918031,1354960.257918031 
 11/01  04:00:00,3064960.257918031,1354960.257918031 
 11/01  05:00:00,3064960.257918031,1354960.257918031 
 11/01  06:00:00,3064960.257918031,1354960.257918031 
 11/01  07:00:00,6502947.630481561,1354960.257918031 
 11/01  08:00:00,6581726.604894832,1354960.257918031 
 11/01  09:00:00,36305635.98866309,1354960.257918031 
 11/01  10:00:00,46704585.215764344,1370538.7079771701 
 11/01  11:00:00,48231601.167218134,1417034.4166064793 
 11/01  12:00:00,47096445.36328955,1423291.7169918753 
 11/01  13:00:00,42761413.643518664,1376042.508013416 
 11/01  14:00:00,45541051.099697664,1424777.8211387254 
 11/01  15:00:00,46700788.677138865,1452268.1668299087 
 11/01  16:00:00,44627137.32708496,1426982.9469922206 
 11/01  17:00:00,40795853.09989026,1397065.290449455 
 11/01  18:00:00,40810272.150468715,1390187.4380850072 
 11/01  19:00:00,26278922.45421237,1354960.257918031 
 11/01  20:00:00,15389926.36450625,1354960.257918031 
 11/01  21:00:00,7114960.257918031,1354960.257918031 
 11/01  22:00:00,3064960.257918031,1354960.257918031 
 11/01  23:00:00,3064960.257918031,1354960.257918031 
 11/01  24:00:00,3064960.257918031,1354960.257918031 
 11/02  01:00:00,6304960.257918031,1354960.257918031 
 11/02  02:00:00,6304960.257918031,1354960.257918031 
 11/02  03:00:00,6304960.257918031,1354960.257918031 
 11/02  04:00:00,6304960.257918031,1354960.257918031 
 11/02  05:00:00,6304960.257918031,1354960.257918031 
 11/02  06:00:00,6304960.257918031,1354960.257918031 
 11/02  07:00:00,6304960.257918031,1354960.257918031 
 11/02  08:00:00,6304960.257918031,1354960.257918031 
 11/02  09:00:00,6304960.257918031,1354960.257918031 
 11/02  10:00:00,6304960.257918031,1354960.257918031 
 11/02  11:00:00,6304960.257918031,1354960.257918031 
 11/02  12:00:00,6304960.257918031,1354960.257918031 
 11/02  13:00:00,6304960.257918031,1354960.257918031 
 11/02  14:00:00,6304960.257918031,1354960.257918031 
 11/02  15:00:00,6304960.257918031,1354960.257918031 
 11/02  16:00:00,6304960.257918031,1354960.257918031 
 11/02  17:00:00,6304960.257918031,1354960.257918031 
 11/02  18:00:00,6304960.257918031,1354960.257918031 
 11/02  19:00:00,6304960.257918031,1354960.257918031 
 11/02  20:00:00,6304960.257918031,1354960.257918031 
 11/02  21:00:00,6304960.257918031,1354960.257918031 
 11/02  22:00:00,6304960.257918031,1354960.257918031 
 11/02  23:00:00,6304960.257918031,1354960.257918031 
 11/02  24:00:00,6304960.257918031,1354960.257918031 
 11/03  01:00:00,6304960.257918031,1354960.257918031 
 11/03  02:00:00,6304960.257918031,1354960.257918031 
 11/03  03:00:00,6304960.257918031,1354960.257918031 
 11/03  04:00:00,6304960.257918031,1354960.257918031 
 11/03  05:00:00,6304960.257918031,1354960.257918031 
 11/03  06:00:00,6304960.257918031,1354960.257918031 
 11/03  07:00:00,6304960.257918031,1354960.257918031 
 11/03  08:00:00,6304960.257918031,1354960.257918031 
 11/03  09:00:00,6304960.257918031,1354960.257918031 
 11/03  10:00:00,6304960.257918031,1354960.257918031 
 11/03  11:00:00,6304960.257918031,1354960.257918031 
 11/03  12:00:00,6304960.257918031,1354960.257918031 
 11/03  13:00:00,6304960.257918031,1354960.257918031 
 11/03  14:00:00,6304960.257918031,1354960.257918031 
 11/03  15:00:00,6304960.257918031,1354960.257918031 
 11/03  16:00:00,6304960.257918031,1354960.257918031 
 11/03  17:00:00,6304960.257918031,1354960.257918031 
 11/03  18:00:00,6304960.257918031,1354960.257918031 
 11/03  19:00:00,6304960.257918031,1354960.257918031 
 11/03  20:00:00,6304960.257918031,1354960.257918031 
 11/03  21:00:00,6304960.257918031,1354960.257918031 
 11/03  22:00:00,6304960.257918031,1354960.257918031 
 11/03  23:00:00,6304960.257918031,1354960.257918031 
 11/03  24:00:00,6304960.257918031,1354960.257918031 
 11/04  01:00:00,3064960.257918031,1354960.257918031 
 11/04  02:00:00,3064960.257918031,1354960.257918031 
 11/04  03:00:00,3064960.257918031,1354960.257918031 
 11/04  04:00:00,3064960.257918031,1354960.257918031 
 11/04  05:00:00,3064960.257918031,1354960.257918031 
 11/04  06:00:00,3064960.257918031,1354960.257918031 
 11/04  07:00:00,3256464.861102628,1354960.257918031 
 11/04  08:00:00,4115382.070570177,1354960.257918031 
 11/04  09:00:00,34846427.233108476,1371276.0661834532 
 11/04  10:00:00,45671282.96787124,1453469.7457979952 
 11/04  11:00:00,48200389.30986993,1619936.3590594034 
 11/04  12:00:00,47543728.16089517,1678981.0297709005 
 11/04  13:00:00,43172812.787474684,1564368.5033279788 
 11/04  14:00:00,46489487.10051567,1676043.517270045 
 11/04  15:00:00,47462289.69858675,1684618.3063652618 
 11/04  16:00:00,45334381.507053964,1647260.6419658703 
 11/04  17:00:00,40427928.574170984,1493476.0309791001 
 11/04  18:00:00,37910144.111430764,1397097.944024282 
 11/04  19:00:00,22967624.528312553,1354960.257918031 
 11/04  20:00:00,12184893.836208297,1354960.257918031 
 11/04  21:00:00,7114960.257918031,1354960.257918031 
 11/04  22:00:00,3064960.257918031,1354960.257918031 
 11/04  23:00:00,3064960.257918031,1354960.257918031 
 11/04  24:00:00,3064960.257918031,1354960.257918031 
 11/05  01:00:00,3064960.257918031,1354960.257918031 
 11/05  02:00:00,3064960.257918031,1354960.257918031 
 11/05  03:00:00,3064960.257918031,1354960.257918031 
 11/05  04:00:00,3064960.257918031,1354960.257918031 
 11/05  05:00:00,3064960.257918031,1354960.257918031 
 11/05  06:00:00,3064960.257918031,1354960.257918031 
 11/05  07:00:00,3270723.6567056966,1354960.257918031 
 11/05  08:00:00,3152764.5519591724,1354960.257918031 
 11/05  09:00:00,32869682.49546746,1354960.257918031 
 11/05  10:00:00,43218667.19869649,1361249.2742418428 
 11/05  11:00:00,45956458.830815926,1396713.9141065413 
 11/05  12:00:00,45261555.074152485,1412428.6434379793 
 11/05  13:00:00,41316347.13254857,1370765.0352051985 
 11/05  14:00:00,44097203.155617625,1407387.6224966063 
 11/05  15:00:00,45174044.97271368,1433687.1847791206 
 11/05  16:00:00,43284397.411141545,1424723.8369690436 
 11/05  17:00:00,39371563.62579023,1394658.563156995 
 11/05  18:00:00,39325723.78868619,1386891.0812924237 
 11/05  19:00:00,24830923.49698854,1354960.257918031 
 11/05  20:00:00,14038614.80779016,1354960.257918031 
 11/05  21:00:00,7114960.257918031,1354960.257918031 
 11/05  22:00:00,3064960.257918031,1354960.257918031 
 11/05  23:00:00,3064960.257918031,1354960.257918031 
 11/05  24:00:00,3064960.257918031,1354960.257918031 
 11/06  01:00:00,3064960.257918031,1354960.257918031 
 11/06  02:00:00,3064960.257918031,1354960.257918031 
 11/06  03:00:00,3064960.257918031,1354960.257918031 
 11/06  04:00:00,3064960.257918031,1354960.257918031 
 11/06  05:00:00,3064960.257918031,1354960.257918031 
 11/06  06:00:00,3064960.257918031,1354960.257918031 
 11/06  07:00:00,4973179.223222021,1354960.257918031 
 11/06  08:00:00,4887580.880682671,1354960.257918031 
 11/06  09:00:00,34765295.98964271,1354960.257918031 
 11/06  10:00:00,45203255.19101985,1369038.7803022612 
 11/06  11:00:00,46739952.57388652,1410694.2723127753 
 11/06  12:00:00,45802002.19976351,1428355.5156087973 
 11/06  13:00:00,41779341.13550529,1379036.9345183219 
 11/06  14:00:00,44650664.06832609,1437204.2029676908 
 11/06  15:00:00,45735641.537441604,1458880.2348447393 
 11/06  16:00:00,43586927.20389873,1420546.718856495 
 11/06  17:00:00,39603119.195182994,1394459.8358592605 
 11/06  18:00:00,39499066.518304974,1389327.2151720985 
 11/06  19:00:00,25062462.936731763,1354960.257918031 
 11/06  20:00:00,14347896.579841381,1354960.257918031 
 11/06  21:00:00,7114960.257918031,1354960.257918031 
 11/06  22:00:00,3064960.257918031,1354960.257918031 
 11/06  23:00:00,3064960.257918031,1354960.257918031 
 11/06  24:00:00,3064960.257918031,1354960.257918031 
 11/07  01:00:00,3064960.257918031,1354960.257918031 
 11/07  02:00:00,3064960.257918031,1354960.257918031 
 11/07  03:00:00,3064960.257918031,1354960.257918031 
 11/07  04:00:00,3064960.257918031,1354960.257918031 
 11/07  05:00:00,3064960.257918031,1354960.257918031 
 11/07  06:00:00,3064960.257918031,1354960.257918031 
 11/07  07:00:00,5569122.970334884,1354960.257918031 
 11/07  08:00:00,5513265.660346244,1354960.257918031 
 11/07  09:00:00,35276065.76461728,1354960.257918031 
 11/07  10:00:00,45641999.396415085,1374812.7316598743 
 11/07  11:00:00,47311901.22109602,1415646.0761823924 
 11/07  12:00:00,46336393.85652127,1436019.716503721 
 11/07  13:00:00,42270063.125112474,1393767.2201583758 
 11/07  14:00:00,45724976.171449736,1479812.3551885223 
 11/07  15:00:00,46754524.08488961,1506079.9729189707 
 11/07  16:00:00,44532144.04385866,1455716.1310323756 
 11/07  17:00:00,40444562.80584509,1409164.3091620724 
 11/07  18:00:00,40149539.01269143,1400268.890463923 
 11/07  19:00:00,25537872.131887842,1354960.257918031 
 11/07  20:00:00,14710642.586979369,1354960.257918031 
 11/07  21:00:00,7114960.257918031,1354960.257918031 
 11/07  22:00:00,3064960.257918031,1354960.257918031 
 11/07  23:00:00,3064960.257918031,1354960.257918031 
 11/07  24:00:00,3064960.257918031,1354960.257918031 
 11/08  01:00:00,3064960.257918031,1354960.257918031 
 11/08  02:00:00,3064960.257918031,1354960.257918031 
 11/08  03:00:00,3064960.257918031,1354960.257918031 
 11/08  04:00:00,3064960.257918031,1354960.257918031 
 11/08  05:00:00,3064960.257918031,1354960.257918031 
 11/08  06:00:00,3064960.257918031,1354960.257918031 
 11/08  07:00:00,5961644.238636259,1354960.257918031 
 11/08  08:00:00,6129365.847649722,1354960.257918031 
 11/08  09:00:00,36035132.2769822,1354960.257918031 
 11/08  10:00:00,46780733.294453196,1393512.9459289461 
 11/08  11:00:00,49221515.17665964,1510496.8198502304 
 11/08  12:00:00,48855947.32090248,1556841.648886505 
 11/08  13:00:00,44334185.543114044,1454982.3569946366 
 11/08  14:00:00,47327989.94654426,1550027.2595905683 
 11/08  15:00:00,48234209.75193578,1568435.146055942 
 11/08  16:00:00,46092044.45397842,1511042.728934105 
 11/08  17:00:00,41994756.91829341,1422224.3685699473 
 11/08  18:00:00,42045358.63318128,1412975.7199051739 
 11/08  19:00:00,27496460.688917052,1354960.257918031 
 11/08  20:00:00,16639407.05816135,1354960.257918031 
 11/08  21:00:00,7114960.257918031,1354960.257918031 
 11/08  22:00:00,3064960.257918031,1354960.257918031 
 11/08  23:00:00,3064960.257918031,1354960.257918031 
 11/08  24:00:00,3064960.257918031,1354960.257918031 
 11/09  01:00:00,6304960.257918031,1354960.257918031 
 11/09  02:00:00,6304960.257918031,1354960.257918031 
 11/09  03:00:00,6304960.257918031,1354960.257918031 
 11/09  04:00:00,6304960.257918031,1354960.257918031 
 11/09  05:00:00,6304960.257918031,1354960.257918031 
 11/09  06:00:00,6304960.257918031,1354960.257918031 
 11/09  07:00:00,6304960.257918031,1354960.257918031 
 11/09  08:00:00,6304960.257918031,1354960.257918031 
 11/09  09:00:00,6304960.257918031,1354960.257918031 
 11/09  10:00:00,6304960.257918031,1354960.257918031 
 11/09  11:00:00,6304960.257918031,1354960.257918031 
 11/09  12:00:00,6304960.257918031,1354960.257918031 
 11/09  13:00:00,6304960.257918031,1354960.257918031 
 11/09  14:00:00,6304960.257918031,1354960.257918031 
 11/09  15:00:00,6304960.257918031,1354960.257918031 
 11/09  16:00:00,6304960.257918031,1354960.257918031 
 11/09  17:00:00,6304960.257918031,1354960.257918031 
 11/09  18:00:00,6304960.257918031,1354960.257918031 
 11/09  19:00:00,6304960.257918031,1354960.257918031 
 11/09  20:00:00,6304960.257918031,1354960.257918031 
 11/09  21:00:00,6304960.257918031,1354960.257918031 
 11/09  22:00:00,6304960.257918031,1354960.257918031 
 11/09  23:00:00,6304960.257918031,1354960.257918031 
 11/09  24:00:00,6304960.257918031,1354960.257918031 
 11/10  01:00:00,6304960.257918031,1354960.257918031 
 11/10  02:00:00,6304960.257918031,1354960.257918031 
 11/10  03:00:00,6304960.257918031,1354960.257918031 
 11/10  04:00:00,6304960.257918031,1354960.257918031 
 11/10  05:00:00,6304960.257918031,1354960.257918031 
 11/10  06:00:00,6304960.257918031,1354960.257918031 
 11/10  07:00:00,6304960.257918031,1354960.257918031 
 11/10  08:00:00,6304960.257918031,1354960.257918031 
 11/10  09:00:00,6304960.257918031,1354960.257918031 
 11/10  10:00:00,6304960.257918031,1354960.257918031 
 11/10  11:00:00,6304960.257918031,1354960.257918031 
 11/10  12:00:00,6304960.257918031,1354960.257918031 
 11/10  13:00:00,6304960.257918031,1354960.257918031 
 11/10  14:00:00,6304960.257918031,1354960.257918031 
 11/10  15:00:00,6304960.257918031,1354960.257918031 
 11/10  16:00:00,6304960.257918031,1354960.257918031 
 11/10  17:00:00,6304960.257918031,1354960.257918031 
 11/10  18:00:00,6304960.257918031,1354960.257918031 
 11/10  19:00:00,6304960.257918031,1354960.257918031 
 11/10  20:00:00,6304960.257918031,1354960.257918031 
 11/10  21:00:00,6304960.257918031,1354960.257918031 
 11/10  22:00:00,6304960.257918031,1354960.257918031 
 11/10  23:00:00,6304960.257918031,1354960.257918031 
 11/10  24:00:00,6304960.257918031,1354960.257918031 
 11/11  01:00:00,3064960.257918031,1354960.257918031 
 11/11  02:00:00,3064960.257918031,1354960.257918031 
 11/11  03:00:00,3064960.257918031,1354960.257918031 
 11/11  04:00:00,3064960.257918031,1354960.257918031 
 11/11  05:00:00,3064960.257918031,1354960.257918031 
 11/11  06:00:00,3064960.257918031,1354960.257918031 
 11/11  07:00:00,3480447.2311091637,1354960.257918031 
 11/11  08:00:00,3378825.9832748263,1354960.257918031 
 11/11  09:00:00,32944814.782312803,1354960.257918031 
 11/11  10:00:00,43271337.14345328,1366306.9702765804 
 11/11  11:00:00,44611704.61656706,1361280.2847948826 
 11/11  12:00:00,43264596.34040064,1357697.0096714199 
 11/11  13:00:00,39231679.046288826,1354960.257918031 
 11/11  14:00:00,41941931.51190001,1386119.81378316 
 11/11  15:00:00,42869520.379677996,1435100.5377751356 
 11/11  16:00:00,41047438.13985026,1404197.1036508395 
 11/11  17:00:00,37425200.006214656,1369143.1909240016 
 11/11  18:00:00,37415655.59029103,1365326.2560923626 
 11/11  19:00:00,23031687.114919603,1354960.257918031 
 11/11  20:00:00,12267574.44205535,1354960.257918031 
 11/11  21:00:00,7114960.257918031,1354960.257918031 
 11/11  22:00:00,3064960.257918031,1354960.257918031 
 11/11  23:00:00,3064960.257918031,1354960.257918031 
 11/11  24:00:00,3064960.257918031,1354960.257918031 
 11/12  01:00:00,3064960.257918031,1354960.257918031 
 11/12  02:00:00,3064960.257918031,1354960.257918031 
 11/12  03:00:00,3064960.257918031,1354960.257918031 
 11/12  04:00:00,3064960.257918031,1354960.257918031 
 11/12  05:00:00,3064960.257918031,1354960.257918031 
 11/12  06:00:00,3064960.257918031,1354960.257918031 
 11/12  07:00:00,3497858.515869542,1354960.257918031 
 11/12  08:00:00,3439300.198028668,1354960.257918031 
 11/12  09:00:00,32963296.678108364,1354960.257918031 
 11/12  10:00:00,43288716.30375557,1379250.2290295172 
 11/12  11:00:00,44642754.21782225,1402697.02536734 
 11/12  12:00:00,43279063.45833878,1391206.5464490745 
 11/12  13:00:00,39224058.851300485,1380975.2025489574 
 11/12  14:00:00,41995663.535295196,1477569.77654269 
 11/12  15:00:00,42944413.73124932,1532809.4670027525 
 11/12  16:00:00,41086132.9262623,1468914.0528397795 
 11/12  17:00:00,37417639.232816584,1375178.8664782264 
 11/12  18:00:00,37418105.13318607,1364781.8331011538 
 11/12  19:00:00,23033642.69285848,1354960.257918031 
 11/12  20:00:00,12270063.362917725,1354960.257918031 
 11/12  21:00:00,7114960.257918031,1354960.257918031 
 11/12  22:00:00,3064960.257918031,1354960.257918031 
 11/12  23:00:00,3064960.257918031,1354960.257918031 
 11/12  24:00:00,3064960.257918031,1354960.257918031 
 11/13  01:00:00,3064960.257918031,1354960.257918031 
 11/13  02:00:00,3064960.257918031,1354960.257918031 
 11/13  03:00:00,3064960.257918031,1354960.257918031 
 11/13  04:00:00,3064960.257918031,1354960.257918031 
 11/13  05:00:00,3064960.257918031,1354960.257918031 
 11/13  06:00:00,3064960.257918031,1354960.257918031 
 11/13  07:00:00,3492877.223476562,1354960.257918031 
 11/13  08:00:00,3341065.8183282693,1354960.257918031 
 11/13  09:00:00,32940832.522577778,1354960.257918031 
 11/13  10:00:00,43264289.20947038,1354960.257918031 
 11/13  11:00:00,44629462.43226422,1359022.356303509 
 11/13  12:00:00,43278700.50005622,1354969.5427409862 
 11/13  13:00:00,39235107.613294795,1354960.257918031 
 11/13  14:00:00,41934316.88792564,1354960.257918031 
 11/13  15:00:00,42844998.55946036,1359521.340067849 
 11/13  16:00:00,41043372.378876075,1357120.5604301693 
 11/13  17:00:00,37426338.32880148,1354960.257918031 
 11/13  18:00:00,37408626.22712504,1354960.257918031 
 11/13  19:00:00,23025365.427937157,1354960.257918031 
 11/13  20:00:00,12255026.395271197,1354960.257918031 
 11/13  21:00:00,7114960.257918031,1354960.257918031 
 11/13  22:00:00,3064960.257918031,1354960.257918031 
 11/13  23:00:00,3064960.257918031,1354960.257918031 
 11/13  24:00:00,3064960.257918031,1354960.257918031 
 11/14  01:00:00,3064960.257918031,1354960.257918031 
 11/14  02:00:00,3064960.257918031,1354960.257918031 
 11/14  03:00:00,3064960.257918031,1354960.257918031 
 11/14  04:00:00,3064960.257918031,1354960.257918031 
 11/14  05:00:00,3064960.257918031,1354960.257918031 
 11/14  06:00:00,3064960.257918031,1354960.257918031 
 11/14  07:00:00,3445118.7658356293,1354960.257918031 
 11/14  08:00:00,3261831.6382374605,1354960.257918031 
 11/14  09:00:00,32928435.455470666,1361608.173944017 
 11/14  10:00:00,43312585.72863905,1421705.7098343219 
 11/14  11:00:00,44715807.30667587,1493683.7651238234 
 11/14  12:00:00,44411290.83230938,1561463.8641716638 
 11/14  13:00:00,41275683.78086499,1509053.0269449463 
 11/14  14:00:00,44819558.26748476,1623481.0847937688 
 11/14  15:00:00,46270434.68801111,1656624.070028328 
 11/14  16:00:00,44327074.709814996,1635277.4995649215 
 11/14  17:00:00,38056865.55152268,1440447.9252367208 
 11/14  18:00:00,37415629.68593226,1399259.2531540988 
 11/14  19:00:00,22998572.786148548,1354960.257918031 
 11/14  20:00:00,12207115.192854434,1354960.257918031 
 11/14  21:00:00,7114960.257918031,1354960.257918031 
 11/14  22:00:00,3064960.257918031,1354960.257918031 
 11/14  23:00:00,3064960.257918031,1354960.257918031 
 11/14  24:00:00,3064960.257918031,1354960.257918031 
 11/15  01:00:00,3064960.257918031,1354960.257918031 
 11/15  02:00:00,3064960.257918031,1354960.257918031 
 11/15  03:00:00,3064960.257918031,1354960.257918031 
 11/15  04:00:00,3064960.257918031,1354960.257918031 
 11/15  05:00:00,3064960.257918031,1354960.257918031 
 11/15  06:00:00,3064960.257918031,1354960.257918031 
 11/15  07:00:00,3305383.2550508743,1354960.257918031 
 11/15  08:00:00,3161144.534206152,1354960.257918031 
 11/15  09:00:00,32868585.18004925,1354960.257918031 
 11/15  10:00:00,45243260.12603584,1358163.9298255346 
 11/15  11:00:00,47276393.351391874,1446756.0888753238 
 11/15  12:00:00,46778814.26670706,1535596.9325830957 
 11/15  13:00:00,41876769.47711399,1403523.3547142996 
 11/15  14:00:00,44764865.569909126,1438447.4527919462 
 11/15  15:00:00,45765740.59398364,1454679.3566918953 
 11/15  16:00:00,43766681.402116776,1428052.6341024386 
 11/15  17:00:00,39789984.757646196,1402419.2807673477 
 11/15  18:00:00,39609002.44514978,1395816.1601289357 
 11/15  19:00:00,23477446.605321042,1354960.257918031 
 11/15  20:00:00,12188094.408747962,1354960.257918031 
 11/15  21:00:00,7114960.257918031,1354960.257918031 
 11/15  22:00:00,3064960.257918031,1354960.257918031 
 11/15  23:00:00,3064960.257918031,1354960.257918031 
 11/15  24:00:00,3064960.257918031,1354960.257918031 
 11/16  01:00:00,6304960.257918031,1354960.257918031 
 11/16  02:00:00,6304960.257918031,1354960.257918031 
 11/16  03:00:00,6304960.257918031,1354960.257918031 
 11/16  04:00:00,6304960.257918031,1354960.257918031 
 11/16  05:00:00,6304960.257918031,1354960.257918031 
 11/16  06:00:00,6304960.257918031,1354960.257918031 
 11/16  07:00:00,6304960.257918031,1354960.257918031 
 11/16  08:00:00,6304960.257918031,1354960.257918031 
 11/16  09:00:00,6304960.257918031,1354960.257918031 
 11/16  10:00:00,6304960.257918031,1354960.257918031 
 11/16  11:00:00,6304960.257918031,1354960.257918031 
 11/16  12:00:00,6304960.257918031,1354960.257918031 
 11/16  13:00:00,6304960.257918031,1354960.257918031 
 11/16  14:00:00,6304960.257918031,1354960.257918031 
 11/16  15:00:00,6304960.257918031,1354960.257918031 
 11/16  16:00:00,6304960.257918031,1354960.257918031 
 11/16  17:00:00,6304960.257918031,1354960.257918031 
 11/16  18:00:00,6304960.257918031,1354960.257918031 
 11/16  19:00:00,6304960.257918031,1354960.257918031 
 11/16  20:00:00,6304960.257918031,1354960.257918031 
 11/16  21:00:00,6304960.257918031,1354960.257918031 
 11/16  22:00:00,6304960.257918031,1354960.257918031 
 11/16  23:00:00,6304960.257918031,1354960.257918031 
 11/16  24:00:00,6304960.257918031,1354960.257918031 
 11/17  01:00:00,6304960.257918031,1354960.257918031 
 11/17  02:00:00,6304960.257918031,1354960.257918031 
 11/17  03:00:00,6304960.257918031,1354960.257918031 
 11/17  04:00:00,6304960.257918031,1354960.257918031 
 11/17  05:00:00,6304960.257918031,1354960.257918031 
 11/17  06:00:00,6304960.257918031,1354960.257918031 
 11/17  07:00:00,6304960.257918031,1354960.257918031 
 11/17  08:00:00,6304960.257918031,1354960.257918031 
 11/17  09:00:00,6304960.257918031,1354960.257918031 
 11/17  10:00:00,6304960.257918031,1354960.257918031 
 11/17  11:00:00,6304960.257918031,1354960.257918031 
 11/17  12:00:00,6304960.257918031,1354960.257918031 
 11/17  13:00:00,6304960.257918031,1354960.257918031 
 11/17  14:00:00,6304960.257918031,1354960.257918031 
 11/17  15:00:00,6304960.257918031,1354960.257918031 
 11/17  16:00:00,6304960.257918031,1354960.257918031 
 11/17  17:00:00,6304960.257918031,1354960.257918031 
 11/17  18:00:00,6304960.257918031,1354960.257918031 
 11/17  19:00:00,6304960.257918031,1354960.257918031 
 11/17  20:00:00,6304960.257918031,1354960.257918031 
 11/17  21:00:00,6304960.257918031,1354960.257918031 
 11/17  22:00:00,6304960.257918031,1354960.257918031 
 11/17  23:00:00,6304960.257918031,1354960.257918031 
 11/17  24:00:00,6304960.257918031,1354960.257918031 
 11/18  01:00:00,3064960.257918031,1354960.257918031 
 11/18  02:00:00,3064960.257918031,1354960.257918031 
 11/18  03:00:00,3064960.257918031,1354960.257918031 
 11/18  04:00:00,3064960.257918031,1354960.257918031 
 11/18  05:00:00,3064960.257918031,1354960.257918031 
 11/18  06:00:00,3064960.257918031,1354960.257918031 
 11/18  07:00:00,3460069.278717946,1354960.257918031 
 11/18  08:00:00,3309742.473335266,1354960.257918031 
 11/18  09:00:00,32937741.19905631,1354960.257918031 
 11/18  10:00:00,43263932.301602334,1354960.257918031 
 11/18  11:00:00,44625753.03700006,1359144.75013737 
 11/18  12:00:00,43293997.94401656,1370933.210739843 
 11/18  13:00:00,39265645.881311804,1395276.2423013016 
 11/18  14:00:00,42050442.3911744,1529241.345576345 
 11/18  15:00:00,42987647.34367554,1585457.879548724 
 11/18  16:00:00,41186477.14784978,1585701.9098002585 
 11/18  17:00:00,37467945.71500544,1416781.3662596205 
 11/18  18:00:00,37429772.97747525,1384586.8765338743 
 11/18  19:00:00,23019182.648512375,1354960.257918031 
 11/18  20:00:00,12242683.831433758,1354960.257918031 
 11/18  21:00:00,7114960.257918031,1354960.257918031 
 11/18  22:00:00,3064960.257918031,1354960.257918031 
 11/18  23:00:00,3064960.257918031,1354960.257918031 
 11/18  24:00:00,3064960.257918031,1354960.257918031 
 11/19  01:00:00,3064960.257918031,1354960.257918031 
 11/19  02:00:00,3064960.257918031,1354960.257918031 
 11/19  03:00:00,3064960.257918031,1354960.257918031 
 11/19  04:00:00,3064960.257918031,1354960.257918031 
 11/19  05:00:00,3064960.257918031,1354960.257918031 
 11/19  06:00:00,3064960.257918031,1354960.257918031 
 11/19  07:00:00,3445378.0129484823,1354960.257918031 
 11/19  08:00:00,3259572.883428321,1354960.257918031 
 11/19  09:00:00,32924540.690723702,1354960.257918031 
 11/19  10:00:00,43265514.335072204,1354960.257918031 
 11/19  11:00:00,44637241.15583292,1365375.512334545 
 11/19  12:00:00,43269079.333453685,1368089.0222427482 
 11/19  13:00:00,39229008.418707974,1354960.257918031 
 11/19  14:00:00,41934760.153587945,1361903.4380117687 
 11/19  15:00:00,42818047.92143074,1388139.4585056724 
 11/19  16:00:00,41008629.77856683,1382845.5079534217 
 11/19  17:00:00,37425996.25605203,1355709.6445588106 
 11/19  18:00:00,37404811.64569415,1354960.257918031 
 11/19  19:00:00,23008379.892510813,1354960.257918031 
 11/19  20:00:00,12238792.178079594,1354960.257918031 
 11/19  21:00:00,7114960.257918031,1354960.257918031 
 11/19  22:00:00,3064960.257918031,1354960.257918031 
 11/19  23:00:00,3064960.257918031,1354960.257918031 
 11/19  24:00:00,3064960.257918031,1354960.257918031 
 11/20  01:00:00,3064960.257918031,1354960.257918031 
 11/20  02:00:00,3064960.257918031,1354960.257918031 
 11/20  03:00:00,3064960.257918031,1354960.257918031 
 11/20  04:00:00,3064960.257918031,1354960.257918031 
 11/20  05:00:00,3064960.257918031,1354960.257918031 
 11/20  06:00:00,3064960.257918031,1354960.257918031 
 11/20  07:00:00,3348408.784411082,1354960.257918031 
 11/20  08:00:00,3188323.2293986995,1354960.257918031 
 11/20  09:00:00,32874931.560239293,1354960.257918031 
 11/20  10:00:00,43213112.384050764,1354960.257918031 
 11/20  11:00:00,45438223.85937615,1369254.7676031282 
 11/20  12:00:00,44982458.03154183,1370065.619058346 
 11/20  13:00:00,40997737.980381384,1354960.257918031 
 11/20  14:00:00,44011401.439271055,1382624.366054028 
 11/20  15:00:00,45426056.88924348,1411004.647411743 
 11/20  16:00:00,43867536.37353809,1408048.1950992004 
 11/20  17:00:00,40253263.49921547,1384004.6952201244 
 11/20  18:00:00,39542633.83276176,1375020.880466511 
 11/20  19:00:00,22969838.911687974,1354960.257918031 
 11/20  20:00:00,12193110.677781016,1354960.257918031 
 11/20  21:00:00,7114960.257918031,1354960.257918031 
 11/20  22:00:00,3064960.257918031,1354960.257918031 
 11/20  23:00:00,3064960.257918031,1354960.257918031 
 11/20  24:00:00,3064960.257918031,1354960.257918031 
 11/21  01:00:00,3064960.257918031,1354960.257918031 
 11/21  02:00:00,3064960.257918031,1354960.257918031 
 11/21  03:00:00,3064960.257918031,1354960.257918031 
 11/21  04:00:00,3064960.257918031,1354960.257918031 
 11/21  05:00:00,3064960.257918031,1354960.257918031 
 11/21  06:00:00,3064960.257918031,1354960.257918031 
 11/21  07:00:00,3498730.0318251047,1354960.257918031 
 11/21  08:00:00,3456345.016584481,1354960.257918031 
 11/21  09:00:00,32971862.439602252,1354960.257918031 
 11/21  10:00:00,43283897.71302889,1362813.7324657112 
 11/21  11:00:00,44638018.35260045,1387247.859217407 
 11/21  12:00:00,43279442.06103452,1384374.9351475732 
 11/21  13:00:00,39230119.78725919,1389368.1074606585 
 11/21  14:00:00,41994985.57348497,1474046.8200254967 
 11/21  15:00:00,42896732.23040941,1477842.2766843475 
 11/21  16:00:00,41032230.2377163,1397266.0451225364 
 11/21  17:00:00,37413120.98759069,1354960.257918031 
 11/21  18:00:00,37421153.57275119,1354960.257918031 
 11/21  19:00:00,23047109.73211622,1354960.257918031 
 11/21  20:00:00,12286167.86273959,1354960.257918031 
 11/21  21:00:00,7114960.257918031,1354960.257918031 
 11/21  22:00:00,3064960.257918031,1354960.257918031 
 11/21  23:00:00,3064960.257918031,1354960.257918031 
 11/21  24:00:00,3064960.257918031,1354960.257918031 
 11/22  01:00:00,3064960.257918031,1354960.257918031 
 11/22  02:00:00,3064960.257918031,1354960.257918031 
 11/22  03:00:00,3064960.257918031,1354960.257918031 
 11/22  04:00:00,3064960.257918031,1354960.257918031 
 11/22  05:00:00,3064960.257918031,1354960.257918031 
 11/22  06:00:00,3064991.742672378,1354960.257918031 
 11/22  07:00:00,3502663.863343707,1354960.257918031 
 11/22  08:00:00,3403794.229249087,1354960.257918031 
 11/22  09:00:00,32959219.214923095,1354960.257918031 
 11/22  10:00:00,43276480.943539515,1354960.257918031 
 11/22  11:00:00,44616088.31243733,1354960.257918031 
 11/22  12:00:00,43261300.349460356,1354960.257918031 
 11/22  13:00:00,39209712.39783285,1354960.257918031 
 11/22  14:00:00,41920090.53451399,1357942.061941835 
 11/22  15:00:00,42851986.93867342,1378863.5592110911 
 11/22  16:00:00,41040166.69978563,1362055.7295042537 
 11/22  17:00:00,37422909.6750419,1354960.257918031 
 11/22  18:00:00,37409396.166597575,1354960.257918031 
 11/22  19:00:00,23028831.06494619,1354960.257918031 
 11/22  20:00:00,12263963.62282224,1354960.257918031 
 11/22  21:00:00,7114960.257918031,1354960.257918031 
 11/22  22:00:00,3064960.257918031,1354960.257918031 
 11/22  23:00:00,3064960.257918031,1354960.257918031 
 11/22  24:00:00,3064960.257918031,1354960.257918031 
 11/23  01:00:00,6304960.257918031,1354960.257918031 
 11/23  02:00:00,6304960.257918031,1354960.257918031 
 11/23  03:00:00,6304960.257918031,1354960.257918031 
 11/23  04:00:00,6304960.257918031,1354960.257918031 
 11/23  05:00:00,6304960.257918031,1354960.257918031 
 11/23  06:00:00,6304960.257918031,1354960.257918031 
 11/23  07:00:00,6304960.257918031,1354960.257918031 
 11/23  08:00:00,6304960.257918031,1354960.257918031 
 11/23  09:00:00,6304960.257918031,1354960.257918031 
 11/23  10:00:00,6304960.257918031,1354960.257918031 
 11/23  11:00:00,6304960.257918031,1354960.257918031 
 11/23  12:00:00,6304960.257918031,1354960.257918031 
 11/23  13:00:00,6304960.257918031,1354960.257918031 
 11/23  14:00:00,6304960.257918031,1354960.257918031 
 11/23  15:00:00,6304960.257918031,1354960.257918031 
 11/23  16:00:00,6304960.257918031,1354960.257918031 
 11/23  17:00:00,6304960.257918031,1354960.257918031 
 11/23  18:00:00,6304960.257918031,1354960.257918031 
 11/23  19:00:00,6304960.257918031,1354960.257918031 
 11/23  20:00:00,6304960.257918031,1354960.257918031 
 11/23  21:00:00,6304960.257918031,1354960.257918031 
 11/23  22:00:00,6304960.257918031,1354960.257918031 
 11/23  23:00:00,6304960.257918031,1354960.257918031 
 11/23  24:00:00,6304960.257918031,1354960.257918031 
 11/24  01:00:00,6304960.257918031,1354960.257918031 
 11/24  02:00:00,6304960.257918031,1354960.257918031 
 11/24  03:00:00,6304960.257918031,1354960.257918031 
 11/24  04:00:00,6304960.257918031,1354960.257918031 
 11/24  05:00:00,6304960.257918031,1354960.257918031 
 11/24  06:00:00,6304960.257918031,1354960.257918031 
 11/24  07:00:00,6304960.257918031,1354960.257918031 
 11/24  08:00:00,6304960.257918031,1354960.257918031 
 11/24  09:00:00,6304960.257918031,1354960.257918031 
 11/24  10:00:00,6304960.257918031,1354960.257918031 
 11/24  11:00:00,6304960.257918031,1354960.257918031 
 11/24  12:00:00,6304960.257918031,1354960.257918031 
 11/24  13:00:00,6304960.257918031,1354960.257918031 
 11/24  14:00:00,6304960.257918031,1354960.257918031 
 11/24  15:00:00,6304960.257918031,1354960.257918031 
 11/24  16:00:00,6304960.257918031,1354960.257918031 
 11/24  17:00:00,6304960.257918031,1354960.257918031 
 11/24  18:00:00,6304960.257918031,1354960.257918031 
 11/24  19:00:00,6304960.257918031,1354960.257918031 
 11/24  20:00:00,6304960.257918031,1354960.257918031 
 11/24  21:00:00,6304960.257918031,1354960.257918031 
 11/24  22:00:00,6304960.257918031,1354960.257918031 
 11/24  23:00:00,6304960.257918031,1354960.257918031 
 11/24  24:00:00,6304960.257918031,1354960.257918031 
 11/25  01:00:00,3064960.257918031,1354960.257918031 
 11/25  02:00:00,3064960.257918031,1354960.257918031 
 11/25  03:00:00,3064960.257918031,1354960.257918031 
 11/25  04:00:00,3064960.257918031,1354960.257918031 
 11/25  05:00:00,3064960.257918031,1354960.257918031 
 11/25  06:00:00,3064960.257918031,1354960.257918031 
 11/25  07:00:00,3482305.2570391702,1354960.257918031 
 11/25  08:00:00,3348249.449272835,1354960.257918031 
 11/25  09:00:00,32968422.24108359,1354960.257918031 
 11/25  10:00:00,43302076.045557186,1354960.257918031 
 11/25  11:00:00,44651064.54655357,1354960.257918031 
 11/25  12:00:00,43303207.92711808,1354960.257918031 
 11/25  13:00:00,39259699.296144515,1354960.257918031 
 11/25  14:00:00,41956796.24389182,1354960.257918031 
 11/25  15:00:00,42858204.37911998,1354960.257918031 
 11/25  16:00:00,41064424.99359815,1354960.257918031 
 11/25  17:00:00,37479185.949412055,1354960.257918031 
 11/25  18:00:00,37487074.31896235,1354960.257918031 
 11/25  19:00:00,23128908.542450912,1354960.257918031 
 11/25  20:00:00,12386860.480683532,1354960.257918031 
 11/25  21:00:00,7114960.257918031,1354960.257918031 
 11/25  22:00:00,3064960.257918031,1354960.257918031 
 11/25  23:00:00,3066763.563438711,1354960.257918031 
 11/25  24:00:00,3071015.535147308,1354960.257918031 
 11/26  01:00:00,3073980.48064222,1354960.257918031 
 11/26  02:00:00,3078821.295066827,1354960.257918031 
 11/26  03:00:00,3085060.8023965233,1354960.257918031 
 11/26  04:00:00,3088951.051401818,1354960.257918031 
 11/26  05:00:00,3091739.187541341,1354960.257918031 
 11/26  06:00:00,3095972.496909232,1354960.257918031 
 11/26  07:00:00,3613548.207527157,1354960.257918031 
 11/26  08:00:00,3607404.414478944,1354960.257918031 
 11/26  09:00:00,33166563.321737085,1354960.257918031 
 11/26  10:00:00,43395819.3887965,1360154.90811172 
 11/26  11:00:00,44716925.577164076,1380332.262721827 
 11/26  12:00:00,43333668.63755232,1364768.3095703437 
 11/26  13:00:00,39264664.10364523,1354960.257918031 
 11/26  14:00:00,41974796.69182883,1391351.3167479532 
 11/26  15:00:00,42871033.80852374,1386739.6981309261 
 11/26  16:00:00,41063590.8664692,1359281.6730894246 
 11/26  17:00:00,37484999.307087585,1354960.257918031 
 11/26  18:00:00,37502235.30270594,1354960.257918031 
 11/26  19:00:00,23141502.13489933,1354960.257918031 
 11/26  20:00:00,12395831.823111987,1354960.257918031 
 11/26  21:00:00,7114960.257918031,1354960.257918031 
 11/26  22:00:00,3064960.257918031,1354960.257918031 
 11/26  23:00:00,3064960.257918031,1354960.257918031 
 11/26  24:00:00,3064960.257918031,1354960.257918031 
 11/27  01:00:00,3064970.0121491877,1354960.257918031 
 11/27  02:00:00,3065694.56134402,1354960.257918031 
 11/27  03:00:00,3068310.3259661673,1354960.257918031 
 11/27  04:00:00,3071005.777159406,1354960.257918031 
 11/27  05:00:00,3072503.5197578887,1354960.257918031 
 11/27  06:00:00,3073866.050593676,1354960.257918031 
 11/27  07:00:00,3515743.6897956794,1354960.257918031 
 11/27  08:00:00,3498577.69686334,1354960.257918031 
 11/27  09:00:00,33015177.537174925,1354960.257918031 
 11/27  10:00:00,43309700.429980956,1354960.257918031 
 11/27  11:00:00,44640968.587349266,1354960.257918031 
 11/27  12:00:00,43286660.05813609,1354960.257918031 
 11/27  13:00:00,39239327.51658007,1354960.257918031 
 11/27  14:00:00,41933389.4580479,1354960.257918031 
 11/27  15:00:00,42829542.53157584,1354960.257918031 
 11/27  16:00:00,41027933.6016096,1354960.257918031 
 11/27  17:00:00,37433084.74377029,1354960.257918031 
 11/27  18:00:00,37436364.54651882,1354960.257918031 
 11/27  19:00:00,23061146.916121762,1354960.257918031 
 11/27  20:00:00,12308851.45764573,1354960.257918031 
 11/27  21:00:00,7114960.257918031,1354960.257918031 
 11/27  22:00:00,3064960.257918031,1354960.257918031 
 11/27  23:00:00,3064960.257918031,1354960.257918031 
 11/27  24:00:00,3064960.257918031,1354960.257918031 
 11/28  01:00:00,3064960.257918031,1354960.257918031 
 11/28  02:00:00,3065050.080938355,1354960.257918031 
 11/28  03:00:00,3066777.7779627005,1354960.257918031 
 11/28  04:00:00,3068976.8801370235,1354960.257918031 
 11/28  05:00:00,3071759.809871843,1354960.257918031 
 11/28  06:00:00,3075578.8007256794,1354960.257918031 
 11/28  07:00:00,3573276.049026964,1354960.257918031 
 11/28  08:00:00,3562017.102069174,1354960.257918031 
 11/28  09:00:00,33083179.690770958,1354960.257918031 
 11/28  10:00:00,43353065.03840986,1364947.939969876 
 11/28  11:00:00,44685700.618602574,1385097.9487655826 
 11/28  12:00:00,43306897.153008714,1363794.3592001488 
 11/28  13:00:00,39243675.49465873,1354960.257918031 
 11/28  14:00:00,41952394.74218783,1384017.7840288307 
 11/28  15:00:00,42847965.23926134,1378315.1977973296 
 11/28  16:00:00,41049614.61677402,1377625.4163263773 
 11/28  17:00:00,37450294.648356006,1355952.6328642834 
 11/28  18:00:00,37457764.28616479,1354960.257918031 
 11/28  19:00:00,23085826.06437958,1354960.257918031 
 11/28  20:00:00,12336179.197543442,1354960.257918031 
 11/28  21:00:00,7114960.257918031,1354960.257918031 
 11/28  22:00:00,3064960.257918031,1354960.257918031 
 11/28  23:00:00,3064960.257918031,1354960.257918031 
 11/28  24:00:00,3064960.257918031,1354960.257918031 
 11/29  01:00:00,3064960.257918031,1354960.257918031 
 11/29  02:00:00,3065296.8215651307,1354960.257918031 
 11/29  03:00:00,3068085.494884073,1354960.257918031 
 11/29  04:00:00,3070568.701900635,1354960.257918031 
 11/29  05:00:00,3072792.83597824,1354960.257918031 
 11/29  06:00:00,3075171.568506458,1354960.257918031 
 11/29  07:00:00,3573920.07644666,1354960.257918031 
 11/29  08:00:00,3544370.5373570886,1354960.257918031 
 11/29  09:00:00,33013524.60613749,1354960.257918031 
 11/29  10:00:00,43298251.301493116,1355931.53192394 
 11/29  11:00:00,44632067.38173203,1366153.0427775371 
 11/29  12:00:00,43267216.19582045,1355648.3644527614 
 11/29  13:00:00,39216103.48554978,1358901.7470810283 
 11/29  14:00:00,41974670.05084151,1443876.059908617 
 11/29  15:00:00,42925174.48475583,1504302.155272322 
 11/29  16:00:00,41061339.10117394,1428908.7072489639 
 11/29  17:00:00,37428366.566271275,1377282.6471914626 
 11/29  18:00:00,37432376.992990024,1366965.662598365 
 11/29  19:00:00,23057164.266655564,1354960.257918031 
 11/29  20:00:00,12297863.820394903,1354960.257918031 
 11/29  21:00:00,7114960.257918031,1354960.257918031 
 11/29  22:00:00,3064960.257918031,1354960.257918031 
 11/29  23:00:00,3064960.257918031,1354960.257918031 
 11/29  24:00:00,3064960.257918031,1354960.257918031 
 11/30  01:00:00,6304960.257918031,1354960.257918031 
 11/30  02:00:00,6304960.257918031,1354960.257918031 
 11/30  03:00:00,6304960.257918031,1354960.257918031 
 11/30  04:00:00,6305109.625007421,1354960.257918031 
 11/30  05:00:00,6305614.132780241,1354960.257918031 
 11/30  06:00:00,6306381.5352818,1354960.257918031 
 11/30  07:00:00,6307277.343588679,1354960.257918031 
 11/30  08:00:00,6307705.851129198,1354960.257918031 
 11/30  09:00:00,6307223.552803604,1354960.257918031 
 11/30  10:00:00,6305627.22135457,1354960.257918031 
 11/30  11:00:00,6304960.257918031,1354960.257918031 
 11/30  12:00:00,6304960.257918031,1354960.257918031 
 11/30  13:00:00,6304960.257918031,1354960.257918031 
 11/30  14:00:00,6304960.257918031,1354960.257918031 
 11/30  15:00:00,6304960.257918031,1354960.257918031 
 11/30  16:00:00,6304960.257918031,1354960.257918031 
 11/30  17:00:00,6304960.257918031,1354960.257918031 
 11/30  18:00:00,6304960.257918031,1354960.257918031 
 11/30  19:00:00,6304960.257918031,1354960.257918031 
 11/30  20:00:00,6304960.257918031,1354960.257918031 
 11/30  21:00:00,6304960.257918031,1354960.257918031 
 11/30  22:00:00,6304960.257918031,1354960.257918031 
 11/30  23:00:00,6304960.257918031,1354960.257918031 
 11/30  24:00:00,6304960.257918031,1354960.257918031,11749333214.786207,10449270000.0,6556950000.0,985976487.3081526,314086727.4778088,7824119622.013563,7824119622.013563,,,,,,,,6556950000.0,,10449270000.0,,3892320000.0 
 12/01  01:00:00,6304960.257918031,1354960.257918031 
 12/01  02:00:00,6304960.257918031,1354960.257918031 
 12/01  03:00:00,6304960.257918031,1354960.257918031 
 12/01  04:00:00,6304960.257918031,1354960.257918031 
 12/01  05:00:00,6304960.257918031,1354960.257918031 
 12/01  06:00:00,6304960.257918031,1354960.257918031 
 12/01  07:00:00,6304960.257918031,1354960.257918031 
 12/01  08:00:00,6304960.257918031,1354960.257918031 
 12/01  09:00:00,6304960.257918031,1354960.257918031 
 12/01  10:00:00,6304960.257918031,1354960.257918031 
 12/01  11:00:00,6304960.257918031,1354960.257918031 
 12/01  12:00:00,6304960.257918031,1354960.257918031 
 12/01  13:00:00,6304960.257918031,1354960.257918031 
 12/01  14:00:00,6304960.257918031,1354960.257918031 
 12/01  15:00:00,6304960.257918031,1354960.257918031 
 12/01  16:00:00,6304960.257918031,1354960.257918031 
 12/01  17:00:00,6304960.257918031,1354960.257918031 
 12/01  18:00:00,6304960.257918031,1354960.257918031 
 12/01  19:00:00,6304960.257918031,1354960.257918031 
 12/01  20:00:00,6304960.257918031,1354960.257918031 
 12/01  21:00:00,6304960.257918031,1354960.257918031 
 12/01  22:00:00,6304960.257918031,1354960.257918031 
 12/01  23:00:00,6304960.257918031,1354960.257918031 
 12/01  24:00:00,6304960.257918031,1354960.257918031 
 12/02  01:00:00,3064960.257918031,1354960.257918031 
 12/02  02:00:00,3064960.257918031,1354960.257918031 
 12/02  03:00:00,3064960.257918031,1354960.257918031 
 12/02  04:00:00,3064960.257918031,1354960.257918031 
 12/02  05:00:00,3064960.257918031,1354960.257918031 
 12/02  06:00:00,3064960.257918031,1354960.257918031 
 12/02  07:00:00,3480323.303669395,1354960.257918031 
 12/02  08:00:00,3386396.9958142666,1354960.257918031 
 12/02  09:00:00,32953111.206778146,1354960.257918031 
 12/02  10:00:00,43273866.30163755,1354960.257918031 
 12/02  11:00:00,44615428.22272958,1354960.257918031 
 12/02  12:00:00,43265388.38104261,1354960.257918031 
 12/02  13:00:00,39219060.90967827,1354960.257918031 
 12/02  14:00:00,41913989.640071824,1354960.257918031 
 12/02  15:00:00,42811760.4311693,1357475.3148496628 
 12/02  16:00:00,41016155.14234769,1354960.257918031 
 12/02  17:00:00,37423671.130122796,1354960.257918031 
 12/02  18:00:00,37425707.44768173,1354960.257918031 
 12/02  19:00:00,23044967.15663953,1354960.257918031 
 12/02  20:00:00,12279730.33903406,1354960.257918031 
 12/02  21:00:00,7114960.257918031,1354960.257918031 
 12/02  22:00:00,3064960.257918031,1354960.257918031 
 12/02  23:00:00,3064960.257918031,1354960.257918031 
 12/02  24:00:00,3064960.257918031,1354960.257918031 
 12/03  01:00:00,3064960.257918031,1354960.257918031 
 12/03  02:00:00,3064960.257918031,1354960.257918031 
 12/03  03:00:00,3064960.257918031,1354960.257918031 
 12/03  04:00:00,3064972.1564859566,1354960.257918031 
 12/03  05:00:00,3065304.341150835,1354960.257918031 
 12/03  06:00:00,3065775.5505515006,1354960.257918031 
 12/03  07:00:00,3509111.232484024,1354960.257918031 
 12/03  08:00:00,3425616.209006837,1354960.257918031 
 12/03  09:00:00,32960983.54673717,1354960.257918031 
 12/03  10:00:00,43279049.3725414,1354960.257918031 
 12/03  11:00:00,44618742.56980987,1354960.257918031 
 12/03  12:00:00,43262069.98248035,1354960.257918031 
 12/03  13:00:00,39209572.42273668,1354960.257918031 
 12/03  14:00:00,41921151.415816054,1354960.257918031 
 12/03  15:00:00,42846325.67270702,1371415.6209115454 
 12/03  16:00:00,41039767.67820486,1360879.2051247712 
 12/03  17:00:00,37427362.59552011,1354960.257918031 
 12/03  18:00:00,37409082.65208229,1354960.257918031 
 12/03  19:00:00,23025703.94353441,1354960.257918031 
 12/03  20:00:00,12255880.006066028,1354960.257918031 
 12/03  21:00:00,7114960.257918031,1354960.257918031 
 12/03  22:00:00,3064960.257918031,1354960.257918031 
 12/03  23:00:00,3064960.257918031,1354960.257918031 
 12/03  24:00:00,3064960.257918031,1354960.257918031 
 12/04  01:00:00,3064960.257918031,1354960.257918031 
 12/04  02:00:00,3064960.257918031,1354960.257918031 
 12/04  03:00:00,3064960.257918031,1354960.257918031 
 12/04  04:00:00,3064960.257918031,1354960.257918031 
 12/04  05:00:00,3064960.257918031,1354960.257918031 
 12/04  06:00:00,3064960.257918031,1354960.257918031 
 12/04  07:00:00,3473858.038652668,1354960.257918031 
 12/04  08:00:00,3350695.1982576353,1354960.257918031 
 12/04  09:00:00,32950718.03949577,1354960.257918031 
 12/04  10:00:00,43272273.37279484,1354960.257918031 
 12/04  11:00:00,44610112.26403947,1354960.257918031 
 12/04  12:00:00,43276326.61988244,1354960.257918031 
 12/04  13:00:00,39242159.87776831,1380613.3765927488 
 12/04  14:00:00,41977794.104480475,1442025.7518121393 
 12/04  15:00:00,42924883.34952975,1505894.9121494093 
 12/04  16:00:00,41075127.71286049,1452063.6606866491 
 12/04  17:00:00,37411404.38370626,1360127.4236448354 
 12/04  18:00:00,37414098.96549639,1354960.257918031 
 12/04  19:00:00,23035449.269021664,1354960.257918031 
 12/04  20:00:00,12275837.574289747,1354960.257918031 
 12/04  21:00:00,7114960.257918031,1354960.257918031 
 12/04  22:00:00,3064960.257918031,1354960.257918031 
 12/04  23:00:00,3064960.257918031,1354960.257918031 
 12/04  24:00:00,3064960.257918031,1354960.257918031 
 12/05  01:00:00,3064960.257918031,1354960.257918031 
 12/05  02:00:00,3064960.257918031,1354960.257918031 
 12/05  03:00:00,3064960.257918031,1354960.257918031 
 12/05  04:00:00,3064960.257918031,1354960.257918031 
 12/05  05:00:00,3064960.257918031,1354960.257918031 
 12/05  06:00:00,3064960.257918031,1354960.257918031 
 12/05  07:00:00,3499028.272687189,1354960.257918031 
 12/05  08:00:00,3409566.356583819,1354960.257918031 
 12/05  09:00:00,32962305.843744613,1354960.257918031 
 12/05  10:00:00,43306738.85055211,1399265.872611551 
 12/05  11:00:00,44677174.42888434,1441162.4467331937 
 12/05  12:00:00,43376114.077763945,1504435.4996469507 
 12/05  13:00:00,39278092.51362519,1454351.0821765503 
 12/05  14:00:00,42077211.95618507,1567854.4490587038 
 12/05  15:00:00,43018219.55949055,1612541.1038666214 
 12/05  16:00:00,41208671.50558228,1599836.290846327 
 12/05  17:00:00,37451761.75092614,1415068.1218764232 
 12/05  18:00:00,37434502.96606868,1385546.4277972302 
 12/05  19:00:00,23039424.27974792,1354960.257918031 
 12/05  20:00:00,12273593.662978446,1354960.257918031 
 12/05  21:00:00,7114960.257918031,1354960.257918031 
 12/05  22:00:00,3064960.257918031,1354960.257918031 
 12/05  23:00:00,3064960.257918031,1354960.257918031 
 12/05  24:00:00,3064960.257918031,1354960.257918031 
 12/06  01:00:00,3064960.257918031,1354960.257918031 
 12/06  02:00:00,3064960.257918031,1354960.257918031 
 12/06  03:00:00,3064960.257918031,1354960.257918031 
 12/06  04:00:00,3064960.257918031,1354960.257918031 
 12/06  05:00:00,3064960.257918031,1354960.257918031 
 12/06  06:00:00,3064960.257918031,1354960.257918031 
 12/06  07:00:00,3483465.500133467,1354960.257918031 
 12/06  08:00:00,3371606.7415127293,1354960.257918031 
 12/06  09:00:00,32945225.06683872,1354960.257918031 
 12/06  10:00:00,43265904.90800456,1354960.257918031 
 12/06  11:00:00,44624386.161905184,1354960.257918031 
 12/06  12:00:00,43278638.03004369,1354960.257918031 
 12/06  13:00:00,39229937.86122041,1354960.257918031 
 12/06  14:00:00,41928819.41772464,1354960.257918031 
 12/06  15:00:00,42837749.53858158,1362623.640333969 
 12/06  16:00:00,41039006.907593995,1358962.7121730195 
 12/06  17:00:00,37435542.29358697,1354960.257918031 
 12/06  18:00:00,37427833.633283846,1354960.257918031 
 12/06  19:00:00,23018131.680801623,1354960.257918031 
 12/06  20:00:00,12241637.208979638,1354960.257918031 
 12/06  21:00:00,7114960.257918031,1354960.257918031 
 12/06  22:00:00,3064960.257918031,1354960.257918031 
 12/06  23:00:00,3064960.257918031,1354960.257918031 
 12/06  24:00:00,3064960.257918031,1354960.257918031 
 12/07  01:00:00,6304960.257918031,1354960.257918031 
 12/07  02:00:00,6304960.257918031,1354960.257918031 
 12/07  03:00:00,6304960.257918031,1354960.257918031 
 12/07  04:00:00,6304960.257918031,1354960.257918031 
 12/07  05:00:00,6304960.257918031,1354960.257918031 
 12/07  06:00:00,6304960.257918031,1354960.257918031 
 12/07  07:00:00,6304960.257918031,1354960.257918031 
 12/07  08:00:00,6304960.257918031,1354960.257918031 
 12/07  09:00:00,6304960.257918031,1354960.257918031 
 12/07  10:00:00,6304960.257918031,1354960.257918031 
 12/07  11:00:00,6304960.257918031,1354960.257918031 
 12/07  12:00:00,6304960.257918031,1354960.257918031 
 12/07  13:00:00,6304960.257918031,1354960.257918031 
 12/07  14:00:00,6304960.257918031,1354960.257918031 
 12/07  15:00:00,6304960.257918031,1354960.257918031 
 12/07  16:00:00,6304960.257918031,1354960.257918031 
 12/07  17:00:00,6304960.257918031,1354960.257918031 
 12/07  18:00:00,6304960.257918031,1354960.257918031 
 12/07  19:00:00,6304960.257918031,1354960.257918031 
 12/07  20:00:00,6304960.257918031,1354960.257918031 
 12/07  21:00:00,6304960.257918031,1354960.257918031 
 12/07  22:00:00,6304960.257918031,1354960.257918031 
 12/07  23:00:00,6304960.257918031,1354960.257918031 
 12/07  24:00:00,6304960.257918031,1354960.257918031 
 12/08  01:00:00,6304960.257918031,1354960.257918031 
 12/08  02:00:00,6304960.257918031,1354960.257918031 
 12/08  03:00:00,6304960.257918031,1354960.257918031 
 12/08  04:00:00,6304960.257918031,1354960.257918031 
 12/08  05:00:00,6304960.257918031,1354960.257918031 
 12/08  06:00:00,6304960.257918031,1354960.257918031 
 12/08  07:00:00,6304960.257918031,1354960.257918031 
 12/08  08:00:00,6304960.257918031,1354960.257918031 
 12/08  09:00:00,6304960.257918031,1354960.257918031 
 12/08  10:00:00,6304960.257918031,1354960.257918031 
 12/08  11:00:00,6304960.257918031,1354960.257918031 
 12/08  12:00:00,6304960.257918031,1354960.257918031 
 12/08  13:00:00,6304960.257918031,1354960.257918031 
 12/08  14:00:00,6304960.257918031,1354960.257918031 
 12/08  15:00:00,6304960.257918031,1354960.257918031 
 12/08  16:00:00,6304960.257918031,1354960.257918031 
 12/08  17:00:00,6304960.257918031,1354960.257918031 
 12/08  18:00:00,6304960.257918031,1354960.257918031 
 12/08  19:00:00,6304960.257918031,1354960.257918031 
 12/08  20:00:00,6304960.257918031,1354960.257918031 
 12/08  21:00:00,6304960.257918031,1354960.257918031 
 12/08  22:00:00,6304960.257918031,1354960.257918031 
 12/08  23:00:00,6304960.257918031,1354960.257918031 
 12/08  24:00:00,6304960.257918031,1354960.257918031 
 12/09  01:00:00,3064960.257918031,1354960.257918031 
 12/09  02:00:00,3064965.8824944664,1354960.257918031 
 12/09  03:00:00,3065117.7756653638,1354960.257918031 
 12/09  04:00:00,3065405.5696459967,1354960.257918031 
 12/09  05:00:00,3066514.1241178284,1354960.257918031 
 12/09  06:00:00,3068239.9422407327,1354960.257918031 
 12/09  07:00:00,3513383.357372764,1354960.257918031 
 12/09  08:00:00,3480419.400327313,1354960.257918031 
 12/09  09:00:00,32979469.94027354,1354960.257918031 
 12/09  10:00:00,43289148.735869616,1354960.257918031 
 12/09  11:00:00,44627018.05364475,1354960.257918031 
 12/09  12:00:00,43275932.77963793,1354960.257918031 
 12/09  13:00:00,39230952.393589914,1354960.257918031 
 12/09  14:00:00,41926990.31125723,1354960.257918031 
 12/09  15:00:00,42826848.16730615,1354960.257918031 
 12/09  16:00:00,41030289.20804079,1354960.257918031 
 12/09  17:00:00,37438690.10118,1354960.257918031 
 12/09  18:00:00,37444277.35029161,1354960.257918031 
 12/09  19:00:00,23073555.19298152,1354960.257918031 
 12/09  20:00:00,12324461.383738158,1354960.257918031 
 12/09  21:00:00,7114960.257918031,1354960.257918031 
 12/09  22:00:00,3064960.257918031,1354960.257918031 
 12/09  23:00:00,3064960.257918031,1354960.257918031 
 12/09  24:00:00,3064960.257918031,1354960.257918031 
 12/10  01:00:00,3065130.628944997,1354960.257918031 
 12/10  02:00:00,3066396.2184535447,1354960.257918031 
 12/10  03:00:00,3068227.6815084154,1354960.257918031 
 12/10  04:00:00,3070251.794436552,1354960.257918031 
 12/10  05:00:00,3072688.8137682253,1354960.257918031 
 12/10  06:00:00,3074399.7038059984,1354960.257918031 
 12/10  07:00:00,3530528.3517089784,1354960.257918031 
 12/10  08:00:00,3504715.8403675254,1354960.257918031 
 12/10  09:00:00,33009380.59855212,1354960.257918031 
 12/10  10:00:00,43312855.761503235,1365862.052276848 
 12/10  11:00:00,44659755.25780986,1390600.8100893483 
 12/10  12:00:00,43288950.93245853,1376883.6332815662 
 12/10  13:00:00,39239179.742276624,1383490.7736907473 
 12/10  14:00:00,42008113.45474024,1475859.395241015 
 12/10  15:00:00,42958876.96492374,1535525.267974089 
 12/10  16:00:00,41086913.779025115,1452499.9625147474 
 12/10  17:00:00,37428136.20542598,1355272.5012106858 
 12/10  18:00:00,37443044.2096608,1354960.257918031 
 12/10  19:00:00,23074255.061095178,1354960.257918031 
 12/10  20:00:00,12320847.483058501,1354960.257918031 
 12/10  21:00:00,7114960.257918031,1354960.257918031 
 12/10  22:00:00,3064960.257918031,1354960.257918031 
 12/10  23:00:00,3064960.257918031,1354960.257918031 
 12/10  24:00:00,3064960.257918031,1354960.257918031 
 12/11  01:00:00,3064960.257918031,1354960.257918031 
 12/11  02:00:00,3064960.257918031,1354960.257918031 
 12/11  03:00:00,3064960.257918031,1354960.257918031 
 12/11  04:00:00,3065678.749266764,1354960.257918031 
 12/11  05:00:00,3067293.9565365873,1354960.257918031 
 12/11  06:00:00,3069454.320307286,1354960.257918031 
 12/11  07:00:00,3524320.618139622,1354960.257918031 
 12/11  08:00:00,3498850.6048069578,1354960.257918031 
 12/11  09:00:00,32993021.789183613,1354960.257918031 
 12/11  10:00:00,43296035.85804332,1354960.257918031 
 12/11  11:00:00,44631548.12859358,1354960.257918031 
 12/11  12:00:00,43273847.3980947,1354960.257918031 
 12/11  13:00:00,39217977.110832624,1354960.257918031 
 12/11  14:00:00,41979293.958503924,1444680.8519634202 
 12/11  15:00:00,42975853.78706445,1555409.743079408 
 12/11  16:00:00,41148150.36243422,1523935.6786407554 
 12/11  17:00:00,37425544.17527446,1363167.2186641062 
 12/11  18:00:00,37433496.52385815,1354960.257918031 
 12/11  19:00:00,23064570.526912723,1354960.257918031 
 12/11  20:00:00,12304885.546149643,1354960.257918031 
 12/11  21:00:00,7114960.257918031,1354960.257918031 
 12/11  22:00:00,3064960.257918031,1354960.257918031 
 12/11  23:00:00,3064960.257918031,1354960.257918031 
 12/11  24:00:00,3064960.257918031,1354960.257918031 
 12/12  01:00:00,3064960.257918031,1354960.257918031 
 12/12  02:00:00,3064960.257918031,1354960.257918031 
 12/12  03:00:00,3064997.5461501824,1354960.257918031 
 12/12  04:00:00,3066441.5070592184,1354960.257918031 
 12/12  05:00:00,3069320.6382755507,1354960.257918031 
 12/12  06:00:00,3072137.7202073364,1354960.257918031 
 12/12  07:00:00,3527651.563167003,1354960.257918031 
 12/12  08:00:00,3465647.3360007894,1354960.257918031 
 12/12  09:00:00,32980661.06746104,1354960.257918031 
 12/12  10:00:00,43288053.705437236,1354960.257918031 
 12/12  11:00:00,44627361.32290848,1366683.8206199254 
 12/12  12:00:00,43265604.734515674,1360162.6286044554 
 12/12  13:00:00,39210109.38280313,1354960.257918031 
 12/12  14:00:00,41911157.97932405,1365442.8162472015 
 12/12  15:00:00,42823789.011156075,1387359.9019694042 
 12/12  16:00:00,41020812.51073487,1380044.3079910818 
 12/12  17:00:00,37413814.51971331,1357724.9606056602 
 12/12  18:00:00,37418581.59994428,1361612.3379056647 
 12/12  19:00:00,23035775.895592995,1354960.257918031 
 12/12  20:00:00,12264158.284189425,1354960.257918031 
 12/12  21:00:00,7114960.257918031,1354960.257918031 
 12/12  22:00:00,3064960.257918031,1354960.257918031 
 12/12  23:00:00,3064960.257918031,1354960.257918031 
 12/12  24:00:00,3064960.257918031,1354960.257918031 
 12/13  01:00:00,3064960.257918031,1354960.257918031 
 12/13  02:00:00,3064960.257918031,1354960.257918031 
 12/13  03:00:00,3064960.257918031,1354960.257918031 
 12/13  04:00:00,3064960.257918031,1354960.257918031 
 12/13  05:00:00,3064960.257918031,1354960.257918031 
 12/13  06:00:00,3064960.257918031,1354960.257918031 
 12/13  07:00:00,3480400.346146068,1354960.257918031 
 12/13  08:00:00,3345278.3697629534,1354960.257918031 
 12/13  09:00:00,32950859.600395232,1354960.257918031 
 12/13  10:00:00,43274875.03641035,1354960.257918031 
 12/13  11:00:00,44616723.04605636,1358058.9508749233 
 12/13  12:00:00,43261245.37198536,1355402.6237283868 
 12/13  13:00:00,39210928.73715755,1354960.257918031 
 12/13  14:00:00,41911941.612328306,1365504.6675389714 
 12/13  15:00:00,42826215.583467565,1390426.5118043562 
 12/13  16:00:00,41026350.26605004,1389793.7558473828 
 12/13  17:00:00,37418895.11403158,1368723.924960179 
 12/13  18:00:00,37422207.21817666,1364824.9124036678 
 12/13  19:00:00,23034812.65032091,1354960.257918031 
 12/13  20:00:00,12264528.622570015,1354960.257918031 
 12/13  21:00:00,7114960.257918031,1354960.257918031 
 12/13  22:00:00,3064960.257918031,1354960.257918031 
 12/13  23:00:00,3064960.257918031,1354960.257918031 
 12/13  24:00:00,3064960.257918031,1354960.257918031 
 12/14  01:00:00,6304960.257918031,1354960.257918031 
 12/14  02:00:00,6304960.257918031,1354960.257918031 
 12/14  03:00:00,6304960.257918031,1354960.257918031 
 12/14  04:00:00,6304960.257918031,1354960.257918031 
 12/14  05:00:00,6304960.257918031,1354960.257918031 
 12/14  06:00:00,6304960.257918031,1354960.257918031 
 12/14  07:00:00,6304960.257918031,1354960.257918031 
 12/14  08:00:00,6304960.257918031,1354960.257918031 
 12/14  09:00:00,6304960.257918031,1354960.257918031 
 12/14  10:00:00,6304960.257918031,1354960.257918031 
 12/14  11:00:00,6304960.257918031,1354960.257918031 
 12/14  12:00:00,6304960.257918031,1354960.257918031 
 12/14  13:00:00,6304960.257918031,1354960.257918031 
 12/14  14:00:00,6304960.257918031,1354960.257918031 
 12/14  15:00:00,6304960.257918031,1354960.257918031 
 12/14  16:00:00,6304960.257918031,1354960.257918031 
 12/14  17:00:00,6304960.257918031,1354960.257918031 
 12/14  18:00:00,6304960.257918031,1354960.257918031 
 12/14  19:00:00,6304960.257918031,1354960.257918031 
 12/14  20:00:00,6304960.257918031,1354960.257918031 
 12/14  21:00:00,6304960.257918031,1354960.257918031 
 12/14  22:00:00,6304960.257918031,1354960.257918031 
 12/14  23:00:00,6305023.537394511,1354960.257918031 
 12/14  24:00:00,6307127.27898469,1354960.257918031 
 12/15  01:00:00,6309047.643179859,1354960.257918031 
 12/15  02:00:00,6311883.320082497,1354960.257918031 
 12/15  03:00:00,6314407.407249456,1354960.257918031 
 12/15  04:00:00,6316260.743191719,1354960.257918031 
 12/15  05:00:00,6318260.926128243,1354960.257918031 
 12/15  06:00:00,6319651.308176907,1354960.257918031 
 12/15  07:00:00,6320385.267220702,1354960.257918031 
 12/15  08:00:00,6320357.347374474,1354960.257918031 
 12/15  09:00:00,6317720.553061369,1354960.257918031 
 12/15  10:00:00,6314903.976608837,1354960.257918031 
 12/15  11:00:00,6311794.80357456,1354960.257918031 
 12/15  12:00:00,6306770.509287231,1354960.257918031 
 12/15  13:00:00,6304985.90015192,1354960.257918031 
 12/15  14:00:00,6304960.257918031,1354960.257918031 
 12/15  15:00:00,6304960.257918031,1354960.257918031 
 12/15  16:00:00,6304960.257918031,1354960.257918031 
 12/15  17:00:00,6304960.257918031,1354960.257918031 
 12/15  18:00:00,6304960.257918031,1354960.257918031 
 12/15  19:00:00,6304960.257918031,1354960.257918031 
 12/15  20:00:00,6304960.257918031,1354960.257918031 
 12/15  21:00:00,6305095.420354614,1354960.257918031 
 12/15  22:00:00,6305796.269927614,1354960.257918031 
 12/15  23:00:00,6307640.2114613885,1354960.257918031 
 12/15  24:00:00,6309831.255332679,1354960.257918031 
 12/16  01:00:00,3073897.5238925703,1354960.257918031 
 12/16  02:00:00,3075591.549939342,1354960.257918031 
 12/16  03:00:00,3077697.970372068,1354960.257918031 
 12/16  04:00:00,3079789.892796265,1354960.257918031 
 12/16  05:00:00,3082532.6331603276,1354960.257918031 
 12/16  06:00:00,3084082.4753848272,1354960.257918031 
 12/16  07:00:00,3579613.7960402975,1354960.257918031 
 12/16  08:00:00,3568571.78099963,1354960.257918031 
 12/16  09:00:00,33093265.492239952,1354960.257918031 
 12/16  10:00:00,43348445.63031695,1360560.7518396706 
 12/16  11:00:00,44678869.85651864,1374686.8029304328 
 12/16  12:00:00,43307388.62300396,1354960.257918031 
 12/16  13:00:00,39256217.180802844,1354960.257918031 
 12/16  14:00:00,41952392.90359901,1354960.257918031 
 12/16  15:00:00,42851016.96667836,1354960.257918031 
 12/16  16:00:00,41054881.729860015,1354960.257918031 
 12/16  17:00:00,37464033.23192076,1354960.257918031 
 12/16  18:00:00,37476410.715511724,1354960.257918031 
 12/16  19:00:00,23105982.90887603,1354960.257918031 
 12/16  20:00:00,12341724.828305036,1354960.257918031 
 12/16  21:00:00,7114960.257918031,1354960.257918031 
 12/16  22:00:00,3064960.257918031,1354960.257918031 
 12/16  23:00:00,3064960.257918031,1354960.257918031 
 12/16  24:00:00,3064960.257918031,1354960.257918031 
 12/17  01:00:00,3064960.257918031,1354960.257918031 
 12/17  02:00:00,3065892.853942767,1354960.257918031 
 12/17  03:00:00,3068139.6914627887,1354960.257918031 
 12/17  04:00:00,3071329.2400205405,1354960.257918031 
 12/17  05:00:00,3075387.584592607,1354960.257918031 
 12/17  06:00:00,3076959.4838631977,1354960.257918031 
 12/17  07:00:00,3526365.1446202127,1354960.257918031 
 12/17  08:00:00,3516020.551948451,1354960.257918031 
 12/17  09:00:00,33042662.58117231,1354960.257918031 
 12/17  10:00:00,43327060.17602584,1354960.257918031 
 12/17  11:00:00,44663365.98126289,1354960.257918031 
 12/17  12:00:00,43307521.8726269,1354960.257918031 
 12/17  13:00:00,39266416.13791456,1354960.257918031 
 12/17  14:00:00,41963332.55036132,1354960.257918031 
 12/17  15:00:00,42861290.314036116,1354960.257918031 
 12/17  16:00:00,41069051.97843455,1354960.257918031 
 12/17  17:00:00,37481482.011269934,1354960.257918031 
 12/17  18:00:00,37481412.44809267,1354960.257918031 
 12/17  19:00:00,23119846.533226673,1354960.257918031 
 12/17  20:00:00,12407746.049006253,1354960.257918031 
 12/17  21:00:00,7114960.25791803,1354960.257918031 
 12/17  22:00:00,3064960.257918031,1354960.257918031 
 12/17  23:00:00,3065235.569131781,1354960.257918031 
 12/17  24:00:00,3067914.2492453186,1354960.257918031 
 12/18  01:00:00,3071473.0601596907,1354960.257918031 
 12/18  02:00:00,3073613.5728286407,1354960.257918031 
 12/18  03:00:00,3077341.9737801016,1354960.257918031 
 12/18  04:00:00,3082192.977194013,1354960.257918031 
 12/18  05:00:00,3085860.386725098,1354960.257918031 
 12/18  06:00:00,3088356.080329776,1354960.257918031 
 12/18  07:00:00,3601753.757568954,1354960.257918031 
 12/18  08:00:00,3590822.411055209,1354960.257918031 
 12/18  09:00:00,33116326.02789352,1354960.257918031 
 12/18  10:00:00,43370548.77081496,1354960.257918031 
 12/18  11:00:00,44689831.36473031,1368838.261024043 
 12/18  12:00:00,43314834.40915996,1361149.9612340443 
 12/18  13:00:00,39254895.3927986,1358589.8638816245 
 12/18  14:00:00,41996055.16815169,1429565.2238767152 
 12/18  15:00:00,42917740.63150516,1459121.8178097524 
 12/18  16:00:00,41065539.62439804,1386931.4565089988 
 12/18  17:00:00,37455623.18450181,1354960.257918031 
 12/18  18:00:00,37468466.59660244,1354960.257918031 
 12/18  19:00:00,23107244.810611572,1354960.257918031 
 12/18  20:00:00,12359892.323637178,1354960.257918031 
 12/18  21:00:00,7114960.257918031,1354960.257918031 
 12/18  22:00:00,3064960.257918031,1354960.257918031 
 12/18  23:00:00,3064960.257918031,1354960.257918031 
 12/18  24:00:00,3067003.830098151,1354960.257918031 
 12/19  01:00:00,3072241.4411934833,1354960.257918031 
 12/19  02:00:00,3076287.170671501,1354960.257918031 
 12/19  03:00:00,3082150.4209803813,1354960.257918031 
 12/19  04:00:00,3088006.363239581,1354960.257918031 
 12/19  05:00:00,3092722.373465538,1354960.257918031 
 12/19  06:00:00,3095765.4455769053,1354960.257918031 
 12/19  07:00:00,3613548.207527157,1354960.257918031 
 12/19  08:00:00,3611531.4388412135,1354960.257918031 
 12/19  09:00:00,33205210.56671215,1354960.257918031 
 12/19  10:00:00,43408393.49194316,1358288.919237018 
 12/19  11:00:00,44719818.57488684,1382170.3285350422 
 12/19  12:00:00,43335952.929193735,1368236.9039282324 
 12/19  13:00:00,39267238.76769818,1354960.257918031 
 12/19  14:00:00,42001007.84169426,1417039.0860815607 
 12/19  15:00:00,42949174.574177586,1476634.130858527 
 12/19  16:00:00,41107839.19102344,1426863.987891573 
 12/19  17:00:00,37477360.08776213,1354960.257918031 
 12/19  18:00:00,37501318.01117284,1354960.257918031 
 12/19  19:00:00,23145852.792804282,1354960.257918031 
 12/19  20:00:00,12427281.493037628,1354960.257918031 
 12/19  21:00:00,7114960.257918031,1354960.257918031 
 12/19  22:00:00,3064960.257918031,1354960.257918031 
 12/19  23:00:00,3064960.257918031,1354960.257918031 
 12/19  24:00:00,3069441.3547545588,1354960.257918031 
 12/20  01:00:00,3076796.044162103,1354960.257918031 
 12/20  02:00:00,3083052.1882740753,1354960.257918031 
 12/20  03:00:00,3088980.159280634,1354960.257918031 
 12/20  04:00:00,3095147.453581937,1354960.257918031 
 12/20  05:00:00,3098392.8942659395,1354960.257918031 
 12/20  06:00:00,3101544.902732279,1354960.257918031 
 12/20  07:00:00,3613548.207527157,1354960.257918031 
 12/20  08:00:00,3613326.543072422,1354960.257918031 
 12/20  09:00:00,33226031.83577933,1354960.257918031 
 12/20  10:00:00,43430980.99978873,1354960.257918031 
 12/20  11:00:00,44712510.63708652,1354960.257918031 
 12/20  12:00:00,43340207.47174797,1354960.257918031 
 12/20  13:00:00,39285459.93772275,1354960.257918031 
 12/20  14:00:00,41979671.9138358,1357037.177959383 
 12/20  15:00:00,42877035.17843163,1363736.9402103527 
 12/20  16:00:00,41079744.37791943,1354960.257918031 
 12/20  17:00:00,37508914.79260102,1354960.257918031 
 12/20  18:00:00,37532237.315485165,1354960.257918031 
 12/20  19:00:00,23202272.773876436,1354960.257918031 
 12/20  20:00:00,12516155.218745973,1354960.257918031 
 12/20  21:00:00,7114960.257918031,1354960.257918031 
 12/20  22:00:00,3064960.257918031,1354960.257918031 
 12/20  23:00:00,3065726.456558002,1354960.257918031 
 12/20  24:00:00,3068523.991969177,1354960.257918031 
 12/21  01:00:00,6308040.575398801,1354960.257918031 
 12/21  02:00:00,6308713.932983797,1354960.257918031 
 12/21  03:00:00,6309804.515509679,1354960.257918031 
 12/21  04:00:00,6309915.615174875,1354960.257918031 
 12/21  05:00:00,6309619.411558761,1354960.257918031 
 12/21  06:00:00,6309187.263010848,1354960.257918031 
 12/21  07:00:00,6308894.767026241,1354960.257918031 
 12/21  08:00:00,6308525.682089956,1354960.257918031 
 12/21  09:00:00,6307869.771910805,1354960.257918031 
 12/21  10:00:00,6306600.504280138,1354960.257918031 
 12/21  11:00:00,6305184.747755827,1354960.257918031 
 12/21  12:00:00,6304960.257918031,1354960.257918031 
 12/21  13:00:00,6304960.257918031,1354960.257918031 
 12/21  14:00:00,6304960.257918031,1354960.257918031 
 12/21  15:00:00,6304960.257918031,1354960.257918031 
 12/21  16:00:00,6304960.257918031,1354960.257918031 
 12/21  17:00:00,6304960.257918031,1354960.257918031 
 12/21  18:00:00,6304960.257918031,1354960.257918031 
 12/21  19:00:00,6304960.257918031,1354960.257918031 
 12/21  20:00:00,6304960.257918031,1354960.257918031 
 12/21  21:00:00,6304960.257918031,1354960.257918031 
 12/21  22:00:00,6304960.257918031,1354960.257918031 
 12/21  23:00:00,6304960.257918031,1354960.257918031 
 12/21  24:00:00,6304960.257918031,1354960.257918031 
 12/22  01:00:00,6304960.257918031,1354960.257918031 
 12/22  02:00:00,6304960.257918031,1354960.257918031 
 12/22  03:00:00,6304960.257918031,1354960.257918031 
 12/22  04:00:00,6304960.257918031,1354960.257918031 
 12/22  05:00:00,6304960.257918031,1354960.257918031 
 12/22  06:00:00,6304960.257918031,1354960.257918031 
 12/22  07:00:00,6304960.257918031,1354960.257918031 
 12/22  08:00:00,6304960.257918031,1354960.257918031 
 12/22  09:00:00,6304960.257918031,1354960.257918031 
 12/22  10:00:00,6304960.257918031,1354960.257918031 
 12/22  11:00:00,6304960.257918031,1354960.257918031 
 12/22  12:00:00,6304960.257918031,1354960.257918031 
 12/22  13:00:00,6304960.257918031,1354960.257918031 
 12/22  14:00:00,6304960.257918031,1354960.257918031 
 12/22  15:00:00,6304960.257918031,1354960.257918031 
 12/22  16:00:00,6304960.257918031,1354960.257918031 
 12/22  17:00:00,6304960.257918031,1354960.257918031 
 12/22  18:00:00,6304960.257918031,1354960.257918031 
 12/22  19:00:00,6304960.257918031,1354960.257918031 
 12/22  20:00:00,6304960.257918031,1354960.257918031 
 12/22  21:00:00,6304960.257918031,1354960.257918031 
 12/22  22:00:00,6304960.257918031,1354960.257918031 
 12/22  23:00:00,6304960.257918031,1354960.257918031 
 12/22  24:00:00,6304960.257918031,1354960.257918031 
 12/23  01:00:00,3064960.257918031,1354960.257918031 
 12/23  02:00:00,3064960.257918031,1354960.257918031 
 12/23  03:00:00,3064960.257918031,1354960.257918031 
 12/23  04:00:00,3064960.257918031,1354960.257918031 
 12/23  05:00:00,3064960.257918031,1354960.257918031 
 12/23  06:00:00,3066283.4199669063,1354960.257918031 
 12/23  07:00:00,3521057.8117311117,1354960.257918031 
 12/23  08:00:00,3501817.610190024,1354960.257918031 
 12/23  09:00:00,33011005.04117327,1354960.257918031 
 12/23  10:00:00,43315791.110416345,1356351.2698272541 
 12/23  11:00:00,44661812.86674352,1377120.3841305384 
 12/23  12:00:00,43302284.12422047,1375566.821109261 
 12/23  13:00:00,39254506.98892755,1384740.742538677 
 12/23  14:00:00,42021849.73992328,1479234.5730070828 
 12/23  15:00:00,42953440.40460719,1520638.8841568541 
 12/23  16:00:00,41136585.793976165,1500063.909503816 
 12/23  17:00:00,37437374.90131886,1360837.846794926 
 12/23  18:00:00,37444463.511217885,1354960.257918031 
 12/23  19:00:00,23077093.75698772,1354960.257918031 
 12/23  20:00:00,12328360.880263295,1354960.257918031 
 12/23  21:00:00,7114960.257918031,1354960.257918031 
 12/23  22:00:00,3064960.257918031,1354960.257918031 
 12/23  23:00:00,3064960.257918031,1354960.257918031 
 12/23  24:00:00,3065000.5218262654,1354960.257918031 
 12/24  01:00:00,3066572.2057971302,1354960.257918031 
 12/24  02:00:00,3068486.695369125,1354960.257918031 
 12/24  03:00:00,3070402.728076492,1354960.257918031 
 12/24  04:00:00,3072727.294351023,1354960.257918031 
 12/24  05:00:00,3074944.7664761064,1354960.257918031 
 12/24  06:00:00,3075855.771497669,1354960.257918031 
 12/24  07:00:00,3520339.2374866577,1354960.257918031 
 12/24  08:00:00,3507383.7009262675,1354960.257918031 
 12/24  09:00:00,33030748.770738795,1354960.257918031 
 12/24  10:00:00,43311736.03800987,1358147.1246975306 
 12/24  11:00:00,44657840.94967909,1379443.3737175986 
 12/24  12:00:00,43291515.663638726,1368835.2040281035 
 12/24  13:00:00,39246970.966245025,1385910.8426700833 
 12/24  14:00:00,42022376.956077844,1486850.1171238245 
 12/24  15:00:00,42955640.34500229,1526896.7623042134 
 12/24  16:00:00,41104730.9510325,1466222.6639152146 
 12/24  17:00:00,37428133.37685567,1354960.257918031 
 12/24  18:00:00,37441237.29395755,1354960.257918031 
 12/24  19:00:00,23079310.64483078,1354960.257918031 
 12/24  20:00:00,12336189.908656595,1354960.257918031 
 12/24  21:00:00,7114960.257918031,1354960.257918031 
 12/24  22:00:00,3064960.257918031,1354960.257918031 
 12/24  23:00:00,3064960.257918031,1354960.257918031 
 12/24  24:00:00,3064960.257918031,1354960.257918031 
 12/25  01:00:00,3067096.8707605083,1354960.257918031 
 12/25  02:00:00,3068044.053623913,1354960.257918031 
 12/25  03:00:00,3068925.3624555035,1354960.257918031 
 12/25  04:00:00,3071999.0921658906,1354960.257918031 
 12/25  05:00:00,3073525.510138372,1354960.257918031 
 12/25  06:00:00,3075073.610724372,1354960.257918031 
 12/25  07:00:00,3541158.81689145,1354960.257918031 
 12/25  08:00:00,3522086.685720849,1354960.257918031 
 12/25  09:00:00,33020193.60438972,1354960.257918031 
 12/25  10:00:00,43303333.00665053,1358862.6991781448 
 12/25  11:00:00,44649656.35721034,1384271.5880554593 
 12/25  12:00:00,43293898.442397855,1391262.9493134536 
 12/25  13:00:00,39244817.17357587,1399283.9600392138 
 12/25  14:00:00,41980814.614403486,1452274.6566876294 
 12/25  15:00:00,42953938.625141054,1535972.0125738443 
 12/25  16:00:00,41073151.29095633,1444457.515624382 
 12/25  17:00:00,37423466.34304553,1368264.8411981077 
 12/25  18:00:00,37428153.38133025,1358385.136527517 
 12/25  19:00:00,23050858.3334781,1354960.257918031 
 12/25  20:00:00,12288919.448183045,1354960.257918031 
 12/25  21:00:00,7114960.257918031,1354960.257918031 
 12/25  22:00:00,3064960.257918031,1354960.257918031 
 12/25  23:00:00,3064960.257918031,1354960.257918031 
 12/25  24:00:00,3064960.257918031,1354960.257918031 
 12/26  01:00:00,3064960.257918031,1354960.257918031 
 12/26  02:00:00,3064960.257918031,1354960.257918031 
 12/26  03:00:00,3064960.257918031,1354960.257918031 
 12/26  04:00:00,3064960.257918031,1354960.257918031 
 12/26  05:00:00,3064960.257918031,1354960.257918031 
 12/26  06:00:00,3064960.257918031,1354960.257918031 
 12/26  07:00:00,3502163.119844699,1354960.257918031 
 12/26  08:00:00,3421028.2634994336,1354960.257918031 
 12/26  09:00:00,32964972.988830857,1354960.257918031 
 12/26  10:00:00,43280836.16699587,1354960.257918031 
 12/26  11:00:00,44620388.13462562,1354960.257918031 
 12/26  12:00:00,43268438.92967743,1354960.257918031 
 12/26  13:00:00,39219438.68334975,1354960.257918031 
 12/26  14:00:00,41912194.34875472,1354960.257918031 
 12/26  15:00:00,42810849.822739884,1354960.257918031 
 12/26  16:00:00,41012243.11168054,1354960.257918031 
 12/26  17:00:00,37417606.44754292,1354960.257918031 
 12/26  18:00:00,37419718.745763995,1354960.257918031 
 12/26  19:00:00,23039754.587091755,1354960.257918031 
 12/26  20:00:00,12272014.168126581,1354960.257918031 
 12/26  21:00:00,7114960.257918031,1354960.257918031 
 12/26  22:00:00,3064960.257918031,1354960.257918031 
 12/26  23:00:00,3064960.257918031,1354960.257918031 
 12/26  24:00:00,3064960.257918031,1354960.257918031 
 12/27  01:00:00,3064960.257918031,1354960.257918031 
 12/27  02:00:00,3064960.257918031,1354960.257918031 
 12/27  03:00:00,3064960.257918031,1354960.257918031 
 12/27  04:00:00,3064960.257918031,1354960.257918031 
 12/27  05:00:00,3064960.257918031,1354960.257918031 
 12/27  06:00:00,3064960.257918031,1354960.257918031 
 12/27  07:00:00,3490695.1283472218,1354960.257918031 
 12/27  08:00:00,3442676.424279041,1354960.257918031 
 12/27  09:00:00,32972628.092034075,1354960.257918031 
 12/27  10:00:00,43287038.780711256,1354960.257918031 
 12/27  11:00:00,44628418.72663481,1354960.257918031 
 12/27  12:00:00,43274475.69085457,1354960.257918031 
 12/27  13:00:00,39224639.35936664,1354960.257918031 
 12/27  14:00:00,41922418.709598206,1354960.257918031 
 12/27  15:00:00,42820615.37417433,1354960.257918031 
 12/27  16:00:00,41024224.05878675,1354960.257918031 
 12/27  17:00:00,37433146.066596895,1354960.257918031 
 12/27  18:00:00,37442035.88913178,1354960.257918031 
 12/27  19:00:00,23067392.014090583,1354960.257918031 
 12/27  20:00:00,12309871.20786754,1354960.257918031 
 12/27  21:00:00,7114960.257918031,1354960.257918031 
 12/27  22:00:00,3064960.257918031,1354960.257918031 
 12/27  23:00:00,3064960.257918031,1354960.257918031 
 12/27  24:00:00,3064960.257918031,1354960.257918031 
 12/28  01:00:00,6304960.257918031,1354960.257918031 
 12/28  02:00:00,6304960.257918031,1354960.257918031 
 12/28  03:00:00,6304960.257918031,1354960.257918031 
 12/28  04:00:00,6304968.292722799,1354960.257918031 
 12/28  05:00:00,6305173.196992764,1354960.257918031 
 12/28  06:00:00,6305418.57795096,1354960.257918031 
 12/28  07:00:00,6305604.113260108,1354960.257918031 
 12/28  08:00:00,6305881.695137311,1354960.257918031 
 12/28  09:00:00,6306027.045233199,1354960.257918031 
 12/28  10:00:00,6305680.993218646,1354960.257918031 
 12/28  11:00:00,6305169.412949413,1354960.257918031 
 12/28  12:00:00,6304960.257918031,1354960.257918031 
 12/28  13:00:00,6304960.257918031,1354960.257918031 
 12/28  14:00:00,6304960.257918031,1354960.257918031 
 12/28  15:00:00,6304960.257918031,1354960.257918031 
 12/28  16:00:00,6304960.257918031,1354960.257918031 
 12/28  17:00:00,6304960.257918031,1354960.257918031 
 12/28  18:00:00,6304960.257918031,1354960.257918031 
 12/28  19:00:00,6304960.257918031,1354960.257918031 
 12/28  20:00:00,6305140.986184648,1354960.257918031 
 12/28  21:00:00,6306140.765579485,1354960.257918031 
 12/28  22:00:00,6307756.169790051,1354960.257918031 
 12/28  23:00:00,6310031.963355269,1354960.257918031 
 12/28  24:00:00,6314778.201106677,1354960.257918031 
 12/29  01:00:00,6317623.045612838,1354960.257918031 
 12/29  02:00:00,6320751.33621572,1354960.257918031 
 12/29  03:00:00,6325213.728954067,1354960.257918031 
 12/29  04:00:00,6326633.062743565,1354960.257918031 
 12/29  05:00:00,6331140.76051806,1354960.257918031 
 12/29  06:00:00,6335529.503575598,1354960.257918031 
 12/29  07:00:00,6338667.160442671,1354960.257918031 
 12/29  08:00:00,6335839.227832191,1354960.257918031 
 12/29  09:00:00,6330480.448819474,1354960.257918031 
 12/29  10:00:00,6324484.6952648,1354960.257918031 
 12/29  11:00:00,6317494.385990944,1354960.257918031 
 12/29  12:00:00,6309330.862421375,1354960.257918031 
 12/29  13:00:00,6305094.483552414,1354960.257918031 
 12/29  14:00:00,6304960.257918031,1354960.257918031 
 12/29  15:00:00,6304960.257918031,1354960.257918031 
 12/29  16:00:00,6304960.257918031,1354960.257918031 
 12/29  17:00:00,6304960.257918031,1354960.257918031 
 12/29  18:00:00,6304960.257918031,1354960.257918031 
 12/29  19:00:00,6305168.38675378,1354960.257918031 
 12/29  20:00:00,6306495.85792882,1354960.257918031 
 12/29  21:00:00,6309880.577554277,1354960.257918031 
 12/29  22:00:00,6314892.669972154,1354960.257918031 
 12/29  23:00:00,6319626.187041102,1354960.257918031 
 12/29  24:00:00,6321780.694298939,1354960.257918031 
 12/30  01:00:00,3091427.8365157293,1354960.257918031 
 12/30  02:00:00,3098107.5701385806,1354960.257918031 
 12/30  03:00:00,3101710.0931376726,1354960.257918031 
 12/30  04:00:00,3103396.622000808,1354960.257918031 
 12/30  05:00:00,3103118.855737108,1354960.257918031 
 12/30  06:00:00,3102994.866787054,1354960.257918031 
 12/30  07:00:00,3613548.207527157,1354960.257918031 
 12/30  08:00:00,3611942.621096967,1354960.257918031 
 12/30  09:00:00,33144699.783377927,1354960.257918031 
 12/30  10:00:00,43380027.65180845,1354960.257918031 
 12/30  11:00:00,44683152.1169942,1354960.257918031 
 12/30  12:00:00,43310057.949468724,1354960.257918031 
 12/30  13:00:00,39257273.1613426,1354960.257918031 
 12/30  14:00:00,41945702.30252442,1354960.257918031 
 12/30  15:00:00,42839751.58909439,1354960.257918031 
 12/30  16:00:00,41038621.55807252,1354960.257918031 
 12/30  17:00:00,37441872.759467974,1354960.257918031 
 12/30  18:00:00,37443634.61750839,1354960.257918031 
 12/30  19:00:00,23068467.935156614,1354960.257918031 
 12/30  20:00:00,12322702.23573377,1354960.257918031 
 12/30  21:00:00,7114960.257918031,1354960.257918031 
 12/30  22:00:00,3064960.257918031,1354960.257918031 
 12/30  23:00:00,3064960.257918031,1354960.257918031 
 12/30  24:00:00,3064960.257918031,1354960.257918031 
 12/31  01:00:00,3064960.257918031,1354960.257918031 
 12/31  02:00:00,3064960.257918031,1354960.257918031 
 12/31  03:00:00,3064960.257918031,1354960.257918031 
 12/31  04:00:00,3064960.257918031,1354960.257918031 
 12/31  05:00:00,3064960.257918031,1354960.257918031 
 12/31  06:00:00,3064960.257918031,1354960.257918031 
 12/31  07:00:00,3477840.1005413393,1354960.257918031 
 12/31  08:00:00,3373346.3204041356,1354960.257918031 
 12/31  09:00:00,32951538.503622122,1354960.257918031 
 12/31  10:00:00,43272717.381899476,1354960.257918031 
 12/31  11:00:00,44613969.143356405,1354960.257918031 
 12/31  12:00:00,43263237.282168224,1354960.257918031 
 12/31  13:00:00,39216939.3624139,1354960.257918031 
 12/31  14:00:00,41913032.624636754,1354960.257918031 
 12/31  15:00:00,42812909.88245383,1355884.6676495734 
 12/31  16:00:00,41014823.62020373,1354960.257918031 
 12/31  17:00:00,37421234.43582319,1354960.257918031 
 12/31  18:00:00,37423755.19801242,1354960.257918031 
 12/31  19:00:00,23044753.07808069,1354960.257918031 
 12/31  20:00:00,12299450.45748851,1354960.257918031 
 12/31  21:00:00,7114960.257918031,1354960.257918031 
 12/31  22:00:00,3064960.257918031,1354960.257918031 
 12/31  23:00:00,3064960.257918031,1354960.257918031 
 12/31  24:00:00,3064960.257918031,1354960.257918031,11954205227.999395,10895940000.0,6855300000.0,1012916178.7928306,45349049.20632184,14043425483.895002,14043425483.895002,156636468279.3901,128936070000.0,81238950000.0,8878685555.196482,18821712724.17651,68466275076.519554,68466275076.519554,6855300000.0,81238950000.0,10895940000.0,128936070000.0,4040640000.0,47697120000.0 
