Date/Time,Electricity:Facility [J](Hourly),Electricity:HVAC [J](Hourly),Electricity:Facility [J](Monthly),Electricity:Building [J](Monthly),InteriorLights:Electricity [J](Monthly),Electricity:HVAC [J](Monthly),Electricity:Plant [J](Monthly),NaturalGas:Facility [J](Monthly),NaturalGas:Plant [J](Monthly),Electricity:Facility [J](RunPeriod),Electricity:Building [J](RunPeriod),InteriorLights:Electricity [J](RunPeriod),Electricity:HVAC [J](RunPeriod),Electricity:Plant [J](RunPeriod),NaturalGas:Facility [J](RunPeriod),NaturalGas:Plant [J](RunPeriod),MYGENERALLIGHTS [J](Monthly),MYGENERALLIGHTS [J](RunPeriod),MYBUILDINGELECTRIC [J](Monthly),MYBUILDINGELECTRIC [J](RunPeriod),MYBUILDINGOTHER [J](Monthly),MYBUILDINGOTHER [J](RunPeriod) 
 01/01  01:00:00,3064960.257918031,1354960.257918031 
 01/01  02:00:00,3065015.7201517066,1354960.257918031 
 01/01  03:00:00,3066988.5819907133,1354960.257918031 
 01/01  04:00:00,3070058.968935639,1354960.257918031 
 01/01  05:00:00,3073084.5786933415,1354960.257918031 
 01/01  06:00:00,3076738.64253913,1354960.257918031 
 01/01  07:00:00,3554354.363652503,1354960.257918031 
 01/01  08:00:00,3537489.8908222094,1354960.257918031 
 01/01  09:00:00,33047114.168364707,1354960.257918031 
 01/01  10:00:00,43324387.80022816,1354960.257918031 
 01/01  11:00:00,44649408.97009845,1354960.257918031 
 01/01  12:00:00,43285205.143044546,1354960.257918031 
 01/01  13:00:00,39228727.01772587,1354960.257918031 
 01/01  14:00:00,41920152.601511404,1354960.257918031 
 01/01  15:00:00,42817153.09572389,1354960.257918031 
 01/01  16:00:00,41017862.65072859,1354960.257918031 
 01/01  17:00:00,37421867.88074589,1354960.257918031 
 01/01  18:00:00,37424928.7577349,1354960.257918031 
 01/01  19:00:00,23047358.546217375,1354960.257918031 
 01/01  20:00:00,12281465.755498054,1354960.257918031 
 01/01  21:00:00,7114960.257918031,1354960.257918031 
 01/01  22:00:00,3064960.257918031,1354960.257918031 
 01/01  23:00:00,3064960.257918031,1354960.257918031 
 01/01  24:00:00,3064960.257918031,1354960.257918031 
 01/02  01:00:00,3064960.257918031,1354960.257918031 
 01/02  02:00:00,3064960.257918031,1354960.257918031 
 01/02  03:00:00,3064960.257918031,1354960.257918031 
 01/02  04:00:00,3064960.257918031,1354960.257918031 
 01/02  05:00:00,3064960.257918031,1354960.257918031 
 01/02  06:00:00,3064960.257918031,1354960.257918031 
 01/02  07:00:00,3486015.1491723293,1354960.257918031 
 01/02  08:00:00,3388348.3049890613,1354960.257918031 
 01/02  09:00:00,32957463.632526126,1354960.257918031 
 01/02  10:00:00,43276513.807521194,1354960.257918031 
 01/02  11:00:00,44615953.800788805,1354960.257918031 
 01/02  12:00:00,43261200.22128617,1354960.257918031 
 01/02  13:00:00,39211125.14931615,1354960.257918031 
 01/02  14:00:00,41910899.38368675,1354960.257918031 
 01/02  15:00:00,42812943.10208858,1354960.257918031 
 01/02  16:00:00,41012841.18771125,1354960.257918031 
 01/02  17:00:00,37419843.9422688,1354960.257918031 
 01/02  18:00:00,37423951.252921455,1354960.257918031 
 01/02  19:00:00,23040384.24372819,1354960.257918031 
 01/02  20:00:00,12271359.167417113,1354960.257918031 
 01/02  21:00:00,7114960.257918031,1354960.257918031 
 01/02  22:00:00,3064960.257918031,1354960.257918031 
 01/02  23:00:00,3064960.257918031,1354960.257918031 
 01/02  24:00:00,3064960.257918031,1354960.257918031 
 01/03  01:00:00,3064960.257918031,1354960.257918031 
 01/03  02:00:00,3064960.257918031,1354960.257918031 
 01/03  03:00:00,3064960.257918031,1354960.257918031 
 01/03  04:00:00,3064960.257918031,1354960.257918031 
 01/03  05:00:00,3064960.257918031,1354960.257918031 
 01/03  06:00:00,3064960.257918031,1354960.257918031 
 01/03  07:00:00,3493060.857476989,1354960.257918031 
 01/03  08:00:00,3447479.5064574555,1354960.257918031 
 01/03  09:00:00,32980251.009583205,1354960.257918031 
 01/03  10:00:00,43298617.02165308,1354960.257918031 
 01/03  11:00:00,44637810.42458971,1354960.257918031 
 01/03  12:00:00,43282454.068792835,1354960.257918031 
 01/03  13:00:00,39232328.81159715,1354960.257918031 
 01/03  14:00:00,41926237.80809866,1354960.257918031 
 01/03  15:00:00,42823755.00781446,1354960.257918031 
 01/03  16:00:00,41024390.926143326,1354960.257918031 
 01/03  17:00:00,37431248.98337343,1354960.257918031 
 01/03  18:00:00,37434506.67821413,1354960.257918031 
 01/03  19:00:00,23055322.58441217,1354960.257918031 
 01/03  20:00:00,12291725.43009115,1354960.257918031 
 01/03  21:00:00,7114960.257918031,1354960.257918031 
 01/03  22:00:00,3064960.257918031,1354960.257918031 
 01/03  23:00:00,3064960.257918031,1354960.257918031 
 01/03  24:00:00,3064960.257918031,1354960.257918031 
 01/04  01:00:00,3064960.257918031,1354960.257918031 
 01/04  02:00:00,3064960.257918031,1354960.257918031 
 01/04  03:00:00,3064960.257918031,1354960.257918031 
 01/04  04:00:00,3064960.257918031,1354960.257918031 
 01/04  05:00:00,3065126.8697555927,1354960.257918031 
 01/04  06:00:00,3065553.906546722,1354960.257918031 
 01/04  07:00:00,3496853.998756268,1354960.257918031 
 01/04  08:00:00,3458032.727288736,1354960.257918031 
 01/04  09:00:00,32975156.338188883,1354960.257918031 
 01/04  10:00:00,43288704.56314616,1354960.257918031 
 01/04  11:00:00,44627796.48219779,1354960.257918031 
 01/04  12:00:00,43273139.56215662,1354960.257918031 
 01/04  13:00:00,39222696.550897345,1354960.257918031 
 01/04  14:00:00,41916556.971828684,1354960.257918031 
 01/04  15:00:00,42816176.88115874,1354960.257918031 
 01/04  16:00:00,41019451.24369886,1354960.257918031 
 01/04  17:00:00,37433353.45986644,1354960.257918031 
 01/04  18:00:00,37445042.41820981,1354960.257918031 
 01/04  19:00:00,23082361.468905173,1354960.257918031 
 01/04  20:00:00,12336723.352824941,1354960.257918031 
 01/04  21:00:00,7114960.257918031,1354960.257918031 
 01/04  22:00:00,3064960.257918031,1354960.257918031 
 01/04  23:00:00,3064960.257918031,1354960.257918031 
 01/04  24:00:00,3064960.257918031,1354960.257918031 
 01/05  01:00:00,6304998.259236109,1354960.257918031 
 01/05  02:00:00,6305733.32518605,1354960.257918031 
 01/05  03:00:00,6306289.9949387275,1354960.257918031 
 01/05  04:00:00,6308348.3177185105,1354960.257918031 
 01/05  05:00:00,6313965.008827514,1354960.257918031 
 01/05  06:00:00,6319794.407234493,1354960.257918031 
 01/05  07:00:00,6324671.565248364,1354960.257918031 
 01/05  08:00:00,6326920.462339504,1354960.257918031 
 01/05  09:00:00,6325899.75381399,1354960.257918031 
 01/05  10:00:00,6320225.512515584,1354960.257918031 
 01/05  11:00:00,6315141.367864844,1354960.257918031 
 01/05  12:00:00,6310271.654979434,1354960.257918031 
 01/05  13:00:00,6305247.292531861,1354960.257918031 
 01/05  14:00:00,6304960.257918031,1354960.257918031 
 01/05  15:00:00,6304960.257918031,1354960.257918031 
 01/05  16:00:00,6304960.257918031,1354960.257918031 
 01/05  17:00:00,6304960.257918031,1354960.257918031 
 01/05  18:00:00,6304960.257918031,1354960.257918031 
 01/05  19:00:00,6304980.20087586,1354960.257918031 
 01/05  20:00:00,6305541.044618929,1354960.257918031 
 01/05  21:00:00,6307622.907272596,1354960.257918031 
 01/05  22:00:00,6309944.353745488,1354960.257918031 
 01/05  23:00:00,6312538.400265487,1354960.257918031 
 01/05  24:00:00,6315635.569627056,1354960.257918031 
 01/06  01:00:00,6319320.38099286,1354960.257918031 
 01/06  02:00:00,6321525.209444018,1354960.257918031 
 01/06  03:00:00,6323427.983848546,1354960.257918031 
 01/06  04:00:00,6326047.880237876,1354960.257918031 
 01/06  05:00:00,6328447.495058568,1354960.257918031 
 01/06  06:00:00,6330869.122614015,1354960.257918031 
 01/06  07:00:00,6334081.312314549,1354960.257918031 
 01/06  08:00:00,6333400.801241318,1354960.257918031 
 01/06  09:00:00,6330099.718896091,1354960.257918031 
 01/06  10:00:00,6323732.86688686,1354960.257918031 
 01/06  11:00:00,6318418.311647304,1354960.257918031 
 01/06  12:00:00,6313011.325174967,1354960.257918031 
 01/06  13:00:00,6310001.746178316,1354960.257918031 
 01/06  14:00:00,6307786.043689476,1354960.257918031 
 01/06  15:00:00,6306844.490299405,1354960.257918031 
 01/06  16:00:00,6306433.42207491,1354960.257918031 
 01/06  17:00:00,6308498.85504395,1354960.257918031 
 01/06  18:00:00,6314129.700705134,1354960.257918031 
 01/06  19:00:00,6322825.804154316,1354960.257918031 
 01/06  20:00:00,6329750.962267842,1354960.257918031 
 01/06  21:00:00,6333423.120143169,1354960.257918031 
 01/06  22:00:00,6339259.115237227,1354960.257918031 
 01/06  23:00:00,6344320.2634697985,1354960.257918031 
 01/06  24:00:00,6348980.871778579,1354960.257918031 
 01/07  01:00:00,3116172.863489786,1354960.257918031 
 01/07  02:00:00,3118366.3185147676,1354960.257918031 
 01/07  03:00:00,3120223.4153076448,1354960.257918031 
 01/07  04:00:00,3124421.104213455,1354960.257918031 
 01/07  05:00:00,3126617.233345526,1354960.257918031 
 01/07  06:00:00,3128877.9583357507,1354960.257918031 
 01/07  07:00:00,3613548.207527157,1354960.257918031 
 01/07  08:00:00,3613548.207527157,1354960.257918031 
 01/07  09:00:00,33294584.97046801,1354960.257918031 
 01/07  10:00:00,43471874.72192453,1354960.257918031 
 01/07  11:00:00,44781100.160958745,1354960.257918031 
 01/07  12:00:00,43408099.8297842,1354960.257918031 
 01/07  13:00:00,39343771.15708884,1354960.257918031 
 01/07  14:00:00,42024802.24815131,1354960.257918031 
 01/07  15:00:00,42943125.74236125,1380674.0535390603 
 01/07  16:00:00,41147499.54246685,1373141.1925105061 
 01/07  17:00:00,37571534.61501518,1354960.257918031 
 01/07  18:00:00,37600419.49683472,1354960.257918031 
 01/07  19:00:00,23257004.803012714,1354960.257918031 
 01/07  20:00:00,12545277.02750678,1354960.257918031 
 01/07  21:00:00,7114960.25791803,1354960.257918031 
 01/07  22:00:00,3065936.9092257777,1354960.257918031 
 01/07  23:00:00,3073549.5022167773,1354960.257918031 
 01/07  24:00:00,3081652.678749198,1354960.257918031 
 01/08  01:00:00,3091614.706727245,1354960.257918031 
 01/08  02:00:00,3100043.5449603936,1354960.257918031 
 01/08  03:00:00,3106855.6692944663,1354960.257918031 
 01/08  04:00:00,3112522.64543386,1354960.257918031 
 01/08  05:00:00,3117476.223773806,1354960.257918031 
 01/08  06:00:00,3121580.902134669,1354960.257918031 
 01/08  07:00:00,3613548.207527157,1354960.257918031 
 01/08  08:00:00,3613548.207527157,1354960.257918031 
 01/08  09:00:00,33244699.62544746,1354960.257918031 
 01/08  10:00:00,43445513.04305159,1354960.257918031 
 01/08  11:00:00,44742484.91620444,1354960.257918031 
 01/08  12:00:00,43367784.67793083,1354960.257918031 
 01/08  13:00:00,39302140.43271844,1354960.257918031 
 01/08  14:00:00,41987014.39930093,1354960.257918031 
 01/08  15:00:00,42879026.66556959,1354960.257918031 
 01/08  16:00:00,41090545.81479348,1374720.5256216042 
 01/08  17:00:00,37483177.64110468,1354960.257918031 
 01/08  18:00:00,37494517.68772952,1354960.257918031 
 01/08  19:00:00,23129037.827676073,1354960.257918031 
 01/08  20:00:00,12384692.955096094,1354960.257918031 
 01/08  21:00:00,7114960.257918031,1354960.257918031 
 01/08  22:00:00,3064960.257918031,1354960.257918031 
 01/08  23:00:00,3065098.355407485,1354960.257918031 
 01/08  24:00:00,3067892.0808443646,1354960.257918031 
 01/09  01:00:00,3071374.526635266,1354960.257918031 
 01/09  02:00:00,3075041.3964158716,1354960.257918031 
 01/09  03:00:00,3078060.5160429417,1354960.257918031 
 01/09  04:00:00,3080373.645714675,1354960.257918031 
 01/09  05:00:00,3082533.5477617504,1354960.257918031 
 01/09  06:00:00,3084125.4964609076,1354960.257918031 
 01/09  07:00:00,3528483.820870154,1354960.257918031 
 01/09  08:00:00,3520713.9774291087,1354960.257918031 
 01/09  09:00:00,33062151.61605787,1354960.257918031 
 01/09  10:00:00,43308085.108743384,1354960.257918031 
 01/09  11:00:00,44637076.33018549,1354960.257918031 
 01/09  12:00:00,43274277.082088746,1354960.257918031 
 01/09  13:00:00,39217962.27483472,1354960.257918031 
 01/09  14:00:00,41911168.40362888,1354960.257918031 
 01/09  15:00:00,42807630.61730963,1354960.257918031 
 01/09  16:00:00,41007678.80466488,1354960.257918031 
 01/09  17:00:00,37414865.21249312,1354960.257918031 
 01/09  18:00:00,37420782.55565758,1354960.257918031 
 01/09  19:00:00,23042805.678066526,1354960.257918031 
 01/09  20:00:00,12280485.599464504,1354960.257918031 
 01/09  21:00:00,7114960.257918031,1354960.257918031 
 01/09  22:00:00,3064960.257918031,1354960.257918031 
 01/09  23:00:00,3064960.257918031,1354960.257918031 
 01/09  24:00:00,3064960.257918031,1354960.257918031 
 01/10  01:00:00,3064960.257918031,1354960.257918031 
 01/10  02:00:00,3064960.257918031,1354960.257918031 
 01/10  03:00:00,3064960.257918031,1354960.257918031 
 01/10  04:00:00,3064960.257918031,1354960.257918031 
 01/10  05:00:00,3064960.257918031,1354960.257918031 
 01/10  06:00:00,3064960.257918031,1354960.257918031 
 01/10  07:00:00,3491447.746785569,1354960.257918031 
 01/10  08:00:00,3421062.695403101,1354960.257918031 
 01/10  09:00:00,32957624.02688158,1354960.257918031 
 01/10  10:00:00,43274944.4463033,1354960.257918031 
 01/10  11:00:00,44623627.491821095,1368675.0185206458 
 01/10  12:00:00,43296484.21015311,1404651.7154141916 
 01/10  13:00:00,39229324.11542474,1383761.8983763026 
 01/10  14:00:00,41991371.02247816,1459172.7051960123 
 01/10  15:00:00,42912642.10823772,1482968.3701878223 
 01/10  16:00:00,41120381.59448622,1488646.40666682 
 01/10  17:00:00,37410395.03193445,1354960.257918031 
 01/10  18:00:00,37420116.46330165,1354960.257918031 
 01/10  19:00:00,23049037.145366345,1354960.257918031 
 01/10  20:00:00,12292880.891661631,1354960.257918031 
 01/10  21:00:00,7114960.257918031,1354960.257918031 
 01/10  22:00:00,3064960.257918031,1354960.257918031 
 01/10  23:00:00,3064960.257918031,1354960.257918031 
 01/10  24:00:00,3064960.257918031,1354960.257918031 
 01/11  01:00:00,3064960.257918031,1354960.257918031 
 01/11  02:00:00,3064960.257918031,1354960.257918031 
 01/11  03:00:00,3064960.257918031,1354960.257918031 
 01/11  04:00:00,3064963.177973437,1354960.257918031 
 01/11  05:00:00,3065300.748745964,1354960.257918031 
 01/11  06:00:00,3066191.029897236,1354960.257918031 
 01/11  07:00:00,3499988.8763401676,1354960.257918031 
 01/11  08:00:00,3472337.382754524,1354960.257918031 
 01/11  09:00:00,32986503.07910116,1354960.257918031 
 01/11  10:00:00,43291727.50884414,1354960.257918031 
 01/11  11:00:00,44626693.29822315,1354960.257918031 
 01/11  12:00:00,43268641.549860805,1354960.257918031 
 01/11  13:00:00,39212702.38498172,1354960.257918031 
 01/11  14:00:00,41931819.08387971,1382612.449371702 
 01/11  15:00:00,42890898.24765456,1443756.6191883245 
 01/11  16:00:00,41064165.954428,1398239.4616211613 
 01/11  17:00:00,37449040.03849912,1381589.679630267 
 01/11  18:00:00,37407957.01890061,1354960.257918031 
 01/11  19:00:00,23024851.86458218,1354960.257918031 
 01/11  20:00:00,12259932.23723202,1354960.257918031 
 01/11  21:00:00,7114960.257918031,1354960.257918031 
 01/11  22:00:00,3064960.257918031,1354960.257918031 
 01/11  23:00:00,3064960.257918031,1354960.257918031 
 01/11  24:00:00,3064960.257918031,1354960.257918031 
 01/12  01:00:00,6304960.257918031,1354960.257918031 
 01/12  02:00:00,6304960.257918031,1354960.257918031 
 01/12  03:00:00,6304960.257918031,1354960.257918031 
 01/12  04:00:00,6304960.257918031,1354960.257918031 
 01/12  05:00:00,6304960.257918031,1354960.257918031 
 01/12  06:00:00,6304960.257918031,1354960.257918031 
 01/12  07:00:00,6304960.257918031,1354960.257918031 
 01/12  08:00:00,6304960.257918031,1354960.257918031 
 01/12  09:00:00,6304960.257918031,1354960.257918031 
 01/12  10:00:00,6304960.257918031,1354960.257918031 
 01/12  11:00:00,6304960.257918031,1354960.257918031 
 01/12  12:00:00,6304960.257918031,1354960.257918031 
 01/12  13:00:00,6304960.257918031,1354960.257918031 
 01/12  14:00:00,6304960.257918031,1354960.257918031 
 01/12  15:00:00,6304960.257918031,1354960.257918031 
 01/12  16:00:00,6304960.257918031,1354960.257918031 
 01/12  17:00:00,6304960.257918031,1354960.257918031 
 01/12  18:00:00,6304960.257918031,1354960.257918031 
 01/12  19:00:00,6304960.257918031,1354960.257918031 
 01/12  20:00:00,6304960.257918031,1354960.257918031 
 01/12  21:00:00,6304961.7171772355,1354960.257918031 
 01/12  22:00:00,6306909.66087272,1354960.257918031 
 01/12  23:00:00,6309426.55056968,1354960.257918031 
 01/12  24:00:00,6311949.471018337,1354960.257918031 
 01/13  01:00:00,6315113.340228347,1354960.257918031 
 01/13  02:00:00,6317092.280419051,1354960.257918031 
 01/13  03:00:00,6320688.650181903,1354960.257918031 
 01/13  04:00:00,6324758.201797959,1354960.257918031 
 01/13  05:00:00,6326477.414651098,1354960.257918031 
 01/13  06:00:00,6326991.284857882,1354960.257918031 
 01/13  07:00:00,6327154.623886005,1354960.257918031 
 01/13  08:00:00,6327063.741605448,1354960.257918031 
 01/13  09:00:00,6323146.790420215,1354960.257918031 
 01/13  10:00:00,6316620.98977301,1354960.257918031 
 01/13  11:00:00,6312752.161846641,1354960.257918031 
 01/13  12:00:00,6306817.618354275,1354960.257918031 
 01/13  13:00:00,6304960.257918031,1354960.257918031 
 01/13  14:00:00,6304960.257918031,1354960.257918031 
 01/13  15:00:00,6304960.257918031,1354960.257918031 
 01/13  16:00:00,6304960.257918031,1354960.257918031 
 01/13  17:00:00,6304960.257918031,1354960.257918031 
 01/13  18:00:00,6304960.257918031,1354960.257918031 
 01/13  19:00:00,6304960.257918031,1354960.257918031 
 01/13  20:00:00,6305090.934202166,1354960.257918031 
 01/13  21:00:00,6306033.295994351,1354960.257918031 
 01/13  22:00:00,6308299.277890774,1354960.257918031 
 01/13  23:00:00,6310123.246568702,1354960.257918031 
 01/13  24:00:00,6311407.524411012,1354960.257918031 
 01/14  01:00:00,3075865.2204879895,1354960.257918031 
 01/14  02:00:00,3077594.15927012,1354960.257918031 
 01/14  03:00:00,3076146.4302757094,1354960.257918031 
 01/14  04:00:00,3075167.6868600696,1354960.257918031 
 01/14  05:00:00,3074286.595966406,1354960.257918031 
 01/14  06:00:00,3074588.5590367247,1354960.257918031 
 01/14  07:00:00,3513453.2992832656,1354960.257918031 
 01/14  08:00:00,3493169.3927795077,1354960.257918031 
 01/14  09:00:00,33005680.803904355,1354960.257918031 
 01/14  10:00:00,43308150.840882,1354960.257918031 
 01/14  11:00:00,44647413.34882702,1354960.257918031 
 01/14  12:00:00,43292879.7013084,1354960.257918031 
 01/14  13:00:00,39241795.935721934,1354960.257918031 
 01/14  14:00:00,41931525.47828474,1354960.257918031 
 01/14  15:00:00,42845459.33378869,1379845.020729632 
 01/14  16:00:00,41029663.3962957,1354960.257918031 
 01/14  17:00:00,37440025.12408996,1354960.257918031 
 01/14  18:00:00,37453450.66677667,1354960.257918031 
 01/14  19:00:00,23086677.815198883,1354960.257918031 
 01/14  20:00:00,12337157.154354235,1354960.257918031 
 01/14  21:00:00,7114960.257918031,1354960.257918031 
 01/14  22:00:00,3064960.257918031,1354960.257918031 
 01/14  23:00:00,3064960.257918031,1354960.257918031 
 01/14  24:00:00,3065345.911505679,1354960.257918031 
 01/15  01:00:00,3069439.2726883255,1354960.257918031 
 01/15  02:00:00,3073667.905687127,1354960.257918031 
 01/15  03:00:00,3079080.7744374922,1354960.257918031 
 01/15  04:00:00,3081953.0396076106,1354960.257918031 
 01/15  05:00:00,3085692.4471803494,1354960.257918031 
 01/15  06:00:00,3089075.86579033,1354960.257918031 
 01/15  07:00:00,3558559.739550303,1354960.257918031 
 01/15  08:00:00,3529978.9477267694,1354960.257918031 
 01/15  09:00:00,33042229.73697236,1354960.257918031 
 01/15  10:00:00,43308763.65469898,1354960.257918031 
 01/15  11:00:00,44637464.14908068,1354960.257918031 
 01/15  12:00:00,43275275.65663357,1354960.257918031 
 01/15  13:00:00,39217972.49668914,1354960.257918031 
 01/15  14:00:00,41926581.402901284,1377683.4066950502 
 01/15  15:00:00,42819240.34598923,1375363.722533445 
 01/15  16:00:00,41016874.14760924,1354960.257918031 
 01/15  17:00:00,37411631.32754545,1354960.257918031 
 01/15  18:00:00,37413625.111448735,1354960.257918031 
 01/15  19:00:00,23039966.644579478,1354960.257918031 
 01/15  20:00:00,12279280.313601315,1354960.257918031 
 01/15  21:00:00,7114960.257918031,1354960.257918031 
 01/15  22:00:00,3064960.257918031,1354960.257918031 
 01/15  23:00:00,3064960.257918031,1354960.257918031 
 01/15  24:00:00,3064960.257918031,1354960.257918031 
 01/16  01:00:00,3064960.257918031,1354960.257918031 
 01/16  02:00:00,3064960.257918031,1354960.257918031 
 01/16  03:00:00,3064960.257918031,1354960.257918031 
 01/16  04:00:00,3065392.138755735,1354960.257918031 
 01/16  05:00:00,3066457.577470402,1354960.257918031 
 01/16  06:00:00,3067689.1136732223,1354960.257918031 
 01/16  07:00:00,3505077.816516156,1354960.257918031 
 01/16  08:00:00,3468690.6145841745,1354960.257918031 
 01/16  09:00:00,32969845.40748512,1354960.257918031 
 01/16  10:00:00,43276389.04992177,1354960.257918031 
 01/16  11:00:00,44613245.22779594,1354960.257918031 
 01/16  12:00:00,43272240.94394334,1354960.257918031 
 01/16  13:00:00,39228526.21749176,1354960.257918031 
 01/16  14:00:00,41936480.72951223,1385071.8927033977 
 01/16  15:00:00,43251797.51270737,1401650.5921583562 
 01/16  16:00:00,40964180.52292554,1354960.257918031 
 01/16  17:00:00,37371406.79725805,1354960.257918031 
 01/16  18:00:00,37385407.367902726,1354960.257918031 
 01/16  19:00:00,22987637.27692275,1354960.257918031 
 01/16  20:00:00,12205849.536623633,1354960.257918031 
 01/16  21:00:00,7114960.257918031,1354960.257918031 
 01/16  22:00:00,3064960.257918031,1354960.257918031 
 01/16  23:00:00,3064960.257918031,1354960.257918031 
 01/16  24:00:00,3064960.257918031,1354960.257918031 
 01/17  01:00:00,3064960.257918031,1354960.257918031 
 01/17  02:00:00,3064960.257918031,1354960.257918031 
 01/17  03:00:00,3064960.257918031,1354960.257918031 
 01/17  04:00:00,3064960.257918031,1354960.257918031 
 01/17  05:00:00,3064960.257918031,1354960.257918031 
 01/17  06:00:00,3064960.257918031,1354960.257918031 
 01/17  07:00:00,3447189.8868380273,1354960.257918031 
 01/17  08:00:00,3290752.106747379,1354960.257918031 
 01/17  09:00:00,32928795.129327897,1354960.257918031 
 01/17  10:00:00,43273701.029106475,1370540.8527654265 
 01/17  11:00:00,44650343.88083241,1409318.788150061 
 01/17  12:00:00,44171973.60088664,1478825.8141794787 
 01/17  13:00:00,40272904.62626981,1395997.3913537394 
 01/17  14:00:00,43643373.90050212,1487741.3998872968 
 01/17  15:00:00,43509274.18854576,1413934.2240638745 
 01/17  16:00:00,40963391.13533837,1354960.257918031 
 01/17  17:00:00,37371062.643792786,1354960.257918031 
 01/17  18:00:00,37402389.531554416,1354960.257918031 
 01/17  19:00:00,23000070.545885563,1354960.257918031 
 01/17  20:00:00,12215485.63865448,1354960.257918031 
 01/17  21:00:00,7114960.257918031,1354960.257918031 
 01/17  22:00:00,3064960.257918031,1354960.257918031 
 01/17  23:00:00,3064960.257918031,1354960.257918031 
 01/17  24:00:00,3064960.257918031,1354960.257918031 
 01/18  01:00:00,3064960.257918031,1354960.257918031 
 01/18  02:00:00,3064960.257918031,1354960.257918031 
 01/18  03:00:00,3064960.257918031,1354960.257918031 
 01/18  04:00:00,3064960.257918031,1354960.257918031 
 01/18  05:00:00,3064960.257918031,1354960.257918031 
 01/18  06:00:00,3064960.257918031,1354960.257918031 
 01/18  07:00:00,3380063.393368934,1354960.257918031 
 01/18  08:00:00,3233895.3157925894,1354960.257918031 
 01/18  09:00:00,32904213.31607541,1354960.257918031 
 01/18  10:00:00,43253596.68678601,1354960.257918031 
 01/18  11:00:00,44628018.67807638,1354960.257918031 
 01/18  12:00:00,43280489.92957556,1354960.257918031 
 01/18  13:00:00,39238439.98711003,1354960.257918031 
 01/18  14:00:00,41934988.89657579,1354960.257918031 
 01/18  15:00:00,42833669.53281616,1354960.257918031 
 01/18  16:00:00,41019245.559057675,1354960.257918031 
 01/18  17:00:00,37413860.54560527,1354960.257918031 
 01/18  18:00:00,37416551.12115313,1354960.257918031 
 01/18  19:00:00,23033319.888439104,1354960.257918031 
 01/18  20:00:00,12263424.089602295,1354960.257918031 
 01/18  21:00:00,7114960.257918031,1354960.257918031 
 01/18  22:00:00,3064960.257918031,1354960.257918031 
 01/18  23:00:00,3064960.257918031,1354960.257918031 
 01/18  24:00:00,3064960.257918031,1354960.257918031 
 01/19  01:00:00,6304960.257918031,1354960.257918031 
 01/19  02:00:00,6304960.257918031,1354960.257918031 
 01/19  03:00:00,6304960.257918031,1354960.257918031 
 01/19  04:00:00,6304960.257918031,1354960.257918031 
 01/19  05:00:00,6304960.257918031,1354960.257918031 
 01/19  06:00:00,6304960.257918031,1354960.257918031 
 01/19  07:00:00,6304960.257918031,1354960.257918031 
 01/19  08:00:00,6304960.257918031,1354960.257918031 
 01/19  09:00:00,6304960.257918031,1354960.257918031 
 01/19  10:00:00,6304960.257918031,1354960.257918031 
 01/19  11:00:00,6304960.257918031,1354960.257918031 
 01/19  12:00:00,6304960.257918031,1354960.257918031 
 01/19  13:00:00,6304960.257918031,1354960.257918031 
 01/19  14:00:00,6304960.257918031,1354960.257918031 
 01/19  15:00:00,6304960.257918031,1354960.257918031 
 01/19  16:00:00,6304960.257918031,1354960.257918031 
 01/19  17:00:00,6304960.257918031,1354960.257918031 
 01/19  18:00:00,6304960.257918031,1354960.257918031 
 01/19  19:00:00,6304960.257918031,1354960.257918031 
 01/19  20:00:00,6304960.257918031,1354960.257918031 
 01/19  21:00:00,6304960.257918031,1354960.257918031 
 01/19  22:00:00,6304960.257918031,1354960.257918031 
 01/19  23:00:00,6304960.257918031,1354960.257918031 
 01/19  24:00:00,6304960.257918031,1354960.257918031 
 01/20  01:00:00,6304960.257918031,1354960.257918031 
 01/20  02:00:00,6304960.257918031,1354960.257918031 
 01/20  03:00:00,6304973.828162992,1354960.257918031 
 01/20  04:00:00,6305112.136333164,1354960.257918031 
 01/20  05:00:00,6305252.1155348625,1354960.257918031 
 01/20  06:00:00,6305359.297222084,1354960.257918031 
 01/20  07:00:00,6305435.346561458,1354960.257918031 
 01/20  08:00:00,6305475.5278544575,1354960.257918031 
 01/20  09:00:00,6305418.143150745,1354960.257918031 
 01/20  10:00:00,6305159.552816128,1354960.257918031 
 01/20  11:00:00,6304960.257918031,1354960.257918031 
 01/20  12:00:00,6304960.257918031,1354960.257918031 
 01/20  13:00:00,6304960.257918031,1354960.257918031 
 01/20  14:00:00,6304960.257918031,1354960.257918031 
 01/20  15:00:00,6304960.257918031,1354960.257918031 
 01/20  16:00:00,6304960.257918031,1354960.257918031 
 01/20  17:00:00,6304960.257918031,1354960.257918031 
 01/20  18:00:00,6304960.257918031,1354960.257918031 
 01/20  19:00:00,6304960.257918031,1354960.257918031 
 01/20  20:00:00,6304960.257918031,1354960.257918031 
 01/20  21:00:00,6304960.257918031,1354960.257918031 
 01/20  22:00:00,6304960.257918031,1354960.257918031 
 01/20  23:00:00,6304960.257918031,1354960.257918031 
 01/20  24:00:00,6304960.257918031,1354960.257918031 
 01/21  01:00:00,3064960.257918031,1354960.257918031 
 01/21  02:00:00,3064960.257918031,1354960.257918031 
 01/21  03:00:00,3064960.257918031,1354960.257918031 
 01/21  04:00:00,3064960.257918031,1354960.257918031 
 01/21  05:00:00,3064960.257918031,1354960.257918031 
 01/21  06:00:00,3064960.257918031,1354960.257918031 
 01/21  07:00:00,3486523.291463986,1354960.257918031 
 01/21  08:00:00,3424480.7556119543,1354960.257918031 
 01/21  09:00:00,32949915.15995801,1354960.257918031 
 01/21  10:00:00,43264999.37162858,1354960.257918031 
 01/21  11:00:00,44625348.8041404,1354960.257918031 
 01/21  12:00:00,43276866.49192064,1354960.257918031 
 01/21  13:00:00,39227629.6389344,1354960.257918031 
 01/21  14:00:00,41879293.53538122,1354960.257918031 
 01/21  15:00:00,43813215.581028774,1354960.257918031 
 01/21  16:00:00,41930577.582515076,1354960.257918031 
 01/21  17:00:00,38311883.82844533,1354960.257918031 
 01/21  18:00:00,37383960.70555588,1354960.257918031 
 01/21  19:00:00,23025718.367980607,1354960.257918031 
 01/21  20:00:00,12270576.951642985,1354960.257918031 
 01/21  21:00:00,7114960.257918031,1354960.257918031 
 01/21  22:00:00,3064960.257918031,1354960.257918031 
 01/21  23:00:00,3064960.257918031,1354960.257918031 
 01/21  24:00:00,3064960.257918031,1354960.257918031 
 01/22  01:00:00,3064960.257918031,1354960.257918031 
 01/22  02:00:00,3064960.257918031,1354960.257918031 
 01/22  03:00:00,3064960.257918031,1354960.257918031 
 01/22  04:00:00,3064960.257918031,1354960.257918031 
 01/22  05:00:00,3064960.257918031,1354960.257918031 
 01/22  06:00:00,3064960.257918031,1354960.257918031 
 01/22  07:00:00,3477982.9037443716,1354960.257918031 
 01/22  08:00:00,3404349.9445060007,1354960.257918031 
 01/22  09:00:00,32955776.723056454,1354960.257918031 
 01/22  10:00:00,43272397.0999302,1354960.257918031 
 01/22  11:00:00,44612761.79066607,1354960.257918031 
 01/22  12:00:00,43258867.03512246,1354960.257918031 
 01/22  13:00:00,39206848.880797744,1354960.257918031 
 01/22  14:00:00,41933667.45985475,1391581.321432768 
 01/22  15:00:00,42907737.29762156,1471326.027819956 
 01/22  16:00:00,41402576.44646766,1483227.2551183861 
 01/22  17:00:00,37450485.27619244,1392496.0632762471 
 01/22  18:00:00,37415054.482574925,1354960.257918031 
 01/22  19:00:00,23040963.60973838,1354960.257918031 
 01/22  20:00:00,12282702.005340025,1354960.257918031 
 01/22  21:00:00,7114960.257918031,1354960.257918031 
 01/22  22:00:00,3064960.257918031,1354960.257918031 
 01/22  23:00:00,3064960.257918031,1354960.257918031 
 01/22  24:00:00,3064960.257918031,1354960.257918031 
 01/23  01:00:00,3064960.257918031,1354960.257918031 
 01/23  02:00:00,3064960.257918031,1354960.257918031 
 01/23  03:00:00,3064960.257918031,1354960.257918031 
 01/23  04:00:00,3065219.131237862,1354960.257918031 
 01/23  05:00:00,3066916.9116931213,1354960.257918031 
 01/23  06:00:00,3068038.2870230977,1354960.257918031 
 01/23  07:00:00,3527655.924179457,1354960.257918031 
 01/23  08:00:00,3504275.7010686034,1354960.257918031 
 01/23  09:00:00,32988969.93238888,1354960.257918031 
 01/23  10:00:00,43287875.18993639,1354960.257918031 
 01/23  11:00:00,44620931.06086318,1354960.257918031 
 01/23  12:00:00,43269741.73491064,1364606.3592469622 
 01/23  13:00:00,39208323.886715464,1354960.257918031 
 01/23  14:00:00,41933245.98768814,1390017.5028303277 
 01/23  15:00:00,42925289.55400288,1487544.195259775 
 01/23  16:00:00,41217415.519586325,1419678.775886181 
 01/23  17:00:00,37571881.71841399,1398798.9315513966 
 01/23  18:00:00,37413194.932150334,1354960.257918031 
 01/23  19:00:00,23036316.12055602,1354960.257918031 
 01/23  20:00:00,12273900.149898525,1354960.257918031 
 01/23  21:00:00,7114960.257918031,1354960.257918031 
 01/23  22:00:00,3064960.257918031,1354960.257918031 
 01/23  23:00:00,3064960.257918031,1354960.257918031 
 01/23  24:00:00,3064960.257918031,1354960.257918031 
 01/24  01:00:00,3064960.257918031,1354960.257918031 
 01/24  02:00:00,3064960.257918031,1354960.257918031 
 01/24  03:00:00,3064960.257918031,1354960.257918031 
 01/24  04:00:00,3064960.257918031,1354960.257918031 
 01/24  05:00:00,3064960.257918031,1354960.257918031 
 01/24  06:00:00,3064960.257918031,1354960.257918031 
 01/24  07:00:00,3487252.279474628,1354960.257918031 
 01/24  08:00:00,3419950.2816883773,1354960.257918031 
 01/24  09:00:00,32963667.477790557,1354960.257918031 
 01/24  10:00:00,43279930.686996944,1354960.257918031 
 01/24  11:00:00,44617558.2112492,1354960.257918031 
 01/24  12:00:00,43262556.14136769,1354960.257918031 
 01/24  13:00:00,39213357.63362893,1354960.257918031 
 01/24  14:00:00,41908264.58372495,1354960.257918031 
 01/24  15:00:00,42807046.85085061,1354960.257918031 
 01/24  16:00:00,41008913.15896173,1354960.257918031 
 01/24  17:00:00,37414758.51300807,1354960.257918031 
 01/24  18:00:00,37416307.64477873,1354960.257918031 
 01/24  19:00:00,23043481.23605106,1354960.257918031 
 01/24  20:00:00,12287067.844621172,1354960.257918031 
 01/24  21:00:00,7114960.257918031,1354960.257918031 
 01/24  22:00:00,3064960.257918031,1354960.257918031 
 01/24  23:00:00,3064960.257918031,1354960.257918031 
 01/24  24:00:00,3064960.257918031,1354960.257918031 
 01/25  01:00:00,3064960.257918031,1354960.257918031 
 01/25  02:00:00,3064960.257918031,1354960.257918031 
 01/25  03:00:00,3064960.257918031,1354960.257918031 
 01/25  04:00:00,3064960.257918031,1354960.257918031 
 01/25  05:00:00,3064960.257918031,1354960.257918031 
 01/25  06:00:00,3064960.257918031,1354960.257918031 
 01/25  07:00:00,3485567.1139590763,1354960.257918031 
 01/25  08:00:00,3417340.102591376,1354960.257918031 
 01/25  09:00:00,32966883.6763854,1354960.257918031 
 01/25  10:00:00,43282685.290474996,1354960.257918031 
 01/25  11:00:00,44627862.75057028,1354960.257918031 
 01/25  12:00:00,43278048.600802116,1354960.257918031 
 01/25  13:00:00,39231463.068687014,1354960.257918031 
 01/25  14:00:00,41924042.86637767,1354960.257918031 
 01/25  15:00:00,42819311.30341437,1354960.257918031 
 01/25  16:00:00,41021208.356452554,1354960.257918031 
 01/25  17:00:00,37429677.346559085,1354960.257918031 
 01/25  18:00:00,37445689.59901615,1354960.257918031 
 01/25  19:00:00,23079947.998388756,1354960.257918031 
 01/25  20:00:00,12340101.944332667,1354960.257918031 
 01/25  21:00:00,7114960.257918031,1354960.257918031 
 01/25  22:00:00,3064960.257918031,1354960.257918031 
 01/25  23:00:00,3064960.257918031,1354960.257918031 
 01/25  24:00:00,3064960.257918031,1354960.257918031 
 01/26  01:00:00,6304998.271861363,1354960.257918031 
 01/26  02:00:00,6305437.174744222,1354960.257918031 
 01/26  03:00:00,6306014.593873794,1354960.257918031 
 01/26  04:00:00,6308147.390566047,1354960.257918031 
 01/26  05:00:00,6310570.680337759,1354960.257918031 
 01/26  06:00:00,6312139.129382989,1354960.257918031 
 01/26  07:00:00,6315179.079507148,1354960.257918031 
 01/26  08:00:00,6316434.466170666,1354960.257918031 
 01/26  09:00:00,6316480.464834474,1354960.257918031 
 01/26  10:00:00,6315748.993406139,1354960.257918031 
 01/26  11:00:00,6314746.157987321,1354960.257918031 
 01/26  12:00:00,6314854.232404634,1354960.257918031 
 01/26  13:00:00,6313523.520121322,1354960.257918031 
 01/26  14:00:00,6311707.271339551,1354960.257918031 
 01/26  15:00:00,6311558.6609915085,1354960.257918031 
 01/26  16:00:00,6314633.271911155,1354960.257918031 
 01/26  17:00:00,6319960.829946355,1354960.257918031 
 01/26  18:00:00,6331045.038621437,1354960.257918031 
 01/26  19:00:00,6340395.973284453,1354960.257918031 
 01/26  20:00:00,6349910.55594782,1354960.257918031 
 01/26  21:00:00,6357195.781940291,1354960.257918031 
 01/26  22:00:00,6362381.360131148,1354960.257918031 
 01/26  23:00:00,6368430.621896792,1354960.257918031 
 01/26  24:00:00,6368835.709851144,1354960.257918031 
 01/27  01:00:00,6373580.709006651,1354960.257918031 
 01/27  02:00:00,6377951.936420681,1354960.257918031 
 01/27  03:00:00,6374526.526467169,1354960.257918031 
 01/27  04:00:00,6374122.640897049,1354960.257918031 
 01/27  05:00:00,6377881.085359637,1354960.257918031 
 01/27  06:00:00,6379714.077070482,1354960.257918031 
 01/27  07:00:00,6382834.694715468,1354960.257918031 
 01/27  08:00:00,6381130.333393848,1354960.257918031 
 01/27  09:00:00,6370657.052720478,1354960.257918031 
 01/27  10:00:00,6355777.844921505,1354960.257918031 
 01/27  11:00:00,6342604.254356427,1354960.257918031 
 01/27  12:00:00,6331856.336297761,1354960.257918031 
 01/27  13:00:00,6321980.793764345,1354960.257918031 
 01/27  14:00:00,6314248.455950057,1354960.257918031 
 01/27  15:00:00,6310702.361878703,1354960.257918031 
 01/27  16:00:00,6308963.795598275,1354960.257918031 
 01/27  17:00:00,6311254.098287583,1354960.257918031 
 01/27  18:00:00,6317084.133059306,1354960.257918031 
 01/27  19:00:00,6324257.305186288,1354960.257918031 
 01/27  20:00:00,6330664.847876228,1354960.257918031 
 01/27  21:00:00,6334591.770626198,1354960.257918031 
 01/27  22:00:00,6338832.249062229,1354960.257918031 
 01/27  23:00:00,6343467.741022225,1354960.257918031 
 01/27  24:00:00,6346634.504669662,1354960.257918031 
 01/28  01:00:00,3111514.9569774754,1354960.257918031 
 01/28  02:00:00,3112950.580552243,1354960.257918031 
 01/28  03:00:00,3115579.9035250517,1354960.257918031 
 01/28  04:00:00,3115746.2443938702,1354960.257918031 
 01/28  05:00:00,3114037.345259801,1354960.257918031 
 01/28  06:00:00,3113978.3267726917,1354960.257918031 
 01/28  07:00:00,3613548.207527157,1354960.257918031 
 01/28  08:00:00,3613548.207527157,1354960.257918031 
 01/28  09:00:00,33236084.165554315,1354960.257918031 
 01/28  10:00:00,43425408.38734519,1354960.257918031 
 01/28  11:00:00,44743128.27265982,1354960.257918031 
 01/28  12:00:00,43372592.64954865,1354960.257918031 
 01/28  13:00:00,39312585.576889545,1354960.257918031 
 01/28  14:00:00,41986977.022129744,1354960.257918031 
 01/28  15:00:00,42877820.23280532,1354960.257918031 
 01/28  16:00:00,41080704.79393387,1354960.257918031 
 01/28  17:00:00,37484735.33021821,1354960.257918031 
 01/28  18:00:00,37486725.363351405,1354960.257918031 
 01/28  19:00:00,23119518.30257491,1354960.257918031 
 01/28  20:00:00,12377157.789786575,1354960.257918031 
 01/28  21:00:00,7114960.257918031,1354960.257918031 
 01/28  22:00:00,3064960.257918031,1354960.257918031 
 01/28  23:00:00,3064960.257918031,1354960.257918031 
 01/28  24:00:00,3065053.4766601874,1354960.257918031 
 01/29  01:00:00,3066327.126595214,1354960.257918031 
 01/29  02:00:00,3066648.2801266015,1354960.257918031 
 01/29  03:00:00,3067811.457518926,1354960.257918031 
 01/29  04:00:00,3069776.5463248305,1354960.257918031 
 01/29  05:00:00,3072313.8777642683,1354960.257918031 
 01/29  06:00:00,3075975.9543398265,1354960.257918031 
 01/29  07:00:00,3520524.3894754774,1354960.257918031 
 01/29  08:00:00,3519017.109900362,1354960.257918031 
 01/29  09:00:00,33072247.692405973,1354960.257918031 
 01/29  10:00:00,43349884.22722629,1354960.257918031 
 01/29  11:00:00,44684623.29688722,1354960.257918031 
 01/29  12:00:00,43322448.79932007,1354960.257918031 
 01/29  13:00:00,39271063.716541514,1354960.257918031 
 01/29  14:00:00,41962079.9249417,1354960.257918031 
 01/29  15:00:00,42860983.5610421,1354960.257918031 
 01/29  16:00:00,41066830.494393975,1354960.257918031 
 01/29  17:00:00,37487110.940644816,1354960.257918031 
 01/29  18:00:00,37505568.99836879,1354960.257918031 
 01/29  19:00:00,23151404.50219693,1354960.257918031 
 01/29  20:00:00,12428898.40525588,1354960.257918031 
 01/29  21:00:00,7114960.25791803,1354960.257918031 
 01/29  22:00:00,3064960.257918031,1354960.257918031 
 01/29  23:00:00,3066785.705773184,1354960.257918031 
 01/29  24:00:00,3072124.6784153865,1354960.257918031 
 01/30  01:00:00,3075580.6126911566,1354960.257918031 
 01/30  02:00:00,3081277.463581656,1354960.257918031 
 01/30  03:00:00,3087520.4752371646,1354960.257918031 
 01/30  04:00:00,3092974.6701786043,1354960.257918031 
 01/30  05:00:00,3097524.779600814,1354960.257918031 
 01/30  06:00:00,3101281.1975442916,1354960.257918031 
 01/30  07:00:00,3613548.207527157,1354960.257918031 
 01/30  08:00:00,3612452.789002034,1354960.257918031 
 01/30  09:00:00,33157765.946084924,1354960.257918031 
 01/30  10:00:00,43390628.51153827,1354960.257918031 
 01/30  11:00:00,44712217.60341816,1354960.257918031 
 01/30  12:00:00,43346211.80319707,1354960.257918031 
 01/30  13:00:00,39289401.872175,1354960.257918031 
 01/30  14:00:00,41974871.49843034,1354960.257918031 
 01/30  15:00:00,42863133.95982613,1354960.257918031 
 01/30  16:00:00,41061262.0278769,1354960.257918031 
 01/30  17:00:00,37462673.298764065,1354960.257918031 
 01/30  18:00:00,37461811.993379995,1354960.257918031 
 01/30  19:00:00,23090753.624405723,1354960.257918031 
 01/30  20:00:00,12326988.043634638,1354960.257918031 
 01/30  21:00:00,7114960.257918031,1354960.257918031 
 01/30  22:00:00,3064960.257918031,1354960.257918031 
 01/30  23:00:00,3064960.257918031,1354960.257918031 
 01/30  24:00:00,3064960.257918031,1354960.257918031 
 01/31  01:00:00,3064960.257918031,1354960.257918031 
 01/31  02:00:00,3064960.257918031,1354960.257918031 
 01/31  03:00:00,3065575.3161696102,1354960.257918031 
 01/31  04:00:00,3067848.9516940066,1354960.257918031 
 01/31  05:00:00,3070300.7550493283,1354960.257918031 
 01/31  06:00:00,3072099.3882647515,1354960.257918031 
 01/31  07:00:00,3512157.244687458,1354960.257918031 
 01/31  08:00:00,3489748.6920871194,1354960.257918031 
 01/31  09:00:00,32989684.029621415,1354960.257918031 
 01/31  10:00:00,43295972.25805921,1354960.257918031 
 01/31  11:00:00,44633020.9587041,1354960.257918031 
 01/31  12:00:00,43275543.51584914,1354960.257918031 
 01/31  13:00:00,39223564.835572526,1354960.257918031 
 01/31  14:00:00,41920039.18180882,1354960.257918031 
 01/31  15:00:00,42822081.66145243,1354960.257918031 
 01/31  16:00:00,41025647.442684226,1354960.257918031 
 01/31  17:00:00,37432289.57481461,1354960.257918031 
 01/31  18:00:00,37436325.77314833,1354960.257918031 
 01/31  19:00:00,23060924.43359085,1354960.257918031 
 01/31  20:00:00,12305012.07162833,1354960.257918031 
 01/31  21:00:00,7114960.257918031,1354960.257918031 
 01/31  22:00:00,3064960.257918031,1354960.257918031 
 01/31  23:00:00,3064960.257918031,1354960.257918031 
 01/31  24:00:00,3064960.257918031,1354960.257918031,12292437357.840454,11223810000.0,7121250000.0,1009974603.0131701,58652754.82701076,15411264710.761702,15411264710.761702,,,,,,,,7121250000.0,,11223810000.0,,4102560000.0 
 02/01  01:00:00,3064960.257918031,1354960.257918031 
 02/01  02:00:00,3067266.0141412267,1354960.257918031 
 02/01  03:00:00,3071299.247465435,1354960.257918031 
 02/01  04:00:00,3075209.7136693452,1354960.257918031 
 02/01  05:00:00,3080779.9046114488,1354960.257918031 
 02/01  06:00:00,3086694.8695110083,1354960.257918031 
 02/01  07:00:00,3597400.2705993727,1354960.257918031 
 02/01  08:00:00,3597946.2829439556,1354960.257918031 
 02/01  09:00:00,33155705.694998696,1354960.257918031 
 02/01  10:00:00,43370072.252108425,1354960.257918031 
 02/01  11:00:00,44684900.126246355,1354960.257918031 
 02/01  12:00:00,43315017.58480765,1354960.257918031 
 02/01  13:00:00,39255335.06424472,1354960.257918031 
 02/01  14:00:00,41944583.87786313,1354960.257918031 
 02/01  15:00:00,42857377.32823862,1381377.5776632754 
 02/01  16:00:00,41095587.27042079,1433287.403336257 
 02/01  17:00:00,37439251.66731689,1354960.257918031 
 02/01  18:00:00,37455815.6816225,1354960.257918031 
 02/01  19:00:00,23108706.632394563,1354960.257918031 
 02/01  20:00:00,12377351.36582635,1354960.257918031 
 02/01  21:00:00,7114960.257918031,1354960.257918031 
 02/01  22:00:00,3064960.257918031,1354960.257918031 
 02/01  23:00:00,3064960.257918031,1354960.257918031 
 02/01  24:00:00,3067678.1105864937,1354960.257918031 
 02/02  01:00:00,6309902.606317976,1354960.257918031 
 02/02  02:00:00,6313585.535321073,1354960.257918031 
 02/02  03:00:00,6318235.424947314,1354960.257918031 
 02/02  04:00:00,6323074.132702472,1354960.257918031 
 02/02  05:00:00,6326454.245743161,1354960.257918031 
 02/02  06:00:00,6329919.992263116,1354960.257918031 
 02/02  07:00:00,6332636.079419937,1354960.257918031 
 02/02  08:00:00,6330350.312688657,1354960.257918031 
 02/02  09:00:00,6326641.43868136,1354960.257918031 
 02/02  10:00:00,6321764.603416507,1354960.257918031 
 02/02  11:00:00,6317524.488239605,1354960.257918031 
 02/02  12:00:00,6311707.282690482,1354960.257918031 
 02/02  13:00:00,6306012.678912183,1354960.257918031 
 02/02  14:00:00,6304960.257918031,1354960.257918031 
 02/02  15:00:00,6304960.257918031,1354960.257918031 
 02/02  16:00:00,6304960.257918031,1354960.257918031 
 02/02  17:00:00,6304960.257918031,1354960.257918031 
 02/02  18:00:00,6304960.257918031,1354960.257918031 
 02/02  19:00:00,6304960.257918031,1354960.257918031 
 02/02  20:00:00,6304960.257918031,1354960.257918031 
 02/02  21:00:00,6304960.257918031,1354960.257918031 
 02/02  22:00:00,6304960.257918031,1354960.257918031 
 02/02  23:00:00,6304992.731788233,1354960.257918031 
 02/02  24:00:00,6305134.522083028,1354960.257918031 
 02/03  01:00:00,6305268.17137219,1354960.257918031 
 02/03  02:00:00,6305348.034115611,1354960.257918031 
 02/03  03:00:00,6305407.129524222,1354960.257918031 
 02/03  04:00:00,6305450.756586889,1354960.257918031 
 02/03  05:00:00,6305494.414884899,1354960.257918031 
 02/03  06:00:00,6305573.073261151,1354960.257918031 
 02/03  07:00:00,6305752.902666256,1354960.257918031 
 02/03  08:00:00,6305943.664086675,1354960.257918031 
 02/03  09:00:00,6305755.696557792,1354960.257918031 
 02/03  10:00:00,6305212.214167569,1354960.257918031 
 02/03  11:00:00,6304961.993085609,1354960.257918031 
 02/03  12:00:00,6304960.257918031,1354960.257918031 
 02/03  13:00:00,6304960.257918031,1354960.257918031 
 02/03  14:00:00,6304960.257918031,1354960.257918031 
 02/03  15:00:00,6304960.257918031,1354960.257918031 
 02/03  16:00:00,6304960.257918031,1354960.257918031 
 02/03  17:00:00,6304960.257918031,1354960.257918031 
 02/03  18:00:00,6304960.257918031,1354960.257918031 
 02/03  19:00:00,6304960.257918031,1354960.257918031 
 02/03  20:00:00,6304960.257918031,1354960.257918031 
 02/03  21:00:00,6304960.257918031,1354960.257918031 
 02/03  22:00:00,6304960.257918031,1354960.257918031 
 02/03  23:00:00,6304960.257918031,1354960.257918031 
 02/03  24:00:00,6304960.257918031,1354960.257918031 
 02/04  01:00:00,3064960.257918031,1354960.257918031 
 02/04  02:00:00,3064960.257918031,1354960.257918031 
 02/04  03:00:00,3064960.257918031,1354960.257918031 
 02/04  04:00:00,3064960.257918031,1354960.257918031 
 02/04  05:00:00,3065019.922046056,1354960.257918031 
 02/04  06:00:00,3065124.065239811,1354960.257918031 
 02/04  07:00:00,3492077.4167779624,1354960.257918031 
 02/04  08:00:00,3393204.081519318,1354960.257918031 
 02/04  09:00:00,32958859.920722064,1354960.257918031 
 02/04  10:00:00,43278506.69096932,1354960.257918031 
 02/04  11:00:00,44622127.94403334,1354960.257918031 
 02/04  12:00:00,43269383.42381497,1354960.257918031 
 02/04  13:00:00,39222324.135676205,1354960.257918031 
 02/04  14:00:00,41919244.58456479,1354960.257918031 
 02/04  15:00:00,42821611.36942858,1354960.257918031 
 02/04  16:00:00,41029263.56962137,1354960.257918031 
 02/04  17:00:00,37445958.760430396,1354960.257918031 
 02/04  18:00:00,37458829.36273602,1354960.257918031 
 02/04  19:00:00,23095988.93154622,1354960.257918031 
 02/04  20:00:00,12353895.707551872,1354960.257918031 
 02/04  21:00:00,7114960.257918031,1354960.257918031 
 02/04  22:00:00,3064960.257918031,1354960.257918031 
 02/04  23:00:00,3064960.257918031,1354960.257918031 
 02/04  24:00:00,3066159.6308044447,1354960.257918031 
 02/05  01:00:00,3071119.5553324595,1354960.257918031 
 02/05  02:00:00,3074624.4271728625,1354960.257918031 
 02/05  03:00:00,3079383.369329944,1354960.257918031 
 02/05  04:00:00,3086579.331748195,1354960.257918031 
 02/05  05:00:00,3093163.5581368986,1354960.257918031 
 02/05  06:00:00,3097580.595549823,1354960.257918031 
 02/05  07:00:00,3613548.207527157,1354960.257918031 
 02/05  08:00:00,3610747.6909689656,1354960.257918031 
 02/05  09:00:00,33200120.87585681,1354960.257918031 
 02/05  10:00:00,43426238.49322662,1354960.257918031 
 02/05  11:00:00,44746767.82429951,1354960.257918031 
 02/05  12:00:00,43377400.928876385,1354960.257918031 
 02/05  13:00:00,39316594.84488764,1354960.257918031 
 02/05  14:00:00,42006483.522805125,1354960.257918031 
 02/05  15:00:00,42909630.608297795,1354960.257918031 
 02/05  16:00:00,41113848.6235445,1354960.257918031 
 02/05  17:00:00,37529439.36235116,1354960.257918031 
 02/05  18:00:00,37558534.558854446,1354960.257918031 
 02/05  19:00:00,23232300.503887575,1354960.257918031 
 02/05  20:00:00,12520659.421776287,1354960.257918031 
 02/05  21:00:00,7114960.25791803,1354960.257918031 
 02/05  22:00:00,3065127.0962507497,1354960.257918031 
 02/05  23:00:00,3070518.8900423925,1354960.257918031 
 02/05  24:00:00,3078994.210922995,1354960.257918031 
 02/06  01:00:00,3088317.593013402,1354960.257918031 
 02/06  02:00:00,3095031.840009352,1354960.257918031 
 02/06  03:00:00,3102623.653781141,1354960.257918031 
 02/06  04:00:00,3110411.841923923,1354960.257918031 
 02/06  05:00:00,3116718.2031987146,1354960.257918031 
 02/06  06:00:00,3121271.012973666,1354960.257918031 
 02/06  07:00:00,3613548.207527157,1354960.257918031 
 02/06  08:00:00,3613548.207527157,1354960.257918031 
 02/06  09:00:00,33248366.038198486,1354960.257918031 
 02/06  10:00:00,43454166.79440447,1354960.257918031 
 02/06  11:00:00,44760427.54527362,1354960.257918031 
 02/06  12:00:00,43371790.938888036,1354960.257918031 
 02/06  13:00:00,39298060.48807162,1354960.257918031 
 02/06  14:00:00,41977003.10095523,1354960.257918031 
 02/06  15:00:00,42890731.03815932,1378852.087127615 
 02/06  16:00:00,41098493.13657759,1379063.4733124564 
 02/06  17:00:00,37500282.64274525,1354960.257918031 
 02/06  18:00:00,37534067.00760103,1354960.257918031 
 02/06  19:00:00,23203345.856207542,1354960.257918031 
 02/06  20:00:00,12491882.98956244,1354960.257918031 
 02/06  21:00:00,7114960.25791803,1354960.257918031 
 02/06  22:00:00,3065019.072862476,1354960.257918031 
 02/06  23:00:00,3070774.741481575,1354960.257918031 
 02/06  24:00:00,3078209.879579437,1354960.257918031 
 02/07  01:00:00,3085587.5181702715,1354960.257918031 
 02/07  02:00:00,3096215.114620557,1354960.257918031 
 02/07  03:00:00,3104122.0515661277,1354960.257918031 
 02/07  04:00:00,3108615.8132031932,1354960.257918031 
 02/07  05:00:00,3112663.4059163914,1354960.257918031 
 02/07  06:00:00,3112540.8459724532,1354960.257918031 
 02/07  07:00:00,3613548.207527157,1354960.257918031 
 02/07  08:00:00,3611221.4814060107,1354960.257918031 
 02/07  09:00:00,33221547.059653834,1354960.257918031 
 02/07  10:00:00,43436035.646993965,1354960.257918031 
 02/07  11:00:00,44756788.59283888,1385696.8079416682 
 02/07  12:00:00,43354162.15613966,1368074.080089471 
 02/07  13:00:00,39277427.44781305,1354960.257918031 
 02/07  14:00:00,41965757.27479703,1354960.257918031 
 02/07  15:00:00,42915350.030739024,1424566.305924714 
 02/07  16:00:00,41115767.00924455,1421983.7512282515 
 02/07  17:00:00,37481758.01581158,1354960.257918031 
 02/07  18:00:00,37509052.37647475,1354960.257918031 
 02/07  19:00:00,23159245.371566486,1354960.257918031 
 02/07  20:00:00,12412773.39556733,1354960.257918031 
 02/07  21:00:00,7114960.257918031,1354960.257918031 
 02/07  22:00:00,3064960.257918031,1354960.257918031 
 02/07  23:00:00,3064960.257918031,1354960.257918031 
 02/07  24:00:00,3066528.6926855706,1354960.257918031 
 02/08  01:00:00,3070620.4255290986,1354960.257918031 
 02/08  02:00:00,3073608.4953252785,1354960.257918031 
 02/08  03:00:00,3076705.411041385,1354960.257918031 
 02/08  04:00:00,3080276.476985638,1354960.257918031 
 02/08  05:00:00,3083299.6575573827,1354960.257918031 
 02/08  06:00:00,3086113.024440674,1354960.257918031 
 02/08  07:00:00,3554882.4473840846,1354960.257918031 
 02/08  08:00:00,3549134.0020780424,1354960.257918031 
 02/08  09:00:00,33101738.4280546,1354960.257918031 
 02/08  10:00:00,43352547.03242699,1354960.257918031 
 02/08  11:00:00,44673492.69636558,1354960.257918031 
 02/08  12:00:00,43307383.780128114,1354960.257918031 
 02/08  13:00:00,39248936.12899223,1354960.257918031 
 02/08  14:00:00,41939171.37566391,1354960.257918031 
 02/08  15:00:00,42851743.011982985,1380236.521387404 
 02/08  16:00:00,41051151.43458848,1382924.8373161159 
 02/08  17:00:00,37432401.19511707,1354960.257918031 
 02/08  18:00:00,37440168.31164976,1354960.257918031 
 02/08  19:00:00,23072674.301789317,1354960.257918031 
 02/08  20:00:00,12325950.85786177,1354960.257918031 
 02/08  21:00:00,7114960.257918031,1354960.257918031 
 02/08  22:00:00,3064960.257918031,1354960.257918031 
 02/08  23:00:00,3064960.257918031,1354960.257918031 
 02/08  24:00:00,3064960.257918031,1354960.257918031 
 02/09  01:00:00,6304960.257918031,1354960.257918031 
 02/09  02:00:00,6305208.276679914,1354960.257918031 
 02/09  03:00:00,6305310.958605717,1354960.257918031 
 02/09  04:00:00,6305230.734443641,1354960.257918031 
 02/09  05:00:00,6306021.874920806,1354960.257918031 
 02/09  06:00:00,6307258.630968275,1354960.257918031 
 02/09  07:00:00,6307206.689786233,1354960.257918031 
 02/09  08:00:00,6307304.612230025,1354960.257918031 
 02/09  09:00:00,6306832.368018356,1354960.257918031 
 02/09  10:00:00,6305410.850862977,1354960.257918031 
 02/09  11:00:00,6304960.257918031,1354960.257918031 
 02/09  12:00:00,6304960.257918031,1354960.257918031 
 02/09  13:00:00,6304960.257918031,1354960.257918031 
 02/09  14:00:00,6304960.257918031,1354960.257918031 
 02/09  15:00:00,6304960.257918031,1354960.257918031 
 02/09  16:00:00,6304960.257918031,1354960.257918031 
 02/09  17:00:00,6304960.257918031,1354960.257918031 
 02/09  18:00:00,6304960.257918031,1354960.257918031 
 02/09  19:00:00,6304960.257918031,1354960.257918031 
 02/09  20:00:00,6304960.257918031,1354960.257918031 
 02/09  21:00:00,6304960.257918031,1354960.257918031 
 02/09  22:00:00,6304960.257918031,1354960.257918031 
 02/09  23:00:00,6304960.257918031,1354960.257918031 
 02/09  24:00:00,6304960.257918031,1354960.257918031 
 02/10  01:00:00,6304960.257918031,1354960.257918031 
 02/10  02:00:00,6304960.257918031,1354960.257918031 
 02/10  03:00:00,6304960.257918031,1354960.257918031 
 02/10  04:00:00,6304960.257918031,1354960.257918031 
 02/10  05:00:00,6304960.257918031,1354960.257918031 
 02/10  06:00:00,6304960.257918031,1354960.257918031 
 02/10  07:00:00,6304960.257918031,1354960.257918031 
 02/10  08:00:00,6304960.257918031,1354960.257918031 
 02/10  09:00:00,6304960.257918031,1354960.257918031 
 02/10  10:00:00,6304960.257918031,1354960.257918031 
 02/10  11:00:00,6304960.257918031,1354960.257918031 
 02/10  12:00:00,6304960.257918031,1354960.257918031 
 02/10  13:00:00,6304960.257918031,1354960.257918031 
 02/10  14:00:00,6304960.257918031,1354960.257918031 
 02/10  15:00:00,6304960.257918031,1354960.257918031 
 02/10  16:00:00,6304960.257918031,1354960.257918031 
 02/10  17:00:00,6304960.257918031,1354960.257918031 
 02/10  18:00:00,6304960.257918031,1354960.257918031 
 02/10  19:00:00,6304960.257918031,1354960.257918031 
 02/10  20:00:00,6304960.257918031,1354960.257918031 
 02/10  21:00:00,6304960.257918031,1354960.257918031 
 02/10  22:00:00,6304960.257918031,1354960.257918031 
 02/10  23:00:00,6304960.257918031,1354960.257918031 
 02/10  24:00:00,6304960.257918031,1354960.257918031 
 02/11  01:00:00,3064960.257918031,1354960.257918031 
 02/11  02:00:00,3064960.257918031,1354960.257918031 
 02/11  03:00:00,3064960.257918031,1354960.257918031 
 02/11  04:00:00,3064960.257918031,1354960.257918031 
 02/11  05:00:00,3064960.257918031,1354960.257918031 
 02/11  06:00:00,3064960.257918031,1354960.257918031 
 02/11  07:00:00,3465420.8093628716,1354960.257918031 
 02/11  08:00:00,3301249.335810852,1354960.257918031 
 02/11  09:00:00,32930010.82758616,1354960.257918031 
 02/11  10:00:00,43273795.73996449,1354960.257918031 
 02/11  11:00:00,44624519.78132692,1370707.1158356834 
 02/11  12:00:00,43385395.72182672,1414775.384196715 
 02/11  13:00:00,39164090.1940156,1354960.257918031 
 02/11  14:00:00,42554550.33545239,1437111.8842445216 
 02/11  15:00:00,46063294.118498765,1557145.5345467997 
 02/11  16:00:00,43984710.15590427,1553518.1891008227 
 02/11  17:00:00,39047051.27131162,1509623.8670785476 
 02/11  18:00:00,37370411.41214541,1354960.257918031 
 02/11  19:00:00,22989707.779096164,1354960.257918031 
 02/11  20:00:00,12223582.982584024,1354960.257918031 
 02/11  21:00:00,7114960.257918031,1354960.257918031 
 02/11  22:00:00,3064960.257918031,1354960.257918031 
 02/11  23:00:00,3064960.257918031,1354960.257918031 
 02/11  24:00:00,3064960.257918031,1354960.257918031 
 02/12  01:00:00,3064960.257918031,1354960.257918031 
 02/12  02:00:00,3064960.257918031,1354960.257918031 
 02/12  03:00:00,3064960.257918031,1354960.257918031 
 02/12  04:00:00,3064960.257918031,1354960.257918031 
 02/12  05:00:00,3064960.257918031,1354960.257918031 
 02/12  06:00:00,3064960.257918031,1354960.257918031 
 02/12  07:00:00,3414082.4879348846,1354960.257918031 
 02/12  08:00:00,3256967.7532037166,1354960.257918031 
 02/12  09:00:00,32915596.80915144,1354960.257918031 
 02/12  10:00:00,43245576.30252463,1354960.257918031 
 02/12  11:00:00,44607604.071284935,1354960.257918031 
 02/12  12:00:00,43278197.93974003,1354960.257918031 
 02/12  13:00:00,39238292.25812169,1354960.257918031 
 02/12  14:00:00,41930642.991885744,1354960.257918031 
 02/12  15:00:00,42830761.63550014,1354960.257918031 
 02/12  16:00:00,41033203.03420682,1354960.257918031 
 02/12  17:00:00,37436686.84109642,1354960.257918031 
 02/12  18:00:00,37422897.604590684,1354960.257918031 
 02/12  19:00:00,23023964.80565314,1354960.257918031 
 02/12  20:00:00,12258794.225283742,1354960.257918031 
 02/12  21:00:00,7114960.257918031,1354960.257918031 
 02/12  22:00:00,3064960.257918031,1354960.257918031 
 02/12  23:00:00,3064960.257918031,1354960.257918031 
 02/12  24:00:00,3064960.257918031,1354960.257918031 
 02/13  01:00:00,3064960.257918031,1354960.257918031 
 02/13  02:00:00,3064960.257918031,1354960.257918031 
 02/13  03:00:00,3064960.257918031,1354960.257918031 
 02/13  04:00:00,3064960.257918031,1354960.257918031 
 02/13  05:00:00,3064960.257918031,1354960.257918031 
 02/13  06:00:00,3064960.257918031,1354960.257918031 
 02/13  07:00:00,3475766.42404117,1354960.257918031 
 02/13  08:00:00,3391781.621213366,1354960.257918031 
 02/13  09:00:00,32950308.580758996,1354960.257918031 
 02/13  10:00:00,43269418.34972567,1354960.257918031 
 02/13  11:00:00,44610786.138353266,1354960.257918031 
 02/13  12:00:00,43259209.18724707,1354960.257918031 
 02/13  13:00:00,39211751.279873654,1354960.257918031 
 02/13  14:00:00,41907474.69766958,1354960.257918031 
 02/13  15:00:00,42805193.646631464,1354960.257918031 
 02/13  16:00:00,41004267.70280914,1354960.257918031 
 02/13  17:00:00,37406216.88843323,1354960.257918031 
 02/13  18:00:00,37409112.212557316,1354960.257918031 
 02/13  19:00:00,23030603.757553026,1354960.257918031 
 02/13  20:00:00,12269378.865516203,1354960.257918031 
 02/13  21:00:00,7114960.257918031,1354960.257918031 
 02/13  22:00:00,3064960.257918031,1354960.257918031 
 02/13  23:00:00,3064960.257918031,1354960.257918031 
 02/13  24:00:00,3064960.257918031,1354960.257918031 
 02/14  01:00:00,3064960.257918031,1354960.257918031 
 02/14  02:00:00,3064960.257918031,1354960.257918031 
 02/14  03:00:00,3064960.257918031,1354960.257918031 
 02/14  04:00:00,3064960.257918031,1354960.257918031 
 02/14  05:00:00,3064960.257918031,1354960.257918031 
 02/14  06:00:00,3064960.257918031,1354960.257918031 
 02/14  07:00:00,3491479.022043238,1354960.257918031 
 02/14  08:00:00,3441808.6689376924,1354960.257918031 
 02/14  09:00:00,32973309.90086551,1354960.257918031 
 02/14  10:00:00,43285954.900925666,1354960.257918031 
 02/14  11:00:00,44625568.35661903,1354960.257918031 
 02/14  12:00:00,43272367.44832565,1354960.257918031 
 02/14  13:00:00,39225688.70682279,1354960.257918031 
 02/14  14:00:00,41921300.89854555,1354960.257918031 
 02/14  15:00:00,42822047.63954248,1354960.257918031 
 02/14  16:00:00,41025608.20990373,1354960.257918031 
 02/14  17:00:00,37434600.98392509,1354960.257918031 
 02/14  18:00:00,37442009.041523255,1354960.257918031 
 02/14  19:00:00,23068855.30796186,1354960.257918031 
 02/14  20:00:00,12312783.409487689,1354960.257918031 
 02/14  21:00:00,7114960.257918031,1354960.257918031 
 02/14  22:00:00,3064960.257918031,1354960.257918031 
 02/14  23:00:00,3064960.257918031,1354960.257918031 
 02/14  24:00:00,3064960.257918031,1354960.257918031 
 02/15  01:00:00,3065189.8576887813,1354960.257918031 
 02/15  02:00:00,3067673.7225550516,1354960.257918031 
 02/15  03:00:00,3070440.4287079424,1354960.257918031 
 02/15  04:00:00,3072777.125872216,1354960.257918031 
 02/15  05:00:00,3075397.4848677446,1354960.257918031 
 02/15  06:00:00,3079366.922559258,1354960.257918031 
 02/15  07:00:00,3556093.832124174,1354960.257918031 
 02/15  08:00:00,3522634.962321197,1354960.257918031 
 02/15  09:00:00,33068407.466500133,1354960.257918031 
 02/15  10:00:00,43328231.16951973,1354960.257918031 
 02/15  11:00:00,44664438.58376876,1368697.3219718903 
 02/15  12:00:00,43308883.4657691,1376624.0674616117 
 02/15  13:00:00,39238458.90647931,1354960.257918031 
 02/15  14:00:00,41931224.70171825,1354960.257918031 
 02/15  15:00:00,42827637.67710742,1354960.257918031 
 02/15  16:00:00,41081129.802514866,1424418.312693057 
 02/15  17:00:00,37433912.40514882,1354960.257918031 
 02/15  18:00:00,37446199.394087404,1354960.257918031 
 02/15  19:00:00,23077746.204741567,1354960.257918031 
 02/15  20:00:00,12341072.96772929,1354960.257918031 
 02/15  21:00:00,7114960.257918031,1354960.257918031 
 02/15  22:00:00,3064960.257918031,1354960.257918031 
 02/15  23:00:00,3064960.257918031,1354960.257918031 
 02/15  24:00:00,3064963.100705014,1354960.257918031 
 02/16  01:00:00,6305764.925557993,1354960.257918031 
 02/16  02:00:00,6308013.956861431,1354960.257918031 
 02/16  03:00:00,6311271.774014471,1354960.257918031 
 02/16  04:00:00,6315347.078330093,1354960.257918031 
 02/16  05:00:00,6318041.2749353,1354960.257918031 
 02/16  06:00:00,6320957.109044799,1354960.257918031 
 02/16  07:00:00,6322676.719332617,1354960.257918031 
 02/16  08:00:00,6320400.239219894,1354960.257918031 
 02/16  09:00:00,6317956.682031529,1354960.257918031 
 02/16  10:00:00,6313938.892572962,1354960.257918031 
 02/16  11:00:00,6308943.632442,1354960.257918031 
 02/16  12:00:00,6305174.616638997,1354960.257918031 
 02/16  13:00:00,6304960.257918031,1354960.257918031 
 02/16  14:00:00,6304960.257918031,1354960.257918031 
 02/16  15:00:00,6304960.257918031,1354960.257918031 
 02/16  16:00:00,6304960.257918031,1354960.257918031 
 02/16  17:00:00,6304960.257918031,1354960.257918031 
 02/16  18:00:00,6304960.257918031,1354960.257918031 
 02/16  19:00:00,6304960.257918031,1354960.257918031 
 02/16  20:00:00,6304960.257918031,1354960.257918031 
 02/16  21:00:00,6304960.257918031,1354960.257918031 
 02/16  22:00:00,6304960.257918031,1354960.257918031 
 02/16  23:00:00,6304960.257918031,1354960.257918031 
 02/16  24:00:00,6305710.405630646,1354960.257918031 
 02/17  01:00:00,6308085.945353391,1354960.257918031 
 02/17  02:00:00,6311225.577172436,1354960.257918031 
 02/17  03:00:00,6313502.168691939,1354960.257918031 
 02/17  04:00:00,6315521.150019768,1354960.257918031 
 02/17  05:00:00,6316945.50439427,1354960.257918031 
 02/17  06:00:00,6317906.655939801,1354960.257918031 
 02/17  07:00:00,6317927.391490763,1354960.257918031 
 02/17  08:00:00,6316575.541781188,1354960.257918031 
 02/17  09:00:00,6314515.891687544,1354960.257918031 
 02/17  10:00:00,6312705.768273164,1354960.257918031 
 02/17  11:00:00,6310215.5294648595,1354960.257918031 
 02/17  12:00:00,6306370.406257009,1354960.257918031 
 02/17  13:00:00,6304960.257918031,1354960.257918031 
 02/17  14:00:00,6304960.257918031,1354960.257918031 
 02/17  15:00:00,6304960.257918031,1354960.257918031 
 02/17  16:00:00,6304960.257918031,1354960.257918031 
 02/17  17:00:00,6304960.257918031,1354960.257918031 
 02/17  18:00:00,6304960.257918031,1354960.257918031 
 02/17  19:00:00,6304960.257918031,1354960.257918031 
 02/17  20:00:00,6304960.257918031,1354960.257918031 
 02/17  21:00:00,6304960.257918031,1354960.257918031 
 02/17  22:00:00,6304960.257918031,1354960.257918031 
 02/17  23:00:00,6304960.257918031,1354960.257918031 
 02/17  24:00:00,6304960.257918031,1354960.257918031 
 02/18  01:00:00,3064960.257918031,1354960.257918031 
 02/18  02:00:00,3064960.257918031,1354960.257918031 
 02/18  03:00:00,3064960.257918031,1354960.257918031 
 02/18  04:00:00,3064960.257918031,1354960.257918031 
 02/18  05:00:00,3064960.257918031,1354960.257918031 
 02/18  06:00:00,3064960.257918031,1354960.257918031 
 02/18  07:00:00,3483399.929459579,1354960.257918031 
 02/18  08:00:00,3371562.292778169,1354960.257918031 
 02/18  09:00:00,32950153.628274158,1354960.257918031 
 02/18  10:00:00,43267767.006855845,1354960.257918031 
 02/18  11:00:00,44618140.278458364,1354960.257918031 
 02/18  12:00:00,43277410.17252708,1354960.257918031 
 02/18  13:00:00,39229827.1830073,1354960.257918031 
 02/18  14:00:00,41929834.07286616,1354960.257918031 
 02/18  15:00:00,42794037.23795351,1354960.257918031 
 02/18  16:00:00,41222110.56785629,1402852.611307438 
 02/18  17:00:00,37397442.66512223,1354960.257918031 
 02/18  18:00:00,37433218.91360278,1354960.257918031 
 02/18  19:00:00,23022185.55311629,1354960.257918031 
 02/18  20:00:00,12248337.161031393,1354960.257918031 
 02/18  21:00:00,7114960.257918031,1354960.257918031 
 02/18  22:00:00,3064960.257918031,1354960.257918031 
 02/18  23:00:00,3064960.257918031,1354960.257918031 
 02/18  24:00:00,3064960.257918031,1354960.257918031 
 02/19  01:00:00,3064960.257918031,1354960.257918031 
 02/19  02:00:00,3064960.257918031,1354960.257918031 
 02/19  03:00:00,3064960.257918031,1354960.257918031 
 02/19  04:00:00,3064960.257918031,1354960.257918031 
 02/19  05:00:00,3064960.257918031,1354960.257918031 
 02/19  06:00:00,3064960.257918031,1354960.257918031 
 02/19  07:00:00,3479976.3087818804,1354960.257918031 
 02/19  08:00:00,3371383.739492487,1354960.257918031 
 02/19  09:00:00,32953198.78403205,1354960.257918031 
 02/19  10:00:00,43276222.16175385,1354960.257918031 
 02/19  11:00:00,44620507.303132266,1354960.257918031 
 02/19  12:00:00,43271201.211065166,1354960.257918031 
 02/19  13:00:00,39222446.381816186,1354960.257918031 
 02/19  14:00:00,41918354.306805685,1354960.257918031 
 02/19  15:00:00,42818268.10736894,1354960.257918031 
 02/19  16:00:00,41021966.89999916,1354960.257918031 
 02/19  17:00:00,37427205.4687412,1354960.257918031 
 02/19  18:00:00,37432817.718473256,1354960.257918031 
 02/19  19:00:00,23068885.69386421,1354960.257918031 
 02/19  20:00:00,12318509.034506708,1354960.257918031 
 02/19  21:00:00,7114960.257918031,1354960.257918031 
 02/19  22:00:00,3064960.257918031,1354960.257918031 
 02/19  23:00:00,3064960.257918031,1354960.257918031 
 02/19  24:00:00,3064960.257918031,1354960.257918031 
 02/20  01:00:00,3064960.257918031,1354960.257918031 
 02/20  02:00:00,3064960.257918031,1354960.257918031 
 02/20  03:00:00,3064960.257918031,1354960.257918031 
 02/20  04:00:00,3065141.975468682,1354960.257918031 
 02/20  05:00:00,3067233.8309214045,1354960.257918031 
 02/20  06:00:00,3070268.2219746164,1354960.257918031 
 02/20  07:00:00,3542138.1791639943,1354960.257918031 
 02/20  08:00:00,3493405.6155504156,1354960.257918031 
 02/20  09:00:00,32992515.883782767,1354960.257918031 
 02/20  10:00:00,43303751.88822749,1370505.7498494398 
 02/20  11:00:00,44644285.292388715,1383485.1672343826 
 02/20  12:00:00,43268642.822432615,1354960.257918031 
 02/20  13:00:00,39217706.71676565,1354960.257918031 
 02/20  14:00:00,41913389.602334924,1354960.257918031 
 02/20  15:00:00,42813704.54368401,1354960.257918031 
 02/20  16:00:00,41017641.17670418,1354960.257918031 
 02/20  17:00:00,37426746.269199334,1354960.257918031 
 02/20  18:00:00,37434165.80954324,1354960.257918031 
 02/20  19:00:00,23059167.95577369,1354960.257918031 
 02/20  20:00:00,12300420.686515523,1354960.257918031 
 02/20  21:00:00,7114960.257918031,1354960.257918031 
 02/20  22:00:00,3064960.257918031,1354960.257918031 
 02/20  23:00:00,3064960.257918031,1354960.257918031 
 02/20  24:00:00,3064960.257918031,1354960.257918031 
 02/21  01:00:00,3064960.257918031,1354960.257918031 
 02/21  02:00:00,3064960.257918031,1354960.257918031 
 02/21  03:00:00,3065064.243997769,1354960.257918031 
 02/21  04:00:00,3066601.1618666537,1354960.257918031 
 02/21  05:00:00,3069626.602237708,1354960.257918031 
 02/21  06:00:00,3073063.944263788,1354960.257918031 
 02/21  07:00:00,3541219.3947862256,1354960.257918031 
 02/21  08:00:00,3508944.324238034,1354960.257918031 
 02/21  09:00:00,32997641.850688163,1354960.257918031 
 02/21  10:00:00,43294161.98099065,1354960.257918031 
 02/21  11:00:00,44625668.01116055,1354960.257918031 
 02/21  12:00:00,43268513.74422619,1354960.257918031 
 02/21  13:00:00,39218927.619731955,1354960.257918031 
 02/21  14:00:00,41912079.10236728,1354960.257918031 
 02/21  15:00:00,42806921.55123621,1354960.257918031 
 02/21  16:00:00,41004994.39101794,1354960.257918031 
 02/21  17:00:00,37406723.181749225,1354960.257918031 
 02/21  18:00:00,37412203.87085025,1354960.257918031 
 02/21  19:00:00,23039653.559797946,1354960.257918031 
 02/21  20:00:00,12283497.526925607,1354960.257918031 
 02/21  21:00:00,7114960.257918031,1354960.257918031 
 02/21  22:00:00,3064960.257918031,1354960.257918031 
 02/21  23:00:00,3064960.257918031,1354960.257918031 
 02/21  24:00:00,3064960.257918031,1354960.257918031 
 02/22  01:00:00,3064960.257918031,1354960.257918031 
 02/22  02:00:00,3064960.257918031,1354960.257918031 
 02/22  03:00:00,3064960.257918031,1354960.257918031 
 02/22  04:00:00,3064960.257918031,1354960.257918031 
 02/22  05:00:00,3064960.257918031,1354960.257918031 
 02/22  06:00:00,3064960.257918031,1354960.257918031 
 02/22  07:00:00,3473199.4021364367,1354960.257918031 
 02/22  08:00:00,3315111.418393051,1354960.257918031 
 02/22  09:00:00,32927815.314439006,1354960.257918031 
 02/22  10:00:00,43269699.02936355,1354960.257918031 
 02/22  11:00:00,44617066.73564999,1379806.2161353368 
 02/22  12:00:00,43218177.371139064,1354960.257918031 
 02/22  13:00:00,39729200.28872882,1354960.257918031 
 02/22  14:00:00,41864806.01981616,1354960.257918031 
 02/22  15:00:00,42776019.565718554,1354960.257918031 
 02/22  16:00:00,40996413.934390016,1354960.257918031 
 02/22  17:00:00,37431397.45887759,1354960.257918031 
 02/22  18:00:00,37416441.27364363,1354960.257918031 
 02/22  19:00:00,23023568.404239655,1354960.257918031 
 02/22  20:00:00,12253180.63179076,1354960.257918031 
 02/22  21:00:00,7114960.257918031,1354960.257918031 
 02/22  22:00:00,3064960.257918031,1354960.257918031 
 02/22  23:00:00,3064960.257918031,1354960.257918031 
 02/22  24:00:00,3064960.257918031,1354960.257918031 
 02/23  01:00:00,6304960.257918031,1354960.257918031 
 02/23  02:00:00,6304960.257918031,1354960.257918031 
 02/23  03:00:00,6304960.257918031,1354960.257918031 
 02/23  04:00:00,6304960.257918031,1354960.257918031 
 02/23  05:00:00,6304960.257918031,1354960.257918031 
 02/23  06:00:00,6304960.257918031,1354960.257918031 
 02/23  07:00:00,6304960.257918031,1354960.257918031 
 02/23  08:00:00,6304960.257918031,1354960.257918031 
 02/23  09:00:00,6304960.257918031,1354960.257918031 
 02/23  10:00:00,6304960.257918031,1354960.257918031 
 02/23  11:00:00,6304960.257918031,1354960.257918031 
 02/23  12:00:00,6304960.257918031,1354960.257918031 
 02/23  13:00:00,6304960.257918031,1354960.257918031 
 02/23  14:00:00,6304960.257918031,1354960.257918031 
 02/23  15:00:00,6304960.257918031,1354960.257918031 
 02/23  16:00:00,6304960.257918031,1354960.257918031 
 02/23  17:00:00,6304960.257918031,1354960.257918031 
 02/23  18:00:00,6304960.257918031,1354960.257918031 
 02/23  19:00:00,6304960.257918031,1354960.257918031 
 02/23  20:00:00,6304960.257918031,1354960.257918031 
 02/23  21:00:00,6304960.257918031,1354960.257918031 
 02/23  22:00:00,6304960.257918031,1354960.257918031 
 02/23  23:00:00,6304960.257918031,1354960.257918031 
 02/23  24:00:00,6304960.257918031,1354960.257918031 
 02/24  01:00:00,6304960.257918031,1354960.257918031 
 02/24  02:00:00,6304960.257918031,1354960.257918031 
 02/24  03:00:00,6304960.257918031,1354960.257918031 
 02/24  04:00:00,6304960.257918031,1354960.257918031 
 02/24  05:00:00,6304960.257918031,1354960.257918031 
 02/24  06:00:00,6304960.257918031,1354960.257918031 
 02/24  07:00:00,6304960.257918031,1354960.257918031 
 02/24  08:00:00,6304960.257918031,1354960.257918031 
 02/24  09:00:00,6304960.257918031,1354960.257918031 
 02/24  10:00:00,6304960.257918031,1354960.257918031 
 02/24  11:00:00,6304960.257918031,1354960.257918031 
 02/24  12:00:00,6304960.257918031,1354960.257918031 
 02/24  13:00:00,6304960.257918031,1354960.257918031 
 02/24  14:00:00,6304960.257918031,1354960.257918031 
 02/24  15:00:00,6304960.257918031,1354960.257918031 
 02/24  16:00:00,6304960.257918031,1354960.257918031 
 02/24  17:00:00,6304960.257918031,1354960.257918031 
 02/24  18:00:00,6304960.257918031,1354960.257918031 
 02/24  19:00:00,6304960.257918031,1354960.257918031 
 02/24  20:00:00,6304960.257918031,1354960.257918031 
 02/24  21:00:00,6304960.257918031,1354960.257918031 
 02/24  22:00:00,6304960.257918031,1354960.257918031 
 02/24  23:00:00,6304960.257918031,1354960.257918031 
 02/24  24:00:00,6304960.257918031,1354960.257918031 
 02/25  01:00:00,3064960.257918031,1354960.257918031 
 02/25  02:00:00,3064960.257918031,1354960.257918031 
 02/25  03:00:00,3064960.257918031,1354960.257918031 
 02/25  04:00:00,3064960.257918031,1354960.257918031 
 02/25  05:00:00,3064960.257918031,1354960.257918031 
 02/25  06:00:00,3064960.257918031,1354960.257918031 
 02/25  07:00:00,3481026.3107739673,1354960.257918031 
 02/25  08:00:00,3433757.1624907134,1354960.257918031 
 02/25  09:00:00,32968408.613457583,1354960.257918031 
 02/25  10:00:00,43271939.88402904,1354960.257918031 
 02/25  11:00:00,44610276.127816424,1354960.257918031 
 02/25  12:00:00,43261371.3262988,1354960.257918031 
 02/25  13:00:00,39212427.1175195,1354960.257918031 
 02/25  14:00:00,41911568.96839792,1354960.257918031 
 02/25  15:00:00,42829616.63137403,1354960.257918031 
 02/25  16:00:00,41031154.46538259,1354960.257918031 
 02/25  17:00:00,37435062.050790265,1354960.257918031 
 02/25  18:00:00,37419192.736287355,1354960.257918031 
 02/25  19:00:00,23027588.72528243,1354960.257918031 
 02/25  20:00:00,12265233.538034545,1354960.257918031 
 02/25  21:00:00,7114960.257918031,1354960.257918031 
 02/25  22:00:00,3064960.257918031,1354960.257918031 
 02/25  23:00:00,3064960.257918031,1354960.257918031 
 02/25  24:00:00,3064960.257918031,1354960.257918031 
 02/26  01:00:00,3064960.257918031,1354960.257918031 
 02/26  02:00:00,3064960.257918031,1354960.257918031 
 02/26  03:00:00,3064960.257918031,1354960.257918031 
 02/26  04:00:00,3064960.257918031,1354960.257918031 
 02/26  05:00:00,3064960.257918031,1354960.257918031 
 02/26  06:00:00,3064960.257918031,1354960.257918031 
 02/26  07:00:00,3494116.2263229927,1354960.257918031 
 02/26  08:00:00,3368534.235962945,1354960.257918031 
 02/26  09:00:00,32949268.14231815,1354960.257918031 
 02/26  10:00:00,43273097.42160399,1354960.257918031 
 02/26  11:00:00,44614563.10579313,1354960.257918031 
 02/26  12:00:00,43260934.501618825,1354960.257918031 
 02/26  13:00:00,39211778.504303314,1354960.257918031 
 02/26  14:00:00,41908067.72447523,1354960.257918031 
 02/26  15:00:00,42808314.50081195,1354960.257918031 
 02/26  16:00:00,41011641.92002019,1354960.257918031 
 02/26  17:00:00,37418422.74159475,1354960.257918031 
 02/26  18:00:00,37425858.05337973,1354960.257918031 
 02/26  19:00:00,23053832.75831527,1354960.257918031 
 02/26  20:00:00,12292323.64167826,1354960.257918031 
 02/26  21:00:00,7114960.257918031,1354960.257918031 
 02/26  22:00:00,3064960.257918031,1354960.257918031 
 02/26  23:00:00,3064960.257918031,1354960.257918031 
 02/26  24:00:00,3064960.257918031,1354960.257918031 
 02/27  01:00:00,3064960.257918031,1354960.257918031 
 02/27  02:00:00,3064960.257918031,1354960.257918031 
 02/27  03:00:00,3064960.257918031,1354960.257918031 
 02/27  04:00:00,3064960.257918031,1354960.257918031 
 02/27  05:00:00,3065411.4345337288,1354960.257918031 
 02/27  06:00:00,3065917.5448202044,1354960.257918031 
 02/27  07:00:00,3496933.87568713,1354960.257918031 
 02/27  08:00:00,3448373.726104344,1354960.257918031 
 02/27  09:00:00,32974039.22077152,1354960.257918031 
 02/27  10:00:00,43285134.3354024,1354960.257918031 
 02/27  11:00:00,44623819.14076015,1354960.257918031 
 02/27  12:00:00,43271446.135513134,1354960.257918031 
 02/27  13:00:00,39223975.126936734,1354960.257918031 
 02/27  14:00:00,41915980.14929667,1354960.257918031 
 02/27  15:00:00,42812666.715875134,1354960.257918031 
 02/27  16:00:00,41013829.67539497,1354960.257918031 
 02/27  17:00:00,37418176.67705801,1354960.257918031 
 02/27  18:00:00,37420724.5975151,1354960.257918031 
 02/27  19:00:00,23042261.916005425,1354960.257918031 
 02/27  20:00:00,12280315.318961447,1354960.257918031 
 02/27  21:00:00,7114960.257918031,1354960.257918031 
 02/27  22:00:00,3064960.257918031,1354960.257918031 
 02/27  23:00:00,3064960.257918031,1354960.257918031 
 02/27  24:00:00,3064960.257918031,1354960.257918031 
 02/28  01:00:00,3064960.257918031,1354960.257918031 
 02/28  02:00:00,3064960.257918031,1354960.257918031 
 02/28  03:00:00,3064960.257918031,1354960.257918031 
 02/28  04:00:00,3064960.257918031,1354960.257918031 
 02/28  05:00:00,3064960.257918031,1354960.257918031 
 02/28  06:00:00,3064989.449499311,1354960.257918031 
 02/28  07:00:00,3512733.6851892024,1354960.257918031 
 02/28  08:00:00,3431194.269503982,1354960.257918031 
 02/28  09:00:00,32964360.41824807,1354960.257918031 
 02/28  10:00:00,43280142.08304217,1354960.257918031 
 02/28  11:00:00,44625273.20158544,1368885.5763186533 
 02/28  12:00:00,43268693.529125355,1367553.91724875 
 02/28  13:00:00,39205689.31977321,1354960.257918031 
 02/28  14:00:00,41907328.14295784,1354960.257918031 
 02/28  15:00:00,42966111.88016097,1401829.8846364089 
 02/28  16:00:00,41457788.92339823,1476552.6952055676 
 02/28  17:00:00,37426721.149771966,1354960.257918031 
 02/28  18:00:00,37409508.540347084,1354960.257918031 
 02/28  19:00:00,23026809.468493037,1354960.257918031 
 02/28  20:00:00,12266895.657875163,1354960.257918031 
 02/28  21:00:00,7114960.257918031,1354960.257918031 
 02/28  22:00:00,3064960.257918031,1354960.257918031 
 02/28  23:00:00,3064960.257918031,1354960.257918031 
 02/28  24:00:00,3064960.257918031,1354960.257918031,10846551930.564507,9883800000.0,6226200000.0,912049522.6974972,50702407.8667891,12189846066.198092,12189846066.198092,,,,,,,,6226200000.0,,9883800000.0,,3657600000.0 
 03/01  01:00:00,3064960.257918031,1354960.257918031 
 03/01  02:00:00,3064960.257918031,1354960.257918031 
 03/01  03:00:00,3064960.257918031,1354960.257918031 
 03/01  04:00:00,3064960.257918031,1354960.257918031 
 03/01  05:00:00,3064960.257918031,1354960.257918031 
 03/01  06:00:00,3064960.257918031,1354960.257918031 
 03/01  07:00:00,3458552.7547160815,1354960.257918031 
 03/01  08:00:00,3322065.2673944,1354960.257918031 
 03/01  09:00:00,32938982.28428278,1354960.257918031 
 03/01  10:00:00,43262662.61950668,1354960.257918031 
 03/01  11:00:00,44628775.99457991,1354960.257918031 
 03/01  12:00:00,43281909.153764054,1354960.257918031 
 03/01  13:00:00,39227859.94006845,1354960.257918031 
 03/01  14:00:00,41920679.23350994,1354960.257918031 
 03/01  15:00:00,42821008.832878605,1354960.257918031 
 03/01  16:00:00,41015135.418879144,1354960.257918031 
 03/01  17:00:00,37428742.46743765,1354960.257918031 
 03/01  18:00:00,37436332.83551088,1354960.257918031 
 03/01  19:00:00,23031420.332129426,1354960.257918031 
 03/01  20:00:00,12247930.336770639,1354960.257918031 
 03/01  21:00:00,7114960.257918031,1354960.257918031 
 03/01  22:00:00,3064960.257918031,1354960.257918031 
 03/01  23:00:00,3064960.257918031,1354960.257918031 
 03/01  24:00:00,3064960.257918031,1354960.257918031 
 03/02  01:00:00,6304960.257918031,1354960.257918031 
 03/02  02:00:00,6304960.257918031,1354960.257918031 
 03/02  03:00:00,6304960.257918031,1354960.257918031 
 03/02  04:00:00,6304960.257918031,1354960.257918031 
 03/02  05:00:00,6304960.257918031,1354960.257918031 
 03/02  06:00:00,6304960.257918031,1354960.257918031 
 03/02  07:00:00,6304960.257918031,1354960.257918031 
 03/02  08:00:00,6304960.257918031,1354960.257918031 
 03/02  09:00:00,6304960.257918031,1354960.257918031 
 03/02  10:00:00,6304960.257918031,1354960.257918031 
 03/02  11:00:00,6304960.257918031,1354960.257918031 
 03/02  12:00:00,6304960.257918031,1354960.257918031 
 03/02  13:00:00,6304960.257918031,1354960.257918031 
 03/02  14:00:00,6304960.257918031,1354960.257918031 
 03/02  15:00:00,6304960.257918031,1354960.257918031 
 03/02  16:00:00,6304960.257918031,1354960.257918031 
 03/02  17:00:00,6304960.257918031,1354960.257918031 
 03/02  18:00:00,6304960.257918031,1354960.257918031 
 03/02  19:00:00,6304960.257918031,1354960.257918031 
 03/02  20:00:00,6304960.257918031,1354960.257918031 
 03/02  21:00:00,6304960.257918031,1354960.257918031 
 03/02  22:00:00,6304960.257918031,1354960.257918031 
 03/02  23:00:00,6304960.257918031,1354960.257918031 
 03/02  24:00:00,6304960.257918031,1354960.257918031 
 03/03  01:00:00,6304960.257918031,1354960.257918031 
 03/03  02:00:00,6304960.257918031,1354960.257918031 
 03/03  03:00:00,6304960.257918031,1354960.257918031 
 03/03  04:00:00,6304960.257918031,1354960.257918031 
 03/03  05:00:00,6304960.257918031,1354960.257918031 
 03/03  06:00:00,6304960.257918031,1354960.257918031 
 03/03  07:00:00,6304960.257918031,1354960.257918031 
 03/03  08:00:00,6304960.257918031,1354960.257918031 
 03/03  09:00:00,6304960.257918031,1354960.257918031 
 03/03  10:00:00,6304960.257918031,1354960.257918031 
 03/03  11:00:00,6304960.257918031,1354960.257918031 
 03/03  12:00:00,6304960.257918031,1354960.257918031 
 03/03  13:00:00,6304960.257918031,1354960.257918031 
 03/03  14:00:00,6304960.257918031,1354960.257918031 
 03/03  15:00:00,6304960.257918031,1354960.257918031 
 03/03  16:00:00,6304960.257918031,1354960.257918031 
 03/03  17:00:00,6304960.257918031,1354960.257918031 
 03/03  18:00:00,6304960.257918031,1354960.257918031 
 03/03  19:00:00,6304960.257918031,1354960.257918031 
 03/03  20:00:00,6304960.257918031,1354960.257918031 
 03/03  21:00:00,6304960.257918031,1354960.257918031 
 03/03  22:00:00,6304960.257918031,1354960.257918031 
 03/03  23:00:00,6304960.257918031,1354960.257918031 
 03/03  24:00:00,6304960.257918031,1354960.257918031 
 03/04  01:00:00,3064960.257918031,1354960.257918031 
 03/04  02:00:00,3064960.257918031,1354960.257918031 
 03/04  03:00:00,3064960.257918031,1354960.257918031 
 03/04  04:00:00,3064960.257918031,1354960.257918031 
 03/04  05:00:00,3064960.257918031,1354960.257918031 
 03/04  06:00:00,3064960.257918031,1354960.257918031 
 03/04  07:00:00,3480570.2087637363,1354960.257918031 
 03/04  08:00:00,3352622.464904429,1354960.257918031 
 03/04  09:00:00,32941993.616725203,1354960.257918031 
 03/04  10:00:00,43265396.572342575,1354960.257918031 
 03/04  11:00:00,44584388.806897596,1354960.257918031 
 03/04  12:00:00,43234001.61389314,1354960.257918031 
 03/04  13:00:00,39225368.01089081,1354960.257918031 
 03/04  14:00:00,41882342.62101525,1354960.257918031 
 03/04  15:00:00,42778309.15244876,1354960.257918031 
 03/04  16:00:00,41007977.669366695,1354960.257918031 
 03/04  17:00:00,37423162.02131814,1354960.257918031 
 03/04  18:00:00,37418084.49975731,1354960.257918031 
 03/04  19:00:00,23053353.33168688,1354960.257918031 
 03/04  20:00:00,12322123.499029556,1354960.257918031 
 03/04  21:00:00,7114960.257918031,1354960.257918031 
 03/04  22:00:00,3064960.257918031,1354960.257918031 
 03/04  23:00:00,3064960.257918031,1354960.257918031 
 03/04  24:00:00,3064960.257918031,1354960.257918031 
 03/05  01:00:00,3065548.470454882,1354960.257918031 
 03/05  02:00:00,3066816.4118793877,1354960.257918031 
 03/05  03:00:00,3067590.8531107656,1354960.257918031 
 03/05  04:00:00,3069146.8345415336,1354960.257918031 
 03/05  05:00:00,3071511.7112762774,1354960.257918031 
 03/05  06:00:00,3072689.126100365,1354960.257918031 
 03/05  07:00:00,3503790.1975249336,1354960.257918031 
 03/05  08:00:00,3484800.47325532,1354960.257918031 
 03/05  09:00:00,33003089.516572982,1354960.257918031 
 03/05  10:00:00,43293154.077224866,1354960.257918031 
 03/05  11:00:00,44631940.02566115,1354960.257918031 
 03/05  12:00:00,43278263.06345235,1354960.257918031 
 03/05  13:00:00,39228250.38376615,1354960.257918031 
 03/05  14:00:00,41921083.29737371,1354960.257918031 
 03/05  15:00:00,42818689.98915698,1354960.257918031 
 03/05  16:00:00,41023946.11320019,1354960.257918031 
 03/05  17:00:00,37438123.542163044,1354960.257918031 
 03/05  18:00:00,37448342.986454986,1354960.257918031 
 03/05  19:00:00,23079582.629305597,1354960.257918031 
 03/05  20:00:00,12327630.108135514,1354960.257918031 
 03/05  21:00:00,7114960.257918031,1354960.257918031 
 03/05  22:00:00,3064960.257918031,1354960.257918031 
 03/05  23:00:00,3064960.257918031,1354960.257918031 
 03/05  24:00:00,3064960.257918031,1354960.257918031 
 03/06  01:00:00,3064960.257918031,1354960.257918031 
 03/06  02:00:00,3064960.257918031,1354960.257918031 
 03/06  03:00:00,3064960.257918031,1354960.257918031 
 03/06  04:00:00,3065076.4456367916,1354960.257918031 
 03/06  05:00:00,3065354.645962127,1354960.257918031 
 03/06  06:00:00,3065576.0729357013,1354960.257918031 
 03/06  07:00:00,3497172.649932129,1354960.257918031 
 03/06  08:00:00,3392695.8488649237,1354960.257918031 
 03/06  09:00:00,32955847.146907233,1354960.257918031 
 03/06  10:00:00,43277073.0951601,1354960.257918031 
 03/06  11:00:00,44625089.23410119,1367613.4923220915 
 03/06  12:00:00,43269487.17293225,1367249.093003473 
 03/06  13:00:00,39207594.43325955,1354960.257918031 
 03/06  14:00:00,41904427.30454748,1354960.257918031 
 03/06  15:00:00,42801689.36935005,1354960.257918031 
 03/06  16:00:00,41000024.66953486,1354960.257918031 
 03/06  17:00:00,37403211.81444287,1354960.257918031 
 03/06  18:00:00,37408300.29321374,1354960.257918031 
 03/06  19:00:00,23028142.10144459,1354960.257918031 
 03/06  20:00:00,12263520.922406334,1354960.257918031 
 03/06  21:00:00,7114960.257918031,1354960.257918031 
 03/06  22:00:00,3064960.257918031,1354960.257918031 
 03/06  23:00:00,3064960.257918031,1354960.257918031 
 03/06  24:00:00,3064960.257918031,1354960.257918031 
 03/07  01:00:00,3064960.257918031,1354960.257918031 
 03/07  02:00:00,3064960.257918031,1354960.257918031 
 03/07  03:00:00,3064960.257918031,1354960.257918031 
 03/07  04:00:00,3064960.257918031,1354960.257918031 
 03/07  05:00:00,3064960.257918031,1354960.257918031 
 03/07  06:00:00,3064960.257918031,1354960.257918031 
 03/07  07:00:00,3471833.0613968084,1354960.257918031 
 03/07  08:00:00,3320820.3068417106,1354960.257918031 
 03/07  09:00:00,32946238.625781108,1354960.257918031 
 03/07  10:00:00,43269635.36497389,1354960.257918031 
 03/07  11:00:00,44610224.309122324,1354960.257918031 
 03/07  12:00:00,43275441.85844144,1354960.257918031 
 03/07  13:00:00,39231823.20065604,1354960.257918031 
 03/07  14:00:00,41921825.59673545,1354960.257918031 
 03/07  15:00:00,42790629.38771913,1354960.257918031 
 03/07  16:00:00,40987246.09301382,1354960.257918031 
 03/07  17:00:00,37396066.00663949,1354960.257918031 
 03/07  18:00:00,37419913.098679446,1354960.257918031 
 03/07  19:00:00,23008989.448586725,1354960.257918031 
 03/07  20:00:00,12230197.949477825,1354960.257918031 
 03/07  21:00:00,7114960.257918031,1354960.257918031 
 03/07  22:00:00,3064960.257918031,1354960.257918031 
 03/07  23:00:00,3064960.257918031,1354960.257918031 
 03/07  24:00:00,3064960.257918031,1354960.257918031 
 03/08  01:00:00,3064960.257918031,1354960.257918031 
 03/08  02:00:00,3064960.257918031,1354960.257918031 
 03/08  03:00:00,3064960.257918031,1354960.257918031 
 03/08  04:00:00,3064960.257918031,1354960.257918031 
 03/08  05:00:00,3064960.257918031,1354960.257918031 
 03/08  06:00:00,3064960.257918031,1354960.257918031 
 03/08  07:00:00,3440124.0611063326,1354960.257918031 
 03/08  08:00:00,3259907.206380751,1354960.257918031 
 03/08  09:00:00,32923665.01753155,1354960.257918031 
 03/08  10:00:00,43302740.90774154,1398029.78062663 
 03/08  11:00:00,44673370.64900756,1435409.3373592515 
 03/08  12:00:00,43755154.78864532,1447616.1833492985 
 03/08  13:00:00,39312514.32085051,1374519.9496936407 
 03/08  14:00:00,42622357.4318021,1433369.454142985 
 03/08  15:00:00,43976936.766701035,1457684.2847699951 
 03/08  16:00:00,43644566.61017851,1561595.1645855005 
 03/08  17:00:00,39256848.4601579,1547534.9218696614 
 03/08  18:00:00,38268462.13339106,1427344.1303811579 
 03/08  19:00:00,22986775.394367777,1354960.257918031 
 03/08  20:00:00,12215025.323262407,1354960.257918031 
 03/08  21:00:00,7114960.257918031,1354960.257918031 
 03/08  22:00:00,3064960.257918031,1354960.257918031 
 03/08  23:00:00,3064960.257918031,1354960.257918031 
 03/08  24:00:00,3064960.257918031,1354960.257918031 
 03/09  01:00:00,6304960.257918031,1354960.257918031 
 03/09  02:00:00,6304960.257918031,1354960.257918031 
 03/09  03:00:00,6304960.257918031,1354960.257918031 
 03/09  04:00:00,6304960.257918031,1354960.257918031 
 03/09  05:00:00,6304960.257918031,1354960.257918031 
 03/09  06:00:00,6304960.257918031,1354960.257918031 
 03/09  07:00:00,6304960.257918031,1354960.257918031 
 03/09  08:00:00,6304960.257918031,1354960.257918031 
 03/09  09:00:00,6304960.257918031,1354960.257918031 
 03/09  10:00:00,6304960.257918031,1354960.257918031 
 03/09  11:00:00,6304960.257918031,1354960.257918031 
 03/09  12:00:00,6304960.257918031,1354960.257918031 
 03/09  13:00:00,6304960.257918031,1354960.257918031 
 03/09  14:00:00,6304960.257918031,1354960.257918031 
 03/09  15:00:00,6304960.257918031,1354960.257918031 
 03/09  16:00:00,6304960.257918031,1354960.257918031 
 03/09  17:00:00,6304960.257918031,1354960.257918031 
 03/09  18:00:00,6304960.257918031,1354960.257918031 
 03/09  19:00:00,6304960.257918031,1354960.257918031 
 03/09  20:00:00,6304960.257918031,1354960.257918031 
 03/09  21:00:00,6304960.257918031,1354960.257918031 
 03/09  22:00:00,6304960.257918031,1354960.257918031 
 03/09  23:00:00,6304960.257918031,1354960.257918031 
 03/09  24:00:00,6304960.257918031,1354960.257918031 
 03/10  01:00:00,6304960.257918031,1354960.257918031 
 03/10  02:00:00,6304960.257918031,1354960.257918031 
 03/10  03:00:00,6304960.257918031,1354960.257918031 
 03/10  04:00:00,6304960.257918031,1354960.257918031 
 03/10  05:00:00,6304960.257918031,1354960.257918031 
 03/10  06:00:00,6304960.257918031,1354960.257918031 
 03/10  07:00:00,6304960.257918031,1354960.257918031 
 03/10  08:00:00,6304960.257918031,1354960.257918031 
 03/10  09:00:00,6304960.257918031,1354960.257918031 
 03/10  10:00:00,6304960.257918031,1354960.257918031 
 03/10  11:00:00,6304960.257918031,1354960.257918031 
 03/10  12:00:00,6304960.257918031,1354960.257918031 
 03/10  13:00:00,6304960.257918031,1354960.257918031 
 03/10  14:00:00,6304960.257918031,1354960.257918031 
 03/10  15:00:00,6304960.257918031,1354960.257918031 
 03/10  16:00:00,6304960.257918031,1354960.257918031 
 03/10  17:00:00,6304960.257918031,1354960.257918031 
 03/10  18:00:00,6304960.257918031,1354960.257918031 
 03/10  19:00:00,6304960.257918031,1354960.257918031 
 03/10  20:00:00,6304960.257918031,1354960.257918031 
 03/10  21:00:00,6304960.257918031,1354960.257918031 
 03/10  22:00:00,6304960.257918031,1354960.257918031 
 03/10  23:00:00,6304960.257918031,1354960.257918031 
 03/10  24:00:00,6304960.257918031,1354960.257918031 
 03/11  01:00:00,3064960.257918031,1354960.257918031 
 03/11  02:00:00,3064960.257918031,1354960.257918031 
 03/11  03:00:00,3064960.257918031,1354960.257918031 
 03/11  04:00:00,3064960.257918031,1354960.257918031 
 03/11  05:00:00,3064960.257918031,1354960.257918031 
 03/11  06:00:00,3064960.257918031,1354960.257918031 
 03/11  07:00:00,3353592.00844902,1354960.257918031 
 03/11  08:00:00,3196607.8392022555,1354960.257918031 
 03/11  09:00:00,32887496.55229523,1354960.257918031 
 03/11  10:00:00,43240285.5962549,1354960.257918031 
 03/11  11:00:00,44576108.37893064,1354960.257918031 
 03/11  12:00:00,43222049.249494836,1354960.257918031 
 03/11  13:00:00,39167487.42015888,1354960.257918031 
 03/11  14:00:00,41864133.13397935,1354960.257918031 
 03/11  15:00:00,42763004.94653491,1354960.257918031 
 03/11  16:00:00,40964034.479484946,1354960.257918031 
 03/11  17:00:00,37363467.38786405,1354960.257918031 
 03/11  18:00:00,37364930.16841561,1354960.257918031 
 03/11  19:00:00,22974115.158602,1354960.257918031 
 03/11  20:00:00,12211253.332466949,1354960.257918031 
 03/11  21:00:00,7114960.257918031,1354960.257918031 
 03/11  22:00:00,3064960.257918031,1354960.257918031 
 03/11  23:00:00,3064960.257918031,1354960.257918031 
 03/11  24:00:00,3064960.257918031,1354960.257918031 
 03/12  01:00:00,3064960.257918031,1354960.257918031 
 03/12  02:00:00,3064960.257918031,1354960.257918031 
 03/12  03:00:00,3064960.257918031,1354960.257918031 
 03/12  04:00:00,3064960.257918031,1354960.257918031 
 03/12  05:00:00,3064960.257918031,1354960.257918031 
 03/12  06:00:00,3064960.257918031,1354960.257918031 
 03/12  07:00:00,3469881.0033283625,1354960.257918031 
 03/12  08:00:00,3327858.0717482036,1354960.257918031 
 03/12  09:00:00,32930240.99667408,1354960.257918031 
 03/12  10:00:00,43296526.922329485,1393763.0610810935 
 03/12  11:00:00,44660205.22714348,1398375.1553302705 
 03/12  12:00:00,43287028.132623866,1371332.3410923602 
 03/12  13:00:00,39209082.86340665,1366401.046545716 
 03/12  14:00:00,41875889.939884886,1354960.257918031 
 03/12  15:00:00,43527434.38950611,1430467.28015735 
 03/12  16:00:00,42513222.69460817,1512394.5943256228 
 03/12  17:00:00,37372771.8978155,1354960.257918031 
 03/12  18:00:00,37384754.64468025,1354960.257918031 
 03/12  19:00:00,23010942.525008008,1354960.257918031 
 03/12  20:00:00,12235074.943624794,1354960.257918031 
 03/12  21:00:00,7114960.257918031,1354960.257918031 
 03/12  22:00:00,3064960.257918031,1354960.257918031 
 03/12  23:00:00,3064960.257918031,1354960.257918031 
 03/12  24:00:00,3064960.257918031,1354960.257918031 
 03/13  01:00:00,3064960.257918031,1354960.257918031 
 03/13  02:00:00,3064960.257918031,1354960.257918031 
 03/13  03:00:00,3064960.257918031,1354960.257918031 
 03/13  04:00:00,3064960.257918031,1354960.257918031 
 03/13  05:00:00,3064960.257918031,1354960.257918031 
 03/13  06:00:00,3064960.257918031,1354960.257918031 
 03/13  07:00:00,3474735.6252338113,1354960.257918031 
 03/13  08:00:00,3323142.444652073,1354960.257918031 
 03/13  09:00:00,32943957.080301087,1354960.257918031 
 03/13  10:00:00,43272712.76025632,1354960.257918031 
 03/13  11:00:00,44615777.27823086,1354960.257918031 
 03/13  12:00:00,43263135.23482668,1354960.257918031 
 03/13  13:00:00,39215310.337438926,1354960.257918031 
 03/13  14:00:00,41909665.49479467,1354960.257918031 
 03/13  15:00:00,42806082.778848745,1354960.257918031 
 03/13  16:00:00,41014218.6817991,1354960.257918031 
 03/13  17:00:00,37416240.87252908,1354960.257918031 
 03/13  18:00:00,37410035.11505748,1354960.257918031 
 03/13  19:00:00,23025418.522562053,1354960.257918031 
 03/13  20:00:00,12257689.651892424,1354960.257918031 
 03/13  21:00:00,7114960.257918031,1354960.257918031 
 03/13  22:00:00,3064960.257918031,1354960.257918031 
 03/13  23:00:00,3064960.257918031,1354960.257918031 
 03/13  24:00:00,3064960.257918031,1354960.257918031 
 03/14  01:00:00,3064960.257918031,1354960.257918031 
 03/14  02:00:00,3064960.257918031,1354960.257918031 
 03/14  03:00:00,3064960.257918031,1354960.257918031 
 03/14  04:00:00,3064960.257918031,1354960.257918031 
 03/14  05:00:00,3064960.257918031,1354960.257918031 
 03/14  06:00:00,3064960.257918031,1354960.257918031 
 03/14  07:00:00,3471059.6629164303,1354960.257918031 
 03/14  08:00:00,3313063.2609072635,1354960.257918031 
 03/14  09:00:00,32929919.416524664,1354960.257918031 
 03/14  10:00:00,43301303.813156,1395441.2108224444 
 03/14  11:00:00,44664845.44120511,1399966.106111066 
 03/14  12:00:00,43273259.33977476,1404175.406811833 
 03/14  13:00:00,39179481.52918893,1365343.6278901882 
 03/14  14:00:00,41871606.818658434,1354960.257918031 
 03/14  15:00:00,42774118.386707485,1354960.257918031 
 03/14  16:00:00,42161098.05549216,1479667.3109695897 
 03/14  17:00:00,37565240.529178105,1399245.761148281 
 03/14  18:00:00,37381552.70353834,1354960.257918031 
 03/14  19:00:00,23012466.51285898,1354960.257918031 
 03/14  20:00:00,12233154.393752282,1354960.257918031 
 03/14  21:00:00,7114960.257918031,1354960.257918031 
 03/14  22:00:00,3064960.257918031,1354960.257918031 
 03/14  23:00:00,3064960.257918031,1354960.257918031 
 03/14  24:00:00,3064960.257918031,1354960.257918031 
 03/15  01:00:00,3064960.257918031,1354960.257918031 
 03/15  02:00:00,3064960.257918031,1354960.257918031 
 03/15  03:00:00,3064960.257918031,1354960.257918031 
 03/15  04:00:00,3064960.257918031,1354960.257918031 
 03/15  05:00:00,3064960.257918031,1354960.257918031 
 03/15  06:00:00,3064960.257918031,1354960.257918031 
 03/15  07:00:00,3466882.727114185,1354960.257918031 
 03/15  08:00:00,3262875.655907207,1354960.257918031 
 03/15  09:00:00,32936723.06343433,1370820.1152689185 
 03/15  10:00:00,43312349.534311384,1409624.5383785008 
 03/15  11:00:00,44686078.195907526,1449154.1576139228 
 03/15  12:00:00,43453287.35041335,1451086.534613985 
 03/15  13:00:00,39332543.146266416,1373722.2681195934 
 03/15  14:00:00,42604459.775419705,1441202.5901175474 
 03/15  15:00:00,44435198.07628524,1538419.339717669 
 03/15  16:00:00,42903750.7045053,1577261.113462029 
 03/15  17:00:00,39435168.60958989,1590669.773844466 
 03/15  18:00:00,38051470.010515034,1429752.9875222284 
 03/15  19:00:00,23004119.99464256,1354960.257918031 
 03/15  20:00:00,12227069.344937412,1354960.257918031 
 03/15  21:00:00,7114960.257918031,1354960.257918031 
 03/15  22:00:00,3064960.257918031,1354960.257918031 
 03/15  23:00:00,3064960.257918031,1354960.257918031 
 03/15  24:00:00,3064960.257918031,1354960.257918031 
 03/16  01:00:00,6304960.257918031,1354960.257918031 
 03/16  02:00:00,6304960.257918031,1354960.257918031 
 03/16  03:00:00,6304960.257918031,1354960.257918031 
 03/16  04:00:00,6304960.257918031,1354960.257918031 
 03/16  05:00:00,6304960.257918031,1354960.257918031 
 03/16  06:00:00,6304960.257918031,1354960.257918031 
 03/16  07:00:00,6304960.257918031,1354960.257918031 
 03/16  08:00:00,6304960.257918031,1354960.257918031 
 03/16  09:00:00,6304960.257918031,1354960.257918031 
 03/16  10:00:00,6304960.257918031,1354960.257918031 
 03/16  11:00:00,6304960.257918031,1354960.257918031 
 03/16  12:00:00,6304960.257918031,1354960.257918031 
 03/16  13:00:00,6304960.257918031,1354960.257918031 
 03/16  14:00:00,6304960.257918031,1354960.257918031 
 03/16  15:00:00,6304960.257918031,1354960.257918031 
 03/16  16:00:00,6304960.257918031,1354960.257918031 
 03/16  17:00:00,6304960.257918031,1354960.257918031 
 03/16  18:00:00,6304960.257918031,1354960.257918031 
 03/16  19:00:00,6304960.257918031,1354960.257918031 
 03/16  20:00:00,6304960.257918031,1354960.257918031 
 03/16  21:00:00,6304960.257918031,1354960.257918031 
 03/16  22:00:00,6304960.257918031,1354960.257918031 
 03/16  23:00:00,6304960.257918031,1354960.257918031 
 03/16  24:00:00,6304960.257918031,1354960.257918031 
 03/17  01:00:00,6304960.257918031,1354960.257918031 
 03/17  02:00:00,6304960.257918031,1354960.257918031 
 03/17  03:00:00,6304960.257918031,1354960.257918031 
 03/17  04:00:00,6304960.257918031,1354960.257918031 
 03/17  05:00:00,6304960.257918031,1354960.257918031 
 03/17  06:00:00,6304960.257918031,1354960.257918031 
 03/17  07:00:00,6304960.257918031,1354960.257918031 
 03/17  08:00:00,6304960.257918031,1354960.257918031 
 03/17  09:00:00,6304960.257918031,1354960.257918031 
 03/17  10:00:00,6304960.257918031,1354960.257918031 
 03/17  11:00:00,6304960.257918031,1354960.257918031 
 03/17  12:00:00,6304960.257918031,1354960.257918031 
 03/17  13:00:00,6304960.257918031,1354960.257918031 
 03/17  14:00:00,6304960.257918031,1354960.257918031 
 03/17  15:00:00,6304960.257918031,1354960.257918031 
 03/17  16:00:00,6304960.257918031,1354960.257918031 
 03/17  17:00:00,6304960.257918031,1354960.257918031 
 03/17  18:00:00,6304960.257918031,1354960.257918031 
 03/17  19:00:00,6304960.257918031,1354960.257918031 
 03/17  20:00:00,6304960.257918031,1354960.257918031 
 03/17  21:00:00,6304960.257918031,1354960.257918031 
 03/17  22:00:00,6304960.257918031,1354960.257918031 
 03/17  23:00:00,6304960.257918031,1354960.257918031 
 03/17  24:00:00,6304960.257918031,1354960.257918031 
 03/18  01:00:00,3064960.257918031,1354960.257918031 
 03/18  02:00:00,3065042.9564429624,1354960.257918031 
 03/18  03:00:00,3066463.190429542,1354960.257918031 
 03/18  04:00:00,3068035.8882108177,1354960.257918031 
 03/18  05:00:00,3069393.8260476687,1354960.257918031 
 03/18  06:00:00,3071858.78187987,1354960.257918031 
 03/18  07:00:00,3511287.581278549,1354960.257918031 
 03/18  08:00:00,3368220.538459334,1354960.257918031 
 03/18  09:00:00,32949148.912088107,1354960.257918031 
 03/18  10:00:00,43296825.93906319,1395154.3782848339 
 03/18  11:00:00,44655238.55773557,1412823.402850798 
 03/18  12:00:00,43300609.76628418,1400721.2342315512 
 03/18  13:00:00,39220578.90539213,1354960.257918031 
 03/18  14:00:00,41889625.85002568,1354960.257918031 
 03/18  15:00:00,43483648.53705482,1429606.9140507474 
 03/18  16:00:00,42397314.311091445,1515688.6414648658 
 03/18  17:00:00,38250808.11382299,1464993.991010622 
 03/18  18:00:00,37401872.734099284,1354960.257918031 
 03/18  19:00:00,23017940.61039768,1354960.257918031 
 03/18  20:00:00,12240688.527422845,1354960.257918031 
 03/18  21:00:00,7114960.257918031,1354960.257918031 
 03/18  22:00:00,3064960.257918031,1354960.257918031 
 03/18  23:00:00,3064960.257918031,1354960.257918031 
 03/18  24:00:00,3064960.257918031,1354960.257918031 
 03/19  01:00:00,3064960.257918031,1354960.257918031 
 03/19  02:00:00,3064960.257918031,1354960.257918031 
 03/19  03:00:00,3064960.257918031,1354960.257918031 
 03/19  04:00:00,3064960.257918031,1354960.257918031 
 03/19  05:00:00,3064960.257918031,1354960.257918031 
 03/19  06:00:00,3064960.257918031,1354960.257918031 
 03/19  07:00:00,3410629.309296323,1354960.257918031 
 03/19  08:00:00,3230299.729967974,1354960.257918031 
 03/19  09:00:00,32881835.827547636,1354960.257918031 
 03/19  10:00:00,43216813.8315066,1354960.257918031 
 03/19  11:00:00,45453452.68513893,1385499.7065275714 
 03/19  12:00:00,45939170.6140819,1475520.4615380876 
 03/19  13:00:00,42375010.9291325,1503159.354398821 
 03/19  14:00:00,45605005.15545978,1508798.8549546767 
 03/19  15:00:00,47624573.61515955,1687724.2824543628 
 03/19  16:00:00,46388689.12708977,1714116.3430946157 
 03/19  17:00:00,42581654.849915765,1649543.760732124 
 03/19  18:00:00,40824709.46386685,1446535.6443481909 
 03/19  19:00:00,25271119.967542455,1354960.257918031 
 03/19  20:00:00,12173910.36771036,1354960.257918031 
 03/19  21:00:00,7114960.257918031,1354960.257918031 
 03/19  22:00:00,3064960.257918031,1354960.257918031 
 03/19  23:00:00,3064960.257918031,1354960.257918031 
 03/19  24:00:00,3064960.257918031,1354960.257918031 
 03/20  01:00:00,3064960.257918031,1354960.257918031 
 03/20  02:00:00,3064960.257918031,1354960.257918031 
 03/20  03:00:00,3064960.257918031,1354960.257918031 
 03/20  04:00:00,3064960.257918031,1354960.257918031 
 03/20  05:00:00,3064960.257918031,1354960.257918031 
 03/20  06:00:00,3064960.257918031,1354960.257918031 
 03/20  07:00:00,3423150.130824536,1354960.2579180307 
 03/20  08:00:00,3244381.497336282,1354960.257918031 
 03/20  09:00:00,32907542.2642719,1354960.257918031 
 03/20  10:00:00,43296673.652646884,1399529.1329131937 
 03/20  11:00:00,44656462.09489078,1403753.827033573 
 03/20  12:00:00,43270841.65328891,1396295.855122793 
 03/20  13:00:00,39214003.626004316,1354960.257918031 
 03/20  14:00:00,41903720.67232957,1354960.257918031 
 03/20  15:00:00,42825814.788177684,1354960.257918031 
 03/20  16:00:00,41070781.241560765,1409407.602013289 
 03/20  17:00:00,37417625.52572483,1354960.257918031 
 03/20  18:00:00,37404532.8297694,1354960.257918031 
 03/20  19:00:00,23027999.099439856,1354960.257918031 
 03/20  20:00:00,12270382.406826861,1354960.257918031 
 03/20  21:00:00,7114960.257918031,1354960.257918031 
 03/20  22:00:00,3064960.257918031,1354960.257918031 
 03/20  23:00:00,3064960.257918031,1354960.257918031 
 03/20  24:00:00,3064960.257918031,1354960.257918031 
 03/21  01:00:00,3064960.257918031,1354960.257918031 
 03/21  02:00:00,3064960.257918031,1354960.257918031 
 03/21  03:00:00,3064960.257918031,1354960.257918031 
 03/21  04:00:00,3064960.257918031,1354960.257918031 
 03/21  05:00:00,3064960.257918031,1354960.257918031 
 03/21  06:00:00,3064960.257918031,1354960.257918031 
 03/21  07:00:00,3469425.278798731,1354960.257918031 
 03/21  08:00:00,3311768.425764736,1354960.257918031 
 03/21  09:00:00,32931210.276840337,1354960.257918031 
 03/21  10:00:00,43299425.608711705,1401214.1844333769 
 03/21  11:00:00,44666708.16932,1407246.8376188697 
 03/21  12:00:00,43290742.094231956,1405454.5501047065 
 03/21  13:00:00,39199848.553684406,1354960.257918031 
 03/21  14:00:00,41880403.419540256,1354960.257918031 
 03/21  15:00:00,43353437.98944366,1425739.9827676425 
 03/21  16:00:00,41623975.690542504,1421813.8566832773 
 03/21  17:00:00,37378185.43924461,1354960.257918031 
 03/21  18:00:00,37406251.58518322,1354960.257918031 
 03/21  19:00:00,23019161.69433729,1354960.257918031 
 03/21  20:00:00,12249155.288211714,1354960.257918031 
 03/21  21:00:00,7114960.257918031,1354960.257918031 
 03/21  22:00:00,3064960.257918031,1354960.257918031 
 03/21  23:00:00,3064960.257918031,1354960.257918031 
 03/21  24:00:00,3064960.257918031,1354960.257918031 
 03/22  01:00:00,3064960.257918031,1354960.257918031 
 03/22  02:00:00,3064960.257918031,1354960.257918031 
 03/22  03:00:00,3064960.257918031,1354960.257918031 
 03/22  04:00:00,3064960.257918031,1354960.257918031 
 03/22  05:00:00,3064960.257918031,1354960.257918031 
 03/22  06:00:00,3064960.257918031,1354960.257918031 
 03/22  07:00:00,3458652.811035616,1354960.257918031 
 03/22  08:00:00,3286524.9434991237,1354960.257918031 
 03/22  09:00:00,32924322.442783933,1354960.257918031 
 03/22  10:00:00,43283238.27341768,1372945.407874223 
 03/22  11:00:00,44628642.36798493,1400775.0653491411 
 03/22  12:00:00,43376111.92867021,1383776.3001718642 
 03/22  13:00:00,39177139.77499693,1354960.257918031 
 03/22  14:00:00,41875788.16766687,1354960.257918031 
 03/22  15:00:00,42774205.850881375,1354960.257918031 
 03/22  16:00:00,40974050.254949115,1354960.257918031 
 03/22  17:00:00,37378068.28923572,1354960.257918031 
 03/22  18:00:00,37417647.43013354,1354960.257918031 
 03/22  19:00:00,23011680.056679178,1354960.257918031 
 03/22  20:00:00,12226629.394278578,1354960.257918031 
 03/22  21:00:00,7114960.257918031,1354960.257918031 
 03/22  22:00:00,3064960.257918031,1354960.257918031 
 03/22  23:00:00,3064960.257918031,1354960.257918031 
 03/22  24:00:00,3064960.257918031,1354960.257918031 
 03/23  01:00:00,6304960.257918031,1354960.257918031 
 03/23  02:00:00,6304960.257918031,1354960.257918031 
 03/23  03:00:00,6304960.257918031,1354960.257918031 
 03/23  04:00:00,6304960.257918031,1354960.257918031 
 03/23  05:00:00,6304960.257918031,1354960.257918031 
 03/23  06:00:00,6304960.257918031,1354960.257918031 
 03/23  07:00:00,6304960.257918031,1354960.257918031 
 03/23  08:00:00,6304960.257918031,1354960.257918031 
 03/23  09:00:00,6304960.257918031,1354960.257918031 
 03/23  10:00:00,6304960.257918031,1354960.257918031 
 03/23  11:00:00,6304960.257918031,1354960.257918031 
 03/23  12:00:00,6304960.257918031,1354960.257918031 
 03/23  13:00:00,6304960.257918031,1354960.257918031 
 03/23  14:00:00,6304960.257918031,1354960.257918031 
 03/23  15:00:00,6304960.257918031,1354960.257918031 
 03/23  16:00:00,6304960.257918031,1354960.257918031 
 03/23  17:00:00,6304960.257918031,1354960.257918031 
 03/23  18:00:00,6304960.257918031,1354960.257918031 
 03/23  19:00:00,6304960.257918031,1354960.257918031 
 03/23  20:00:00,6304960.257918031,1354960.257918031 
 03/23  21:00:00,6304960.257918031,1354960.257918031 
 03/23  22:00:00,6304960.257918031,1354960.257918031 
 03/23  23:00:00,6304960.257918031,1354960.257918031 
 03/23  24:00:00,6304960.257918031,1354960.257918031 
 03/24  01:00:00,6304960.257918031,1354960.257918031 
 03/24  02:00:00,6304960.257918031,1354960.257918031 
 03/24  03:00:00,6304960.257918031,1354960.257918031 
 03/24  04:00:00,6304960.257918031,1354960.257918031 
 03/24  05:00:00,6304960.257918031,1354960.257918031 
 03/24  06:00:00,6304960.257918031,1354960.257918031 
 03/24  07:00:00,6304960.257918031,1354960.257918031 
 03/24  08:00:00,6304960.257918031,1354960.257918031 
 03/24  09:00:00,6304960.257918031,1354960.257918031 
 03/24  10:00:00,6304960.257918031,1354960.257918031 
 03/24  11:00:00,6304960.257918031,1354960.257918031 
 03/24  12:00:00,6304960.257918031,1354960.257918031 
 03/24  13:00:00,6304960.257918031,1354960.257918031 
 03/24  14:00:00,6304960.257918031,1354960.257918031 
 03/24  15:00:00,6304960.257918031,1354960.257918031 
 03/24  16:00:00,6304960.257918031,1354960.257918031 
 03/24  17:00:00,6304960.257918031,1354960.257918031 
 03/24  18:00:00,6304960.257918031,1354960.257918031 
 03/24  19:00:00,6304960.257918031,1354960.257918031 
 03/24  20:00:00,6304960.257918031,1354960.257918031 
 03/24  21:00:00,6304960.257918031,1354960.257918031 
 03/24  22:00:00,6304960.257918031,1354960.257918031 
 03/24  23:00:00,6304960.257918031,1354960.257918031 
 03/24  24:00:00,6304960.257918031,1354960.257918031 
 03/25  01:00:00,3064960.257918031,1354960.257918031 
 03/25  02:00:00,3064960.257918031,1354960.257918031 
 03/25  03:00:00,3064960.257918031,1354960.257918031 
 03/25  04:00:00,3064960.257918031,1354960.257918031 
 03/25  05:00:00,3064960.257918031,1354960.257918031 
 03/25  06:00:00,3064960.257918031,1354960.257918031 
 03/25  07:00:00,3458885.841991193,1354960.257918031 
 03/25  08:00:00,3285000.1013261573,1354960.257918031 
 03/25  09:00:00,32924836.08105214,1354960.257918031 
 03/25  10:00:00,43274311.447929524,1354960.257918031 
 03/25  11:00:00,44620372.7631606,1354960.257918031 
 03/25  12:00:00,43241733.31479225,1354960.257918031 
 03/25  13:00:00,39185196.30565522,1354960.257918031 
 03/25  14:00:00,41882755.05811277,1354960.257918031 
 03/25  15:00:00,42779217.004228234,1354960.257918031 
 03/25  16:00:00,40977159.61466219,1354960.257918031 
 03/25  17:00:00,37379295.278660536,1354960.257918031 
 03/25  18:00:00,37383200.457602866,1354960.257918031 
 03/25  19:00:00,23010533.208574094,1354960.257918031 
 03/25  20:00:00,12234287.690252211,1354960.257918031 
 03/25  21:00:00,7114960.257918031,1354960.257918031 
 03/25  22:00:00,3064960.257918031,1354960.257918031 
 03/25  23:00:00,3064960.257918031,1354960.257918031 
 03/25  24:00:00,3064960.257918031,1354960.257918031 
 03/26  01:00:00,3064960.257918031,1354960.257918031 
 03/26  02:00:00,3064960.257918031,1354960.257918031 
 03/26  03:00:00,3064960.257918031,1354960.257918031 
 03/26  04:00:00,3064960.257918031,1354960.257918031 
 03/26  05:00:00,3064960.257918031,1354960.257918031 
 03/26  06:00:00,3064960.257918031,1354960.257918031 
 03/26  07:00:00,3420165.8449310362,1354960.257918031 
 03/26  08:00:00,3232946.9826074047,1354960.257918031 
 03/26  09:00:00,32887813.864467546,1354960.257918031 
 03/26  10:00:00,43255813.4416103,1397231.6991409012 
 03/26  11:00:00,46607383.8236098,1425931.0614245632 
 03/26  12:00:00,46229642.9713691,1488202.9415102554 
 03/26  13:00:00,42411747.0076966,1430960.2021428428 
 03/26  14:00:00,45743009.68462931,1503560.975711964 
 03/26  15:00:00,47461413.55108839,1551641.1755928767 
 03/26  16:00:00,46786194.88009368,1758743.6993806583 
 03/26  17:00:00,42751146.85970079,1670644.8216668318 
 03/26  18:00:00,41164529.581092395,1447125.7443213705 
 03/26  19:00:00,25839009.53499715,1354960.257918031 
 03/26  20:00:00,14857032.554753376,1354960.257918031 
 03/26  21:00:00,7114960.257918031,1354960.257918031 
 03/26  22:00:00,3064960.257918031,1354960.257918031 
 03/26  23:00:00,3064960.257918031,1354960.257918031 
 03/26  24:00:00,3064960.257918031,1354960.257918031 
 03/27  01:00:00,3064960.257918031,1354960.257918031 
 03/27  02:00:00,3064960.257918031,1354960.257918031 
 03/27  03:00:00,3064960.257918031,1354960.257918031 
 03/27  04:00:00,3064960.257918031,1354960.257918031 
 03/27  05:00:00,3064960.257918031,1354960.257918031 
 03/27  06:00:00,3064960.257918031,1354960.257918031 
 03/27  07:00:00,5180652.451821888,1354960.257918031 
 03/27  08:00:00,5207917.434403868,1354960.257918031 
 03/27  09:00:00,34976740.776823655,1354960.257918031 
 03/27  10:00:00,45403347.70560674,1354960.257918031 
 03/27  11:00:00,47088302.306577295,1354960.257918031 
 03/27  12:00:00,46539237.039841145,1354960.257918031 
 03/27  13:00:00,42783171.26426552,1354960.257918031 
 03/27  14:00:00,46404974.26137377,1486635.4340192298 
 03/27  15:00:00,47379919.43798029,1433793.0945073026 
 03/27  16:00:00,46125068.28826817,1577946.8336701253 
 03/27  17:00:00,41638553.07732953,1441131.8873188791 
 03/27  18:00:00,40563325.307698414,1354960.257918031 
 03/27  19:00:00,25539831.580338635,1354960.257918031 
 03/27  20:00:00,14404382.361039652,1354960.257918031 
 03/27  21:00:00,7114960.257918031,1354960.257918031 
 03/27  22:00:00,3064960.257918031,1354960.257918031 
 03/27  23:00:00,3064960.257918031,1354960.257918031 
 03/27  24:00:00,3064960.257918031,1354960.257918031 
 03/28  01:00:00,3064960.257918031,1354960.257918031 
 03/28  02:00:00,3064960.257918031,1354960.257918031 
 03/28  03:00:00,3064960.257918031,1354960.257918031 
 03/28  04:00:00,3064960.257918031,1354960.257918031 
 03/28  05:00:00,3064960.257918031,1354960.257918031 
 03/28  06:00:00,3064960.257918031,1354960.257918031 
 03/28  07:00:00,3309797.8360524257,1354960.257918031 
 03/28  08:00:00,3176465.874872197,1354960.257918031 
 03/28  09:00:00,32890350.73363149,1354960.257918031 
 03/28  10:00:00,43235312.58676519,1354960.257918031 
 03/28  11:00:00,44591048.72913823,1354960.257918031 
 03/28  12:00:00,43234338.91892319,1354960.257918031 
 03/28  13:00:00,39188994.89097003,1354960.257918031 
 03/28  14:00:00,41888707.219724484,1354960.257918031 
 03/28  15:00:00,42786298.78645055,1354960.257918031 
 03/28  16:00:00,40981083.55889339,1354960.257918031 
 03/28  17:00:00,37381807.33136648,1354960.257918031 
 03/28  18:00:00,37405203.16027677,1354960.257918031 
 03/28  19:00:00,22994532.24755314,1354960.257918031 
 03/28  20:00:00,12205239.296095101,1354960.257918031 
 03/28  21:00:00,7114960.257918031,1354960.257918031 
 03/28  22:00:00,3064960.257918031,1354960.257918031 
 03/28  23:00:00,3064960.257918031,1354960.257918031 
 03/28  24:00:00,3064960.257918031,1354960.257918031 
 03/29  01:00:00,3064960.257918031,1354960.257918031 
 03/29  02:00:00,3064960.257918031,1354960.257918031 
 03/29  03:00:00,3064960.257918031,1354960.257918031 
 03/29  04:00:00,3064960.257918031,1354960.257918031 
 03/29  05:00:00,3064960.257918031,1354960.257918031 
 03/29  06:00:00,3064960.257918031,1354960.257918031 
 03/29  07:00:00,3332543.328149128,1354960.257918031 
 03/29  08:00:00,3183897.969576268,1354960.257918031 
 03/29  09:00:00,32877626.724669985,1354960.257918031 
 03/29  10:00:00,43216266.37323608,1354960.257918031 
 03/29  11:00:00,45038475.06331105,1354960.257918031 
 03/29  12:00:00,45189601.45618848,1354960.257918031 
 03/29  13:00:00,41347632.23475743,1354960.257918031 
 03/29  14:00:00,44169863.98596141,1354960.257918031 
 03/29  15:00:00,44193345.08497054,1433013.6403544832 
 03/29  16:00:00,40967797.61282626,1354960.257918031 
 03/29  17:00:00,37379406.53200397,1354960.257918031 
 03/29  18:00:00,37399648.9174432,1354960.257918031 
 03/29  19:00:00,23016320.354385607,1354960.257918031 
 03/29  20:00:00,12240428.072301127,1354960.257918031 
 03/29  21:00:00,7114960.257918031,1354960.257918031 
 03/29  22:00:00,3064960.257918031,1354960.257918031 
 03/29  23:00:00,3064960.257918031,1354960.257918031 
 03/29  24:00:00,3064960.257918031,1354960.257918031 
 03/30  01:00:00,6304960.257918031,1354960.257918031 
 03/30  02:00:00,6304960.257918031,1354960.257918031 
 03/30  03:00:00,6304960.257918031,1354960.257918031 
 03/30  04:00:00,6304960.257918031,1354960.257918031 
 03/30  05:00:00,6304960.257918031,1354960.257918031 
 03/30  06:00:00,6304960.257918031,1354960.257918031 
 03/30  07:00:00,6304960.257918031,1354960.257918031 
 03/30  08:00:00,6304960.257918031,1354960.257918031 
 03/30  09:00:00,6304960.257918031,1354960.257918031 
 03/30  10:00:00,6304960.257918031,1354960.257918031 
 03/30  11:00:00,6304960.257918031,1354960.257918031 
 03/30  12:00:00,6304960.257918031,1354960.257918031 
 03/30  13:00:00,6304960.257918031,1354960.257918031 
 03/30  14:00:00,6304960.257918031,1354960.257918031 
 03/30  15:00:00,6304960.257918031,1354960.257918031 
 03/30  16:00:00,6304960.257918031,1354960.257918031 
 03/30  17:00:00,6304960.257918031,1354960.257918031 
 03/30  18:00:00,6304960.257918031,1354960.257918031 
 03/30  19:00:00,6304960.257918031,1354960.257918031 
 03/30  20:00:00,6304960.257918031,1354960.257918031 
 03/30  21:00:00,6304960.257918031,1354960.257918031 
 03/30  22:00:00,6304960.257918031,1354960.257918031 
 03/30  23:00:00,6304960.257918031,1354960.257918031 
 03/30  24:00:00,6304960.257918031,1354960.257918031 
 03/31  01:00:00,6304960.257918031,1354960.257918031 
 03/31  02:00:00,6304960.257918031,1354960.257918031 
 03/31  03:00:00,6304960.257918031,1354960.257918031 
 03/31  04:00:00,6304960.257918031,1354960.257918031 
 03/31  05:00:00,6304960.257918031,1354960.257918031 
 03/31  06:00:00,6304960.257918031,1354960.257918031 
 03/31  07:00:00,6304960.257918031,1354960.257918031 
 03/31  08:00:00,6304960.257918031,1354960.257918031 
 03/31  09:00:00,6304960.257918031,1354960.257918031 
 03/31  10:00:00,6304960.257918031,1354960.257918031 
 03/31  11:00:00,6304960.257918031,1354960.257918031 
 03/31  12:00:00,6304960.257918031,1354960.257918031 
 03/31  13:00:00,6304960.257918031,1354960.257918031 
 03/31  14:00:00,6304960.257918031,1354960.257918031 
 03/31  15:00:00,6304960.257918031,1354960.257918031 
 03/31  16:00:00,6304960.257918031,1354960.257918031 
 03/31  17:00:00,6304960.257918031,1354960.257918031 
 03/31  18:00:00,6304960.257918031,1354960.257918031 
 03/31  19:00:00,6304960.257918031,1354960.257918031 
 03/31  20:00:00,6304960.257918031,1354960.257918031 
 03/31  21:00:00,6304960.257918031,1354960.257918031 
 03/31  22:00:00,6304960.257918031,1354960.257918031 
 03/31  23:00:00,6304960.257918031,1354960.257918031 
 03/31  24:00:00,6304960.257918031,1354960.257918031,11746499663.167816,10568070000.0,6589350000.0,1015408987.9588039,163020675.2086851,6888173486.298485,6888173486.298485,,,,,,,,6589350000.0,,10568070000.0,,3978720000.0 
 04/01  01:00:00,1710000.0,0.0 
 04/01  02:00:00,1710000.0,0.0 
 04/01  03:00:00,1710000.0,0.0 
 04/01  04:00:00,1710000.0,0.0 
 04/01  05:00:00,1710000.0,0.0 
 04/01  06:00:00,1710000.0,0.0 
 04/01  07:00:00,3401285.1857693344,1354960.257918031 
 04/01  08:00:00,3213787.885494942,1354960.257918031 
 04/01  09:00:00,32890810.933024906,1354960.257918031 
 04/01  10:00:00,43236308.940488346,1365416.6997289443 
 04/01  11:00:00,44594628.09097797,1366494.468206101 
 04/01  12:00:00,43255620.398415,1354960.257918031 
 04/01  13:00:00,39215991.084851414,1354960.257918031 
 04/01  14:00:00,41894738.69960794,1354960.257918031 
 04/01  15:00:00,42781002.600453615,1354960.257918031 
 04/01  16:00:00,40984266.49875478,1354960.257918031 
 04/01  17:00:00,37389715.984575205,1354960.257918031 
 04/01  18:00:00,37392955.55920572,1354960.257918031 
 04/01  19:00:00,23008388.040949322,1354960.257918031 
 04/01  20:00:00,12236445.286808461,1354960.257918031 
 04/01  21:00:00,5760000.0,0.0 
 04/01  22:00:00,1710000.0,0.0 
 04/01  23:00:00,1710000.0,0.0 
 04/01  24:00:00,1710000.0,0.0 
 04/02  01:00:00,1710000.0,0.0 
 04/02  02:00:00,1710000.0,0.0 
 04/02  03:00:00,1710000.0,0.0 
 04/02  04:00:00,1710000.0,0.0 
 04/02  05:00:00,1710000.0,0.0 
 04/02  06:00:00,1710000.0,0.0 
 04/02  07:00:00,3382355.760740958,1354960.257918031 
 04/02  08:00:00,3219732.147622198,1354960.257918031 
 04/02  09:00:00,32887498.5012905,1354960.257918031 
 04/02  10:00:00,43226549.06483526,1354960.257918031 
 04/02  11:00:00,44583870.53554645,1354960.257918031 
 04/02  12:00:00,43248638.29891707,1354960.257918031 
 04/02  13:00:00,39199274.375853404,1354960.257918031 
 04/02  14:00:00,41891501.43433004,1354960.257918031 
 04/02  15:00:00,42812837.50101215,1354960.257918031 
 04/02  16:00:00,41012864.69903869,1354960.257918031 
 04/02  17:00:00,37388808.020841226,1354960.257918031 
 04/02  18:00:00,37378127.56007378,1354960.257918031 
 04/02  19:00:00,22994936.98292532,1354960.257918031 
 04/02  20:00:00,12221097.301717635,1354960.257918031 
 04/02  21:00:00,5760000.0,0.0 
 04/02  22:00:00,1710000.0,0.0 
 04/02  23:00:00,1710000.0,0.0 
 04/02  24:00:00,1710000.0,0.0 
 04/03  01:00:00,1710000.0,0.0 
 04/03  02:00:00,1710000.0,0.0 
 04/03  03:00:00,1710000.0,0.0 
 04/03  04:00:00,1710000.0,0.0 
 04/03  05:00:00,1710000.0,0.0 
 04/03  06:00:00,1710000.0,0.0 
 04/03  07:00:00,3385798.7443896364,1354960.257918031 
 04/03  08:00:00,3228533.1991643677,1354960.257918031 
 04/03  09:00:00,32901188.118653066,1354960.257918031 
 04/03  10:00:00,43232241.14298361,1354960.257918031 
 04/03  11:00:00,44577151.688612364,1354960.257918031 
 04/03  12:00:00,43228079.409014985,1354960.257918031 
 04/03  13:00:00,39177429.2386924,1354960.257918031 
 04/03  14:00:00,41882267.127402574,1354960.257918031 
 04/03  15:00:00,42789167.824512996,1354960.257918031 
 04/03  16:00:00,40997145.433655545,1354960.257918031 
 04/03  17:00:00,37384885.241347216,1354960.257918031 
 04/03  18:00:00,37375639.128185004,1354960.257918031 
 04/03  19:00:00,22986327.862584338,1354960.257918031 
 04/03  20:00:00,12215135.18459604,1354960.257918031 
 04/03  21:00:00,5760000.0,0.0 
 04/03  22:00:00,1710000.0,0.0 
 04/03  23:00:00,1710000.0,0.0 
 04/03  24:00:00,1710000.0,0.0 
 04/04  01:00:00,1710000.0,0.0 
 04/04  02:00:00,1710000.0,0.0 
 04/04  03:00:00,1710000.0,0.0 
 04/04  04:00:00,1710000.0,0.0 
 04/04  05:00:00,1710000.0,0.0 
 04/04  06:00:00,1710000.0,0.0 
 04/04  07:00:00,3382321.3634876623,1354960.257918031 
 04/04  08:00:00,3211263.6842480167,1354960.257918031 
 04/04  09:00:00,32894804.540207233,1354960.257918031 
 04/04  10:00:00,43231636.01365566,1354960.257918031 
 04/04  11:00:00,44577753.79420707,1354960.257918031 
 04/04  12:00:00,43226332.1793467,1354960.257918031 
 04/04  13:00:00,39179444.82672557,1354960.257918031 
 04/04  14:00:00,41878248.43297597,1354960.257918031 
 04/04  15:00:00,42779045.529131085,1354960.257918031 
 04/04  16:00:00,40981895.327305324,1354960.257918031 
 04/04  17:00:00,37386740.76533519,1354960.257918031 
 04/04  18:00:00,37389839.82798584,1354960.257918031 
 04/04  19:00:00,23008288.010444652,1354960.257918031 
 04/04  20:00:00,12239453.565373147,1354960.257918031 
 04/04  21:00:00,5760000.0,0.0 
 04/04  22:00:00,1710000.0,0.0 
 04/04  23:00:00,1710000.0,0.0 
 04/04  24:00:00,1710000.0,0.0 
 04/05  01:00:00,1710000.0,0.0 
 04/05  02:00:00,1710000.0,0.0 
 04/05  03:00:00,1710000.0,0.0 
 04/05  04:00:00,1710000.0,0.0 
 04/05  05:00:00,1710000.0,0.0 
 04/05  06:00:00,1710000.0,0.0 
 04/05  07:00:00,3418405.291582732,1354960.257918031 
 04/05  08:00:00,3227388.8496373156,1354960.257918031 
 04/05  09:00:00,32894461.164457485,1354960.257918031 
 04/05  10:00:00,43228259.442432724,1354960.257918031 
 04/05  11:00:00,44579957.738004625,1354960.257918031 
 04/05  12:00:00,43229533.52650088,1354960.257918031 
 04/05  13:00:00,39183575.78953465,1354960.257918031 
 04/05  14:00:00,41899679.55615267,1354960.257918031 
 04/05  15:00:00,42823530.577251695,1354960.257918031 
 04/05  16:00:00,41026613.59678857,1354960.257918031 
 04/05  17:00:00,37403636.69415437,1354960.257918031 
 04/05  18:00:00,37377428.52546352,1354960.257918031 
 04/05  19:00:00,22992835.355232514,1354960.257918031 
 04/05  20:00:00,12223912.984426692,1354960.257918031 
 04/05  21:00:00,5760000.0,0.0 
 04/05  22:00:00,1710000.0,0.0 
 04/05  23:00:00,1710000.0,0.0 
 04/05  24:00:00,1710000.0,0.0 
 04/06  01:00:00,4950000.0,0.0 
 04/06  02:00:00,4950000.0,0.0 
 04/06  03:00:00,4950000.0,0.0 
 04/06  04:00:00,4950000.0,0.0 
 04/06  05:00:00,4950000.0,0.0 
 04/06  06:00:00,4950000.0,0.0 
 04/06  07:00:00,4950000.0,0.0 
 04/06  08:00:00,4950000.0,0.0 
 04/06  09:00:00,4950000.0,0.0 
 04/06  10:00:00,4950000.0,0.0 
 04/06  11:00:00,4950000.0,0.0 
 04/06  12:00:00,4950000.0,0.0 
 04/06  13:00:00,4950000.0,0.0 
 04/06  14:00:00,4950000.0,0.0 
 04/06  15:00:00,4950000.0,0.0 
 04/06  16:00:00,4950000.0,0.0 
 04/06  17:00:00,4950000.0,0.0 
 04/06  18:00:00,4950000.0,0.0 
 04/06  19:00:00,4950000.0,0.0 
 04/06  20:00:00,4950000.0,0.0 
 04/06  21:00:00,4950000.0,0.0 
 04/06  22:00:00,4950000.0,0.0 
 04/06  23:00:00,4950000.0,0.0 
 04/06  24:00:00,4950000.0,0.0 
 04/07  01:00:00,4950000.0,0.0 
 04/07  02:00:00,4950000.0,0.0 
 04/07  03:00:00,4950000.0,0.0 
 04/07  04:00:00,4950000.0,0.0 
 04/07  05:00:00,4950000.0,0.0 
 04/07  06:00:00,4950000.0,0.0 
 04/07  07:00:00,4950000.0,0.0 
 04/07  08:00:00,4950000.0,0.0 
 04/07  09:00:00,4950000.0,0.0 
 04/07  10:00:00,4950000.0,0.0 
 04/07  11:00:00,4950000.0,0.0 
 04/07  12:00:00,4950000.0,0.0 
 04/07  13:00:00,4950000.0,0.0 
 04/07  14:00:00,4950000.0,0.0 
 04/07  15:00:00,4950000.0,0.0 
 04/07  16:00:00,4950000.0,0.0 
 04/07  17:00:00,4950000.0,0.0 
 04/07  18:00:00,4950000.0,0.0 
 04/07  19:00:00,4950000.0,0.0 
 04/07  20:00:00,4950000.0,0.0 
 04/07  21:00:00,4950000.0,0.0 
 04/07  22:00:00,4950000.0,0.0 
 04/07  23:00:00,4950000.0,0.0 
 04/07  24:00:00,4950000.0,0.0 
 04/08  01:00:00,1710000.0,0.0 
 04/08  02:00:00,1710000.0,0.0 
 04/08  03:00:00,1710000.0,0.0 
 04/08  04:00:00,1710000.0,0.0 
 04/08  05:00:00,1710000.0,0.0 
 04/08  06:00:00,1710000.0,0.0 
 04/08  07:00:00,3297584.751112742,1354960.257918031 
 04/08  08:00:00,3163652.7843795037,1354960.257918031 
 04/08  09:00:00,32869893.830162533,1354960.257918031 
 04/08  10:00:00,43207926.406242326,1354960.257918031 
 04/08  11:00:00,46215750.09053241,1354960.257918031 
 04/08  12:00:00,45426064.85430074,1354960.257918031 
 04/08  13:00:00,41539652.06710941,1354960.257918031 
 04/08  14:00:00,44286742.93956463,1354960.257918031 
 04/08  15:00:00,45234586.897122815,1354960.257918031 
 04/08  16:00:00,43466316.27765737,1354960.257918031 
 04/08  17:00:00,39892216.14893566,1354960.257918031 
 04/08  18:00:00,39918428.33455059,1354960.257918031 
 04/08  19:00:00,23587467.79692623,1354960.257918031 
 04/08  20:00:00,12192270.309461566,1354960.257918031 
 04/08  21:00:00,5760000.0,0.0 
 04/08  22:00:00,1710000.0,0.0 
 04/08  23:00:00,1710000.0,0.0 
 04/08  24:00:00,1710000.0,0.0 
 04/09  01:00:00,1710000.0,0.0 
 04/09  02:00:00,1710000.0,0.0 
 04/09  03:00:00,1710000.0,0.0 
 04/09  04:00:00,1710000.0,0.0 
 04/09  05:00:00,1710000.0,0.0 
 04/09  06:00:00,1710000.0,0.0 
 04/09  07:00:00,3281943.829278541,1354960.257918031 
 04/09  08:00:00,3169114.31887185,1354960.257918031 
 04/09  09:00:00,32881889.73989023,1354960.257918031 
 04/09  10:00:00,43221224.83295433,1354960.257918031 
 04/09  11:00:00,44568968.92724492,1354960.257918031 
 04/09  12:00:00,43220204.393761046,1354960.257918031 
 04/09  13:00:00,39167582.01894325,1354960.257918031 
 04/09  14:00:00,41860458.559239864,1354960.257918031 
 04/09  15:00:00,42757266.00550996,1354960.257918031 
 04/09  16:00:00,43490680.19407266,1425412.716890598 
 04/09  17:00:00,38539969.442033745,1421423.060016766 
 04/09  18:00:00,37357804.9283952,1354960.257918031 
 04/09  19:00:00,22966767.962124318,1354960.257918031 
 04/09  20:00:00,12196144.826019825,1354960.257918031 
 04/09  21:00:00,5760000.0,0.0 
 04/09  22:00:00,1710000.0,0.0 
 04/09  23:00:00,1710000.0,0.0 
 04/09  24:00:00,1710000.0,0.0 
 04/10  01:00:00,1710000.0,0.0 
 04/10  02:00:00,1710000.0,0.0 
 04/10  03:00:00,1710000.0,0.0 
 04/10  04:00:00,1710000.0,0.0 
 04/10  05:00:00,1710000.0,0.0 
 04/10  06:00:00,1710000.0,0.0 
 04/10  07:00:00,3309580.974484372,1354960.257918031 
 04/10  08:00:00,3147924.8255787552,1354960.257918031 
 04/10  09:00:00,32861958.07951287,1354960.257918031 
 04/10  10:00:00,45667550.32947025,1392852.9969203793 
 04/10  11:00:00,48501601.77804682,1461649.1606762232 
 04/10  12:00:00,47828304.620166674,1511289.8496224333 
 04/10  13:00:00,43438787.62601373,1416659.8790571666 
 04/10  14:00:00,46641545.926398516,1460816.4404598298 
 04/10  15:00:00,48173464.718861595,1487464.3312006495 
 04/10  16:00:00,48049863.29944832,1653510.3554545175 
 04/10  17:00:00,44005537.64431881,1592872.603176064 
 04/10  18:00:00,42390793.96813825,1453583.8149644588 
 04/10  19:00:00,26362521.154312886,1354960.257918031 
 04/10  20:00:00,15016082.61490683,1354960.257918031 
 04/10  21:00:00,5760000.0,0.0 
 04/10  22:00:00,1710000.0,0.0 
 04/10  23:00:00,1710000.0,0.0 
 04/10  24:00:00,1710000.0,0.0 
 04/11  01:00:00,1710000.0,0.0 
 04/11  02:00:00,1710000.0,0.0 
 04/11  03:00:00,1710000.0,0.0 
 04/11  04:00:00,1710000.0,0.0 
 04/11  05:00:00,1710000.0,0.0 
 04/11  06:00:00,1710000.0,0.0 
 04/11  07:00:00,4741108.564961727,1354960.257918031 
 04/11  08:00:00,5584311.254972165,1354960.257918031 
 04/11  09:00:00,35905072.40536613,1354960.257918031 
 04/11  10:00:00,47926827.089685075,1420081.0825076255 
 04/11  11:00:00,51085124.18531394,1587914.5611530966 
 04/11  12:00:00,49016829.44122933,1410841.931883672 
 04/11  13:00:00,44690945.99018184,1373172.3816768692 
 04/11  14:00:00,48719320.97875607,1434604.1872387456 
 04/11  15:00:00,50716705.08690584,1478512.253516688 
 04/11  16:00:00,49236892.551551215,1494851.5138101052 
 04/11  17:00:00,44942210.23902734,1447478.708511917 
 04/11  18:00:00,44108040.42373435,1408390.9954750924 
 04/11  19:00:00,28389113.677214492,1354960.257918031 
 04/11  20:00:00,17228395.8455938,1354960.257918031 
 04/11  21:00:00,5760000.0,0.0 
 04/11  22:00:00,1710000.0,0.0 
 04/11  23:00:00,1710000.0,0.0 
 04/11  24:00:00,1710000.0,0.0 
 04/12  01:00:00,1710000.0,0.0 
 04/12  02:00:00,1710000.0,0.0 
 04/12  03:00:00,1710000.0,0.0 
 04/12  04:00:00,1710000.0,0.0 
 04/12  05:00:00,1710000.0,0.0 
 04/12  06:00:00,1710000.0,0.0 
 04/12  07:00:00,6936229.077779604,1354960.257918031 
 04/12  08:00:00,7025002.464074792,1354960.257918031 
 04/12  09:00:00,36982455.141370945,1354960.257918031 
 04/12  10:00:00,47487672.414657325,1354960.257918031 
 04/12  11:00:00,48886075.69775905,1354960.257918031 
 04/12  12:00:00,47578439.80812542,1354960.257918031 
 04/12  13:00:00,42741050.24203407,1354960.257918031 
 04/12  14:00:00,44900209.87751212,1354960.257918031 
 04/12  15:00:00,46005043.36857056,1386793.2273025098 
 04/12  16:00:00,43716677.18879591,1354960.257918031 
 04/12  17:00:00,39952324.064939745,1354960.257918031 
 04/12  18:00:00,38584294.50734939,1354960.257918031 
 04/12  19:00:00,22967506.79465815,1354960.257918031 
 04/12  20:00:00,12188173.885269376,1354960.257918031 
 04/12  21:00:00,5760000.0,0.0 
 04/12  22:00:00,1710000.0,0.0 
 04/12  23:00:00,1710000.0,0.0 
 04/12  24:00:00,1710000.0,0.0 
 04/13  01:00:00,4950000.0,0.0 
 04/13  02:00:00,4950000.0,0.0 
 04/13  03:00:00,4950000.0,0.0 
 04/13  04:00:00,4950000.0,0.0 
 04/13  05:00:00,4950000.0,0.0 
 04/13  06:00:00,4950000.0,0.0 
 04/13  07:00:00,4950000.0,0.0 
 04/13  08:00:00,4950000.0,0.0 
 04/13  09:00:00,4950000.0,0.0 
 04/13  10:00:00,4950000.0,0.0 
 04/13  11:00:00,4950000.0,0.0 
 04/13  12:00:00,4950000.0,0.0 
 04/13  13:00:00,4950000.0,0.0 
 04/13  14:00:00,4950000.0,0.0 
 04/13  15:00:00,4950000.0,0.0 
 04/13  16:00:00,4950000.0,0.0 
 04/13  17:00:00,4950000.0,0.0 
 04/13  18:00:00,4950000.0,0.0 
 04/13  19:00:00,4950000.0,0.0 
 04/13  20:00:00,4950000.0,0.0 
 04/13  21:00:00,4950000.0,0.0 
 04/13  22:00:00,4950000.0,0.0 
 04/13  23:00:00,4950000.0,0.0 
 04/13  24:00:00,4950000.0,0.0 
 04/14  01:00:00,4950000.0,0.0 
 04/14  02:00:00,4950000.0,0.0 
 04/14  03:00:00,4950000.0,0.0 
 04/14  04:00:00,4950000.0,0.0 
 04/14  05:00:00,4950000.0,0.0 
 04/14  06:00:00,4950000.0,0.0 
 04/14  07:00:00,4950000.0,0.0 
 04/14  08:00:00,4950000.0,0.0 
 04/14  09:00:00,4950000.0,0.0 
 04/14  10:00:00,4950000.0,0.0 
 04/14  11:00:00,4950000.0,0.0 
 04/14  12:00:00,4950000.0,0.0 
 04/14  13:00:00,4950000.0,0.0 
 04/14  14:00:00,4950000.0,0.0 
 04/14  15:00:00,4950000.0,0.0 
 04/14  16:00:00,4950000.0,0.0 
 04/14  17:00:00,4950000.0,0.0 
 04/14  18:00:00,4950000.0,0.0 
 04/14  19:00:00,4950000.0,0.0 
 04/14  20:00:00,4950000.0,0.0 
 04/14  21:00:00,4950000.0,0.0 
 04/14  22:00:00,4950000.0,0.0 
 04/14  23:00:00,4950000.0,0.0 
 04/14  24:00:00,4950000.0,0.0 
 04/15  01:00:00,1710000.0,0.0 
 04/15  02:00:00,1710000.0,0.0 
 04/15  03:00:00,1710000.0,0.0 
 04/15  04:00:00,1710000.0,0.0 
 04/15  05:00:00,1710000.0,0.0 
 04/15  06:00:00,1710000.0,0.0 
 04/15  07:00:00,8250130.2838233225,1354960.257918031 
 04/15  08:00:00,8830284.174169257,1354960.257918031 
 04/15  09:00:00,39856759.3145413,1372743.0734341722 
 04/15  10:00:00,52725061.68591755,1461174.9810269338 
 04/15  11:00:00,56586292.838101104,1504568.0626111354 
 04/15  12:00:00,56554241.42296318,1517261.9178970526 
 04/15  13:00:00,51540493.30889551,1448309.5587779498 
 04/15  14:00:00,55171304.49846534,1529254.543039672 
 04/15  15:00:00,57201031.85856998,1609080.6952429407 
 04/15  16:00:00,55538480.399024114,1613867.9287680862 
 04/15  17:00:00,50458071.88187291,1537640.789000417 
 04/15  18:00:00,48914837.54174636,1476741.9329048384 
 04/15  19:00:00,31530506.18396783,1354960.257918031 
 04/15  20:00:00,20787516.31059779,1354960.257918031 
 04/15  21:00:00,5760000.0,0.0 
 04/15  22:00:00,1710000.0,0.0 
 04/15  23:00:00,1710000.0,0.0 
 04/15  24:00:00,1710000.0,0.0 
 04/16  01:00:00,1710000.0,0.0 
 04/16  02:00:00,1710000.0,0.0 
 04/16  03:00:00,1710000.0,0.0 
 04/16  04:00:00,1710000.0,0.0 
 04/16  05:00:00,1710000.0,0.0 
 04/16  06:00:00,1710000.0,0.0 
 04/16  07:00:00,10196368.094914868,1354960.257918031 
 04/16  08:00:00,10863669.366005767,1354960.257918031 
 04/16  09:00:00,41602328.88321574,1377656.6014553835 
 04/16  10:00:00,54284783.0573314,1474977.958235223 
 04/16  11:00:00,58043894.50153953,1537301.8541996793 
 04/16  12:00:00,57233180.98210542,1539954.1651878424 
 04/16  13:00:00,51802249.70021908,1455131.69229796 
 04/16  14:00:00,55826315.654548496,1532088.2180998302 
 04/16  15:00:00,57632016.36578317,1608186.2122666598 
 04/16  16:00:00,54824299.28038885,1569609.9897153834 
 04/16  17:00:00,48702733.42674278,1444951.0178258778 
 04/16  18:00:00,47333488.969041005,1402664.5799723542 
 04/16  19:00:00,31341856.48761471,1354960.257918031 
 04/16  20:00:00,20506587.458372064,1354960.257918031 
 04/16  21:00:00,5760000.0,0.0 
 04/16  22:00:00,1710000.0,0.0 
 04/16  23:00:00,1710000.0,0.0 
 04/16  24:00:00,1710000.0,0.0 
 04/17  01:00:00,1710000.0,0.0 
 04/17  02:00:00,1710000.0,0.0 
 04/17  03:00:00,1710000.0,0.0 
 04/17  04:00:00,1710000.0,0.0 
 04/17  05:00:00,1710000.0,0.0 
 04/17  06:00:00,1710000.0,0.0 
 04/17  07:00:00,9607975.56262332,1354960.257918031 
 04/17  08:00:00,9976853.14196477,1354960.257918031 
 04/17  09:00:00,40887946.6281845,1369354.2327612098 
 04/17  10:00:00,53238163.901916444,1447869.3746984066 
 04/17  11:00:00,55989602.20196502,1470114.4851729863 
 04/17  12:00:00,55641177.04507199,1496611.4572013256 
 04/17  13:00:00,50152965.85296133,1428700.132135341 
 04/17  14:00:00,54582885.61161756,1502004.0980317015 
 04/17  15:00:00,56710327.687662564,1579966.9543875086 
 04/17  16:00:00,54439208.28329389,1593301.3585627214 
 04/17  17:00:00,48996180.30910466,1528678.6174849009 
 04/17  18:00:00,47300719.403837964,1474948.8881488307 
 04/17  19:00:00,29847949.332153976,1354960.257918031 
 04/17  20:00:00,18426227.597236313,1354960.257918031 
 04/17  21:00:00,5760000.0,0.0 
 04/17  22:00:00,1710000.0,0.0 
 04/17  23:00:00,1710000.0,0.0 
 04/17  24:00:00,1710000.0,0.0 
 04/18  01:00:00,1710000.0,0.0 
 04/18  02:00:00,1710000.0,0.0 
 04/18  03:00:00,1710000.0,0.0 
 04/18  04:00:00,1710000.0,0.0 
 04/18  05:00:00,1710000.0,0.0 
 04/18  06:00:00,1710000.0,0.0 
 04/18  07:00:00,10286326.31991609,1354960.257918031 
 04/18  08:00:00,11234794.777980134,1354960.257918031 
 04/18  09:00:00,42126198.9308988,1372607.7484343476 
 04/18  10:00:00,53427247.864045046,1392918.4834816933 
 04/18  11:00:00,57917816.20375271,1511029.284242739 
 04/18  12:00:00,57644460.601395816,1533301.0233688569 
 04/18  13:00:00,52843650.12958713,1461878.6243071675 
 04/18  14:00:00,56939267.3347951,1548873.9340115963 
 04/18  15:00:00,58631022.17361072,1619062.8509656512 
 04/18  16:00:00,54591401.221196145,1528557.8650267213 
 04/18  17:00:00,48497614.9425195,1429121.9245995358 
 04/18  18:00:00,48375635.410904035,1422075.7413919521 
 04/18  19:00:00,32774327.616281923,1354960.257918031 
 04/18  20:00:00,22158739.26182995,1354960.257918031 
 04/18  21:00:00,5760000.0,0.0 
 04/18  22:00:00,1710000.0,0.0 
 04/18  23:00:00,1710000.0,0.0 
 04/18  24:00:00,1710000.0,0.0 
 04/19  01:00:00,1710000.0,0.0 
 04/19  02:00:00,1710000.0,0.0 
 04/19  03:00:00,1710000.0,0.0 
 04/19  04:00:00,1710000.0,0.0 
 04/19  05:00:00,1710000.0,0.0 
 04/19  06:00:00,1710000.0,0.0 
 04/19  07:00:00,7000448.969186017,1354960.257918031 
 04/19  08:00:00,6801552.140568038,1354960.257918031 
 04/19  09:00:00,36699747.51078215,1354960.257918031 
 04/19  10:00:00,47534489.80839048,1421174.4829899324 
 04/19  11:00:00,50215672.55488142,1584792.8551500693 
 04/19  12:00:00,48229494.0135878,1471418.9205988634 
 04/19  13:00:00,43413056.73067727,1449047.5168483993 
 04/19  14:00:00,45975450.025755905,1447832.8817070115 
 04/19  15:00:00,47032941.66813082,1458269.6485600926 
 04/19  16:00:00,45959087.37903124,1577704.8993582297 
 04/19  17:00:00,40769535.86654118,1395942.636438742 
 04/19  18:00:00,40027438.25497423,1354960.257918031 
 04/19  19:00:00,24194325.048372176,1354960.257918031 
 04/19  20:00:00,12178545.187705625,1354960.257918031 
 04/19  21:00:00,5760000.0,0.0 
 04/19  22:00:00,1710000.0,0.0 
 04/19  23:00:00,1710000.0,0.0 
 04/19  24:00:00,1710000.0,0.0 
 04/20  01:00:00,4950000.0,0.0 
 04/20  02:00:00,4950000.0,0.0 
 04/20  03:00:00,4950000.0,0.0 
 04/20  04:00:00,4950000.0,0.0 
 04/20  05:00:00,4950000.0,0.0 
 04/20  06:00:00,4950000.0,0.0 
 04/20  07:00:00,4950000.0,0.0 
 04/20  08:00:00,4950000.0,0.0 
 04/20  09:00:00,4950000.0,0.0 
 04/20  10:00:00,4950000.0,0.0 
 04/20  11:00:00,4950000.0,0.0 
 04/20  12:00:00,4950000.0,0.0 
 04/20  13:00:00,4950000.0,0.0 
 04/20  14:00:00,4950000.0,0.0 
 04/20  15:00:00,4950000.0,0.0 
 04/20  16:00:00,4950000.0,0.0 
 04/20  17:00:00,4950000.0,0.0 
 04/20  18:00:00,4950000.0,0.0 
 04/20  19:00:00,4950000.0,0.0 
 04/20  20:00:00,4950000.0,0.0 
 04/20  21:00:00,4950000.0,0.0 
 04/20  22:00:00,4950000.0,0.0 
 04/20  23:00:00,4950000.0,0.0 
 04/20  24:00:00,4950000.0,0.0 
 04/21  01:00:00,4950000.0,0.0 
 04/21  02:00:00,4950000.0,0.0 
 04/21  03:00:00,4950000.0,0.0 
 04/21  04:00:00,4950000.0,0.0 
 04/21  05:00:00,4950000.0,0.0 
 04/21  06:00:00,4950000.0,0.0 
 04/21  07:00:00,4950000.0,0.0 
 04/21  08:00:00,4950000.0,0.0 
 04/21  09:00:00,4950000.0,0.0 
 04/21  10:00:00,4950000.0,0.0 
 04/21  11:00:00,4950000.0,0.0 
 04/21  12:00:00,4950000.0,0.0 
 04/21  13:00:00,4950000.0,0.0 
 04/21  14:00:00,4950000.0,0.0 
 04/21  15:00:00,4950000.0,0.0 
 04/21  16:00:00,4950000.0,0.0 
 04/21  17:00:00,4950000.0,0.0 
 04/21  18:00:00,4950000.0,0.0 
 04/21  19:00:00,4950000.0,0.0 
 04/21  20:00:00,4950000.0,0.0 
 04/21  21:00:00,4950000.0,0.0 
 04/21  22:00:00,4950000.0,0.0 
 04/21  23:00:00,4950000.0,0.0 
 04/21  24:00:00,4950000.0,0.0 
 04/22  01:00:00,1710000.0,0.0 
 04/22  02:00:00,1710000.0,0.0 
 04/22  03:00:00,1710000.0,0.0 
 04/22  04:00:00,1710000.0,0.0 
 04/22  05:00:00,1710000.0,0.0 
 04/22  06:00:00,1710000.0,0.0 
 04/22  07:00:00,3339050.971258567,1354960.257918031 
 04/22  08:00:00,3189184.731614423,1354960.257918031 
 04/22  09:00:00,32892552.971426442,1354960.257918031 
 04/22  10:00:00,43228274.22758821,1354960.257918031 
 04/22  11:00:00,44578465.72837016,1354960.257918031 
 04/22  12:00:00,43235598.1339059,1354960.257918031 
 04/22  13:00:00,39175855.40180743,1354960.257918031 
 04/22  14:00:00,41868320.66739902,1354960.257918031 
 04/22  15:00:00,42766474.210329264,1354960.257918031 
 04/22  16:00:00,40966479.59141619,1354960.257918031 
 04/22  17:00:00,38526841.600856856,1447472.3412965143 
 04/22  18:00:00,37781685.237030886,1390487.9556439072 
 04/22  19:00:00,22981412.26827438,1354960.257918031 
 04/22  20:00:00,12199592.788705513,1354960.257918031 
 04/22  21:00:00,5760000.0,0.0 
 04/22  22:00:00,1710000.0,0.0 
 04/22  23:00:00,1710000.0,0.0 
 04/22  24:00:00,1710000.0,0.0 
 04/23  01:00:00,1710000.0,0.0 
 04/23  02:00:00,1710000.0,0.0 
 04/23  03:00:00,1710000.0,0.0 
 04/23  04:00:00,1710000.0,0.0 
 04/23  05:00:00,1710000.0,0.0 
 04/23  06:00:00,1710000.0,0.0 
 04/23  07:00:00,3305606.614786677,1354960.257918031 
 04/23  08:00:00,3149543.132270905,1354960.257918031 
 04/23  09:00:00,33016600.844142497,1367117.3216522024 
 04/23  10:00:00,44357119.87637393,1401125.8940697354 
 04/23  11:00:00,46540573.492029876,1462396.8422633305 
 04/23  12:00:00,46009063.94613693,1405991.011123346 
 04/23  13:00:00,42232007.979981646,1402428.429098561 
 04/23  14:00:00,45622717.672932714,1431452.8312536804 
 04/23  15:00:00,47524105.6230845,1467976.814776369 
 04/23  16:00:00,46041941.93913498,1488158.7679015994 
 04/23  17:00:00,43299434.666277505,1584549.319511011 
 04/23  18:00:00,42065686.243095174,1488032.2003760245 
 04/23  19:00:00,26082350.25910517,1354960.257918031 
 04/23  20:00:00,14225510.145639282,1354960.257918031 
 04/23  21:00:00,5760000.0,0.0 
 04/23  22:00:00,1710000.0,0.0 
 04/23  23:00:00,1710000.0,0.0 
 04/23  24:00:00,1710000.0,0.0 
 04/24  01:00:00,1710000.0,0.0 
 04/24  02:00:00,1710000.0,0.0 
 04/24  03:00:00,1710000.0,0.0 
 04/24  04:00:00,1710000.0,0.0 
 04/24  05:00:00,1710000.0,0.0 
 04/24  06:00:00,1710000.0,0.0 
 04/24  07:00:00,5447452.83867613,1354960.257918031 
 04/24  08:00:00,5829514.224577767,1354960.257918031 
 04/24  09:00:00,36540344.123953916,1369310.2003943077 
 04/24  10:00:00,48590041.48733324,1483317.741800054 
 04/24  11:00:00,51143873.5292493,1520920.2961049874 
 04/24  12:00:00,49851613.91308513,1437503.1177482656 
 04/24  13:00:00,45186301.72044856,1382350.8349447623 
 04/24  14:00:00,48079528.19656351,1402806.7709642309 
 04/24  15:00:00,49945713.787489794,1465307.0386903659 
 04/24  16:00:00,47566927.11995617,1393064.1670356297 
 04/24  17:00:00,43149701.27407289,1354960.257918031 
 04/24  18:00:00,41200899.11169086,1354960.257918031 
 04/24  19:00:00,25637910.02119631,1354960.257918031 
 04/24  20:00:00,14464187.553370457,1354960.257918031 
 04/24  21:00:00,5760000.0,0.0 
 04/24  22:00:00,1710000.0,0.0 
 04/24  23:00:00,1710000.0,0.0 
 04/24  24:00:00,1710000.0,0.0 
 04/25  01:00:00,1710000.0,0.0 
 04/25  02:00:00,1710000.0,0.0 
 04/25  03:00:00,1710000.0,0.0 
 04/25  04:00:00,1710000.0,0.0 
 04/25  05:00:00,1710000.0,0.0 
 04/25  06:00:00,1710000.0,0.0 
 04/25  07:00:00,3280627.881027185,1354960.257918031 
 04/25  08:00:00,3136266.4769715234,1354960.257918031 
 04/25  09:00:00,32862771.734183677,1354960.257918031 
 04/25  10:00:00,44192035.04814533,1387861.61801858 
 04/25  11:00:00,47324843.06777733,1435901.1666284245 
 04/25  12:00:00,46243906.15770247,1450031.594076072 
 04/25  13:00:00,41689534.07629712,1354960.257918031 
 04/25  14:00:00,44482305.739333704,1354960.257918031 
 04/25  15:00:00,46702520.55390549,1494617.960782419 
 04/25  16:00:00,44775955.50582508,1452400.31290561 
 04/25  17:00:00,40825023.745567985,1431551.7136352435 
 04/25  18:00:00,40923681.22081601,1462312.92070858 
 04/25  19:00:00,25354187.166032016,1354960.257918031 
 04/25  20:00:00,12443761.329541575,1354960.257918031 
 04/25  21:00:00,5760000.0,0.0 
 04/25  22:00:00,1710000.0,0.0 
 04/25  23:00:00,1710000.0,0.0 
 04/25  24:00:00,1710000.0,0.0 
 04/26  01:00:00,1710000.0,0.0 
 04/26  02:00:00,1710000.0,0.0 
 04/26  03:00:00,1710000.0,0.0 
 04/26  04:00:00,1710000.0,0.0 
 04/26  05:00:00,1710000.0,0.0 
 04/26  06:00:00,1710000.0,0.0 
 04/26  07:00:00,3289214.670358918,1354960.257918031 
 04/26  08:00:00,3146878.274368255,1354960.257918031 
 04/26  09:00:00,32871210.20778503,1354960.257918031 
 04/26  10:00:00,43601458.37443284,1389456.7947517815 
 04/26  11:00:00,46199696.50841331,1450427.4299527667 
 04/26  12:00:00,45117407.92681588,1471620.725653628 
 04/26  13:00:00,41272352.65080352,1389853.8225386103 
 04/26  14:00:00,44959165.98513387,1422793.215995595 
 04/26  15:00:00,46192963.3005378,1453188.2588792576 
 04/26  16:00:00,44472628.84658913,1468145.101625267 
 04/26  17:00:00,41327831.20131257,1540721.5465017706 
 04/26  18:00:00,38453066.04041031,1401939.8231314456 
 04/26  19:00:00,22962923.862409756,1354960.257918031 
 04/26  20:00:00,12184697.23651776,1354960.257918031 
 04/26  21:00:00,5760000.0,0.0 
 04/26  22:00:00,1710000.0,0.0 
 04/26  23:00:00,1710000.0,0.0 
 04/26  24:00:00,1710000.0,0.0 
 04/27  01:00:00,4950000.0,0.0 
 04/27  02:00:00,4950000.0,0.0 
 04/27  03:00:00,4950000.0,0.0 
 04/27  04:00:00,4950000.0,0.0 
 04/27  05:00:00,4950000.0,0.0 
 04/27  06:00:00,4950000.0,0.0 
 04/27  07:00:00,4950000.0,0.0 
 04/27  08:00:00,4950000.0,0.0 
 04/27  09:00:00,4950000.0,0.0 
 04/27  10:00:00,4950000.0,0.0 
 04/27  11:00:00,4950000.0,0.0 
 04/27  12:00:00,4950000.0,0.0 
 04/27  13:00:00,4950000.0,0.0 
 04/27  14:00:00,4950000.0,0.0 
 04/27  15:00:00,4950000.0,0.0 
 04/27  16:00:00,4950000.0,0.0 
 04/27  17:00:00,4950000.0,0.0 
 04/27  18:00:00,4950000.0,0.0 
 04/27  19:00:00,4950000.0,0.0 
 04/27  20:00:00,4950000.0,0.0 
 04/27  21:00:00,4950000.0,0.0 
 04/27  22:00:00,4950000.0,0.0 
 04/27  23:00:00,4950000.0,0.0 
 04/27  24:00:00,4950000.0,0.0 
 04/28  01:00:00,4950000.0,0.0 
 04/28  02:00:00,4950000.0,0.0 
 04/28  03:00:00,4950000.0,0.0 
 04/28  04:00:00,4950000.0,0.0 
 04/28  05:00:00,4950000.0,0.0 
 04/28  06:00:00,4950000.0,0.0 
 04/28  07:00:00,4950000.0,0.0 
 04/28  08:00:00,4950000.0,0.0 
 04/28  09:00:00,4950000.0,0.0 
 04/28  10:00:00,4950000.0,0.0 
 04/28  11:00:00,4950000.0,0.0 
 04/28  12:00:00,4950000.0,0.0 
 04/28  13:00:00,4950000.0,0.0 
 04/28  14:00:00,4950000.0,0.0 
 04/28  15:00:00,4950000.0,0.0 
 04/28  16:00:00,4950000.0,0.0 
 04/28  17:00:00,4950000.0,0.0 
 04/28  18:00:00,4950000.0,0.0 
 04/28  19:00:00,4950000.0,0.0 
 04/28  20:00:00,4950000.0,0.0 
 04/28  21:00:00,4950000.0,0.0 
 04/28  22:00:00,4950000.0,0.0 
 04/28  23:00:00,4950000.0,0.0 
 04/28  24:00:00,4950000.0,0.0 
 04/29  01:00:00,1710000.0,0.0 
 04/29  02:00:00,1710000.0,0.0 
 04/29  03:00:00,1710000.0,0.0 
 04/29  04:00:00,1710000.0,0.0 
 04/29  05:00:00,1710000.0,0.0 
 04/29  06:00:00,1710000.0,0.0 
 04/29  07:00:00,3313237.7967871493,1354960.257918031 
 04/29  08:00:00,3161102.6548172976,1354960.257918031 
 04/29  09:00:00,32868040.88942033,1354960.257918031 
 04/29  10:00:00,43207721.67465737,1354960.257918031 
 04/29  11:00:00,45258631.36194362,1354960.257918031 
 04/29  12:00:00,45653337.68549098,1354960.257918031 
 04/29  13:00:00,41749726.95109059,1354960.257918031 
 04/29  14:00:00,45016369.63739516,1354960.257918031 
 04/29  15:00:00,46989650.5807253,1423145.4578686636 
 04/29  16:00:00,46577153.41450297,1585263.6612528893 
 04/29  17:00:00,42367763.697502494,1454258.8538702964 
 04/29  18:00:00,42746523.81475367,1503436.332208543 
 04/29  19:00:00,26750155.02949009,1354960.257918031 
 04/29  20:00:00,15244486.339751834,1354960.257918031 
 04/29  21:00:00,5760000.0,0.0 
 04/29  22:00:00,1710000.0,0.0 
 04/29  23:00:00,1710000.0,0.0 
 04/29  24:00:00,1710000.0,0.0 
 04/30  01:00:00,1710000.0,0.0 
 04/30  02:00:00,1710000.0,0.0 
 04/30  03:00:00,1710000.0,0.0 
 04/30  04:00:00,1710000.0,0.0 
 04/30  05:00:00,1710000.0,0.0 
 04/30  06:00:00,1710000.0,0.0 
 04/30  07:00:00,5108432.917644341,1354960.257918031 
 04/30  08:00:00,5150931.4512098525,1354960.257918031 
 04/30  09:00:00,35103310.937050276,1354960.257918031 
 04/30  10:00:00,45603729.94746524,1354960.257918031 
 04/30  11:00:00,47106088.07859616,1354960.257918031 
 04/30  12:00:00,45951571.03630911,1354960.257918031 
 04/30  13:00:00,42001409.775266655,1354960.257918031 
 04/30  14:00:00,44893585.466324195,1354960.257918031 
 04/30  15:00:00,46568938.4309344,1417642.9167457803 
 04/30  16:00:00,44889124.45467371,1416175.2032074546 
 04/30  17:00:00,41336937.4494765,1407389.426148609 
 04/30  18:00:00,40496649.76637345,1354960.257918031 
 04/30  19:00:00,25703065.330273606,1354960.257918031 
 04/30  20:00:00,14612298.744409055,1354960.257918031 
 04/30  21:00:00,5760000.0,0.0 
 04/30  22:00:00,1710000.0,0.0 
 04/30  23:00:00,1710000.0,0.0 
 04/30  24:00:00,1710000.0,0.0,12291469661.370768,10777140000.0,6822900000.0,429946609.701318,1084383051.6694613,3545461234.8084188,3545461234.8084188,,,,,,,,6822900000.0,,10777140000.0,,3954240000.0 
 05/01  01:00:00,1710000.0,0.0 
 05/01  02:00:00,1710000.0,0.0 
 05/01  03:00:00,1710000.0,0.0 
 05/01  04:00:00,1710000.0,0.0 
 05/01  05:00:00,1710000.0,0.0 
 05/01  06:00:00,1710000.0,0.0 
 05/01  07:00:00,4371002.213772209,1354960.257918031 
 05/01  08:00:00,5699193.4625497935,1354960.257918031 
 05/01  09:00:00,35749325.92520791,1354960.257918031 
 05/01  10:00:00,46293816.90211904,1354960.257918031 
 05/01  11:00:00,48013495.27303423,1354960.257918031 
 05/01  12:00:00,48227315.906329356,1495393.8359416192 
 05/01  13:00:00,43063904.355133764,1354960.257918031 
 05/01  14:00:00,46895039.82264266,1492834.9568138411 
 05/01  15:00:00,47597339.76358026,1435212.8406761822 
 05/01  16:00:00,45876252.41441674,1423579.2534145955 
 05/01  17:00:00,41586814.27606404,1354960.257918031 
 05/01  18:00:00,41486061.60406947,1354960.257918031 
 05/01  19:00:00,26682009.383998305,1354960.257918031 
 05/01  20:00:00,15239474.42178307,1354960.257918031 
 05/01  21:00:00,5760000.0,0.0 
 05/01  22:00:00,1710000.0,0.0 
 05/01  23:00:00,1710000.0,0.0 
 05/01  24:00:00,1710000.0,0.0 
 05/02  01:00:00,1710000.0,0.0 
 05/02  02:00:00,1710000.0,0.0 
 05/02  03:00:00,1710000.0,0.0 
 05/02  04:00:00,1710000.0,0.0 
 05/02  05:00:00,1710000.0,0.0 
 05/02  06:00:00,1710000.0,0.0 
 05/02  07:00:00,3263117.2058447627,1354960.257918031 
 05/02  08:00:00,4165053.5824307706,1354960.257918031 
 05/02  09:00:00,35614108.16154261,1354960.257918031 
 05/02  10:00:00,47286841.13885467,1384359.9744170709 
 05/02  11:00:00,50969111.38781159,1562953.2258377639 
 05/02  12:00:00,49537213.839982405,1418828.9080455368 
 05/02  13:00:00,45620164.62377363,1394332.0284291292 
 05/02  14:00:00,49768724.96336023,1474265.7664866457 
 05/02  15:00:00,51465572.65435606,1515972.0500292454 
 05/02  16:00:00,49148540.662147015,1479761.9710123432 
 05/02  17:00:00,44477524.463001564,1424705.3114319805 
 05/02  18:00:00,43732527.01347674,1476094.1352514597 
 05/02  19:00:00,27429608.186483394,1354960.257918031 
 05/02  20:00:00,15915720.840552514,1354960.257918031 
 05/02  21:00:00,5760000.0,0.0 
 05/02  22:00:00,1710000.0,0.0 
 05/02  23:00:00,1710000.0,0.0 
 05/02  24:00:00,1710000.0,0.0 
 05/03  01:00:00,1710000.0,0.0 
 05/03  02:00:00,1710000.0,0.0 
 05/03  03:00:00,1710000.0,0.0 
 05/03  04:00:00,1710000.0,0.0 
 05/03  05:00:00,1710000.0,0.0 
 05/03  06:00:00,1710000.0,0.0 
 05/03  07:00:00,4948123.984974315,1354960.257918031 
 05/03  08:00:00,6378955.053771043,1354960.257918031 
 05/03  09:00:00,37217485.13467948,1372941.4332265623 
 05/03  10:00:00,48927166.00672758,1434107.6871740606 
 05/03  11:00:00,51700376.33234508,1459970.1313939088 
 05/03  12:00:00,51156610.467525035,1467158.9278360694 
 05/03  13:00:00,46263829.754341275,1401144.9412027563 
 05/03  14:00:00,49729618.052690506,1461575.7634844016 
 05/03  15:00:00,51505560.03940759,1512542.997474642 
 05/03  16:00:00,49933551.47858763,1529055.8144750283 
 05/03  17:00:00,45522796.31265707,1484655.3107254375 
 05/03  18:00:00,44527134.58384458,1446995.8319961247 
 05/03  19:00:00,27969677.922908068,1358165.1472753661 
 05/03  20:00:00,16331756.002054986,1354960.257918031 
 05/03  21:00:00,5760000.0,0.0 
 05/03  22:00:00,1710000.0,0.0 
 05/03  23:00:00,1710000.0,0.0 
 05/03  24:00:00,1710000.0,0.0 
 05/04  01:00:00,4950000.0,0.0 
 05/04  02:00:00,4950000.0,0.0 
 05/04  03:00:00,4950000.0,0.0 
 05/04  04:00:00,4950000.0,0.0 
 05/04  05:00:00,4950000.0,0.0 
 05/04  06:00:00,4950000.0,0.0 
 05/04  07:00:00,4950000.0,0.0 
 05/04  08:00:00,4950000.0,0.0 
 05/04  09:00:00,4950000.0,0.0 
 05/04  10:00:00,4950000.0,0.0 
 05/04  11:00:00,4950000.0,0.0 
 05/04  12:00:00,4950000.0,0.0 
 05/04  13:00:00,4950000.0,0.0 
 05/04  14:00:00,4950000.0,0.0 
 05/04  15:00:00,4950000.0,0.0 
 05/04  16:00:00,4950000.0,0.0 
 05/04  17:00:00,4950000.0,0.0 
 05/04  18:00:00,4950000.0,0.0 
 05/04  19:00:00,4950000.0,0.0 
 05/04  20:00:00,4950000.0,0.0 
 05/04  21:00:00,4950000.0,0.0 
 05/04  22:00:00,4950000.0,0.0 
 05/04  23:00:00,4950000.0,0.0 
 05/04  24:00:00,4950000.0,0.0 
 05/05  01:00:00,4950000.0,0.0 
 05/05  02:00:00,4950000.0,0.0 
 05/05  03:00:00,4950000.0,0.0 
 05/05  04:00:00,4950000.0,0.0 
 05/05  05:00:00,4950000.0,0.0 
 05/05  06:00:00,4950000.0,0.0 
 05/05  07:00:00,4950000.0,0.0 
 05/05  08:00:00,4950000.0,0.0 
 05/05  09:00:00,4950000.0,0.0 
 05/05  10:00:00,4950000.0,0.0 
 05/05  11:00:00,4950000.0,0.0 
 05/05  12:00:00,4950000.0,0.0 
 05/05  13:00:00,4950000.0,0.0 
 05/05  14:00:00,4950000.0,0.0 
 05/05  15:00:00,4950000.0,0.0 
 05/05  16:00:00,4950000.0,0.0 
 05/05  17:00:00,4950000.0,0.0 
 05/05  18:00:00,4950000.0,0.0 
 05/05  19:00:00,4950000.0,0.0 
 05/05  20:00:00,4950000.0,0.0 
 05/05  21:00:00,4950000.0,0.0 
 05/05  22:00:00,4950000.0,0.0 
 05/05  23:00:00,4950000.0,0.0 
 05/05  24:00:00,4950000.0,0.0 
 05/06  01:00:00,1710000.0,0.0 
 05/06  02:00:00,1710000.0,0.0 
 05/06  03:00:00,1710000.0,0.0 
 05/06  04:00:00,1710000.0,0.0 
 05/06  05:00:00,1710000.0,0.0 
 05/06  06:00:00,1710000.0,0.0 
 05/06  07:00:00,4745610.387921503,1354960.257918031 
 05/06  08:00:00,5885823.898501534,1354960.257918031 
 05/06  09:00:00,36414633.924737565,1369150.0216497101 
 05/06  10:00:00,48253872.682752065,1477782.1551125383 
 05/06  11:00:00,51370478.14069916,1635673.0771584024 
 05/06  12:00:00,49229507.53805606,1422602.660790636 
 05/06  13:00:00,44820757.06691424,1381930.4256903662 
 05/06  14:00:00,48695701.654985905,1446399.9697514705 
 05/06  15:00:00,49876377.395562336,1463090.503963303 
 05/06  16:00:00,47686405.731238455,1447222.123536038 
 05/06  17:00:00,43565013.58156738,1484096.5361113015 
 05/06  18:00:00,42926179.20692558,1439269.891235444 
 05/06  19:00:00,27188007.09392818,1354960.257918031 
 05/06  20:00:00,15812136.04037374,1354960.257918031 
 05/06  21:00:00,5760000.0,0.0 
 05/06  22:00:00,1710000.0,0.0 
 05/06  23:00:00,1710000.0,0.0 
 05/06  24:00:00,1710000.0,0.0 
 05/07  01:00:00,1710000.0,0.0 
 05/07  02:00:00,1710000.0,0.0 
 05/07  03:00:00,1710000.0,0.0 
 05/07  04:00:00,1710000.0,0.0 
 05/07  05:00:00,1710000.0,0.0 
 05/07  06:00:00,1710000.0,0.0 
 05/07  07:00:00,3226291.7995382994,1354960.257918031 
 05/07  08:00:00,3118428.269208009,1354960.257918031 
 05/07  09:00:00,32858865.12922078,1354960.257918031 
 05/07  10:00:00,45645564.43349537,1398391.7063837976 
 05/07  11:00:00,47042052.541564435,1399941.8138664481 
 05/07  12:00:00,45386175.97896105,1354960.257918031 
 05/07  13:00:00,41626856.04510632,1354960.257918031 
 05/07  14:00:00,45143882.11966762,1416567.0309917596 
 05/07  15:00:00,46184448.04620496,1420283.4595922509 
 05/07  16:00:00,44219912.623069584,1410552.319745456 
 05/07  17:00:00,40028385.9980175,1354960.257918031 
 05/07  18:00:00,39746857.50058166,1354960.257918031 
 05/07  19:00:00,23510114.02826398,1354960.257918031 
 05/07  20:00:00,12180968.492133535,1354960.257918031 
 05/07  21:00:00,5760000.0,0.0 
 05/07  22:00:00,1710000.0,0.0 
 05/07  23:00:00,1710000.0,0.0 
 05/07  24:00:00,1710000.0,0.0 
 05/08  01:00:00,1710000.0,0.0 
 05/08  02:00:00,1710000.0,0.0 
 05/08  03:00:00,1710000.0,0.0 
 05/08  04:00:00,1710000.0,0.0 
 05/08  05:00:00,1710000.0,0.0 
 05/08  06:00:00,1710000.0,0.0 
 05/08  07:00:00,3260257.018157385,1354960.257918031 
 05/08  08:00:00,3133738.570665138,1354960.257918031 
 05/08  09:00:00,33337826.716955833,1354960.257918031 
 05/08  10:00:00,44416123.701840684,1354960.257918031 
 05/08  11:00:00,46627022.37992458,1354960.257918031 
 05/08  12:00:00,45344347.77189757,1354960.257918031 
 05/08  13:00:00,41421328.79339583,1354960.257918031 
 05/08  14:00:00,44554548.94886814,1399756.804352519 
 05/08  15:00:00,45858287.87859884,1420156.087320217 
 05/08  16:00:00,44178938.13225312,1409880.544651092 
 05/08  17:00:00,40081410.24855256,1354960.257918031 
 05/08  18:00:00,39927625.98973038,1354960.257918031 
 05/08  19:00:00,25356718.41669026,1354960.257918031 
 05/08  20:00:00,13254029.303184899,1354960.257918031 
 05/08  21:00:00,5760000.0,0.0 
 05/08  22:00:00,1710000.0,0.0 
 05/08  23:00:00,1710000.0,0.0 
 05/08  24:00:00,1710000.0,0.0 
 05/09  01:00:00,1710000.0,0.0 
 05/09  02:00:00,1710000.0,0.0 
 05/09  03:00:00,1710000.0,0.0 
 05/09  04:00:00,1710000.0,0.0 
 05/09  05:00:00,1710000.0,0.0 
 05/09  06:00:00,1710000.0,0.0 
 05/09  07:00:00,3223061.2553371163,1354960.257918031 
 05/09  08:00:00,3341878.88969781,1354960.257918031 
 05/09  09:00:00,34993775.281142876,1365733.0773125547 
 05/09  10:00:00,46337950.993261434,1424716.7896721691 
 05/09  11:00:00,48944658.09212476,1528876.8002922698 
 05/09  12:00:00,47296861.9743395,1450252.6811584968 
 05/09  13:00:00,43462634.933858536,1428397.5001947384 
 05/09  14:00:00,46578639.85745856,1448172.3171264583 
 05/09  15:00:00,49054421.89233807,1625022.9370249049 
 05/09  16:00:00,47838190.908252314,1659230.671743704 
 05/09  17:00:00,43738647.949451186,1582578.4927880676 
 05/09  18:00:00,43150551.65266988,1528484.9413159105 
 05/09  19:00:00,26681080.541441217,1360913.6915528201 
 05/09  20:00:00,15171909.64764729,1354960.257918031 
 05/09  21:00:00,5760000.0,0.0 
 05/09  22:00:00,1710000.0,0.0 
 05/09  23:00:00,1710000.0,0.0 
 05/09  24:00:00,1710000.0,0.0 
 05/10  01:00:00,1710000.0,0.0 
 05/10  02:00:00,1710000.0,0.0 
 05/10  03:00:00,1710000.0,0.0 
 05/10  04:00:00,1710000.0,0.0 
 05/10  05:00:00,1710000.0,0.0 
 05/10  06:00:00,1710000.0,0.0 
 05/10  07:00:00,5280748.566961831,1354960.257918031 
 05/10  08:00:00,5388900.273811943,1354960.257918031 
 05/10  09:00:00,35515166.353611656,1354960.257918031 
 05/10  10:00:00,46473737.35216905,1354960.257918031 
 05/10  11:00:00,49264805.05249091,1433645.9136168559 
 05/10  12:00:00,48015022.30252906,1360754.2750884732 
 05/10  13:00:00,44462992.202602476,1358521.0126416753 
 05/10  14:00:00,47739424.487847805,1388644.1892216818 
 05/10  15:00:00,49084157.612510785,1483380.5415289279 
 05/10  16:00:00,46531428.530249536,1433836.6746949588 
 05/10  17:00:00,42375598.02289797,1393436.9755346933 
 05/10  18:00:00,41294779.40152207,1354960.257918031 
 05/10  19:00:00,26276910.852393188,1354960.257918031 
 05/10  20:00:00,15383176.670710213,1354960.257918031 
 05/10  21:00:00,5760000.0,0.0 
 05/10  22:00:00,1710000.0,0.0 
 05/10  23:00:00,1710000.0,0.0 
 05/10  24:00:00,1710000.0,0.0 
 05/11  01:00:00,4950000.0,0.0 
 05/11  02:00:00,4950000.0,0.0 
 05/11  03:00:00,4950000.0,0.0 
 05/11  04:00:00,4950000.0,0.0 
 05/11  05:00:00,4950000.0,0.0 
 05/11  06:00:00,4950000.0,0.0 
 05/11  07:00:00,4950000.0,0.0 
 05/11  08:00:00,4950000.0,0.0 
 05/11  09:00:00,4950000.0,0.0 
 05/11  10:00:00,4950000.0,0.0 
 05/11  11:00:00,4950000.0,0.0 
 05/11  12:00:00,4950000.0,0.0 
 05/11  13:00:00,4950000.0,0.0 
 05/11  14:00:00,4950000.0,0.0 
 05/11  15:00:00,4950000.0,0.0 
 05/11  16:00:00,4950000.0,0.0 
 05/11  17:00:00,4950000.0,0.0 
 05/11  18:00:00,4950000.0,0.0 
 05/11  19:00:00,4950000.0,0.0 
 05/11  20:00:00,4950000.0,0.0 
 05/11  21:00:00,4950000.0,0.0 
 05/11  22:00:00,4950000.0,0.0 
 05/11  23:00:00,4950000.0,0.0 
 05/11  24:00:00,4950000.0,0.0 
 05/12  01:00:00,4950000.0,0.0 
 05/12  02:00:00,4950000.0,0.0 
 05/12  03:00:00,4950000.0,0.0 
 05/12  04:00:00,4950000.0,0.0 
 05/12  05:00:00,4950000.0,0.0 
 05/12  06:00:00,4950000.0,0.0 
 05/12  07:00:00,4950000.0,0.0 
 05/12  08:00:00,4950000.0,0.0 
 05/12  09:00:00,4950000.0,0.0 
 05/12  10:00:00,4950000.0,0.0 
 05/12  11:00:00,4950000.0,0.0 
 05/12  12:00:00,4950000.0,0.0 
 05/12  13:00:00,4950000.0,0.0 
 05/12  14:00:00,4950000.0,0.0 
 05/12  15:00:00,4950000.0,0.0 
 05/12  16:00:00,4950000.0,0.0 
 05/12  17:00:00,4950000.0,0.0 
 05/12  18:00:00,4950000.0,0.0 
 05/12  19:00:00,4950000.0,0.0 
 05/12  20:00:00,4950000.0,0.0 
 05/12  21:00:00,4950000.0,0.0 
 05/12  22:00:00,4950000.0,0.0 
 05/12  23:00:00,4950000.0,0.0 
 05/12  24:00:00,4950000.0,0.0 
 05/13  01:00:00,1710000.0,0.0 
 05/13  02:00:00,1710000.0,0.0 
 05/13  03:00:00,1710000.0,0.0 
 05/13  04:00:00,1710000.0,0.0 
 05/13  05:00:00,1710000.0,0.0 
 05/13  06:00:00,1710000.0,0.0 
 05/13  07:00:00,3247951.9930120953,1354960.257918031 
 05/13  08:00:00,3135315.043624612,1354960.257918031 
 05/13  09:00:00,34614606.32146424,1354960.257918031 
 05/13  10:00:00,45576581.170872614,1354960.257918031 
 05/13  11:00:00,47676674.22153129,1354960.257918031 
 05/13  12:00:00,47806125.13583142,1354960.257918031 
 05/13  13:00:00,44097184.63407377,1355315.8250920058 
 05/13  14:00:00,47312234.190693304,1434668.9712395817 
 05/13  15:00:00,47834350.4217807,1450807.022978779 
 05/13  16:00:00,45089008.52475929,1440389.5203854053 
 05/13  17:00:00,40465291.41916248,1397220.7219139214 
 05/13  18:00:00,37969751.53710132,1354960.257918031 
 05/13  19:00:00,22963916.56449773,1354960.257918031 
 05/13  20:00:00,12185155.576883247,1354960.257918031 
 05/13  21:00:00,5760000.0,0.0 
 05/13  22:00:00,1710000.0,0.0 
 05/13  23:00:00,1710000.0,0.0 
 05/13  24:00:00,1710000.0,0.0 
 05/14  01:00:00,1710000.0,0.0 
 05/14  02:00:00,1710000.0,0.0 
 05/14  03:00:00,1710000.0,0.0 
 05/14  04:00:00,1710000.0,0.0 
 05/14  05:00:00,1710000.0,0.0 
 05/14  06:00:00,1710000.0,0.0 
 05/14  07:00:00,3198800.0551479305,1354960.257918031 
 05/14  08:00:00,4085216.3580333767,1354960.257918031 
 05/14  09:00:00,35305250.38690625,1368143.9319924952 
 05/14  10:00:00,47033972.273225576,1448351.761508477 
 05/14  11:00:00,49847845.06793232,1556269.5744963498 
 05/14  12:00:00,48492474.65951525,1569797.8201539735 
 05/14  13:00:00,42793920.84164686,1354960.257918031 
 05/14  14:00:00,46497803.52185328,1447438.2151630495 
 05/14  15:00:00,48671056.818313256,1605577.09487885 
 05/14  16:00:00,45961806.60073453,1482726.7602835593 
 05/14  17:00:00,42679885.65875828,1533886.7846930833 
 05/14  18:00:00,42023272.951785624,1460666.0766771543 
 05/14  19:00:00,25991182.764438055,1354960.257918031 
 05/14  20:00:00,13332285.828376992,1354960.257918031 
 05/14  21:00:00,5760000.0,0.0 
 05/14  22:00:00,1710000.0,0.0 
 05/14  23:00:00,1710000.0,0.0 
 05/14  24:00:00,1710000.0,0.0 
 05/15  01:00:00,1710000.0,0.0 
 05/15  02:00:00,1710000.0,0.0 
 05/15  03:00:00,1710000.0,0.0 
 05/15  04:00:00,1710000.0,0.0 
 05/15  05:00:00,1710000.0,0.0 
 05/15  06:00:00,1710000.0,0.0 
 05/15  07:00:00,3220789.064505845,1354960.257918031 
 05/15  08:00:00,3595284.6475391984,1354960.257918031 
 05/15  09:00:00,35319791.71145737,1354960.257918031 
 05/15  10:00:00,46826425.605094746,1422303.8791466116 
 05/15  11:00:00,49353633.429295376,1509775.686066708 
 05/15  12:00:00,47824379.14182372,1449978.7273286302 
 05/15  13:00:00,42974549.03361374,1354960.257918031 
 05/15  14:00:00,46606886.84357962,1440547.8845208865 
 05/15  15:00:00,48743774.96558102,1581682.4051871493 
 05/15  16:00:00,47223593.712956004,1626774.9486801638 
 05/15  17:00:00,43077002.56852563,1554085.2039867141 
 05/15  18:00:00,42378029.122527525,1493636.8371426356 
 05/15  19:00:00,26163741.754708935,1360964.163492945 
 05/15  20:00:00,14190423.876635803,1354960.257918031 
 05/15  21:00:00,5760000.0,0.0 
 05/15  22:00:00,1710000.0,0.0 
 05/15  23:00:00,1710000.0,0.0 
 05/15  24:00:00,1710000.0,0.0 
 05/16  01:00:00,1710000.0,0.0 
 05/16  02:00:00,1710000.0,0.0 
 05/16  03:00:00,1710000.0,0.0 
 05/16  04:00:00,1710000.0,0.0 
 05/16  05:00:00,1710000.0,0.0 
 05/16  06:00:00,1710000.0,0.0 
 05/16  07:00:00,4329130.845629173,1354960.257918031 
 05/16  08:00:00,5400206.968506642,1354960.257918031 
 05/16  09:00:00,35972983.10877926,1354960.257918031 
 05/16  10:00:00,47537867.23308385,1474018.9283619444 
 05/16  11:00:00,50036431.80903998,1593902.9577761549 
 05/16  12:00:00,48141683.57668419,1475325.2568685291 
 05/16  13:00:00,43721006.64970967,1437076.7182740148 
 05/16  14:00:00,46711924.935105935,1453569.306710919 
 05/16  15:00:00,48181002.79848353,1532154.345616588 
 05/16  16:00:00,45320242.07548828,1415332.2130159107 
 05/16  17:00:00,40894432.31204204,1354960.257918031 
 05/16  18:00:00,40543782.71164914,1354960.257918031 
 05/16  19:00:00,25730022.056075383,1354960.257918031 
 05/16  20:00:00,14670120.088425543,1354960.257918031 
 05/16  21:00:00,5760000.0,0.0 
 05/16  22:00:00,1710000.0,0.0 
 05/16  23:00:00,1710000.0,0.0 
 05/16  24:00:00,1710000.0,0.0 
 05/17  01:00:00,1710000.0,0.0 
 05/17  02:00:00,1710000.0,0.0 
 05/17  03:00:00,1710000.0,0.0 
 05/17  04:00:00,1710000.0,0.0 
 05/17  05:00:00,1710000.0,0.0 
 05/17  06:00:00,1710000.0,0.0 
 05/17  07:00:00,3222921.6317418423,1354960.257918031 
 05/17  08:00:00,5154395.352053231,1354960.257918031 
 05/17  09:00:00,35141525.8001078,1354960.257918031 
 05/17  10:00:00,45888670.074995205,1354960.257918031 
 05/17  11:00:00,47710371.358611144,1354960.257918031 
 05/17  12:00:00,47263486.196046695,1403670.995598618 
 05/17  13:00:00,43368579.52192571,1399871.1065944459 
 05/17  14:00:00,46344440.26068753,1414950.9088545083 
 05/17  15:00:00,47294988.19877754,1417330.4537741363 
 05/17  16:00:00,45184671.74447663,1396427.4812502388 
 05/17  17:00:00,40639367.19485642,1354960.257918031 
 05/17  18:00:00,40526406.233706415,1354960.257918031 
 05/17  19:00:00,25962290.44680893,1354960.257918031 
 05/17  20:00:00,15017173.082578167,1354960.257918031 
 05/17  21:00:00,5760000.0,0.0 
 05/17  22:00:00,1710000.0,0.0 
 05/17  23:00:00,1710000.0,0.0 
 05/17  24:00:00,1710000.0,0.0 
 05/18  01:00:00,4950000.0,0.0 
 05/18  02:00:00,4950000.0,0.0 
 05/18  03:00:00,4950000.0,0.0 
 05/18  04:00:00,4950000.0,0.0 
 05/18  05:00:00,4950000.0,0.0 
 05/18  06:00:00,4950000.0,0.0 
 05/18  07:00:00,4950000.0,0.0 
 05/18  08:00:00,4950000.0,0.0 
 05/18  09:00:00,4950000.0,0.0 
 05/18  10:00:00,4950000.0,0.0 
 05/18  11:00:00,4950000.0,0.0 
 05/18  12:00:00,4950000.0,0.0 
 05/18  13:00:00,4950000.0,0.0 
 05/18  14:00:00,4950000.0,0.0 
 05/18  15:00:00,4950000.0,0.0 
 05/18  16:00:00,4950000.0,0.0 
 05/18  17:00:00,4950000.0,0.0 
 05/18  18:00:00,4950000.0,0.0 
 05/18  19:00:00,4950000.0,0.0 
 05/18  20:00:00,4950000.0,0.0 
 05/18  21:00:00,4950000.0,0.0 
 05/18  22:00:00,4950000.0,0.0 
 05/18  23:00:00,4950000.0,0.0 
 05/18  24:00:00,4950000.0,0.0 
 05/19  01:00:00,4950000.0,0.0 
 05/19  02:00:00,4950000.0,0.0 
 05/19  03:00:00,4950000.0,0.0 
 05/19  04:00:00,4950000.0,0.0 
 05/19  05:00:00,4950000.0,0.0 
 05/19  06:00:00,4950000.0,0.0 
 05/19  07:00:00,4950000.0,0.0 
 05/19  08:00:00,4950000.0,0.0 
 05/19  09:00:00,4950000.0,0.0 
 05/19  10:00:00,4950000.0,0.0 
 05/19  11:00:00,4950000.0,0.0 
 05/19  12:00:00,4950000.0,0.0 
 05/19  13:00:00,4950000.0,0.0 
 05/19  14:00:00,4950000.0,0.0 
 05/19  15:00:00,4950000.0,0.0 
 05/19  16:00:00,4950000.0,0.0 
 05/19  17:00:00,4950000.0,0.0 
 05/19  18:00:00,4950000.0,0.0 
 05/19  19:00:00,4950000.0,0.0 
 05/19  20:00:00,4950000.0,0.0 
 05/19  21:00:00,4950000.0,0.0 
 05/19  22:00:00,4950000.0,0.0 
 05/19  23:00:00,4950000.0,0.0 
 05/19  24:00:00,4950000.0,0.0 
 05/20  01:00:00,1710000.0,0.0 
 05/20  02:00:00,1710000.0,0.0 
 05/20  03:00:00,1710000.0,0.0 
 05/20  04:00:00,1710000.0,0.0 
 05/20  05:00:00,1710000.0,0.0 
 05/20  06:00:00,1710000.0,0.0 
 05/20  07:00:00,5466276.811809104,1354960.257918031 
 05/20  08:00:00,6020919.620111947,1354960.257918031 
 05/20  09:00:00,36736752.02192495,1372082.18847867 
 05/20  10:00:00,48813443.89518639,1512102.702940184 
 05/20  11:00:00,50434893.050965846,1421614.4256907755 
 05/20  12:00:00,50044946.7173275,1448524.1248029126 
 05/20  13:00:00,45717206.59706483,1396488.173022438 
 05/20  14:00:00,49786502.83691315,1470913.234951398 
 05/20  15:00:00,51765479.76956909,1528210.2155957406 
 05/20  16:00:00,49742286.18587524,1519716.7740685516 
 05/20  17:00:00,44697514.62297513,1449926.621647811 
 05/20  18:00:00,43390050.87430533,1389877.147116674 
 05/20  19:00:00,27705388.436161935,1354960.257918031 
 05/20  20:00:00,16145351.395859556,1354960.257918031 
 05/20  21:00:00,5760000.0,0.0 
 05/20  22:00:00,1710000.0,0.0 
 05/20  23:00:00,1710000.0,0.0 
 05/20  24:00:00,1710000.0,0.0 
 05/21  01:00:00,1710000.0,0.0 
 05/21  02:00:00,1710000.0,0.0 
 05/21  03:00:00,1710000.0,0.0 
 05/21  04:00:00,1710000.0,0.0 
 05/21  05:00:00,1710000.0,0.0 
 05/21  06:00:00,1710000.0,0.0 
 05/21  07:00:00,5568475.244170014,1354960.257918031 
 05/21  08:00:00,6344092.213228434,1354960.257918031 
 05/21  09:00:00,37309554.10495391,1382657.0110072107 
 05/21  10:00:00,49722672.67821295,1459643.8795747454 
 05/21  11:00:00,52712570.07687867,1484141.4365324816 
 05/21  12:00:00,52537339.1981304,1500190.2646131532 
 05/21  13:00:00,47901991.358092785,1433571.968323848 
 05/21  14:00:00,51494667.91032921,1510876.0652483539 
 05/21  15:00:00,53413921.13655607,1572056.6703424975 
 05/21  16:00:00,51706947.43164023,1575228.8675793374 
 05/21  17:00:00,47321261.584261745,1520809.3020989904 
 05/21  18:00:00,45788118.79051597,1467787.3383038682 
 05/21  19:00:00,28682914.06968639,1359878.6072467065 
 05/21  20:00:00,16884812.251327183,1354960.257918031 
 05/21  21:00:00,5760000.0,0.0 
 05/21  22:00:00,1710000.0,0.0 
 05/21  23:00:00,1710000.0,0.0 
 05/21  24:00:00,1710000.0,0.0 
 05/22  01:00:00,1710000.0,0.0 
 05/22  02:00:00,1710000.0,0.0 
 05/22  03:00:00,1710000.0,0.0 
 05/22  04:00:00,1710000.0,0.0 
 05/22  05:00:00,1710000.0,0.0 
 05/22  06:00:00,1710000.0,0.0 
 05/22  07:00:00,6422947.862600129,1354960.257918031 
 05/22  08:00:00,7441564.3799538985,1354960.257918031 
 05/22  09:00:00,38593170.35337136,1395259.4722810828 
 05/22  10:00:00,50933656.800142735,1492180.3761242556 
 05/22  11:00:00,53657467.6440949,1528209.1443584468 
 05/22  12:00:00,52291327.40752297,1514370.7059550763 
 05/22  13:00:00,47815078.57116777,1441351.1667931986 
 05/22  14:00:00,52085040.76971178,1516274.0152751075 
 05/22  15:00:00,53827051.63151866,1577977.8158469375 
 05/22  16:00:00,52154251.22821293,1583718.3067412856 
 05/22  17:00:00,47529922.07947175,1524849.5446544387 
 05/22  18:00:00,46229526.2244305,1473138.6765857781 
 05/22  19:00:00,29210031.336525783,1360420.2026505626 
 05/22  20:00:00,17537202.110600155,1354960.257918031 
 05/22  21:00:00,5760000.0,0.0 
 05/22  22:00:00,1710000.0,0.0 
 05/22  23:00:00,1710000.0,0.0 
 05/22  24:00:00,1710000.0,0.0 
 05/23  01:00:00,1710000.0,0.0 
 05/23  02:00:00,1710000.0,0.0 
 05/23  03:00:00,1710000.0,0.0 
 05/23  04:00:00,1710000.0,0.0 
 05/23  05:00:00,1710000.0,0.0 
 05/23  06:00:00,1710000.0,0.0 
 05/23  07:00:00,6572356.110570165,1354960.257918031 
 05/23  08:00:00,7261426.985969319,1354960.257918031 
 05/23  09:00:00,37643912.16726447,1354960.257918031 
 05/23  10:00:00,49075257.73107988,1386893.407282235 
 05/23  11:00:00,51179085.58759355,1420389.0340342536 
 05/23  12:00:00,49524140.52640365,1421435.4073058858 
 05/23  13:00:00,45260813.63549659,1447297.744060933 
 05/23  14:00:00,48022826.19409968,1463755.2903077116 
 05/23  15:00:00,50460024.879295275,1595326.4656189643 
 05/23  16:00:00,47096113.40696877,1389869.7259055232 
 05/23  17:00:00,44064978.78904191,1365971.4711607927 
 05/23  18:00:00,43467595.59712732,1360652.8863284136 
 05/23  19:00:00,28262986.302836623,1374079.4776903468 
 05/23  20:00:00,16307851.510255987,1354960.257918031 
 05/23  21:00:00,5760000.0,0.0 
 05/23  22:00:00,1710000.0,0.0 
 05/23  23:00:00,1710000.0,0.0 
 05/23  24:00:00,1710000.0,0.0 
 05/24  01:00:00,1710000.0,0.0 
 05/24  02:00:00,1710000.0,0.0 
 05/24  03:00:00,1710000.0,0.0 
 05/24  04:00:00,1710000.0,0.0 
 05/24  05:00:00,1710000.0,0.0 
 05/24  06:00:00,1710000.0,0.0 
 05/24  07:00:00,7056388.105389899,1354960.257918031 
 05/24  08:00:00,7567190.711426793,1354960.257918031 
 05/24  09:00:00,37964039.25050096,1354960.257918031 
 05/24  10:00:00,49102436.1723098,1354960.257918031 
 05/24  11:00:00,53019612.70609778,1471695.9412362813 
 05/24  12:00:00,52535271.38005222,1418760.993652859 
 05/24  13:00:00,48489567.45662236,1386898.6302129144 
 05/24  14:00:00,52720909.18736225,1458773.6493476816 
 05/24  15:00:00,54432598.15602097,1502940.386789421 
 05/24  16:00:00,52271704.50347504,1500689.0928628973 
 05/24  17:00:00,47424134.11079107,1448494.8878981993 
 05/24  18:00:00,45550417.98578412,1388285.492144638 
 05/24  19:00:00,29934023.802616242,1414341.52145682 
 05/24  20:00:00,17173962.765210606,1354960.257918031 
 05/24  21:00:00,5760000.0,0.0 
 05/24  22:00:00,1710000.0,0.0 
 05/24  23:00:00,1710000.0,0.0 
 05/24  24:00:00,1710000.0,0.0 
 05/25  01:00:00,4950000.0,0.0 
 05/25  02:00:00,4950000.0,0.0 
 05/25  03:00:00,4950000.0,0.0 
 05/25  04:00:00,4950000.0,0.0 
 05/25  05:00:00,4950000.0,0.0 
 05/25  06:00:00,4950000.0,0.0 
 05/25  07:00:00,4950000.0,0.0 
 05/25  08:00:00,4950000.0,0.0 
 05/25  09:00:00,4950000.0,0.0 
 05/25  10:00:00,4950000.0,0.0 
 05/25  11:00:00,4950000.0,0.0 
 05/25  12:00:00,4950000.0,0.0 
 05/25  13:00:00,4950000.0,0.0 
 05/25  14:00:00,4950000.0,0.0 
 05/25  15:00:00,4950000.0,0.0 
 05/25  16:00:00,4950000.0,0.0 
 05/25  17:00:00,4950000.0,0.0 
 05/25  18:00:00,4950000.0,0.0 
 05/25  19:00:00,4950000.0,0.0 
 05/25  20:00:00,4950000.0,0.0 
 05/25  21:00:00,4950000.0,0.0 
 05/25  22:00:00,4950000.0,0.0 
 05/25  23:00:00,4950000.0,0.0 
 05/25  24:00:00,4950000.0,0.0 
 05/26  01:00:00,4950000.0,0.0 
 05/26  02:00:00,4950000.0,0.0 
 05/26  03:00:00,4950000.0,0.0 
 05/26  04:00:00,4950000.0,0.0 
 05/26  05:00:00,4950000.0,0.0 
 05/26  06:00:00,4950000.0,0.0 
 05/26  07:00:00,4950000.0,0.0 
 05/26  08:00:00,4950000.0,0.0 
 05/26  09:00:00,4950000.0,0.0 
 05/26  10:00:00,4950000.0,0.0 
 05/26  11:00:00,4950000.0,0.0 
 05/26  12:00:00,4950000.0,0.0 
 05/26  13:00:00,4950000.0,0.0 
 05/26  14:00:00,4950000.0,0.0 
 05/26  15:00:00,4950000.0,0.0 
 05/26  16:00:00,4950000.0,0.0 
 05/26  17:00:00,4950000.0,0.0 
 05/26  18:00:00,4950000.0,0.0 
 05/26  19:00:00,4950000.0,0.0 
 05/26  20:00:00,4950000.0,0.0 
 05/26  21:00:00,4950000.0,0.0 
 05/26  22:00:00,4950000.0,0.0 
 05/26  23:00:00,4950000.0,0.0 
 05/26  24:00:00,4950000.0,0.0 
 05/27  01:00:00,1710000.0,0.0 
 05/27  02:00:00,1710000.0,0.0 
 05/27  03:00:00,1710000.0,0.0 
 05/27  04:00:00,1710000.0,0.0 
 05/27  05:00:00,1710000.0,0.0 
 05/27  06:00:00,1710000.0,0.0 
 05/27  07:00:00,5955103.637765806,1354960.257918031 
 05/27  08:00:00,6913551.517056685,1354960.257918031 
 05/27  09:00:00,37520672.62880017,1354960.257918031 
 05/27  10:00:00,49183967.608240955,1400064.3701738394 
 05/27  11:00:00,52137699.76918619,1467301.9708279641 
 05/27  12:00:00,51913592.139472514,1479031.2554475595 
 05/27  13:00:00,47634489.272669286,1420353.4812610536 
 05/27  14:00:00,51626165.14814245,1508104.7929919332 
 05/27  15:00:00,54635971.13423939,1605592.700888216 
 05/27  16:00:00,52986455.95211165,1620346.2384417865 
 05/27  17:00:00,48943965.592472576,1555660.7632132312 
 05/27  18:00:00,47823585.62830717,1497337.0846836476 
 05/27  19:00:00,29681293.592643082,1359487.3375166184 
 05/27  20:00:00,17701611.034552302,1354960.257918031 
 05/27  21:00:00,5760000.0,0.0 
 05/27  22:00:00,1710000.0,0.0 
 05/27  23:00:00,1710000.0,0.0 
 05/27  24:00:00,1710000.0,0.0 
 05/28  01:00:00,1710000.0,0.0 
 05/28  02:00:00,1710000.0,0.0 
 05/28  03:00:00,1710000.0,0.0 
 05/28  04:00:00,1710000.0,0.0 
 05/28  05:00:00,1710000.0,0.0 
 05/28  06:00:00,1710000.0,0.0 
 05/28  07:00:00,8007247.000638309,1354960.257918031 
 05/28  08:00:00,8675450.12485082,1354960.257918031 
 05/28  09:00:00,39558510.822208226,1390507.5668355084 
 05/28  10:00:00,52769477.94244787,1488798.596940747 
 05/28  11:00:00,56904764.218344495,1541372.3083994938 
 05/28  12:00:00,56553167.00649033,1533005.9111548518 
 05/28  13:00:00,50321170.65967579,1421349.531234291 
 05/28  14:00:00,54004082.834294155,1480075.2998230488 
 05/28  15:00:00,55359436.969597444,1525681.4350750162 
 05/28  16:00:00,50576410.07786647,1420714.376131597 
 05/28  17:00:00,46632604.82278622,1452094.2391606236 
 05/28  18:00:00,45642725.12731009,1364541.0384088412 
 05/28  19:00:00,30890380.25986519,1354960.257918031 
 05/28  20:00:00,19707124.250972793,1354960.257918031 
 05/28  21:00:00,5760000.0,0.0 
 05/28  22:00:00,1710000.0,0.0 
 05/28  23:00:00,1710000.0,0.0 
 05/28  24:00:00,1710000.0,0.0 
 05/29  01:00:00,1710000.0,0.0 
 05/29  02:00:00,1710000.0,0.0 
 05/29  03:00:00,1710000.0,0.0 
 05/29  04:00:00,1710000.0,0.0 
 05/29  05:00:00,1710000.0,0.0 
 05/29  06:00:00,1710000.0,0.0 
 05/29  07:00:00,9567823.53597533,1354960.257918031 
 05/29  08:00:00,10117295.811181093,1354960.257918031 
 05/29  09:00:00,40279190.564746134,1354960.257918031 
 05/29  10:00:00,52103005.99106906,1371804.699686475 
 05/29  11:00:00,56420554.81859367,1456609.1177502396 
 05/29  12:00:00,57029980.09428187,1485721.939248518 
 05/29  13:00:00,52586164.850457475,1433555.9956336399 
 05/29  14:00:00,52907809.6580846,1450583.069826522 
 05/29  15:00:00,51963089.36922328,1490361.2611612568 
 05/29  16:00:00,51255186.98248134,1529309.6934670445 
 05/29  17:00:00,45433636.50701254,1376710.7178224071 
 05/29  18:00:00,45649763.73085935,1374543.9500928938 
 05/29  19:00:00,30492654.80934941,1354960.257918031 
 05/29  20:00:00,19228275.583676018,1354960.257918031 
 05/29  21:00:00,5760000.0,0.0 
 05/29  22:00:00,1710000.0,0.0 
 05/29  23:00:00,1710000.0,0.0 
 05/29  24:00:00,1710000.0,0.0 
 05/30  01:00:00,1710000.0,0.0 
 05/30  02:00:00,1710000.0,0.0 
 05/30  03:00:00,1710000.0,0.0 
 05/30  04:00:00,1710000.0,0.0 
 05/30  05:00:00,1710000.0,0.0 
 05/30  06:00:00,1710000.0,0.0 
 05/30  07:00:00,11186294.636082426,1354960.257918031 
 05/30  08:00:00,11539045.3610961,1354960.257918031 
 05/30  09:00:00,42407716.763021216,1354960.257918031 
 05/30  10:00:00,53721964.09035515,1365517.424535676 
 05/30  11:00:00,54686531.85413228,1393805.0959401797 
 05/30  12:00:00,53183003.5204814,1421801.2845056641 
 05/30  13:00:00,49949578.55376239,1390960.4522550195 
 05/30  14:00:00,55407314.47599995,1470050.261163611 
 05/30  15:00:00,57399451.19546838,1521317.085956812 
 05/30  16:00:00,56271696.48332486,1509353.3902030797 
 05/30  17:00:00,51983983.49284317,1452124.7807212574 
 05/30  18:00:00,49664575.092770115,1430221.5872786115 
 05/30  19:00:00,31070146.749536704,1355650.2851859247 
 05/30  20:00:00,18903673.308513727,1354960.257918031 
 05/30  21:00:00,5760000.0,0.0 
 05/30  22:00:00,1710000.0,0.0 
 05/30  23:00:00,1710000.0,0.0 
 05/30  24:00:00,1710000.0,0.0 
 05/31  01:00:00,1710000.0,0.0 
 05/31  02:00:00,1710000.0,0.0 
 05/31  03:00:00,1710000.0,0.0 
 05/31  04:00:00,1710000.0,0.0 
 05/31  05:00:00,1710000.0,0.0 
 05/31  06:00:00,1710000.0,0.0 
 05/31  07:00:00,8003031.745641805,1354960.257918031 
 05/31  08:00:00,8446159.073256245,1354960.257918031 
 05/31  09:00:00,38866877.644309655,1387497.282279753 
 05/31  10:00:00,50974186.89242581,1470684.271709938 
 05/31  11:00:00,53450027.7436929,1501437.5759285397 
 05/31  12:00:00,52237663.79331301,1492799.3314427913 
 05/31  13:00:00,47226573.3593263,1420530.597118175 
 05/31  14:00:00,51341336.33178763,1497714.8098282972 
 05/31  15:00:00,53274438.174670674,1565992.8251775738 
 05/31  16:00:00,51604631.63387198,1568448.7886807085 
 05/31  17:00:00,46624407.0600948,1486090.431924687 
 05/31  18:00:00,45163022.774530664,1408473.599696728 
 05/31  19:00:00,28703715.468932137,1354960.257918031 
 05/31  20:00:00,17402382.460943416,1354960.257918031 
 05/31  21:00:00,5760000.0,0.0 
 05/31  22:00:00,1710000.0,0.0 
 05/31  23:00:00,1710000.0,0.0 
 05/31  24:00:00,1710000.0,0.0,13468492242.447126,11223810000.0,7121250000.0,456500237.960343,1788182004.4868174,1754651681.5534177,1754651681.5534177,,,,,,,,7121250000.0,,11223810000.0,,4102560000.0 
 06/01  01:00:00,4950000.0,0.0 
 06/01  02:00:00,4950000.0,0.0 
 06/01  03:00:00,4950000.0,0.0 
 06/01  04:00:00,4950000.0,0.0 
 06/01  05:00:00,4950000.0,0.0 
 06/01  06:00:00,4950000.0,0.0 
 06/01  07:00:00,4950000.0,0.0 
 06/01  08:00:00,4950000.0,0.0 
 06/01  09:00:00,4950000.0,0.0 
 06/01  10:00:00,4950000.0,0.0 
 06/01  11:00:00,4950000.0,0.0 
 06/01  12:00:00,4950000.0,0.0 
 06/01  13:00:00,4950000.0,0.0 
 06/01  14:00:00,4950000.0,0.0 
 06/01  15:00:00,4950000.0,0.0 
 06/01  16:00:00,4950000.0,0.0 
 06/01  17:00:00,4950000.0,0.0 
 06/01  18:00:00,4950000.0,0.0 
 06/01  19:00:00,4950000.0,0.0 
 06/01  20:00:00,4950000.0,0.0 
 06/01  21:00:00,4950000.0,0.0 
 06/01  22:00:00,4950000.0,0.0 
 06/01  23:00:00,4950000.0,0.0 
 06/01  24:00:00,4950000.0,0.0 
 06/02  01:00:00,4950000.0,0.0 
 06/02  02:00:00,4950000.0,0.0 
 06/02  03:00:00,4950000.0,0.0 
 06/02  04:00:00,4950000.0,0.0 
 06/02  05:00:00,4950000.0,0.0 
 06/02  06:00:00,4950000.0,0.0 
 06/02  07:00:00,4950000.0,0.0 
 06/02  08:00:00,4950000.0,0.0 
 06/02  09:00:00,4950000.0,0.0 
 06/02  10:00:00,4950000.0,0.0 
 06/02  11:00:00,4950000.0,0.0 
 06/02  12:00:00,4950000.0,0.0 
 06/02  13:00:00,4950000.0,0.0 
 06/02  14:00:00,4950000.0,0.0 
 06/02  15:00:00,4950000.0,0.0 
 06/02  16:00:00,4950000.0,0.0 
 06/02  17:00:00,4950000.0,0.0 
 06/02  18:00:00,4950000.0,0.0 
 06/02  19:00:00,4950000.0,0.0 
 06/02  20:00:00,4950000.0,0.0 
 06/02  21:00:00,4950000.0,0.0 
 06/02  22:00:00,4950000.0,0.0 
 06/02  23:00:00,4950000.0,0.0 
 06/02  24:00:00,4950000.0,0.0 
 06/03  01:00:00,1710000.0,0.0 
 06/03  02:00:00,1710000.0,0.0 
 06/03  03:00:00,1710000.0,0.0 
 06/03  04:00:00,1710000.0,0.0 
 06/03  05:00:00,1710000.0,0.0 
 06/03  06:00:00,1710000.0,0.0 
 06/03  07:00:00,6644043.933282681,1354960.257918031 
 06/03  08:00:00,7387711.890831402,1354960.257918031 
 06/03  09:00:00,38512870.35736858,1390613.6905958578 
 06/03  10:00:00,50792548.74088793,1477762.6828861642 
 06/03  11:00:00,53643821.978518635,1509862.7107362642 
 06/03  12:00:00,52926966.92613885,1503960.7798124184 
 06/03  13:00:00,48570259.62796118,1443029.7408246112 
 06/03  14:00:00,52360280.5062466,1530271.7752825276 
 06/03  15:00:00,53249511.48093903,1566878.188635678 
 06/03  16:00:00,50246473.501785226,1538982.0926176854 
 06/03  17:00:00,45984328.22720814,1489114.7589172863 
 06/03  18:00:00,45593592.759745926,1457283.4497938454 
 06/03  19:00:00,29064814.990419738,1363473.4750288143 
 06/03  20:00:00,17287835.627835087,1354960.257918031 
 06/03  21:00:00,5760000.0,0.0 
 06/03  22:00:00,1710000.0,0.0 
 06/03  23:00:00,1710000.0,0.0 
 06/03  24:00:00,1710000.0,0.0 
 06/04  01:00:00,1710000.0,0.0 
 06/04  02:00:00,1710000.0,0.0 
 06/04  03:00:00,1710000.0,0.0 
 06/04  04:00:00,1710000.0,0.0 
 06/04  05:00:00,1710000.0,0.0 
 06/04  06:00:00,1710000.0,0.0 
 06/04  07:00:00,7599386.118354416,1354960.257918031 
 06/04  08:00:00,8176972.548688246,1354960.257918031 
 06/04  09:00:00,39758817.838121146,1404527.5284643741 
 06/04  10:00:00,52346213.04343762,1480440.988354439 
 06/04  11:00:00,56213838.77229879,1594454.0119417715 
 06/04  12:00:00,55271240.85969108,1584199.7180566592 
 06/04  13:00:00,49513016.60377091,1477341.3418021752 
 06/04  14:00:00,53317767.688053936,1554210.6401733486 
 06/04  15:00:00,54942029.84908509,1611767.8058867315 
 06/04  16:00:00,52751445.97314516,1571009.009758187 
 06/04  17:00:00,47033514.43062296,1452030.758566461 
 06/04  18:00:00,45598808.43048683,1410147.2044038062 
 06/04  19:00:00,30233286.77209688,1354960.257918031 
 06/04  20:00:00,18675800.009488214,1354960.257918031 
 06/04  21:00:00,5760000.0,0.0 
 06/04  22:00:00,1710000.0,0.0 
 06/04  23:00:00,1710000.0,0.0 
 06/04  24:00:00,1710000.0,0.0 
 06/05  01:00:00,1710000.0,0.0 
 06/05  02:00:00,1710000.0,0.0 
 06/05  03:00:00,1710000.0,0.0 
 06/05  04:00:00,1710000.0,0.0 
 06/05  05:00:00,1710000.0,0.0 
 06/05  06:00:00,1710000.0,0.0 
 06/05  07:00:00,7475631.142977556,1354960.257918031 
 06/05  08:00:00,7187345.778916473,1354960.257918031 
 06/05  09:00:00,37351190.248427644,1382598.394590956 
 06/05  10:00:00,49612440.05713056,1538301.22736414 
 06/05  11:00:00,52963864.450626515,1643609.5363460672 
 06/05  12:00:00,51512817.94892248,1519520.5197434104 
 06/05  13:00:00,45720696.87708436,1372357.0828835515 
 06/05  14:00:00,49272211.54167845,1419617.694133652 
 06/05  15:00:00,50838292.718319416,1450546.047773195 
 06/05  16:00:00,49015587.727335334,1466226.786411434 
 06/05  17:00:00,45141386.47000514,1552265.3780899642 
 06/05  18:00:00,44642728.372303225,1597840.9272368832 
 06/05  19:00:00,27406551.764190484,1373895.9734206982 
 06/05  20:00:00,15769867.314626366,1354960.257918031 
 06/05  21:00:00,5760000.0,0.0 
 06/05  22:00:00,1710000.0,0.0 
 06/05  23:00:00,1710000.0,0.0 
 06/05  24:00:00,1710000.0,0.0 
 06/06  01:00:00,1710000.0,0.0 
 06/06  02:00:00,1710000.0,0.0 
 06/06  03:00:00,1710000.0,0.0 
 06/06  04:00:00,1710000.0,0.0 
 06/06  05:00:00,1710000.0,0.0 
 06/06  06:00:00,1710000.0,0.0 
 06/06  07:00:00,6107386.714240919,1354960.257918031 
 06/06  08:00:00,7352061.025121643,1354960.257918031 
 06/06  09:00:00,39566242.432761446,1393512.3223568948 
 06/06  10:00:00,52585204.15506042,1487526.7617093131 
 06/06  11:00:00,56551841.23893652,1526691.0962975414 
 06/06  12:00:00,56673696.49913484,1543736.1908280798 
 06/06  13:00:00,52241637.45632453,1469874.352968928 
 06/06  14:00:00,57147102.27240343,1566140.5544887732 
 06/06  15:00:00,59691858.997837394,1649159.7459458981 
 06/06  16:00:00,58202513.4050588,1663823.9086615862 
 06/06  17:00:00,53055861.58382556,1588774.4223773119 
 06/06  18:00:00,50998882.10788548,1532951.8435155852 
 06/06  19:00:00,31882259.93563526,1369309.5915636828 
 06/06  20:00:00,20169862.283777326,1354960.257918031 
 06/06  21:00:00,5760000.0,0.0 
 06/06  22:00:00,1710000.0,0.0 
 06/06  23:00:00,1710000.0,0.0 
 06/06  24:00:00,1710000.0,0.0 
 06/07  01:00:00,1710000.0,0.0 
 06/07  02:00:00,1710000.0,0.0 
 06/07  03:00:00,1710000.0,0.0 
 06/07  04:00:00,1710000.0,0.0 
 06/07  05:00:00,1710000.0,0.0 
 06/07  06:00:00,1710000.0,0.0 
 06/07  07:00:00,12812720.64221366,1354960.257918031 
 06/07  08:00:00,13507830.037966777,1354960.257918031 
 06/07  09:00:00,43300063.52598904,1354960.257918031 
 06/07  10:00:00,54373162.225510165,1365979.5941789371 
 06/07  11:00:00,55036281.02212194,1395304.1752975243 
 06/07  12:00:00,52800927.02655397,1390998.778232716 
 06/07  13:00:00,49226068.46539806,1370045.654854053 
 06/07  14:00:00,54162960.20691451,1410595.694208304 
 06/07  15:00:00,55922357.31405006,1434704.9156953457 
 06/07  16:00:00,55141554.44199258,1449147.3758270396 
 06/07  17:00:00,51312979.80317892,1430655.6600812045 
 06/07  18:00:00,51079921.99408965,1416754.3445139136 
 06/07  19:00:00,34403666.778172255,1354960.257918031 
 06/07  20:00:00,22885453.670903172,1354960.257918031 
 06/07  21:00:00,5760000.0,0.0 
 06/07  22:00:00,1710000.0,0.0 
 06/07  23:00:00,1710000.0,0.0 
 06/07  24:00:00,1710000.0,0.0 
 06/08  01:00:00,4950000.0,0.0 
 06/08  02:00:00,4950000.0,0.0 
 06/08  03:00:00,4950000.0,0.0 
 06/08  04:00:00,4950000.0,0.0 
 06/08  05:00:00,4950000.0,0.0 
 06/08  06:00:00,4950000.0,0.0 
 06/08  07:00:00,4950000.0,0.0 
 06/08  08:00:00,4950000.0,0.0 
 06/08  09:00:00,4950000.0,0.0 
 06/08  10:00:00,4950000.0,0.0 
 06/08  11:00:00,4950000.0,0.0 
 06/08  12:00:00,4950000.0,0.0 
 06/08  13:00:00,4950000.0,0.0 
 06/08  14:00:00,4950000.0,0.0 
 06/08  15:00:00,4950000.0,0.0 
 06/08  16:00:00,4950000.0,0.0 
 06/08  17:00:00,4950000.0,0.0 
 06/08  18:00:00,4950000.0,0.0 
 06/08  19:00:00,4950000.0,0.0 
 06/08  20:00:00,4950000.0,0.0 
 06/08  21:00:00,4950000.0,0.0 
 06/08  22:00:00,4950000.0,0.0 
 06/08  23:00:00,4950000.0,0.0 
 06/08  24:00:00,4950000.0,0.0 
 06/09  01:00:00,4950000.0,0.0 
 06/09  02:00:00,4950000.0,0.0 
 06/09  03:00:00,4950000.0,0.0 
 06/09  04:00:00,4950000.0,0.0 
 06/09  05:00:00,4950000.0,0.0 
 06/09  06:00:00,4950000.0,0.0 
 06/09  07:00:00,4950000.0,0.0 
 06/09  08:00:00,4950000.0,0.0 
 06/09  09:00:00,4950000.0,0.0 
 06/09  10:00:00,4950000.0,0.0 
 06/09  11:00:00,4950000.0,0.0 
 06/09  12:00:00,4950000.0,0.0 
 06/09  13:00:00,4950000.0,0.0 
 06/09  14:00:00,4950000.0,0.0 
 06/09  15:00:00,4950000.0,0.0 
 06/09  16:00:00,4950000.0,0.0 
 06/09  17:00:00,4950000.0,0.0 
 06/09  18:00:00,4950000.0,0.0 
 06/09  19:00:00,4950000.0,0.0 
 06/09  20:00:00,4950000.0,0.0 
 06/09  21:00:00,4950000.0,0.0 
 06/09  22:00:00,4950000.0,0.0 
 06/09  23:00:00,4950000.0,0.0 
 06/09  24:00:00,4950000.0,0.0 
 06/10  01:00:00,1710000.0,0.0 
 06/10  02:00:00,1710000.0,0.0 
 06/10  03:00:00,1710000.0,0.0 
 06/10  04:00:00,1710000.0,0.0 
 06/10  05:00:00,1710000.0,0.0 
 06/10  06:00:00,1710000.0,0.0 
 06/10  07:00:00,13695037.312435225,1354960.257918031 
 06/10  08:00:00,11521010.988665344,1354960.257918031 
 06/10  09:00:00,39007914.34500179,1354960.257918031 
 06/10  10:00:00,47929178.418416776,1354960.257918031 
 06/10  11:00:00,49626551.54018694,1429666.9719790095 
 06/10  12:00:00,48291464.95258708,1435942.6455277156 
 06/10  13:00:00,43941437.19421019,1412136.497417244 
 06/10  14:00:00,46747136.56996019,1430351.4970115165 
 06/10  15:00:00,48882815.532449886,1542268.6357234 
 06/10  16:00:00,45897005.44430134,1415813.7034279958 
 06/10  17:00:00,41425584.18078032,1354960.257918031 
 06/10  18:00:00,41840757.83220295,1386577.4768181932 
 06/10  19:00:00,27017268.3958091,1354960.257918031 
 06/10  20:00:00,15962222.16308645,1354960.257918031 
 06/10  21:00:00,5760000.0,0.0 
 06/10  22:00:00,1710000.0,0.0 
 06/10  23:00:00,1710000.0,0.0 
 06/10  24:00:00,1710000.0,0.0 
 06/11  01:00:00,1710000.0,0.0 
 06/11  02:00:00,1710000.0,0.0 
 06/11  03:00:00,1710000.0,0.0 
 06/11  04:00:00,1710000.0,0.0 
 06/11  05:00:00,1710000.0,0.0 
 06/11  06:00:00,1710000.0,0.0 
 06/11  07:00:00,6502880.050521426,1354960.257918031 
 06/11  08:00:00,7066645.140687277,1354960.257918031 
 06/11  09:00:00,38125448.50881789,1388820.4778160853 
 06/11  10:00:00,50535289.46868814,1493129.826446939 
 06/11  11:00:00,53090830.57465722,1493730.6155910762 
 06/11  12:00:00,52239892.93072748,1495556.3326447387 
 06/11  13:00:00,46961614.32534438,1427155.121489107 
 06/11  14:00:00,51608614.58836964,1516561.196000871 
 06/11  15:00:00,54020802.920735344,1579008.631798758 
 06/11  16:00:00,51316050.27453126,1532673.4475994075 
 06/11  17:00:00,46037753.854657464,1452286.7810078454 
 06/11  18:00:00,44980169.50229306,1407556.3492484945 
 06/11  19:00:00,29093650.506789856,1354960.257918031 
 06/11  20:00:00,17608153.0065108,1354960.257918031 
 06/11  21:00:00,5760000.0,0.0 
 06/11  22:00:00,1710000.0,0.0 
 06/11  23:00:00,1710000.0,0.0 
 06/11  24:00:00,1710000.0,0.0 
 06/12  01:00:00,1710000.0,0.0 
 06/12  02:00:00,1710000.0,0.0 
 06/12  03:00:00,1710000.0,0.0 
 06/12  04:00:00,1710000.0,0.0 
 06/12  05:00:00,1710000.0,0.0 
 06/12  06:00:00,1710000.0,0.0 
 06/12  07:00:00,6282690.188271982,1354960.257918031 
 06/12  08:00:00,6909256.502375316,1354960.257918031 
 06/12  09:00:00,37609118.85205541,1391907.1719433323 
 06/12  10:00:00,49407770.99661686,1461916.789580238 
 06/12  11:00:00,51448264.59195906,1477629.1125571914 
 06/12  12:00:00,50104613.20712952,1525465.9854698097 
 06/12  13:00:00,46424376.76476746,1600730.545625301 
 06/12  14:00:00,48494948.09759228,1435452.3075809008 
 06/12  15:00:00,50896733.539347894,1508397.1824577758 
 06/12  16:00:00,49298763.28506413,1511589.6074818114 
 06/12  17:00:00,44078110.59201182,1426672.008503478 
 06/12  18:00:00,43559920.41996144,1463584.4930715326 
 06/12  19:00:00,27667312.687357366,1354960.257918031 
 06/12  20:00:00,16543062.302670188,1354960.257918031 
 06/12  21:00:00,5760000.0,0.0 
 06/12  22:00:00,1710000.0,0.0 
 06/12  23:00:00,1710000.0,0.0 
 06/12  24:00:00,1710000.0,0.0 
 06/13  01:00:00,1710000.0,0.0 
 06/13  02:00:00,1710000.0,0.0 
 06/13  03:00:00,1710000.0,0.0 
 06/13  04:00:00,1710000.0,0.0 
 06/13  05:00:00,1710000.0,0.0 
 06/13  06:00:00,1710000.0,0.0 
 06/13  07:00:00,7029668.093934797,1354960.257918031 
 06/13  08:00:00,7984316.4574922,1354960.257918031 
 06/13  09:00:00,39205033.46905386,1381412.470226015 
 06/13  10:00:00,50638226.46895149,1385078.9160789256 
 06/13  11:00:00,53523370.860476926,1443579.2037714617 
 06/13  12:00:00,52769593.3599979,1447848.1373284955 
 06/13  13:00:00,47903648.59029825,1390775.3267366413 
 06/13  14:00:00,50935581.494110055,1432597.647413085 
 06/13  15:00:00,52535764.93547898,1461923.0684092273 
 06/13  16:00:00,51274460.40778838,1460849.622314931 
 06/13  17:00:00,47019254.09403382,1422142.5712693937 
 06/13  18:00:00,46539843.52850355,1406320.874904093 
 06/13  19:00:00,30392073.306517668,1356786.4951830679 
 06/13  20:00:00,19031514.91887964,1354960.257918031 
 06/13  21:00:00,5760000.0,0.0 
 06/13  22:00:00,1710000.0,0.0 
 06/13  23:00:00,1710000.0,0.0 
 06/13  24:00:00,1710000.0,0.0 
 06/14  01:00:00,1710000.0,0.0 
 06/14  02:00:00,1710000.0,0.0 
 06/14  03:00:00,1710000.0,0.0 
 06/14  04:00:00,1710000.0,0.0 
 06/14  05:00:00,1710000.0,0.0 
 06/14  06:00:00,1710000.0,0.0 
 06/14  07:00:00,9356322.001198549,1354960.257918031 
 06/14  08:00:00,10155911.203558888,1354960.257918031 
 06/14  09:00:00,41105545.114675134,1355928.6922008786 
 06/14  10:00:00,53616277.33764412,1406654.4811871205 
 06/14  11:00:00,57495376.7576298,1481339.4492489418 
 06/14  12:00:00,57066969.116191305,1504942.6276230665 
 06/14  13:00:00,52322273.40839967,1437432.8499994325 
 06/14  14:00:00,57734777.59554975,1554569.9658208047 
 06/14  15:00:00,59809752.3852771,1646569.4741670503 
 06/14  16:00:00,57335177.500594735,1634082.4161830854 
 06/14  17:00:00,51984632.00201434,1535068.0088709285 
 06/14  18:00:00,50667265.34566917,1481767.646934435 
 06/14  19:00:00,32490742.352736168,1355326.9744132396 
 06/14  20:00:00,20849697.847933047,1354960.257918031 
 06/14  21:00:00,5760000.0,0.0 
 06/14  22:00:00,1710000.0,0.0 
 06/14  23:00:00,1710000.0,0.0 
 06/14  24:00:00,1710000.0,0.0 
 06/15  01:00:00,4950000.0,0.0 
 06/15  02:00:00,4950000.0,0.0 
 06/15  03:00:00,4950000.0,0.0 
 06/15  04:00:00,4950000.0,0.0 
 06/15  05:00:00,4950000.0,0.0 
 06/15  06:00:00,4950000.0,0.0 
 06/15  07:00:00,4950000.0,0.0 
 06/15  08:00:00,4950000.0,0.0 
 06/15  09:00:00,4950000.0,0.0 
 06/15  10:00:00,4950000.0,0.0 
 06/15  11:00:00,4950000.0,0.0 
 06/15  12:00:00,4950000.0,0.0 
 06/15  13:00:00,4950000.0,0.0 
 06/15  14:00:00,4950000.0,0.0 
 06/15  15:00:00,4950000.0,0.0 
 06/15  16:00:00,4950000.0,0.0 
 06/15  17:00:00,4950000.0,0.0 
 06/15  18:00:00,4950000.0,0.0 
 06/15  19:00:00,4950000.0,0.0 
 06/15  20:00:00,4950000.0,0.0 
 06/15  21:00:00,4950000.0,0.0 
 06/15  22:00:00,4950000.0,0.0 
 06/15  23:00:00,4950000.0,0.0 
 06/15  24:00:00,4950000.0,0.0 
 06/16  01:00:00,4950000.0,0.0 
 06/16  02:00:00,4950000.0,0.0 
 06/16  03:00:00,4950000.0,0.0 
 06/16  04:00:00,4950000.0,0.0 
 06/16  05:00:00,4950000.0,0.0 
 06/16  06:00:00,4950000.0,0.0 
 06/16  07:00:00,4950000.0,0.0 
 06/16  08:00:00,4950000.0,0.0 
 06/16  09:00:00,4950000.0,0.0 
 06/16  10:00:00,4950000.0,0.0 
 06/16  11:00:00,4950000.0,0.0 
 06/16  12:00:00,4950000.0,0.0 
 06/16  13:00:00,4950000.0,0.0 
 06/16  14:00:00,4950000.0,0.0 
 06/16  15:00:00,4950000.0,0.0 
 06/16  16:00:00,4950000.0,0.0 
 06/16  17:00:00,4950000.0,0.0 
 06/16  18:00:00,4950000.0,0.0 
 06/16  19:00:00,4950000.0,0.0 
 06/16  20:00:00,4950000.0,0.0 
 06/16  21:00:00,4950000.0,0.0 
 06/16  22:00:00,4950000.0,0.0 
 06/16  23:00:00,4950000.0,0.0 
 06/16  24:00:00,4950000.0,0.0 
 06/17  01:00:00,1710000.0,0.0 
 06/17  02:00:00,1710000.0,0.0 
 06/17  03:00:00,1710000.0,0.0 
 06/17  04:00:00,1710000.0,0.0 
 06/17  05:00:00,1710000.0,0.0 
 06/17  06:00:00,1710000.0,0.0 
 06/17  07:00:00,11153121.344510427,1354960.257918031 
 06/17  08:00:00,11038567.722311333,1354960.257918031 
 06/17  09:00:00,41299343.38588495,1361598.0921489059 
 06/17  10:00:00,51421256.99177628,1423679.029549785 
 06/17  11:00:00,53806932.461343616,1477266.2700539154 
 06/17  12:00:00,52059265.51212167,1438018.691123487 
 06/17  13:00:00,46647138.33549121,1386098.4345589546 
 06/17  14:00:00,50798575.3594067,1453963.6049269936 
 06/17  15:00:00,52369360.52441409,1502275.4014744908 
 06/17  16:00:00,49613399.371372156,1473936.2202578755 
 06/17  17:00:00,44407993.66791931,1454789.2163583448 
 06/17  18:00:00,43789053.075611055,1442339.4304680873 
 06/17  19:00:00,27531319.110405013,1354960.257918031 
 06/17  20:00:00,16162707.57243798,1354960.257918031 
 06/17  21:00:00,5760000.0,0.0 
 06/17  22:00:00,1710000.0,0.0 
 06/17  23:00:00,1710000.0,0.0 
 06/17  24:00:00,1710000.0,0.0 
 06/18  01:00:00,1710000.0,0.0 
 06/18  02:00:00,1710000.0,0.0 
 06/18  03:00:00,1710000.0,0.0 
 06/18  04:00:00,1710000.0,0.0 
 06/18  05:00:00,1710000.0,0.0 
 06/18  06:00:00,1710000.0,0.0 
 06/18  07:00:00,6102214.520006788,1354960.257918031 
 06/18  08:00:00,6567828.782213619,1354960.257918031 
 06/18  09:00:00,36659755.641370535,1354960.257918031 
 06/18  10:00:00,47288088.27560157,1354960.257918031 
 06/18  11:00:00,48505057.848747574,1354960.257918031 
 06/18  12:00:00,47678059.60077897,1398762.881277989 
 06/18  13:00:00,43450708.65413321,1354960.257918031 
 06/18  14:00:00,47449576.57659391,1418954.8706693312 
 06/18  15:00:00,50418962.158328146,1588625.3090303221 
 06/18  16:00:00,48002829.28247546,1506608.4711229848 
 06/18  17:00:00,43600896.50803858,1476339.2671265441 
 06/18  18:00:00,42929928.10692799,1441231.3212525286 
 06/18  19:00:00,27323064.62106823,1370662.9278702864 
 06/18  20:00:00,15690210.244625363,1354960.257918031 
 06/18  21:00:00,5760000.0,0.0 
 06/18  22:00:00,1710000.0,0.0 
 06/18  23:00:00,1710000.0,0.0 
 06/18  24:00:00,1710000.0,0.0 
 06/19  01:00:00,1710000.0,0.0 
 06/19  02:00:00,1710000.0,0.0 
 06/19  03:00:00,1710000.0,0.0 
 06/19  04:00:00,1710000.0,0.0 
 06/19  05:00:00,1710000.0,0.0 
 06/19  06:00:00,1710000.0,0.0 
 06/19  07:00:00,7078764.873150222,1354960.257918031 
 06/19  08:00:00,8023986.827331431,1354960.257918031 
 06/19  09:00:00,39229918.095706135,1354960.257918031 
 06/19  10:00:00,51753487.50623816,1404758.113395254 
 06/19  11:00:00,54952627.97043878,1487420.086687308 
 06/19  12:00:00,54690085.78641071,1490838.8176331923 
 06/19  13:00:00,52112182.19901661,1445229.9318927256 
 06/19  14:00:00,58045775.33782457,1544599.3191775768 
 06/19  15:00:00,60834886.639600106,1607073.3656694437 
 06/19  16:00:00,59524089.35188621,1593188.613864831 
 06/19  17:00:00,53762528.763162926,1467034.5688658818 
 06/19  18:00:00,52446266.69856878,1430700.8068904113 
 06/19  19:00:00,34993133.807523206,1354960.257918031 
 06/19  20:00:00,23602251.31338933,1354960.257918031 
 06/19  21:00:00,5760000.0,0.0 
 06/19  22:00:00,1710000.0,0.0 
 06/19  23:00:00,1710000.0,0.0 
 06/19  24:00:00,1710000.0,0.0 
 06/20  01:00:00,1710000.0,0.0 
 06/20  02:00:00,1710000.0,0.0 
 06/20  03:00:00,1710000.0,0.0 
 06/20  04:00:00,1710000.0,0.0 
 06/20  05:00:00,1710000.0,0.0 
 06/20  06:00:00,1710000.0,0.0 
 06/20  07:00:00,13885212.160214473,1354960.257918031 
 06/20  08:00:00,14060619.871452168,1354960.257918031 
 06/20  09:00:00,44805187.139895245,1362322.9353459582 
 06/20  10:00:00,57836684.46297101,1464786.458369146 
 06/20  11:00:00,62530747.35546205,1587032.3850410476 
 06/20  12:00:00,61954803.86254646,1584991.175507482 
 06/20  13:00:00,56968556.63715042,1494133.8917698336 
 06/20  14:00:00,62548456.73026623,1618034.5558450867 
 06/20  15:00:00,65073286.353862174,1689295.5035050611 
 06/20  16:00:00,60416050.164071314,1614613.735037326 
 06/20  17:00:00,53054336.729605906,1500703.837335517 
 06/20  18:00:00,50842884.04445289,1449078.3171794082 
 06/20  19:00:00,32934482.65071725,1354960.257918031 
 06/20  20:00:00,20756982.748192124,1354960.257918031 
 06/20  21:00:00,5760000.0,0.0 
 06/20  22:00:00,1710000.0,0.0 
 06/20  23:00:00,1710000.0,0.0 
 06/20  24:00:00,1710000.0,0.0 
 06/21  01:00:00,1710000.0,0.0 
 06/21  02:00:00,1710000.0,0.0 
 06/21  03:00:00,1710000.0,0.0 
 06/21  04:00:00,1710000.0,0.0 
 06/21  05:00:00,1710000.0,0.0 
 06/21  06:00:00,1710000.0,0.0 
 06/21  07:00:00,10739123.281387966,1354960.257918031 
 06/21  08:00:00,11292668.69908723,1354960.257918031 
 06/21  09:00:00,42675480.51884328,1403135.9015451367 
 06/21  10:00:00,55489094.687731855,1515297.6664495603 
 06/21  11:00:00,59193637.93020042,1604725.8043131507 
 06/21  12:00:00,57302578.952353746,1571214.0185569245 
 06/21  13:00:00,51168817.735294536,1474833.0456819537 
 06/21  14:00:00,55733950.68344572,1570692.5095599333 
 06/21  15:00:00,57894585.0515203,1646402.6654343137 
 06/21  16:00:00,55681263.54172825,1638206.0938653732 
 06/21  17:00:00,50207424.22197814,1548461.9186170397 
 06/21  18:00:00,49044203.814918526,1492319.8932076602 
 06/21  19:00:00,31386784.29010155,1358655.9805557376 
 06/21  20:00:00,20005996.95102094,1354960.257918031 
 06/21  21:00:00,5760000.0,0.0 
 06/21  22:00:00,1710000.0,0.0 
 06/21  23:00:00,1710000.0,0.0 
 06/21  24:00:00,1710000.0,0.0 
 06/22  01:00:00,4950000.0,0.0 
 06/22  02:00:00,4950000.0,0.0 
 06/22  03:00:00,4950000.0,0.0 
 06/22  04:00:00,4950000.0,0.0 
 06/22  05:00:00,4950000.0,0.0 
 06/22  06:00:00,4950000.0,0.0 
 06/22  07:00:00,4950000.0,0.0 
 06/22  08:00:00,4950000.0,0.0 
 06/22  09:00:00,4950000.0,0.0 
 06/22  10:00:00,4950000.0,0.0 
 06/22  11:00:00,4950000.0,0.0 
 06/22  12:00:00,4950000.0,0.0 
 06/22  13:00:00,4950000.0,0.0 
 06/22  14:00:00,4950000.0,0.0 
 06/22  15:00:00,4950000.0,0.0 
 06/22  16:00:00,4950000.0,0.0 
 06/22  17:00:00,4950000.0,0.0 
 06/22  18:00:00,4950000.0,0.0 
 06/22  19:00:00,4950000.0,0.0 
 06/22  20:00:00,4950000.0,0.0 
 06/22  21:00:00,4950000.0,0.0 
 06/22  22:00:00,4950000.0,0.0 
 06/22  23:00:00,4950000.0,0.0 
 06/22  24:00:00,4950000.0,0.0 
 06/23  01:00:00,4950000.0,0.0 
 06/23  02:00:00,4950000.0,0.0 
 06/23  03:00:00,4950000.0,0.0 
 06/23  04:00:00,4950000.0,0.0 
 06/23  05:00:00,4950000.0,0.0 
 06/23  06:00:00,4950000.0,0.0 
 06/23  07:00:00,4950000.0,0.0 
 06/23  08:00:00,4950000.0,0.0 
 06/23  09:00:00,4950000.0,0.0 
 06/23  10:00:00,4950000.0,0.0 
 06/23  11:00:00,4950000.0,0.0 
 06/23  12:00:00,4950000.0,0.0 
 06/23  13:00:00,4950000.0,0.0 
 06/23  14:00:00,4950000.0,0.0 
 06/23  15:00:00,4950000.0,0.0 
 06/23  16:00:00,4950000.0,0.0 
 06/23  17:00:00,4950000.0,0.0 
 06/23  18:00:00,4950000.0,0.0 
 06/23  19:00:00,4950000.0,0.0 
 06/23  20:00:00,4950000.0,0.0 
 06/23  21:00:00,4950000.0,0.0 
 06/23  22:00:00,4950000.0,0.0 
 06/23  23:00:00,4950000.0,0.0 
 06/23  24:00:00,4950000.0,0.0 
 06/24  01:00:00,1710000.0,0.0 
 06/24  02:00:00,1710000.0,0.0 
 06/24  03:00:00,1710000.0,0.0 
 06/24  04:00:00,1710000.0,0.0 
 06/24  05:00:00,1710000.0,0.0 
 06/24  06:00:00,1710000.0,0.0 
 06/24  07:00:00,5765295.595455755,1354960.257918031 
 06/24  08:00:00,6147140.241808254,1354960.257918031 
 06/24  09:00:00,36895924.95697628,1383521.257591457 
 06/24  10:00:00,49318383.357078046,1496582.912838032 
 06/24  11:00:00,52410161.983057246,1612113.2188589838 
 06/24  12:00:00,50683295.19636334,1528713.474846534 
 06/24  13:00:00,44671217.00962699,1364782.604889169 
 06/24  14:00:00,48304209.19014234,1421550.2772261885 
 06/24  15:00:00,50028429.97960587,1465485.05570372 
 06/24  16:00:00,48584084.150616534,1486886.341166262 
 06/24  17:00:00,44620383.12545701,1457969.22664548 
 06/24  18:00:00,44100197.769239604,1437415.1377636099 
 06/24  19:00:00,28375363.572856367,1403001.595160103 
 06/24  20:00:00,16187993.078463323,1358582.3079569421 
 06/24  21:00:00,5760000.0,0.0 
 06/24  22:00:00,1710000.0,0.0 
 06/24  23:00:00,1710000.0,0.0 
 06/24  24:00:00,1710000.0,0.0 
 06/25  01:00:00,1710000.0,0.0 
 06/25  02:00:00,1710000.0,0.0 
 06/25  03:00:00,1710000.0,0.0 
 06/25  04:00:00,1710000.0,0.0 
 06/25  05:00:00,1710000.0,0.0 
 06/25  06:00:00,1710000.0,0.0 
 06/25  07:00:00,5976896.282845619,1354960.257918031 
 06/25  08:00:00,7470394.008457085,1354960.257918031 
 06/25  09:00:00,39033915.955361515,1393227.3971401982 
 06/25  10:00:00,51130973.01371267,1479293.2075799105 
 06/25  11:00:00,54359789.36182287,1519586.8671325278 
 06/25  12:00:00,53648011.216401055,1515371.8399634568 
 06/25  13:00:00,47756916.99388317,1437860.7709461413 
 06/25  14:00:00,51203765.59052287,1499037.9950057694 
 06/25  15:00:00,53241413.018897176,1555239.5343294903 
 06/25  16:00:00,51477605.16229114,1560948.0967819185 
 06/25  17:00:00,47011539.56774292,1518666.599293258 
 06/25  18:00:00,46005652.69712849,1486558.5497098537 
 06/25  19:00:00,29232276.698476717,1375072.2307813498 
 06/25  20:00:00,17283050.279938705,1354960.257918031 
 06/25  21:00:00,5760000.0,0.0 
 06/25  22:00:00,1710000.0,0.0 
 06/25  23:00:00,1710000.0,0.0 
 06/25  24:00:00,1710000.0,0.0 
 06/26  01:00:00,1710000.0,0.0 
 06/26  02:00:00,1710000.0,0.0 
 06/26  03:00:00,1710000.0,0.0 
 06/26  04:00:00,1710000.0,0.0 
 06/26  05:00:00,1710000.0,0.0 
 06/26  06:00:00,1710000.0,0.0 
 06/26  07:00:00,6905198.263093733,1354960.257918031 
 06/26  08:00:00,8094090.39632742,1354960.257918031 
 06/26  09:00:00,38816022.51609749,1389480.1655475649 
 06/26  10:00:00,51280474.628146544,1471655.9117586738 
 06/26  11:00:00,54801271.098976195,1505112.6356036386 
 06/26  12:00:00,54337770.79882255,1507910.9137365976 
 06/26  13:00:00,49429349.194348365,1436999.906344419 
 06/26  14:00:00,54021845.25117194,1522722.394602769 
 06/26  15:00:00,56366723.74267337,1594392.7367911462 
 06/26  16:00:00,55187025.60808826,1622051.507643788 
 06/26  17:00:00,50592458.81708492,1556365.9630383973 
 06/26  18:00:00,49157357.054561526,1512715.2653663228 
 06/26  19:00:00,30699063.03975199,1359957.7787009191 
 06/26  20:00:00,18662162.429287296,1354960.257918031 
 06/26  21:00:00,5760000.0,0.0 
 06/26  22:00:00,1710000.0,0.0 
 06/26  23:00:00,1710000.0,0.0 
 06/26  24:00:00,1710000.0,0.0 
 06/27  01:00:00,1710000.0,0.0 
 06/27  02:00:00,1710000.0,0.0 
 06/27  03:00:00,1710000.0,0.0 
 06/27  04:00:00,1710000.0,0.0 
 06/27  05:00:00,1710000.0,0.0 
 06/27  06:00:00,1710000.0,0.0 
 06/27  07:00:00,7628466.566727248,1354960.257918031 
 06/27  08:00:00,8741071.9745016,1354960.257918031 
 06/27  09:00:00,39763322.27998841,1354960.257918031 
 06/27  10:00:00,52460435.58727513,1381498.1275745744 
 06/27  11:00:00,57163160.52168313,1491321.9459051017 
 06/27  12:00:00,57086643.867363356,1507915.9138666757 
 06/27  13:00:00,53046014.6588722,1451074.5924835356 
 06/27  14:00:00,57927508.63597506,1564319.2792238311 
 06/27  15:00:00,60020159.52974805,1637043.5426218642 
 06/27  16:00:00,57654998.54826501,1619443.3821279574 
 06/27  17:00:00,51575632.204304285,1508941.9295317712 
 06/27  18:00:00,50789887.91736968,1469594.6082779337 
 06/27  19:00:00,33179007.762657713,1354960.257918031 
 06/27  20:00:00,21252836.91375628,1354960.257918031 
 06/27  21:00:00,5760000.0,0.0 
 06/27  22:00:00,1710000.0,0.0 
 06/27  23:00:00,1710000.0,0.0 
 06/27  24:00:00,1710000.0,0.0 
 06/28  01:00:00,1710000.0,0.0 
 06/28  02:00:00,1710000.0,0.0 
 06/28  03:00:00,1710000.0,0.0 
 06/28  04:00:00,1710000.0,0.0 
 06/28  05:00:00,1710000.0,0.0 
 06/28  06:00:00,1710000.0,0.0 
 06/28  07:00:00,10761593.419049412,1354960.257918031 
 06/28  08:00:00,12868594.882961407,1354960.257918031 
 06/28  09:00:00,45383648.913939334,1460051.6782337327 
 06/28  10:00:00,58003018.35738574,1509157.3017927972 
 06/28  11:00:00,61436434.37896115,1618601.7587254457 
 06/28  12:00:00,59558179.0766589,1599610.2821128923 
 06/28  13:00:00,54567569.84222622,1492017.6439227676 
 06/28  14:00:00,59505932.59072968,1592382.0589994122 
 06/28  15:00:00,60337486.41259522,1658461.8711304222 
 06/28  16:00:00,58116606.60415912,1629053.105350808 
 06/28  17:00:00,53292396.879846975,1539164.179875896 
 06/28  18:00:00,51492310.19034071,1497739.6885443004 
 06/28  19:00:00,32189889.278970398,1357584.9938003821 
 06/28  20:00:00,20396634.02127423,1354960.257918031 
 06/28  21:00:00,5760000.0,0.0 
 06/28  22:00:00,1710000.0,0.0 
 06/28  23:00:00,1710000.0,0.0 
 06/28  24:00:00,1710000.0,0.0 
 06/29  01:00:00,4950000.0,0.0 
 06/29  02:00:00,4950000.0,0.0 
 06/29  03:00:00,4950000.0,0.0 
 06/29  04:00:00,4950000.0,0.0 
 06/29  05:00:00,4950000.0,0.0 
 06/29  06:00:00,4950000.0,0.0 
 06/29  07:00:00,4950000.0,0.0 
 06/29  08:00:00,4950000.0,0.0 
 06/29  09:00:00,4950000.0,0.0 
 06/29  10:00:00,4950000.0,0.0 
 06/29  11:00:00,4950000.0,0.0 
 06/29  12:00:00,4950000.0,0.0 
 06/29  13:00:00,4950000.0,0.0 
 06/29  14:00:00,4950000.0,0.0 
 06/29  15:00:00,4950000.0,0.0 
 06/29  16:00:00,4950000.0,0.0 
 06/29  17:00:00,4950000.0,0.0 
 06/29  18:00:00,4950000.0,0.0 
 06/29  19:00:00,4950000.0,0.0 
 06/29  20:00:00,4950000.0,0.0 
 06/29  21:00:00,4950000.0,0.0 
 06/29  22:00:00,4950000.0,0.0 
 06/29  23:00:00,4950000.0,0.0 
 06/29  24:00:00,4950000.0,0.0 
 06/30  01:00:00,4950000.0,0.0 
 06/30  02:00:00,4950000.0,0.0 
 06/30  03:00:00,4950000.0,0.0 
 06/30  04:00:00,4950000.0,0.0 
 06/30  05:00:00,4950000.0,0.0 
 06/30  06:00:00,4950000.0,0.0 
 06/30  07:00:00,4950000.0,0.0 
 06/30  08:00:00,4950000.0,0.0 
 06/30  09:00:00,4950000.0,0.0 
 06/30  10:00:00,4950000.0,0.0 
 06/30  11:00:00,4950000.0,0.0 
 06/30  12:00:00,4950000.0,0.0 
 06/30  13:00:00,4950000.0,0.0 
 06/30  14:00:00,4950000.0,0.0 
 06/30  15:00:00,4950000.0,0.0 
 06/30  16:00:00,4950000.0,0.0 
 06/30  17:00:00,4950000.0,0.0 
 06/30  18:00:00,4950000.0,0.0 
 06/30  19:00:00,4950000.0,0.0 
 06/30  20:00:00,4950000.0,0.0 
 06/30  21:00:00,4950000.0,0.0 
 06/30  22:00:00,4950000.0,0.0 
 06/30  23:00:00,4950000.0,0.0 
 06/30  24:00:00,4950000.0,0.0,13091044997.074177,10121400000.0,6291000000.0,405593048.2724651,2564051948.8017244,822643292.0098522,822643292.0098522,,,,,,,,6291000000.0,,10121400000.0,,3830400000.0 
 07/01  01:00:00,1710000.0,0.0 
 07/01  02:00:00,1710000.0,0.0 
 07/01  03:00:00,1710000.0,0.0 
 07/01  04:00:00,1710000.0,0.0 
 07/01  05:00:00,1710000.0,0.0 
 07/01  06:00:00,1710000.0,0.0 
 07/01  07:00:00,7908163.028869505,1354960.257918031 
 07/01  08:00:00,8096850.434771518,1354960.257918031 
 07/01  09:00:00,38194172.70898976,1354960.257918031 
 07/01  10:00:00,48986517.80972949,1354960.257918031 
 07/01  11:00:00,53205374.36942894,1549936.0566006354 
 07/01  12:00:00,51560193.73426638,1489995.1635270051 
 07/01  13:00:00,48140044.98914765,1541417.1011172205 
 07/01  14:00:00,51514209.18822794,1623179.8189327372 
 07/01  15:00:00,52447178.59431493,1618881.2579318346 
 07/01  16:00:00,48386628.41599961,1445969.734879459 
 07/01  17:00:00,43821125.473674655,1402031.6178535088 
 07/01  18:00:00,43838769.62395072,1388074.0050652165 
 07/01  19:00:00,28939661.16410392,1354960.257918031 
 07/01  20:00:00,17990915.861911535,1354960.257918031 
 07/01  21:00:00,5760000.0,0.0 
 07/01  22:00:00,1710000.0,0.0 
 07/01  23:00:00,1710000.0,0.0 
 07/01  24:00:00,1710000.0,0.0 
 07/02  01:00:00,1710000.0,0.0 
 07/02  02:00:00,1710000.0,0.0 
 07/02  03:00:00,1710000.0,0.0 
 07/02  04:00:00,1710000.0,0.0 
 07/02  05:00:00,1710000.0,0.0 
 07/02  06:00:00,1710000.0,0.0 
 07/02  07:00:00,8595784.517000528,1354960.257918031 
 07/02  08:00:00,8508415.859420858,1354960.257918031 
 07/02  09:00:00,38530979.55068524,1354960.257918031 
 07/02  10:00:00,50075537.11069001,1425218.3524483172 
 07/02  11:00:00,51843505.45767056,1387990.0368998682 
 07/02  12:00:00,51847568.74161999,1421291.879225327 
 07/02  13:00:00,47696484.87442842,1393046.075917934 
 07/02  14:00:00,52068194.94379499,1462997.0846996722 
 07/02  15:00:00,53911639.10625282,1510087.7081561375 
 07/02  16:00:00,51976864.95132363,1501642.600581285 
 07/02  17:00:00,47537782.33298133,1456733.1912290936 
 07/02  18:00:00,46697681.3153083,1417484.5325885024 
 07/02  19:00:00,29882721.664181557,1356416.4880753432 
 07/02  20:00:00,17484649.076752882,1354960.257918031 
 07/02  21:00:00,5760000.0,0.0 
 07/02  22:00:00,1710000.0,0.0 
 07/02  23:00:00,1710000.0,0.0 
 07/02  24:00:00,1710000.0,0.0 
 07/03  01:00:00,1710000.0,0.0 
 07/03  02:00:00,1710000.0,0.0 
 07/03  03:00:00,1710000.0,0.0 
 07/03  04:00:00,1710000.0,0.0 
 07/03  05:00:00,1710000.0,0.0 
 07/03  06:00:00,1710000.0,0.0 
 07/03  07:00:00,6275334.920595463,1354960.257918031 
 07/03  08:00:00,6597843.69944337,1354960.257918031 
 07/03  09:00:00,37083825.748314634,1386158.351689097 
 07/03  10:00:00,49748090.85809783,1553269.1170739091 
 07/03  11:00:00,51820570.71370766,1487668.9419032773 
 07/03  12:00:00,51328714.88824692,1497375.579281407 
 07/03  13:00:00,46733339.06596101,1429985.3447100753 
 07/03  14:00:00,50870719.537789956,1511046.2917143279 
 07/03  15:00:00,52968151.77208763,1565519.467876275 
 07/03  16:00:00,51463929.23199457,1558945.653235918 
 07/03  17:00:00,47049127.93437378,1498024.4279214975 
 07/03  18:00:00,46590890.24212923,1456548.3782351513 
 07/03  19:00:00,29851536.23323062,1357045.250647447 
 07/03  20:00:00,18694786.843583822,1354960.257918031 
 07/03  21:00:00,5760000.0,0.0 
 07/03  22:00:00,1710000.0,0.0 
 07/03  23:00:00,1710000.0,0.0 
 07/03  24:00:00,1710000.0,0.0 
 07/04  01:00:00,1710000.0,0.0 
 07/04  02:00:00,1710000.0,0.0 
 07/04  03:00:00,1710000.0,0.0 
 07/04  04:00:00,1710000.0,0.0 
 07/04  05:00:00,1710000.0,0.0 
 07/04  06:00:00,1710000.0,0.0 
 07/04  07:00:00,9748594.18775122,1354960.257918031 
 07/04  08:00:00,10567058.014560387,1354960.257918031 
 07/04  09:00:00,42027440.97539882,1387223.0722652893 
 07/04  10:00:00,55042560.657389015,1441761.420051767 
 07/04  11:00:00,59066609.935592435,1525753.5738668644 
 07/04  12:00:00,58525320.182454735,1524597.6631458362 
 07/04  13:00:00,54118868.05460658,1448844.4910648104 
 07/04  14:00:00,59402633.73869134,1545056.736206617 
 07/04  15:00:00,62200749.068944484,1630838.1492721955 
 07/04  16:00:00,60698530.0921512,1632783.1696137935 
 07/04  17:00:00,55690789.845765464,1554859.1661005544 
 07/04  18:00:00,54521545.587815024,1497010.322974882 
 07/04  19:00:00,36301002.16813656,1356174.9978032294 
 07/04  20:00:00,25346273.41194259,1354960.257918031 
 07/04  21:00:00,5760000.0,0.0 
 07/04  22:00:00,1710000.0,0.0 
 07/04  23:00:00,1710000.0,0.0 
 07/04  24:00:00,1710000.0,0.0 
 07/05  01:00:00,1710000.0,0.0 
 07/05  02:00:00,1710000.0,0.0 
 07/05  03:00:00,1710000.0,0.0 
 07/05  04:00:00,1710000.0,0.0 
 07/05  05:00:00,1710000.0,0.0 
 07/05  06:00:00,1710000.0,0.0 
 07/05  07:00:00,13914490.977533102,1354960.257918031 
 07/05  08:00:00,14803656.757164516,1354960.257918031 
 07/05  09:00:00,46750571.13073146,1446366.0818283684 
 07/05  10:00:00,60106213.21457439,1553670.9490988185 
 07/05  11:00:00,64647983.66423188,1647433.6076469033 
 07/05  12:00:00,62997344.70447599,1596918.4791607214 
 07/05  13:00:00,57332289.1128241,1494821.8030093235 
 07/05  14:00:00,62371214.74811275,1603031.39787397 
 07/05  15:00:00,65008864.705257855,1703390.0684426916 
 07/05  16:00:00,63128953.08407204,1696095.3296146546 
 07/05  17:00:00,57979218.55360791,1599457.0558021485 
 07/05  18:00:00,56515773.59067035,1558080.0123717915 
 07/05  19:00:00,37279445.13908837,1375107.96422649 
 07/05  20:00:00,25426980.34071412,1354960.257918031 
 07/05  21:00:00,5760000.0,0.0 
 07/05  22:00:00,1710000.0,0.0 
 07/05  23:00:00,1710000.0,0.0 
 07/05  24:00:00,1710000.0,0.0 
 07/06  01:00:00,4950000.0,0.0 
 07/06  02:00:00,4950000.0,0.0 
 07/06  03:00:00,4950000.0,0.0 
 07/06  04:00:00,4950000.0,0.0 
 07/06  05:00:00,4950000.0,0.0 
 07/06  06:00:00,4950000.0,0.0 
 07/06  07:00:00,4950000.0,0.0 
 07/06  08:00:00,4950000.0,0.0 
 07/06  09:00:00,4950000.0,0.0 
 07/06  10:00:00,4950000.0,0.0 
 07/06  11:00:00,4950000.0,0.0 
 07/06  12:00:00,4950000.0,0.0 
 07/06  13:00:00,4950000.0,0.0 
 07/06  14:00:00,4950000.0,0.0 
 07/06  15:00:00,4950000.0,0.0 
 07/06  16:00:00,4950000.0,0.0 
 07/06  17:00:00,4950000.0,0.0 
 07/06  18:00:00,4950000.0,0.0 
 07/06  19:00:00,4950000.0,0.0 
 07/06  20:00:00,4950000.0,0.0 
 07/06  21:00:00,4950000.0,0.0 
 07/06  22:00:00,4950000.0,0.0 
 07/06  23:00:00,4950000.0,0.0 
 07/06  24:00:00,4950000.0,0.0 
 07/07  01:00:00,4950000.0,0.0 
 07/07  02:00:00,4950000.0,0.0 
 07/07  03:00:00,4950000.0,0.0 
 07/07  04:00:00,4950000.0,0.0 
 07/07  05:00:00,4950000.0,0.0 
 07/07  06:00:00,4950000.0,0.0 
 07/07  07:00:00,4950000.0,0.0 
 07/07  08:00:00,4950000.0,0.0 
 07/07  09:00:00,4950000.0,0.0 
 07/07  10:00:00,4950000.0,0.0 
 07/07  11:00:00,4950000.0,0.0 
 07/07  12:00:00,4950000.0,0.0 
 07/07  13:00:00,4950000.0,0.0 
 07/07  14:00:00,4950000.0,0.0 
 07/07  15:00:00,4950000.0,0.0 
 07/07  16:00:00,4950000.0,0.0 
 07/07  17:00:00,4950000.0,0.0 
 07/07  18:00:00,4950000.0,0.0 
 07/07  19:00:00,4950000.0,0.0 
 07/07  20:00:00,4950000.0,0.0 
 07/07  21:00:00,4950000.0,0.0 
 07/07  22:00:00,4950000.0,0.0 
 07/07  23:00:00,4950000.0,0.0 
 07/07  24:00:00,4950000.0,0.0 
 07/08  01:00:00,1710000.0,0.0 
 07/08  02:00:00,1710000.0,0.0 
 07/08  03:00:00,1710000.0,0.0 
 07/08  04:00:00,1710000.0,0.0 
 07/08  05:00:00,1710000.0,0.0 
 07/08  06:00:00,1710000.0,0.0 
 07/08  07:00:00,12030021.460578263,1354960.257918031 
 07/08  08:00:00,12683322.734555636,1354960.257918031 
 07/08  09:00:00,44579269.76943172,1354960.257918031 
 07/08  10:00:00,57099926.96302857,1394652.627816117 
 07/08  11:00:00,61443720.16098981,1500768.2741581732 
 07/08  12:00:00,61098871.5068191,1516931.359550132 
 07/08  13:00:00,54857379.8269714,1409861.413662584 
 07/08  14:00:00,58599124.47553902,1451629.802735135 
 07/08  15:00:00,61204589.24403938,1502704.6231027865 
 07/08  16:00:00,59480176.06166477,1492278.9151020113 
 07/08  17:00:00,55132889.88097326,1462361.8738497098 
 07/08  18:00:00,53922500.98633942,1421440.0056338347 
 07/08  19:00:00,35736547.95794356,1354960.257918031 
 07/08  20:00:00,24569851.390953477,1354960.257918031 
 07/08  21:00:00,5760000.0,0.0 
 07/08  22:00:00,1710000.0,0.0 
 07/08  23:00:00,1710000.0,0.0 
 07/08  24:00:00,1710000.0,0.0 
 07/09  01:00:00,1710000.0,0.0 
 07/09  02:00:00,1710000.0,0.0 
 07/09  03:00:00,1710000.0,0.0 
 07/09  04:00:00,1710000.0,0.0 
 07/09  05:00:00,1710000.0,0.0 
 07/09  06:00:00,1710000.0,0.0 
 07/09  07:00:00,12451130.775809733,1354960.257918031 
 07/09  08:00:00,12268457.971824227,1354960.257918031 
 07/09  09:00:00,40638457.57251772,1354960.257918031 
 07/09  10:00:00,50629179.63203582,1364665.1421096078 
 07/09  11:00:00,53575310.824645154,1418493.1514585987 
 07/09  12:00:00,52939053.371071674,1439566.3038485646 
 07/09  13:00:00,48117766.80393712,1400309.2962144385 
 07/09  14:00:00,52322455.66087229,1473862.3269630438 
 07/09  15:00:00,54165982.45189428,1535169.2033427674 
 07/09  16:00:00,51934763.585292056,1524266.971901215 
 07/09  17:00:00,46747321.73069814,1461991.5693077815 
 07/09  18:00:00,44877904.34349936,1422955.7019477752 
 07/09  19:00:00,28284249.853087872,1354960.257918031 
 07/09  20:00:00,17060114.838220783,1354960.257918031 
 07/09  21:00:00,5760000.0,0.0 
 07/09  22:00:00,1710000.0,0.0 
 07/09  23:00:00,1710000.0,0.0 
 07/09  24:00:00,1710000.0,0.0 
 07/10  01:00:00,1710000.0,0.0 
 07/10  02:00:00,1710000.0,0.0 
 07/10  03:00:00,1710000.0,0.0 
 07/10  04:00:00,1710000.0,0.0 
 07/10  05:00:00,1710000.0,0.0 
 07/10  06:00:00,1710000.0,0.0 
 07/10  07:00:00,8901222.918009186,1354960.257918031 
 07/10  08:00:00,10045994.452295369,1354960.257918031 
 07/10  09:00:00,41055376.228379436,1354960.257918031 
 07/10  10:00:00,52745568.048879206,1363941.0063411626 
 07/10  11:00:00,55266983.24993945,1405249.394595462 
 07/10  12:00:00,54311795.53794086,1410484.555545499 
 07/10  13:00:00,50587111.59893402,1384863.6365279655 
 07/10  14:00:00,54958973.19310899,1458094.4582576747 
 07/10  15:00:00,56355156.49247693,1460083.7668465644 
 07/10  16:00:00,53139863.482509896,1422475.209589644 
 07/10  17:00:00,47402976.43806656,1381568.4933929946 
 07/10  18:00:00,46588787.399165854,1370520.8611026686 
 07/10  19:00:00,31742126.558264248,1354960.257918031 
 07/10  20:00:00,21167856.708959773,1354960.257918031 
 07/10  21:00:00,5760000.0,0.0 
 07/10  22:00:00,1710000.0,0.0 
 07/10  23:00:00,1710000.0,0.0 
 07/10  24:00:00,1710000.0,0.0 
 07/11  01:00:00,1710000.0,0.0 
 07/11  02:00:00,1710000.0,0.0 
 07/11  03:00:00,1710000.0,0.0 
 07/11  04:00:00,1710000.0,0.0 
 07/11  05:00:00,1710000.0,0.0 
 07/11  06:00:00,1710000.0,0.0 
 07/11  07:00:00,12018694.579623088,1354960.257918031 
 07/11  08:00:00,12380556.282671163,1354960.257918031 
 07/11  09:00:00,42449206.290156394,1354960.257918031 
 07/11  10:00:00,53160458.25759332,1354960.257918031 
 07/11  11:00:00,55821163.21982615,1384512.3951460342 
 07/11  12:00:00,55714776.854341276,1420407.9389152213 
 07/11  13:00:00,51433805.93721685,1393167.5549947564 
 07/11  14:00:00,55875732.82349473,1460876.018114129 
 07/11  15:00:00,57836272.405342504,1494027.0194915384 
 07/11  16:00:00,56822570.351087205,1503345.9492133614 
 07/11  17:00:00,52409054.90314272,1461186.6936367617 
 07/11  18:00:00,51601285.77134277,1428066.5601500785 
 07/11  19:00:00,35023209.24921065,1354960.257918031 
 07/11  20:00:00,23530170.7164381,1354960.257918031 
 07/11  21:00:00,5760000.0,0.0 
 07/11  22:00:00,1710000.0,0.0 
 07/11  23:00:00,1710000.0,0.0 
 07/11  24:00:00,1710000.0,0.0 
 07/12  01:00:00,1710000.0,0.0 
 07/12  02:00:00,1710000.0,0.0 
 07/12  03:00:00,1710000.0,0.0 
 07/12  04:00:00,1710000.0,0.0 
 07/12  05:00:00,1710000.0,0.0 
 07/12  06:00:00,1710000.0,0.0 
 07/12  07:00:00,12170622.556976711,1354960.257918031 
 07/12  08:00:00,13186085.493455764,1354960.257918031 
 07/12  09:00:00,43152572.59921208,1354960.257918031 
 07/12  10:00:00,54757725.05340336,1365043.848057632 
 07/12  11:00:00,57449894.82802522,1419930.2510650656 
 07/12  12:00:00,56496864.35739797,1446277.942570034 
 07/12  13:00:00,52078374.98165806,1420768.2332721872 
 07/12  14:00:00,57062429.8776502,1515263.0158883277 
 07/12  15:00:00,59967325.81805784,1585721.5550802348 
 07/12  16:00:00,56676731.943988815,1495919.851067877 
 07/12  17:00:00,51825382.530870184,1450674.6548714878 
 07/12  18:00:00,50813128.77593979,1420430.607154409 
 07/12  19:00:00,34379399.71906538,1354960.257918031 
 07/12  20:00:00,23612841.10196067,1354960.257918031 
 07/12  21:00:00,5760000.0,0.0 
 07/12  22:00:00,1710000.0,0.0 
 07/12  23:00:00,1710000.0,0.0 
 07/12  24:00:00,1710000.0,0.0 
 07/13  01:00:00,4950000.0,0.0 
 07/13  02:00:00,4950000.0,0.0 
 07/13  03:00:00,4950000.0,0.0 
 07/13  04:00:00,4950000.0,0.0 
 07/13  05:00:00,4950000.0,0.0 
 07/13  06:00:00,4950000.0,0.0 
 07/13  07:00:00,4950000.0,0.0 
 07/13  08:00:00,4950000.0,0.0 
 07/13  09:00:00,4950000.0,0.0 
 07/13  10:00:00,4950000.0,0.0 
 07/13  11:00:00,4950000.0,0.0 
 07/13  12:00:00,4950000.0,0.0 
 07/13  13:00:00,4950000.0,0.0 
 07/13  14:00:00,4950000.0,0.0 
 07/13  15:00:00,4950000.0,0.0 
 07/13  16:00:00,4950000.0,0.0 
 07/13  17:00:00,4950000.0,0.0 
 07/13  18:00:00,4950000.0,0.0 
 07/13  19:00:00,4950000.0,0.0 
 07/13  20:00:00,4950000.0,0.0 
 07/13  21:00:00,4950000.0,0.0 
 07/13  22:00:00,4950000.0,0.0 
 07/13  23:00:00,4950000.0,0.0 
 07/13  24:00:00,4950000.0,0.0 
 07/14  01:00:00,4950000.0,0.0 
 07/14  02:00:00,4950000.0,0.0 
 07/14  03:00:00,4950000.0,0.0 
 07/14  04:00:00,4950000.0,0.0 
 07/14  05:00:00,4950000.0,0.0 
 07/14  06:00:00,4950000.0,0.0 
 07/14  07:00:00,4950000.0,0.0 
 07/14  08:00:00,4950000.0,0.0 
 07/14  09:00:00,4950000.0,0.0 
 07/14  10:00:00,4950000.0,0.0 
 07/14  11:00:00,4950000.0,0.0 
 07/14  12:00:00,4950000.0,0.0 
 07/14  13:00:00,4950000.0,0.0 
 07/14  14:00:00,4950000.0,0.0 
 07/14  15:00:00,4950000.0,0.0 
 07/14  16:00:00,4950000.0,0.0 
 07/14  17:00:00,4950000.0,0.0 
 07/14  18:00:00,4950000.0,0.0 
 07/14  19:00:00,4950000.0,0.0 
 07/14  20:00:00,4950000.0,0.0 
 07/14  21:00:00,4950000.0,0.0 
 07/14  22:00:00,4950000.0,0.0 
 07/14  23:00:00,4950000.0,0.0 
 07/14  24:00:00,4950000.0,0.0 
 07/15  01:00:00,1710000.0,0.0 
 07/15  02:00:00,1710000.0,0.0 
 07/15  03:00:00,1710000.0,0.0 
 07/15  04:00:00,1710000.0,0.0 
 07/15  05:00:00,1710000.0,0.0 
 07/15  06:00:00,1710000.0,0.0 
 07/15  07:00:00,11161890.732410733,1354960.257918031 
 07/15  08:00:00,12462417.899528723,1354960.257918031 
 07/15  09:00:00,44137141.70501906,1358869.5181136425 
 07/15  10:00:00,58390494.88959785,1453698.376662127 
 07/15  11:00:00,63122230.72799519,1585283.2939869286 
 07/15  12:00:00,63066248.29937716,1601567.936341647 
 07/15  13:00:00,58685194.47058926,1518299.7848395784 
 07/15  14:00:00,64213757.69664722,1646553.8885998246 
 07/15  15:00:00,66770365.85519521,1723967.9752402788 
 07/15  16:00:00,65136406.05646525,1687426.8221827128 
 07/15  17:00:00,58831858.15065721,1532121.4246857376 
 07/15  18:00:00,55678696.38480064,1447227.837778258 
 07/15  19:00:00,38124109.08358302,1354960.257918031 
 07/15  20:00:00,24039765.210094206,1354960.257918031 
 07/15  21:00:00,5760000.0,0.0 
 07/15  22:00:00,1710000.0,0.0 
 07/15  23:00:00,1710000.0,0.0 
 07/15  24:00:00,1710000.0,0.0 
 07/16  01:00:00,1710000.0,0.0 
 07/16  02:00:00,1710000.0,0.0 
 07/16  03:00:00,1710000.0,0.0 
 07/16  04:00:00,1710000.0,0.0 
 07/16  05:00:00,1710000.0,0.0 
 07/16  06:00:00,1710000.0,0.0 
 07/16  07:00:00,16149794.946602363,1354960.257918031 
 07/16  08:00:00,16734659.527293418,1354960.257918031 
 07/16  09:00:00,48762010.183594614,1449745.629211886 
 07/16  10:00:00,62479001.31362585,1570920.1350139312 
 07/16  11:00:00,66817624.840226024,1668023.7748137347 
 07/16  12:00:00,65548256.032058105,1627317.841636152 
 07/16  13:00:00,60269554.146638155,1527419.6868765007 
 07/16  14:00:00,65700237.5405288,1662200.1075262278 
 07/16  15:00:00,68056340.19149859,1758259.797836092 
 07/16  16:00:00,65773218.33272025,1730216.6580458041 
 07/16  17:00:00,60938709.54407714,1630477.6063067939 
 07/16  18:00:00,59349672.48439142,1571549.860976533 
 07/16  19:00:00,39495175.639232,1371640.2132776096 
 07/16  20:00:00,28168928.220077164,1354960.257918031 
 07/16  21:00:00,5760000.0,0.0 
 07/16  22:00:00,1710000.0,0.0 
 07/16  23:00:00,1710000.0,0.0 
 07/16  24:00:00,1710000.0,0.0 
 07/17  01:00:00,1710000.0,0.0 
 07/17  02:00:00,1710000.0,0.0 
 07/17  03:00:00,1710000.0,0.0 
 07/17  04:00:00,1710000.0,0.0 
 07/17  05:00:00,1710000.0,0.0 
 07/17  06:00:00,1710000.0,0.0 
 07/17  07:00:00,16506894.417120615,1354960.257918031 
 07/17  08:00:00,17629209.58758969,1354960.257918031 
 07/17  09:00:00,48937768.273002006,1403867.067694694 
 07/17  10:00:00,63238837.76499363,1577248.6203536352 
 07/17  11:00:00,67618655.01951589,1705852.7493191517 
 07/17  12:00:00,66983946.954666935,1702571.9546010592 
 07/17  13:00:00,60819990.83229738,1581395.6643537746 
 07/17  14:00:00,64912168.57119582,1712095.4285828122 
 07/17  15:00:00,68103164.5962924,1804904.553217746 
 07/17  16:00:00,65638651.84807611,1759395.9871110502 
 07/17  17:00:00,59151146.08915695,1609213.2502151155 
 07/17  18:00:00,56891367.152325645,1519434.6702551052 
 07/17  19:00:00,37814284.974102646,1355947.362906011 
 07/17  20:00:00,26418224.16872993,1354960.257918031 
 07/17  21:00:00,5760000.0,0.0 
 07/17  22:00:00,1710000.0,0.0 
 07/17  23:00:00,1710000.0,0.0 
 07/17  24:00:00,1710000.0,0.0 
 07/18  01:00:00,1710000.0,0.0 
 07/18  02:00:00,1710000.0,0.0 
 07/18  03:00:00,1710000.0,0.0 
 07/18  04:00:00,1710000.0,0.0 
 07/18  05:00:00,1710000.0,0.0 
 07/18  06:00:00,1710000.0,0.0 
 07/18  07:00:00,15847843.432051834,1354960.257918031 
 07/18  08:00:00,16472488.153739639,1354960.257918031 
 07/18  09:00:00,47893439.47227394,1407397.3540158942 
 07/18  10:00:00,62509163.43653179,1577586.059841554 
 07/18  11:00:00,67297063.26456061,1698321.315820312 
 07/18  12:00:00,66536095.49181111,1670824.6913698239 
 07/18  13:00:00,60584624.60455195,1547460.5130164453 
 07/18  14:00:00,65679463.76672472,1672759.3004264175 
 07/18  15:00:00,67359340.7261998,1758663.938654732 
 07/18  16:00:00,65701839.73765594,1747208.0291770506 
 07/18  17:00:00,60426062.473147646,1628370.5290921284 
 07/18  18:00:00,58533635.72619559,1547476.8372599662 
 07/18  19:00:00,38865573.366978765,1360116.1481109608 
 07/18  20:00:00,27196795.567022584,1354960.257918031 
 07/18  21:00:00,5760000.0,0.0 
 07/18  22:00:00,1710000.0,0.0 
 07/18  23:00:00,1710000.0,0.0 
 07/18  24:00:00,1710000.0,0.0 
 07/19  01:00:00,1710000.0,0.0 
 07/19  02:00:00,1710000.0,0.0 
 07/19  03:00:00,1710000.0,0.0 
 07/19  04:00:00,1710000.0,0.0 
 07/19  05:00:00,1710000.0,0.0 
 07/19  06:00:00,1710000.0,0.0 
 07/19  07:00:00,15727966.936702821,1354960.257918031 
 07/19  08:00:00,16648629.171655236,1354960.257918031 
 07/19  09:00:00,48330352.88070289,1403004.7121195048 
 07/19  10:00:00,61909556.67344736,1520480.3230381012 
 07/19  11:00:00,67536952.5771643,1677628.5881033526 
 07/19  12:00:00,67382526.9524674,1670431.311909453 
 07/19  13:00:00,60837316.97987037,1562624.7491692468 
 07/19  14:00:00,64863429.25781259,1682702.8210643614 
 07/19  15:00:00,67739311.60515633,1770966.3223370223 
 07/19  16:00:00,66604808.032113306,1720571.0504343086 
 07/19  17:00:00,61857388.259349555,1592344.94175902 
 07/19  18:00:00,59505405.37841532,1498342.006420642 
 07/19  19:00:00,40541290.02899265,1355428.2311839955 
 07/19  20:00:00,26257541.33810626,1354960.257918031 
 07/19  21:00:00,5760000.0,0.0 
 07/19  22:00:00,1710000.0,0.0 
 07/19  23:00:00,1710000.0,0.0 
 07/19  24:00:00,1710000.0,0.0 
 07/20  01:00:00,4950000.0,0.0 
 07/20  02:00:00,4950000.0,0.0 
 07/20  03:00:00,4950000.0,0.0 
 07/20  04:00:00,4950000.0,0.0 
 07/20  05:00:00,4950000.0,0.0 
 07/20  06:00:00,4950000.0,0.0 
 07/20  07:00:00,4950000.0,0.0 
 07/20  08:00:00,4950000.0,0.0 
 07/20  09:00:00,4950000.0,0.0 
 07/20  10:00:00,4950000.0,0.0 
 07/20  11:00:00,4950000.0,0.0 
 07/20  12:00:00,4950000.0,0.0 
 07/20  13:00:00,4950000.0,0.0 
 07/20  14:00:00,4950000.0,0.0 
 07/20  15:00:00,4950000.0,0.0 
 07/20  16:00:00,4950000.0,0.0 
 07/20  17:00:00,4950000.0,0.0 
 07/20  18:00:00,4950000.0,0.0 
 07/20  19:00:00,4950000.0,0.0 
 07/20  20:00:00,4950000.0,0.0 
 07/20  21:00:00,4950000.0,0.0 
 07/20  22:00:00,4950000.0,0.0 
 07/20  23:00:00,4950000.0,0.0 
 07/20  24:00:00,4950000.0,0.0 
 07/21  01:00:00,4950000.0,0.0 
 07/21  02:00:00,4950000.0,0.0 
 07/21  03:00:00,4950000.0,0.0 
 07/21  04:00:00,4950000.0,0.0 
 07/21  05:00:00,4950000.0,0.0 
 07/21  06:00:00,4950000.0,0.0 
 07/21  07:00:00,4950000.0,0.0 
 07/21  08:00:00,4950000.0,0.0 
 07/21  09:00:00,4950000.0,0.0 
 07/21  10:00:00,4950000.0,0.0 
 07/21  11:00:00,4950000.0,0.0 
 07/21  12:00:00,4950000.0,0.0 
 07/21  13:00:00,4950000.0,0.0 
 07/21  14:00:00,4950000.0,0.0 
 07/21  15:00:00,4950000.0,0.0 
 07/21  16:00:00,4950000.0,0.0 
 07/21  17:00:00,4950000.0,0.0 
 07/21  18:00:00,4950000.0,0.0 
 07/21  19:00:00,4950000.0,0.0 
 07/21  20:00:00,4950000.0,0.0 
 07/21  21:00:00,4950000.0,0.0 
 07/21  22:00:00,4950000.0,0.0 
 07/21  23:00:00,4950000.0,0.0 
 07/21  24:00:00,4950000.0,0.0 
 07/22  01:00:00,1710000.0,0.0 
 07/22  02:00:00,1710000.0,0.0 
 07/22  03:00:00,1710000.0,0.0 
 07/22  04:00:00,1710000.0,0.0 
 07/22  05:00:00,1710000.0,0.0 
 07/22  06:00:00,1710000.0,0.0 
 07/22  07:00:00,12288911.285368407,1354960.257918031 
 07/22  08:00:00,13190614.139332471,1354960.257918031 
 07/22  09:00:00,44745168.66746247,1449767.3159250084 
 07/22  10:00:00,57080509.60577613,1509981.702916992 
 07/22  11:00:00,59680078.36594941,1585272.54518536 
 07/22  12:00:00,58265344.08701875,1567333.5583534755 
 07/22  13:00:00,52074552.61820879,1483805.656166508 
 07/22  14:00:00,57368675.33840291,1576096.3825733508 
 07/22  15:00:00,60755389.75864222,1658004.6517590757 
 07/22  16:00:00,58075563.04005243,1629074.1627045013 
 07/22  17:00:00,51918634.24789088,1521888.869347027 
 07/22  18:00:00,50411578.81171856,1461278.3553801621 
 07/22  19:00:00,33069330.593725234,1354960.257918031 
 07/22  20:00:00,21612159.531066973,1354960.257918031 
 07/22  21:00:00,5760000.0,0.0 
 07/22  22:00:00,1710000.0,0.0 
 07/22  23:00:00,1710000.0,0.0 
 07/22  24:00:00,1710000.0,0.0 
 07/23  01:00:00,1710000.0,0.0 
 07/23  02:00:00,1710000.0,0.0 
 07/23  03:00:00,1710000.0,0.0 
 07/23  04:00:00,1710000.0,0.0 
 07/23  05:00:00,1710000.0,0.0 
 07/23  06:00:00,1710000.0,0.0 
 07/23  07:00:00,12086462.069426224,1354960.257918031 
 07/23  08:00:00,13683061.653717246,1354960.257918031 
 07/23  09:00:00,44416466.736247286,1406548.659065626 
 07/23  10:00:00,56655601.053045236,1509669.2477898253 
 07/23  11:00:00,60805693.34845699,1634120.5802313196 
 07/23  12:00:00,59645122.407489926,1623955.3167173883 
 07/23  13:00:00,54172735.56179853,1516633.9359340905 
 07/23  14:00:00,59408893.945540145,1627410.8998008557 
 07/23  15:00:00,61282434.69480212,1676242.0537739801 
 07/23  16:00:00,59227845.499190554,1647529.2995640123 
 07/23  17:00:00,54120522.18224607,1555790.941273964 
 07/23  18:00:00,52481188.64822811,1490143.3513813035 
 07/23  19:00:00,34208757.501789734,1354983.7542000012 
 07/23  20:00:00,22974017.462744925,1354960.257918031 
 07/23  21:00:00,5760000.0,0.0 
 07/23  22:00:00,1710000.0,0.0 
 07/23  23:00:00,1710000.0,0.0 
 07/23  24:00:00,1710000.0,0.0 
 07/24  01:00:00,1710000.0,0.0 
 07/24  02:00:00,1710000.0,0.0 
 07/24  03:00:00,1710000.0,0.0 
 07/24  04:00:00,1710000.0,0.0 
 07/24  05:00:00,1710000.0,0.0 
 07/24  06:00:00,1710000.0,0.0 
 07/24  07:00:00,13157590.091654144,1354960.257918031 
 07/24  08:00:00,14128394.070522446,1354960.257918031 
 07/24  09:00:00,45204712.959510446,1400894.2962046496 
 07/24  10:00:00,58067545.25136009,1480716.126013983 
 07/24  11:00:00,62477364.1104569,1584584.8010321707 
 07/24  12:00:00,62437704.78221786,1583463.261051297 
 07/24  13:00:00,57294767.85125377,1499511.2047135576 
 07/24  14:00:00,62871564.39050047,1623303.775549103 
 07/24  15:00:00,65722320.36879429,1699440.3302126694 
 07/24  16:00:00,62999086.025642015,1672486.030301843 
 07/24  17:00:00,57792045.218797505,1577427.2127984327 
 07/24  18:00:00,56909285.871391915,1522595.2037006961 
 07/24  19:00:00,38083192.66328411,1357716.4941074129 
 07/24  20:00:00,26977851.931538817,1354960.257918031 
 07/24  21:00:00,5760000.0,0.0 
 07/24  22:00:00,1710000.0,0.0 
 07/24  23:00:00,1710000.0,0.0 
 07/24  24:00:00,1710000.0,0.0 
 07/25  01:00:00,1710000.0,0.0 
 07/25  02:00:00,1710000.0,0.0 
 07/25  03:00:00,1710000.0,0.0 
 07/25  04:00:00,1710000.0,0.0 
 07/25  05:00:00,1710000.0,0.0 
 07/25  06:00:00,1710000.0,0.0 
 07/25  07:00:00,12771046.928468287,1354960.257918031 
 07/25  08:00:00,13159158.66410097,1354960.257918031 
 07/25  09:00:00,44113346.328473106,1354960.257918031 
 07/25  10:00:00,55319636.70674701,1374459.6221216216 
 07/25  11:00:00,58719960.009941064,1447480.587689822 
 07/25  12:00:00,58997647.15231034,1469996.358345807 
 07/25  13:00:00,55090348.602044865,1425601.7732239133 
 07/25  14:00:00,59934795.57225532,1517607.479593092 
 07/25  15:00:00,61406117.318582155,1596284.9787874923 
 07/25  16:00:00,59033736.84231464,1595865.5684147333 
 07/25  17:00:00,54082419.71583098,1536446.3554127426 
 07/25  18:00:00,52290107.4109371,1491574.1620163496 
 07/25  19:00:00,33614284.13571282,1359389.6174869086 
 07/25  20:00:00,22085604.08892645,1354960.257918031 
 07/25  21:00:00,5760000.0,0.0 
 07/25  22:00:00,1710000.0,0.0 
 07/25  23:00:00,1710000.0,0.0 
 07/25  24:00:00,1710000.0,0.0 
 07/26  01:00:00,1710000.0,0.0 
 07/26  02:00:00,1710000.0,0.0 
 07/26  03:00:00,1710000.0,0.0 
 07/26  04:00:00,1710000.0,0.0 
 07/26  05:00:00,1710000.0,0.0 
 07/26  06:00:00,1710000.0,0.0 
 07/26  07:00:00,11729960.20826256,1354960.257918031 
 07/26  08:00:00,11990654.452457663,1354960.257918031 
 07/26  09:00:00,42171506.75096055,1357844.222060714 
 07/26  10:00:00,54745451.83216791,1439221.2142291546 
 07/26  11:00:00,59102243.92490882,1544415.0371114332 
 07/26  12:00:00,58202446.62003099,1527516.1381688244 
 07/26  13:00:00,52406654.55303072,1450161.5981565863 
 07/26  14:00:00,56029191.02244723,1542578.022341909 
 07/26  15:00:00,57127415.788000375,1616159.03085332 
 07/26  16:00:00,55210109.30144262,1592521.5424833458 
 07/26  17:00:00,50208333.15344267,1485730.1089205237 
 07/26  18:00:00,49553069.92683601,1463105.3028458485 
 07/26  19:00:00,31841985.02520913,1356296.4575741324 
 07/26  20:00:00,21296550.61144404,1354960.257918031 
 07/26  21:00:00,5760000.0,0.0 
 07/26  22:00:00,1710000.0,0.0 
 07/26  23:00:00,1710000.0,0.0 
 07/26  24:00:00,1710000.0,0.0 
 07/27  01:00:00,4950000.0,0.0 
 07/27  02:00:00,4950000.0,0.0 
 07/27  03:00:00,4950000.0,0.0 
 07/27  04:00:00,4950000.0,0.0 
 07/27  05:00:00,4950000.0,0.0 
 07/27  06:00:00,4950000.0,0.0 
 07/27  07:00:00,4950000.0,0.0 
 07/27  08:00:00,4950000.0,0.0 
 07/27  09:00:00,4950000.0,0.0 
 07/27  10:00:00,4950000.0,0.0 
 07/27  11:00:00,4950000.0,0.0 
 07/27  12:00:00,4950000.0,0.0 
 07/27  13:00:00,4950000.0,0.0 
 07/27  14:00:00,4950000.0,0.0 
 07/27  15:00:00,4950000.0,0.0 
 07/27  16:00:00,4950000.0,0.0 
 07/27  17:00:00,4950000.0,0.0 
 07/27  18:00:00,4950000.0,0.0 
 07/27  19:00:00,4950000.0,0.0 
 07/27  20:00:00,4950000.0,0.0 
 07/27  21:00:00,4950000.0,0.0 
 07/27  22:00:00,4950000.0,0.0 
 07/27  23:00:00,4950000.0,0.0 
 07/27  24:00:00,4950000.0,0.0 
 07/28  01:00:00,4950000.0,0.0 
 07/28  02:00:00,4950000.0,0.0 
 07/28  03:00:00,4950000.0,0.0 
 07/28  04:00:00,4950000.0,0.0 
 07/28  05:00:00,4950000.0,0.0 
 07/28  06:00:00,4950000.0,0.0 
 07/28  07:00:00,4950000.0,0.0 
 07/28  08:00:00,4950000.0,0.0 
 07/28  09:00:00,4950000.0,0.0 
 07/28  10:00:00,4950000.0,0.0 
 07/28  11:00:00,4950000.0,0.0 
 07/28  12:00:00,4950000.0,0.0 
 07/28  13:00:00,4950000.0,0.0 
 07/28  14:00:00,4950000.0,0.0 
 07/28  15:00:00,4950000.0,0.0 
 07/28  16:00:00,4950000.0,0.0 
 07/28  17:00:00,4950000.0,0.0 
 07/28  18:00:00,4950000.0,0.0 
 07/28  19:00:00,4950000.0,0.0 
 07/28  20:00:00,4950000.0,0.0 
 07/28  21:00:00,4950000.0,0.0 
 07/28  22:00:00,4950000.0,0.0 
 07/28  23:00:00,4950000.0,0.0 
 07/28  24:00:00,4950000.0,0.0 
 07/29  01:00:00,1710000.0,0.0 
 07/29  02:00:00,1710000.0,0.0 
 07/29  03:00:00,1710000.0,0.0 
 07/29  04:00:00,1710000.0,0.0 
 07/29  05:00:00,1710000.0,0.0 
 07/29  06:00:00,1710000.0,0.0 
 07/29  07:00:00,11515084.478691261,1354960.257918031 
 07/29  08:00:00,11828473.936380878,1354960.257918031 
 07/29  09:00:00,42858884.8636925,1430862.320624846 
 07/29  10:00:00,54512064.113358974,1448195.4798361692 
 07/29  11:00:00,57815421.925964385,1540797.4548541843 
 07/29  12:00:00,56483324.08116392,1531740.8120359816 
 07/29  13:00:00,50881980.45643694,1450328.1076108692 
 07/29  14:00:00,54784107.162517615,1530006.3448240394 
 07/29  15:00:00,56767394.56457845,1605321.2111410068 
 07/29  16:00:00,54859614.77396525,1614429.585106219 
 07/29  17:00:00,49947958.19592664,1557636.234417863 
 07/29  18:00:00,49005398.01645582,1514366.5861701525 
 07/29  19:00:00,30673065.03372254,1363042.8504680528 
 07/29  20:00:00,18779513.288942717,1354960.257918031 
 07/29  21:00:00,5760000.0,0.0 
 07/29  22:00:00,1710000.0,0.0 
 07/29  23:00:00,1710000.0,0.0 
 07/29  24:00:00,1710000.0,0.0 
 07/30  01:00:00,1710000.0,0.0 
 07/30  02:00:00,1710000.0,0.0 
 07/30  03:00:00,1710000.0,0.0 
 07/30  04:00:00,1710000.0,0.0 
 07/30  05:00:00,1710000.0,0.0 
 07/30  06:00:00,1710000.0,0.0 
 07/30  07:00:00,9357843.258747987,1354960.257918031 
 07/30  08:00:00,10785149.517628327,1354960.257918031 
 07/30  09:00:00,40991303.64235013,1354960.257918031 
 07/30  10:00:00,52572578.42599912,1400145.8148166155 
 07/30  11:00:00,57238891.87769781,1529187.855369392 
 07/30  12:00:00,57351302.17110436,1556752.9802272199 
 07/30  13:00:00,51813931.07937704,1477637.853810545 
 07/30  14:00:00,55383665.70455794,1590996.4680126116 
 07/30  15:00:00,56514174.879550934,1640399.5687152927 
 07/30  16:00:00,55135088.65117543,1604271.131713523 
 07/30  17:00:00,49885624.16155198,1493986.153367409 
 07/30  18:00:00,48507018.96140307,1444760.5203886856 
 07/30  19:00:00,31087113.001301028,1354960.257918031 
 07/30  20:00:00,20403803.273029517,1354960.257918031 
 07/30  21:00:00,5760000.0,0.0 
 07/30  22:00:00,1710000.0,0.0 
 07/30  23:00:00,1710000.0,0.0 
 07/30  24:00:00,1710000.0,0.0 
 07/31  01:00:00,1710000.0,0.0 
 07/31  02:00:00,1710000.0,0.0 
 07/31  03:00:00,1710000.0,0.0 
 07/31  04:00:00,1710000.0,0.0 
 07/31  05:00:00,1710000.0,0.0 
 07/31  06:00:00,1710000.0,0.0 
 07/31  07:00:00,11244893.740178838,1354960.257918031 
 07/31  08:00:00,11665988.75551176,1354960.257918031 
 07/31  09:00:00,42808847.691725396,1395633.8793360926 
 07/31  10:00:00,55937894.9394931,1492739.7049273492 
 07/31  11:00:00,60401920.05296002,1640289.4990927903 
 07/31  12:00:00,60014458.22365368,1636101.4304844618 
 07/31  13:00:00,56772686.885606386,1543781.4925283515 
 07/31  14:00:00,61495206.956343666,1678555.4887160533 
 07/31  15:00:00,62031351.050796576,1718569.2479073715 
 07/31  16:00:00,59186527.84464823,1615581.6879035574 
 07/31  17:00:00,52890297.924457155,1473858.9961251612 
 07/31  18:00:00,50460440.25843564,1423068.7299710915 
 07/31  19:00:00,33094941.497594487,1354960.257918031 
 07/31  20:00:00,21424504.727829516,1354960.257918031 
 07/31  21:00:00,5760000.0,0.0 
 07/31  22:00:00,1710000.0,0.0 
 07/31  23:00:00,1710000.0,0.0 
 07/31  24:00:00,1710000.0,0.0,16082168154.435658,11223810000.0,7121250000.0,474522884.16463524,4383835270.271037,818415680.3005656,818415680.3005656,,,,,,,,7121250000.0,,11223810000.0,,4102560000.0 
 08/01  01:00:00,1710000.0,0.0 
 08/01  02:00:00,1710000.0,0.0 
 08/01  03:00:00,1710000.0,0.0 
 08/01  04:00:00,1710000.0,0.0 
 08/01  05:00:00,1710000.0,0.0 
 08/01  06:00:00,1710000.0,0.0 
 08/01  07:00:00,9985665.72427854,1354960.257918031 
 08/01  08:00:00,10587343.181470243,1354960.257918031 
 08/01  09:00:00,40799390.99129059,1354960.257918031 
 08/01  10:00:00,53115225.39445132,1418038.7886791332 
 08/01  11:00:00,57885893.468934074,1535586.1308793458 
 08/01  12:00:00,57289704.96814382,1536822.3997536877 
 08/01  13:00:00,51877290.10910527,1457260.259847169 
 08/01  14:00:00,55981864.813113034,1532244.5515974471 
 08/01  15:00:00,57189529.88367525,1584418.26122597 
 08/01  16:00:00,55685711.100647934,1601070.9794503325 
 08/01  17:00:00,51029101.395830944,1558871.1205130124 
 08/01  18:00:00,49960761.54723436,1525759.2939140005 
 08/01  19:00:00,31966088.120633945,1367962.0614974122 
 08/01  20:00:00,20473956.67756495,1354960.257918031 
 08/01  21:00:00,5760000.0,0.0 
 08/01  22:00:00,1710000.0,0.0 
 08/01  23:00:00,1710000.0,0.0 
 08/01  24:00:00,1710000.0,0.0 
 08/02  01:00:00,1710000.0,0.0 
 08/02  02:00:00,1710000.0,0.0 
 08/02  03:00:00,1710000.0,0.0 
 08/02  04:00:00,1710000.0,0.0 
 08/02  05:00:00,1710000.0,0.0 
 08/02  06:00:00,1710000.0,0.0 
 08/02  07:00:00,10222326.173275528,1354960.257918031 
 08/02  08:00:00,11414158.513879951,1354960.257918031 
 08/02  09:00:00,43496156.15304971,1446859.0343335825 
 08/02  10:00:00,55636873.03430523,1505865.5938159113 
 08/02  11:00:00,60081001.79508947,1631086.0159309779 
 08/02  12:00:00,58888191.86866373,1600731.7180489623 
 08/02  13:00:00,53411040.794690035,1494411.6250821792 
 08/02  14:00:00,57995229.731017634,1580775.8491817547 
 08/02  15:00:00,60383975.60315679,1654463.5069091541 
 08/02  16:00:00,59206757.59540293,1661794.8391358866 
 08/02  17:00:00,54658722.31898984,1593017.5020807933 
 08/02  18:00:00,53568191.7027398,1543099.3078094034 
 08/02  19:00:00,34392687.50555585,1364567.3946070187 
 08/02  20:00:00,22705329.354028717,1354960.257918031 
 08/02  21:00:00,5760000.0,0.0 
 08/02  22:00:00,1710000.0,0.0 
 08/02  23:00:00,1710000.0,0.0 
 08/02  24:00:00,1710000.0,0.0 
 08/03  01:00:00,4950000.0,0.0 
 08/03  02:00:00,4950000.0,0.0 
 08/03  03:00:00,4950000.0,0.0 
 08/03  04:00:00,4950000.0,0.0 
 08/03  05:00:00,4950000.0,0.0 
 08/03  06:00:00,4950000.0,0.0 
 08/03  07:00:00,4950000.0,0.0 
 08/03  08:00:00,4950000.0,0.0 
 08/03  09:00:00,4950000.0,0.0 
 08/03  10:00:00,4950000.0,0.0 
 08/03  11:00:00,4950000.0,0.0 
 08/03  12:00:00,4950000.0,0.0 
 08/03  13:00:00,4950000.0,0.0 
 08/03  14:00:00,4950000.0,0.0 
 08/03  15:00:00,4950000.0,0.0 
 08/03  16:00:00,4950000.0,0.0 
 08/03  17:00:00,4950000.0,0.0 
 08/03  18:00:00,4950000.0,0.0 
 08/03  19:00:00,4950000.0,0.0 
 08/03  20:00:00,4950000.0,0.0 
 08/03  21:00:00,4950000.0,0.0 
 08/03  22:00:00,4950000.0,0.0 
 08/03  23:00:00,4950000.0,0.0 
 08/03  24:00:00,4950000.0,0.0 
 08/04  01:00:00,4950000.0,0.0 
 08/04  02:00:00,4950000.0,0.0 
 08/04  03:00:00,4950000.0,0.0 
 08/04  04:00:00,4950000.0,0.0 
 08/04  05:00:00,4950000.0,0.0 
 08/04  06:00:00,4950000.0,0.0 
 08/04  07:00:00,4950000.0,0.0 
 08/04  08:00:00,4950000.0,0.0 
 08/04  09:00:00,4950000.0,0.0 
 08/04  10:00:00,4950000.0,0.0 
 08/04  11:00:00,4950000.0,0.0 
 08/04  12:00:00,4950000.0,0.0 
 08/04  13:00:00,4950000.0,0.0 
 08/04  14:00:00,4950000.0,0.0 
 08/04  15:00:00,4950000.0,0.0 
 08/04  16:00:00,4950000.0,0.0 
 08/04  17:00:00,4950000.0,0.0 
 08/04  18:00:00,4950000.0,0.0 
 08/04  19:00:00,4950000.0,0.0 
 08/04  20:00:00,4950000.0,0.0 
 08/04  21:00:00,4950000.0,0.0 
 08/04  22:00:00,4950000.0,0.0 
 08/04  23:00:00,4950000.0,0.0 
 08/04  24:00:00,4950000.0,0.0 
 08/05  01:00:00,1710000.0,0.0 
 08/05  02:00:00,1710000.0,0.0 
 08/05  03:00:00,1710000.0,0.0 
 08/05  04:00:00,1710000.0,0.0 
 08/05  05:00:00,1710000.0,0.0 
 08/05  06:00:00,1710000.0,0.0 
 08/05  07:00:00,12009246.804694124,1354960.257918031 
 08/05  08:00:00,12996043.728095127,1354960.257918031 
 08/05  09:00:00,43244122.06335324,1354960.257918031 
 08/05  10:00:00,55020675.5750967,1393699.2395878648 
 08/05  11:00:00,60178359.109374695,1520369.2487509395 
 08/05  12:00:00,60257871.925761275,1526120.6051984369 
 08/05  13:00:00,55058399.029034086,1448561.5879031105 
 08/05  14:00:00,56834398.86391652,1512758.6794959253 
 08/05  15:00:00,58690550.24009689,1586541.5489401554 
 08/05  16:00:00,58161831.00443809,1605428.4246854968 
 08/05  17:00:00,53679720.427104846,1554386.5011007558 
 08/05  18:00:00,52867478.302384004,1531644.7833222994 
 08/05  19:00:00,34384599.03368841,1370067.5695591164 
 08/05  20:00:00,22724200.607131742,1354960.257918031 
 08/05  21:00:00,5760000.0,0.0 
 08/05  22:00:00,1710000.0,0.0 
 08/05  23:00:00,1710000.0,0.0 
 08/05  24:00:00,1710000.0,0.0 
 08/06  01:00:00,1710000.0,0.0 
 08/06  02:00:00,1710000.0,0.0 
 08/06  03:00:00,1710000.0,0.0 
 08/06  04:00:00,1710000.0,0.0 
 08/06  05:00:00,1710000.0,0.0 
 08/06  06:00:00,1710000.0,0.0 
 08/06  07:00:00,8951692.397128358,1354960.257918031 
 08/06  08:00:00,9259650.387495011,1354960.257918031 
 08/06  09:00:00,39547582.72906631,1354960.257918031 
 08/06  10:00:00,50680957.19636267,1383996.6200040411 
 08/06  11:00:00,52370403.632018656,1479486.5148614454 
 08/06  12:00:00,49885759.20215267,1444331.0043615028 
 08/06  13:00:00,45388142.23989638,1416441.0353054558 
 08/06  14:00:00,47808427.107953735,1450393.5466298936 
 08/06  15:00:00,49088674.59373301,1544360.7568670902 
 08/06  16:00:00,45900128.204661615,1428637.1328666687 
 08/06  17:00:00,41902415.43766344,1396671.4822085768 
 08/06  18:00:00,41919510.85455289,1387378.0414053807 
 08/06  19:00:00,27046512.3722979,1354960.257918031 
 08/06  20:00:00,15573166.719735028,1354960.257918031 
 08/06  21:00:00,5760000.0,0.0 
 08/06  22:00:00,1710000.0,0.0 
 08/06  23:00:00,1710000.0,0.0 
 08/06  24:00:00,1710000.0,0.0 
 08/07  01:00:00,1710000.0,0.0 
 08/07  02:00:00,1710000.0,0.0 
 08/07  03:00:00,1710000.0,0.0 
 08/07  04:00:00,1710000.0,0.0 
 08/07  05:00:00,1710000.0,0.0 
 08/07  06:00:00,1710000.0,0.0 
 08/07  07:00:00,5939218.095744472,1354960.257918031 
 08/07  08:00:00,6550906.1356956,1354960.257918031 
 08/07  09:00:00,37343900.71748924,1381315.5911764372 
 08/07  10:00:00,49605444.95933078,1552653.9639162715 
 08/07  11:00:00,51090401.22432439,1477061.2220678239 
 08/07  12:00:00,50218173.59274644,1480852.238410781 
 08/07  13:00:00,45429326.840374604,1399125.3089161604 
 08/07  14:00:00,48882497.215992115,1460432.050705111 
 08/07  15:00:00,50241698.226783656,1494549.3993298747 
 08/07  16:00:00,48853899.256063595,1501737.8366266657 
 08/07  17:00:00,44247413.51952125,1443843.699823998 
 08/07  18:00:00,45761975.22998648,1623899.3199420334 
 08/07  19:00:00,27683378.126093727,1354960.257918031 
 08/07  20:00:00,16234170.944159767,1354960.257918031 
 08/07  21:00:00,5760000.0,0.0 
 08/07  22:00:00,1710000.0,0.0 
 08/07  23:00:00,1710000.0,0.0 
 08/07  24:00:00,1710000.0,0.0 
 08/08  01:00:00,1710000.0,0.0 
 08/08  02:00:00,1710000.0,0.0 
 08/08  03:00:00,1710000.0,0.0 
 08/08  04:00:00,1710000.0,0.0 
 08/08  05:00:00,1710000.0,0.0 
 08/08  06:00:00,1710000.0,0.0 
 08/08  07:00:00,5993482.738206393,1354960.257918031 
 08/08  08:00:00,6618528.312005228,1354960.257918031 
 08/08  09:00:00,37459100.3102087,1380123.0722787995 
 08/08  10:00:00,49647357.09356105,1466652.4060254977 
 08/08  11:00:00,53119408.73286672,1521611.6585068996 
 08/08  12:00:00,52074424.0127358,1519060.2556338927 
 08/08  13:00:00,47000871.59907411,1436679.0173926456 
 08/08  14:00:00,50884361.45065601,1497140.555213707 
 08/08  15:00:00,52657490.134761274,1532550.2055689043 
 08/08  16:00:00,50863696.99763647,1500016.369235868 
 08/08  17:00:00,45740512.8747119,1430551.1244682274 
 08/08  18:00:00,44963051.83603265,1394955.8381177774 
 08/08  19:00:00,29372663.094993107,1354960.257918031 
 08/08  20:00:00,18312572.600754984,1354960.257918031 
 08/08  21:00:00,5760000.0,0.0 
 08/08  22:00:00,1710000.0,0.0 
 08/08  23:00:00,1710000.0,0.0 
 08/08  24:00:00,1710000.0,0.0 
 08/09  01:00:00,1710000.0,0.0 
 08/09  02:00:00,1710000.0,0.0 
 08/09  03:00:00,1710000.0,0.0 
 08/09  04:00:00,1710000.0,0.0 
 08/09  05:00:00,1710000.0,0.0 
 08/09  06:00:00,1710000.0,0.0 
 08/09  07:00:00,8132282.432803307,1354960.257918031 
 08/09  08:00:00,8842657.453329885,1354960.257918031 
 08/09  09:00:00,39793244.2290113,1382714.1886249008 
 08/09  10:00:00,52886156.766807884,1496030.0655923747 
 08/09  11:00:00,56568369.36793929,1562625.2428934553 
 08/09  12:00:00,55267185.31824049,1556533.9572143164 
 08/09  13:00:00,49291007.69359541,1456482.7169823914 
 08/09  14:00:00,53791382.22086936,1549035.994566493 
 08/09  15:00:00,55755383.9487808,1603995.035423121 
 08/09  16:00:00,52919014.851223126,1529622.1894959996 
 08/09  17:00:00,47184340.892068505,1433342.4688248262 
 08/09  18:00:00,45934693.56706867,1397834.1426871414 
 08/09  19:00:00,30013417.921558607,1354960.257918031 
 08/09  20:00:00,18973253.699788608,1354960.257918031 
 08/09  21:00:00,5760000.0,0.0 
 08/09  22:00:00,1710000.0,0.0 
 08/09  23:00:00,1710000.0,0.0 
 08/09  24:00:00,1710000.0,0.0 
 08/10  01:00:00,4950000.0,0.0 
 08/10  02:00:00,4950000.0,0.0 
 08/10  03:00:00,4950000.0,0.0 
 08/10  04:00:00,4950000.0,0.0 
 08/10  05:00:00,4950000.0,0.0 
 08/10  06:00:00,4950000.0,0.0 
 08/10  07:00:00,4950000.0,0.0 
 08/10  08:00:00,4950000.0,0.0 
 08/10  09:00:00,4950000.0,0.0 
 08/10  10:00:00,4950000.0,0.0 
 08/10  11:00:00,4950000.0,0.0 
 08/10  12:00:00,4950000.0,0.0 
 08/10  13:00:00,4950000.0,0.0 
 08/10  14:00:00,4950000.0,0.0 
 08/10  15:00:00,4950000.0,0.0 
 08/10  16:00:00,4950000.0,0.0 
 08/10  17:00:00,4950000.0,0.0 
 08/10  18:00:00,4950000.0,0.0 
 08/10  19:00:00,4950000.0,0.0 
 08/10  20:00:00,4950000.0,0.0 
 08/10  21:00:00,4950000.0,0.0 
 08/10  22:00:00,4950000.0,0.0 
 08/10  23:00:00,4950000.0,0.0 
 08/10  24:00:00,4950000.0,0.0 
 08/11  01:00:00,4950000.0,0.0 
 08/11  02:00:00,4950000.0,0.0 
 08/11  03:00:00,4950000.0,0.0 
 08/11  04:00:00,4950000.0,0.0 
 08/11  05:00:00,4950000.0,0.0 
 08/11  06:00:00,4950000.0,0.0 
 08/11  07:00:00,4950000.0,0.0 
 08/11  08:00:00,4950000.0,0.0 
 08/11  09:00:00,4950000.0,0.0 
 08/11  10:00:00,4950000.0,0.0 
 08/11  11:00:00,4950000.0,0.0 
 08/11  12:00:00,4950000.0,0.0 
 08/11  13:00:00,4950000.0,0.0 
 08/11  14:00:00,4950000.0,0.0 
 08/11  15:00:00,4950000.0,0.0 
 08/11  16:00:00,4950000.0,0.0 
 08/11  17:00:00,4950000.0,0.0 
 08/11  18:00:00,4950000.0,0.0 
 08/11  19:00:00,4950000.0,0.0 
 08/11  20:00:00,4950000.0,0.0 
 08/11  21:00:00,4950000.0,0.0 
 08/11  22:00:00,4950000.0,0.0 
 08/11  23:00:00,4950000.0,0.0 
 08/11  24:00:00,4950000.0,0.0 
 08/12  01:00:00,1710000.0,0.0 
 08/12  02:00:00,1710000.0,0.0 
 08/12  03:00:00,1710000.0,0.0 
 08/12  04:00:00,1710000.0,0.0 
 08/12  05:00:00,1710000.0,0.0 
 08/12  06:00:00,1710000.0,0.0 
 08/12  07:00:00,8669528.989720536,1354960.257918031 
 08/12  08:00:00,10552137.133026034,1354960.257918031 
 08/12  09:00:00,41281265.79686343,1364092.8145278543 
 08/12  10:00:00,53507053.24682726,1453982.5754639106 
 08/12  11:00:00,57829417.10555673,1595949.8871721174 
 08/12  12:00:00,56632893.1129584,1595931.5941600802 
 08/12  13:00:00,51648642.74932177,1508771.3563238557 
 08/12  14:00:00,54851199.26875839,1572792.439132859 
 08/12  15:00:00,54107185.21175572,1538367.1832839425 
 08/12  16:00:00,52166689.79749578,1491022.0270984012 
 08/12  17:00:00,46371910.90924031,1411754.6671155163 
 08/12  18:00:00,45088503.56313777,1379645.129685797 
 08/12  19:00:00,29745974.828054875,1354960.257918031 
 08/12  20:00:00,18613967.5035427,1354960.257918031 
 08/12  21:00:00,5760000.0,0.0 
 08/12  22:00:00,1710000.0,0.0 
 08/12  23:00:00,1710000.0,0.0 
 08/12  24:00:00,1710000.0,0.0 
 08/13  01:00:00,1710000.0,0.0 
 08/13  02:00:00,1710000.0,0.0 
 08/13  03:00:00,1710000.0,0.0 
 08/13  04:00:00,1710000.0,0.0 
 08/13  05:00:00,1710000.0,0.0 
 08/13  06:00:00,1710000.0,0.0 
 08/13  07:00:00,8278253.760812178,1354960.257918031 
 08/13  08:00:00,9732601.78630497,1354960.257918031 
 08/13  09:00:00,41087850.00959867,1382045.8977141695 
 08/13  10:00:00,53616048.1252765,1494251.6248996702 
 08/13  11:00:00,57441647.934519686,1569828.2354090982 
 08/13  12:00:00,57423386.77781285,1566945.0160490163 
 08/13  13:00:00,53253470.348831065,1487577.8401988822 
 08/13  14:00:00,57144096.1803443,1579473.7058213009 
 08/13  15:00:00,58313884.107277356,1629772.9012392121 
 08/13  16:00:00,56445947.523863524,1617755.3060188303 
 08/13  17:00:00,50526022.64037561,1516203.7354494703 
 08/13  18:00:00,48440972.53328247,1426555.0709139807 
 08/13  19:00:00,31638728.666675836,1354960.257918031 
 08/13  20:00:00,20289482.49042662,1354960.257918031 
 08/13  21:00:00,5760000.0,0.0 
 08/13  22:00:00,1710000.0,0.0 
 08/13  23:00:00,1710000.0,0.0 
 08/13  24:00:00,1710000.0,0.0 
 08/14  01:00:00,1710000.0,0.0 
 08/14  02:00:00,1710000.0,0.0 
 08/14  03:00:00,1710000.0,0.0 
 08/14  04:00:00,1710000.0,0.0 
 08/14  05:00:00,1710000.0,0.0 
 08/14  06:00:00,1710000.0,0.0 
 08/14  07:00:00,10075635.860373655,1354960.257918031 
 08/14  08:00:00,10466638.342376536,1354960.257918031 
 08/14  09:00:00,40887210.500099674,1354960.257918031 
 08/14  10:00:00,52764241.33513293,1360634.9156572479 
 08/14  11:00:00,56935437.51323446,1440429.0986995085 
 08/14  12:00:00,56133988.020398036,1443223.3142072828 
 08/14  13:00:00,49371180.02630308,1395863.5309644376 
 08/14  14:00:00,52640659.57812427,1453084.9109761517 
 08/14  15:00:00,52330752.00577441,1436524.2868789867 
 08/14  16:00:00,51636933.47907826,1574317.0102696503 
 08/14  17:00:00,45988039.88722244,1367730.050842413 
 08/14  18:00:00,45880738.283108525,1367285.6780320227 
 08/14  19:00:00,31581080.784166157,1354960.257918031 
 08/14  20:00:00,21029293.91178384,1354960.257918031 
 08/14  21:00:00,5760000.0,0.0 
 08/14  22:00:00,1710000.0,0.0 
 08/14  23:00:00,1710000.0,0.0 
 08/14  24:00:00,1710000.0,0.0 
 08/15  01:00:00,1710000.0,0.0 
 08/15  02:00:00,1710000.0,0.0 
 08/15  03:00:00,1710000.0,0.0 
 08/15  04:00:00,1710000.0,0.0 
 08/15  05:00:00,1710000.0,0.0 
 08/15  06:00:00,1710000.0,0.0 
 08/15  07:00:00,9859395.309628062,1354960.257918031 
 08/15  08:00:00,10639696.854959868,1354960.257918031 
 08/15  09:00:00,41366707.70552872,1354960.257918031 
 08/15  10:00:00,52886524.79878879,1367860.2956565998 
 08/15  11:00:00,56518099.174420334,1459338.632176168 
 08/15  12:00:00,55695451.95204754,1469439.172350441 
 08/15  13:00:00,49405977.80104509,1393584.0790552495 
 08/15  14:00:00,53162642.05318848,1447627.1404161036 
 08/15  15:00:00,54621656.03361532,1470520.0694109024 
 08/15  16:00:00,52576654.774902284,1443057.183345351 
 08/15  17:00:00,47339862.03006058,1400645.2738398046 
 08/15  18:00:00,45857431.75063464,1376177.6112178108 
 08/15  19:00:00,30298739.08376678,1354960.257918031 
 08/15  20:00:00,19136133.74028179,1354960.257918031 
 08/15  21:00:00,5760000.0,0.0 
 08/15  22:00:00,1710000.0,0.0 
 08/15  23:00:00,1710000.0,0.0 
 08/15  24:00:00,1710000.0,0.0 
 08/16  01:00:00,1710000.0,0.0 
 08/16  02:00:00,1710000.0,0.0 
 08/16  03:00:00,1710000.0,0.0 
 08/16  04:00:00,1710000.0,0.0 
 08/16  05:00:00,1710000.0,0.0 
 08/16  06:00:00,1710000.0,0.0 
 08/16  07:00:00,7546819.5897852145,1354960.257918031 
 08/16  08:00:00,8446819.924761463,1354960.257918031 
 08/16  09:00:00,38909151.17085852,1354960.257918031 
 08/16  10:00:00,49635636.62490478,1363770.9787480538 
 08/16  11:00:00,52575721.71986168,1437943.709428688 
 08/16  12:00:00,51910237.13384953,1466963.9024266396 
 08/16  13:00:00,47582923.117619835,1414951.377499137 
 08/16  14:00:00,51866073.36979926,1478551.3502799717 
 08/16  15:00:00,53521333.260665804,1520067.3937761912 
 08/16  16:00:00,51489634.28135788,1526618.5731620018 
 08/16  17:00:00,47041367.42349723,1489913.6934360017 
 08/16  18:00:00,46367434.15249305,1453334.941155093 
 08/16  19:00:00,29620246.643488802,1355951.4231334226 
 08/16  20:00:00,18411202.080029674,1354960.257918031 
 08/16  21:00:00,5760000.0,0.0 
 08/16  22:00:00,1710000.0,0.0 
 08/16  23:00:00,1710000.0,0.0 
 08/16  24:00:00,1710000.0,0.0 
 08/17  01:00:00,4950000.0,0.0 
 08/17  02:00:00,4950000.0,0.0 
 08/17  03:00:00,4950000.0,0.0 
 08/17  04:00:00,4950000.0,0.0 
 08/17  05:00:00,4950000.0,0.0 
 08/17  06:00:00,4950000.0,0.0 
 08/17  07:00:00,4950000.0,0.0 
 08/17  08:00:00,4950000.0,0.0 
 08/17  09:00:00,4950000.0,0.0 
 08/17  10:00:00,4950000.0,0.0 
 08/17  11:00:00,4950000.0,0.0 
 08/17  12:00:00,4950000.0,0.0 
 08/17  13:00:00,4950000.0,0.0 
 08/17  14:00:00,4950000.0,0.0 
 08/17  15:00:00,4950000.0,0.0 
 08/17  16:00:00,4950000.0,0.0 
 08/17  17:00:00,4950000.0,0.0 
 08/17  18:00:00,4950000.0,0.0 
 08/17  19:00:00,4950000.0,0.0 
 08/17  20:00:00,4950000.0,0.0 
 08/17  21:00:00,4950000.0,0.0 
 08/17  22:00:00,4950000.0,0.0 
 08/17  23:00:00,4950000.0,0.0 
 08/17  24:00:00,4950000.0,0.0 
 08/18  01:00:00,4950000.0,0.0 
 08/18  02:00:00,4950000.0,0.0 
 08/18  03:00:00,4950000.0,0.0 
 08/18  04:00:00,4950000.0,0.0 
 08/18  05:00:00,4950000.0,0.0 
 08/18  06:00:00,4950000.0,0.0 
 08/18  07:00:00,4950000.0,0.0 
 08/18  08:00:00,4950000.0,0.0 
 08/18  09:00:00,4950000.0,0.0 
 08/18  10:00:00,4950000.0,0.0 
 08/18  11:00:00,4950000.0,0.0 
 08/18  12:00:00,4950000.0,0.0 
 08/18  13:00:00,4950000.0,0.0 
 08/18  14:00:00,4950000.0,0.0 
 08/18  15:00:00,4950000.0,0.0 
 08/18  16:00:00,4950000.0,0.0 
 08/18  17:00:00,4950000.0,0.0 
 08/18  18:00:00,4950000.0,0.0 
 08/18  19:00:00,4950000.0,0.0 
 08/18  20:00:00,4950000.0,0.0 
 08/18  21:00:00,4950000.0,0.0 
 08/18  22:00:00,4950000.0,0.0 
 08/18  23:00:00,4950000.0,0.0 
 08/18  24:00:00,4950000.0,0.0 
 08/19  01:00:00,1710000.0,0.0 
 08/19  02:00:00,1710000.0,0.0 
 08/19  03:00:00,1710000.0,0.0 
 08/19  04:00:00,1710000.0,0.0 
 08/19  05:00:00,1710000.0,0.0 
 08/19  06:00:00,1710000.0,0.0 
 08/19  07:00:00,7602954.90696919,1354960.257918031 
 08/19  08:00:00,8737671.793898085,1354960.257918031 
 08/19  09:00:00,39861877.95247419,1374414.1314207385 
 08/19  10:00:00,52068963.865012184,1465455.389234501 
 08/19  11:00:00,55321154.61363234,1545802.4263152825 
 08/19  12:00:00,54613645.84187505,1545991.8894431358 
 08/19  13:00:00,49388403.63340253,1464610.5134144383 
 08/19  14:00:00,53695725.236824796,1536381.629035851 
 08/19  15:00:00,55739264.791599676,1571403.5272624257 
 08/19  16:00:00,53213529.56892051,1527602.5448147284 
 08/19  17:00:00,47803707.68975349,1436076.583956483 
 08/19  18:00:00,46857028.00693709,1397730.9728608022 
 08/19  19:00:00,31122622.962715074,1354960.257918031 
 08/19  20:00:00,20189856.25049808,1354960.257918031 
 08/19  21:00:00,5760000.0,0.0 
 08/19  22:00:00,1710000.0,0.0 
 08/19  23:00:00,1710000.0,0.0 
 08/19  24:00:00,1710000.0,0.0 
 08/20  01:00:00,1710000.0,0.0 
 08/20  02:00:00,1710000.0,0.0 
 08/20  03:00:00,1710000.0,0.0 
 08/20  04:00:00,1710000.0,0.0 
 08/20  05:00:00,1710000.0,0.0 
 08/20  06:00:00,1710000.0,0.0 
 08/20  07:00:00,12723952.21397756,1354960.257918031 
 08/20  08:00:00,13152650.719666837,1354960.257918031 
 08/20  09:00:00,43669232.40731955,1354960.257918031 
 08/20  10:00:00,55032056.17831825,1385947.1556771654 
 08/20  11:00:00,59480292.95262958,1520870.8826984256 
 08/20  12:00:00,58858541.085046366,1536672.177585355 
 08/20  13:00:00,53737119.82191729,1474914.1889939199 
 08/20  14:00:00,57197342.21242746,1567757.2567973523 
 08/20  15:00:00,59226844.72869664,1623036.450701695 
 08/20  16:00:00,56356173.314207375,1569784.6097320053 
 08/20  17:00:00,50719874.1192013,1475777.301472971 
 08/20  18:00:00,48458835.8682371,1424114.864459849 
 08/20  19:00:00,31171375.583706632,1354960.257918031 
 08/20  20:00:00,19757978.94852077,1354960.257918031 
 08/20  21:00:00,5760000.0,0.0 
 08/20  22:00:00,1710000.0,0.0 
 08/20  23:00:00,1710000.0,0.0 
 08/20  24:00:00,1710000.0,0.0 
 08/21  01:00:00,1710000.0,0.0 
 08/21  02:00:00,1710000.0,0.0 
 08/21  03:00:00,1710000.0,0.0 
 08/21  04:00:00,1710000.0,0.0 
 08/21  05:00:00,1710000.0,0.0 
 08/21  06:00:00,1710000.0,0.0 
 08/21  07:00:00,9525781.140876304,1354960.257918031 
 08/21  08:00:00,10376545.808174964,1354960.257918031 
 08/21  09:00:00,41004115.1084052,1379664.940073121 
 08/21  10:00:00,54123665.491131134,1509015.3048512973 
 08/21  11:00:00,57887038.51594375,1594990.5736599385 
 08/21  12:00:00,57279596.083183154,1598700.0472076258 
 08/21  13:00:00,52981424.77678297,1510899.4024788253 
 08/21  14:00:00,58001897.07673812,1610961.526697342 
 08/21  15:00:00,59039961.17357891,1651206.80907641 
 08/21  16:00:00,56467158.56699061,1629029.8675340388 
 08/21  17:00:00,50834140.5602964,1501642.7372184426 
 08/21  18:00:00,49667595.08718918,1439333.401695043 
 08/21  19:00:00,33194975.896254193,1354960.257918031 
 08/21  20:00:00,22593951.962474026,1354960.257918031 
 08/21  21:00:00,5760000.0,0.0 
 08/21  22:00:00,1710000.0,0.0 
 08/21  23:00:00,1710000.0,0.0 
 08/21  24:00:00,1710000.0,0.0 
 08/22  01:00:00,1710000.0,0.0 
 08/22  02:00:00,1710000.0,0.0 
 08/22  03:00:00,1710000.0,0.0 
 08/22  04:00:00,1710000.0,0.0 
 08/22  05:00:00,1710000.0,0.0 
 08/22  06:00:00,1710000.0,0.0 
 08/22  07:00:00,12935311.796988683,1354960.257918031 
 08/22  08:00:00,12707239.011638742,1354960.257918031 
 08/22  09:00:00,42884101.51734743,1354960.257918031 
 08/22  10:00:00,54061342.986159965,1361805.7541744695 
 08/22  11:00:00,57468477.71554487,1419365.3856286556 
 08/22  12:00:00,58003055.720238924,1456835.7703038112 
 08/22  13:00:00,53798152.4180888,1412337.2748789855 
 08/22  14:00:00,57938826.92910216,1470159.4603500052 
 08/22  15:00:00,60988566.08638451,1539136.0235840413 
 08/22  16:00:00,59864115.012676865,1541753.0330892683 
 08/22  17:00:00,55734669.36760089,1497039.5502543356 
 08/22  18:00:00,54698865.04083825,1456723.3745432366 
 08/22  19:00:00,37041732.26245971,1354960.257918031 
 08/22  20:00:00,25723168.844725773,1354960.257918031 
 08/22  21:00:00,5760000.0,0.0 
 08/22  22:00:00,1710000.0,0.0 
 08/22  23:00:00,1710000.0,0.0 
 08/22  24:00:00,1710000.0,0.0 
 08/23  01:00:00,1710000.0,0.0 
 08/23  02:00:00,1710000.0,0.0 
 08/23  03:00:00,1710000.0,0.0 
 08/23  04:00:00,1710000.0,0.0 
 08/23  05:00:00,1710000.0,0.0 
 08/23  06:00:00,1710000.0,0.0 
 08/23  07:00:00,12138289.549977351,1354960.257918031 
 08/23  08:00:00,11939155.616706725,1354960.257918031 
 08/23  09:00:00,41831790.73549681,1354960.257918031 
 08/23  10:00:00,52264482.00735943,1354960.257918031 
 08/23  11:00:00,54019436.506439224,1378935.239164316 
 08/23  12:00:00,52860146.09203142,1386414.5753512965 
 08/23  13:00:00,47964506.64608795,1368340.00448617 
 08/23  14:00:00,51764218.485429004,1418947.0649410486 
 08/23  15:00:00,53250775.228084825,1440671.9596997956 
 08/23  16:00:00,50433301.67728421,1411840.930744914 
 08/23  17:00:00,45669868.28299345,1371678.5655368092 
 08/23  18:00:00,45590208.43716714,1367651.8523470047 
 08/23  19:00:00,30226176.825243328,1354960.257918031 
 08/23  20:00:00,19030728.223670766,1354960.257918031 
 08/23  21:00:00,5760000.0,0.0 
 08/23  22:00:00,1710000.0,0.0 
 08/23  23:00:00,1710000.0,0.0 
 08/23  24:00:00,1710000.0,0.0 
 08/24  01:00:00,4950000.0,0.0 
 08/24  02:00:00,4950000.0,0.0 
 08/24  03:00:00,4950000.0,0.0 
 08/24  04:00:00,4950000.0,0.0 
 08/24  05:00:00,4950000.0,0.0 
 08/24  06:00:00,4950000.0,0.0 
 08/24  07:00:00,4950000.0,0.0 
 08/24  08:00:00,4950000.0,0.0 
 08/24  09:00:00,4950000.0,0.0 
 08/24  10:00:00,4950000.0,0.0 
 08/24  11:00:00,4950000.0,0.0 
 08/24  12:00:00,4950000.0,0.0 
 08/24  13:00:00,4950000.0,0.0 
 08/24  14:00:00,4950000.0,0.0 
 08/24  15:00:00,4950000.0,0.0 
 08/24  16:00:00,4950000.0,0.0 
 08/24  17:00:00,4950000.0,0.0 
 08/24  18:00:00,4950000.0,0.0 
 08/24  19:00:00,4950000.0,0.0 
 08/24  20:00:00,4950000.0,0.0 
 08/24  21:00:00,4950000.0,0.0 
 08/24  22:00:00,4950000.0,0.0 
 08/24  23:00:00,4950000.0,0.0 
 08/24  24:00:00,4950000.0,0.0 
 08/25  01:00:00,4950000.0,0.0 
 08/25  02:00:00,4950000.0,0.0 
 08/25  03:00:00,4950000.0,0.0 
 08/25  04:00:00,4950000.0,0.0 
 08/25  05:00:00,4950000.0,0.0 
 08/25  06:00:00,4950000.0,0.0 
 08/25  07:00:00,4950000.0,0.0 
 08/25  08:00:00,4950000.0,0.0 
 08/25  09:00:00,4950000.0,0.0 
 08/25  10:00:00,4950000.0,0.0 
 08/25  11:00:00,4950000.0,0.0 
 08/25  12:00:00,4950000.0,0.0 
 08/25  13:00:00,4950000.0,0.0 
 08/25  14:00:00,4950000.0,0.0 
 08/25  15:00:00,4950000.0,0.0 
 08/25  16:00:00,4950000.0,0.0 
 08/25  17:00:00,4950000.0,0.0 
 08/25  18:00:00,4950000.0,0.0 
 08/25  19:00:00,4950000.0,0.0 
 08/25  20:00:00,4950000.0,0.0 
 08/25  21:00:00,4950000.0,0.0 
 08/25  22:00:00,4950000.0,0.0 
 08/25  23:00:00,4950000.0,0.0 
 08/25  24:00:00,4950000.0,0.0 
 08/26  01:00:00,1710000.0,0.0 
 08/26  02:00:00,1710000.0,0.0 
 08/26  03:00:00,1710000.0,0.0 
 08/26  04:00:00,1710000.0,0.0 
 08/26  05:00:00,1710000.0,0.0 
 08/26  06:00:00,1710000.0,0.0 
 08/26  07:00:00,8964959.998831537,1354960.257918031 
 08/26  08:00:00,8915201.96737668,1354960.257918031 
 08/26  09:00:00,39113622.864603475,1354960.257918031 
 08/26  10:00:00,50236153.98397609,1358006.6202725722 
 08/26  11:00:00,53407870.09961042,1404380.2839657979 
 08/26  12:00:00,53662450.252539955,1425424.7820366195 
 08/26  13:00:00,49720811.15923693,1392016.825439506 
 08/26  14:00:00,54800450.37196413,1463985.799062621 
 08/26  15:00:00,56248419.74097164,1478899.6985126727 
 08/26  16:00:00,53858444.67540505,1449066.1151693042 
 08/26  17:00:00,48361688.76176357,1382638.3415036951 
 08/26  18:00:00,47884431.018177256,1370854.6734185356 
 08/26  19:00:00,32782673.31100425,1354960.257918031 
 08/26  20:00:00,21297540.32597138,1354960.257918031 
 08/26  21:00:00,5760000.0,0.0 
 08/26  22:00:00,1710000.0,0.0 
 08/26  23:00:00,1710000.0,0.0 
 08/26  24:00:00,1710000.0,0.0 
 08/27  01:00:00,1710000.0,0.0 
 08/27  02:00:00,1710000.0,0.0 
 08/27  03:00:00,1710000.0,0.0 
 08/27  04:00:00,1710000.0,0.0 
 08/27  05:00:00,1710000.0,0.0 
 08/27  06:00:00,1710000.0,0.0 
 08/27  07:00:00,12121354.135871157,1354960.257918031 
 08/27  08:00:00,13382234.995641267,1354960.257918031 
 08/27  09:00:00,43976885.02967107,1360708.0616392426 
 08/27  10:00:00,56750273.39216576,1432810.5305636036 
 08/27  11:00:00,61696917.575578526,1566848.5493695105 
 08/27  12:00:00,61257023.740500115,1593951.2543322395 
 08/27  13:00:00,55691956.019740395,1492237.2941347188 
 08/27  14:00:00,59458133.19891321,1562519.5838165376 
 08/27  15:00:00,60924520.91562839,1614054.8256810736 
 08/27  16:00:00,59148523.48000287,1590708.186534314 
 08/27  17:00:00,53486366.376408815,1495413.9843476089 
 08/27  18:00:00,51006680.34563656,1424012.3043980906 
 08/27  19:00:00,34069249.13430377,1354960.257918031 
 08/27  20:00:00,22762792.92160358,1354960.257918031 
 08/27  21:00:00,5760000.0,0.0 
 08/27  22:00:00,1710000.0,0.0 
 08/27  23:00:00,1710000.0,0.0 
 08/27  24:00:00,1710000.0,0.0 
 08/28  01:00:00,1710000.0,0.0 
 08/28  02:00:00,1710000.0,0.0 
 08/28  03:00:00,1710000.0,0.0 
 08/28  04:00:00,1710000.0,0.0 
 08/28  05:00:00,1710000.0,0.0 
 08/28  06:00:00,1710000.0,0.0 
 08/28  07:00:00,12632853.43774414,1354960.257918031 
 08/28  08:00:00,12593480.062114995,1354960.257918031 
 08/28  09:00:00,43547684.978080735,1354960.257918031 
 08/28  10:00:00,55036186.89041941,1360938.0008789164 
 08/28  11:00:00,57977343.94898677,1406381.9635490011 
 08/28  12:00:00,58015098.77829502,1434050.3434361268 
 08/28  13:00:00,53670059.62100382,1402554.950603099 
 08/28  14:00:00,59010764.11356491,1489826.647750576 
 08/28  15:00:00,60285236.381864466,1515009.2862643506 
 08/28  16:00:00,57136741.39794928,1471067.198852 
 08/28  17:00:00,51908183.84742252,1404823.7284489123 
 08/28  18:00:00,51115259.46778641,1381993.2714106946 
 08/28  19:00:00,35477941.0694285,1354960.257918031 
 08/28  20:00:00,23628553.465601698,1354960.257918031 
 08/28  21:00:00,5760000.0,0.0 
 08/28  22:00:00,1710000.0,0.0 
 08/28  23:00:00,1710000.0,0.0 
 08/28  24:00:00,1710000.0,0.0 
 08/29  01:00:00,1710000.0,0.0 
 08/29  02:00:00,1710000.0,0.0 
 08/29  03:00:00,1710000.0,0.0 
 08/29  04:00:00,1710000.0,0.0 
 08/29  05:00:00,1710000.0,0.0 
 08/29  06:00:00,1710000.0,0.0 
 08/29  07:00:00,12989941.77933478,1354960.257918031 
 08/29  08:00:00,13245113.737083837,1354960.257918031 
 08/29  09:00:00,43854105.92212034,1354960.257918031 
 08/29  10:00:00,55905581.08983091,1360291.4787009042 
 08/29  11:00:00,60048740.4234906,1445296.5873426727 
 08/29  12:00:00,59234189.34731861,1501396.9318726314 
 08/29  13:00:00,53782536.35520771,1455353.779925439 
 08/29  14:00:00,58610891.61704849,1539884.2857524122 
 08/29  15:00:00,59649488.968506895,1569655.4267602535 
 08/29  16:00:00,56841832.99411031,1576888.80600467 
 08/29  17:00:00,50725311.00428311,1467209.8807861267 
 08/29  18:00:00,48707052.27522209,1407007.961597354 
 08/29  19:00:00,31601491.992332533,1354960.257918031 
 08/29  20:00:00,19684555.17568337,1354960.257918031 
 08/29  21:00:00,5760000.0,0.0 
 08/29  22:00:00,1710000.0,0.0 
 08/29  23:00:00,1710000.0,0.0 
 08/29  24:00:00,1710000.0,0.0 
 08/30  01:00:00,1710000.0,0.0 
 08/30  02:00:00,1710000.0,0.0 
 08/30  03:00:00,1710000.0,0.0 
 08/30  04:00:00,1710000.0,0.0 
 08/30  05:00:00,1710000.0,0.0 
 08/30  06:00:00,1710000.0,0.0 
 08/30  07:00:00,7253902.823450448,1354960.257918031 
 08/30  08:00:00,7725469.634527194,1354960.257918031 
 08/30  09:00:00,38198035.941868365,1369055.7054427038 
 08/30  10:00:00,50167164.81403133,1442662.2163413381 
 08/30  11:00:00,53671496.35406217,1518465.102684339 
 08/30  12:00:00,53265497.643464886,1517711.597690314 
 08/30  13:00:00,48394569.91699657,1440406.8740895612 
 08/30  14:00:00,52748432.60068052,1524631.3687197252 
 08/30  15:00:00,55329117.70853641,1610052.1687460905 
 08/30  16:00:00,54500508.013890445,1632774.6435780914 
 08/30  17:00:00,50647189.35257302,1581438.9304730594 
 08/30  18:00:00,49736012.94321226,1507445.6745911378 
 08/30  19:00:00,31338534.5728384,1355462.011913612 
 08/30  20:00:00,19635429.4031418,1354960.257918031 
 08/30  21:00:00,5760000.0,0.0 
 08/30  22:00:00,1710000.0,0.0 
 08/30  23:00:00,1710000.0,0.0 
 08/30  24:00:00,1710000.0,0.0 
 08/31  01:00:00,4950000.0,0.0 
 08/31  02:00:00,4950000.0,0.0 
 08/31  03:00:00,4950000.0,0.0 
 08/31  04:00:00,4950000.0,0.0 
 08/31  05:00:00,4950000.0,0.0 
 08/31  06:00:00,4950000.0,0.0 
 08/31  07:00:00,4950000.0,0.0 
 08/31  08:00:00,4950000.0,0.0 
 08/31  09:00:00,4950000.0,0.0 
 08/31  10:00:00,4950000.0,0.0 
 08/31  11:00:00,4950000.0,0.0 
 08/31  12:00:00,4950000.0,0.0 
 08/31  13:00:00,4950000.0,0.0 
 08/31  14:00:00,4950000.0,0.0 
 08/31  15:00:00,4950000.0,0.0 
 08/31  16:00:00,4950000.0,0.0 
 08/31  17:00:00,4950000.0,0.0 
 08/31  18:00:00,4950000.0,0.0 
 08/31  19:00:00,4950000.0,0.0 
 08/31  20:00:00,4950000.0,0.0 
 08/31  21:00:00,4950000.0,0.0 
 08/31  22:00:00,4950000.0,0.0 
 08/31  23:00:00,4950000.0,0.0 
 08/31  24:00:00,4950000.0,0.0,14556753615.927776,10895940000.0,6855300000.0,443791020.52171457,3217022595.406046,979616164.3986963,979616164.3986963,,,,,,,,6855300000.0,,10895940000.0,,4040640000.0 
 09/01  01:00:00,4950000.0,0.0 
 09/01  02:00:00,4950000.0,0.0 
 09/01  03:00:00,4950000.0,0.0 
 09/01  04:00:00,4950000.0,0.0 
 09/01  05:00:00,4950000.0,0.0 
 09/01  06:00:00,4950000.0,0.0 
 09/01  07:00:00,4950000.0,0.0 
 09/01  08:00:00,4950000.0,0.0 
 09/01  09:00:00,4950000.0,0.0 
 09/01  10:00:00,4950000.0,0.0 
 09/01  11:00:00,4950000.0,0.0 
 09/01  12:00:00,4950000.0,0.0 
 09/01  13:00:00,4950000.0,0.0 
 09/01  14:00:00,4950000.0,0.0 
 09/01  15:00:00,4950000.0,0.0 
 09/01  16:00:00,4950000.0,0.0 
 09/01  17:00:00,4950000.0,0.0 
 09/01  18:00:00,4950000.0,0.0 
 09/01  19:00:00,4950000.0,0.0 
 09/01  20:00:00,4950000.0,0.0 
 09/01  21:00:00,4950000.0,0.0 
 09/01  22:00:00,4950000.0,0.0 
 09/01  23:00:00,4950000.0,0.0 
 09/01  24:00:00,4950000.0,0.0 
 09/02  01:00:00,1710000.0,0.0 
 09/02  02:00:00,1710000.0,0.0 
 09/02  03:00:00,1710000.0,0.0 
 09/02  04:00:00,1710000.0,0.0 
 09/02  05:00:00,1710000.0,0.0 
 09/02  06:00:00,1710000.0,0.0 
 09/02  07:00:00,7189154.731105673,1354960.257918031 
 09/02  08:00:00,7363794.930545872,1354960.257918031 
 09/02  09:00:00,37234579.65820765,1354960.257918031 
 09/02  10:00:00,48340877.857438006,1429550.2374609064 
 09/02  11:00:00,50847187.94450109,1477479.6076824514 
 09/02  12:00:00,50252863.16350736,1500593.433688491 
 09/02  13:00:00,44700653.08475742,1363940.7294072667 
 09/02  14:00:00,49158364.94193302,1535335.7502093366 
 09/02  15:00:00,51454990.01422748,1674286.5610370692 
 09/02  16:00:00,49750622.654103994,1687658.7592358806 
 09/02  17:00:00,45364527.22867495,1620181.6257909723 
 09/02  18:00:00,44243488.67599173,1546695.2216226156 
 09/02  19:00:00,27122910.45130392,1354960.257918031 
 09/02  20:00:00,15965074.526171796,1354960.257918031 
 09/02  21:00:00,5760000.0,0.0 
 09/02  22:00:00,1710000.0,0.0 
 09/02  23:00:00,1710000.0,0.0 
 09/02  24:00:00,1710000.0,0.0 
 09/03  01:00:00,1710000.0,0.0 
 09/03  02:00:00,1710000.0,0.0 
 09/03  03:00:00,1710000.0,0.0 
 09/03  04:00:00,1710000.0,0.0 
 09/03  05:00:00,1710000.0,0.0 
 09/03  06:00:00,1710000.0,0.0 
 09/03  07:00:00,5640057.98420595,1354960.257918031 
 09/03  08:00:00,6739011.553700373,1354960.257918031 
 09/03  09:00:00,37178406.71940984,1366732.198800268 
 09/03  10:00:00,48735132.553431995,1418875.304089591 
 09/03  11:00:00,51336316.28461252,1474643.577182508 
 09/03  12:00:00,50535936.48694475,1485203.7476368481 
 09/03  13:00:00,45879532.481576264,1412119.97990735 
 09/03  14:00:00,49592004.55319299,1476093.2855242798 
 09/03  15:00:00,51072928.07939343,1526099.2939885852 
 09/03  16:00:00,49414453.503280975,1544312.3415147 
 09/03  17:00:00,44833519.25744605,1474798.4747380626 
 09/03  18:00:00,43879343.05517604,1491351.2932049904 
 09/03  19:00:00,27921654.089625776,1401098.028051309 
 09/03  20:00:00,16262933.87201121,1354960.257918031 
 09/03  21:00:00,5760000.0,0.0 
 09/03  22:00:00,1710000.0,0.0 
 09/03  23:00:00,1710000.0,0.0 
 09/03  24:00:00,1710000.0,0.0 
 09/04  01:00:00,1710000.0,0.0 
 09/04  02:00:00,1710000.0,0.0 
 09/04  03:00:00,1710000.0,0.0 
 09/04  04:00:00,1710000.0,0.0 
 09/04  05:00:00,1710000.0,0.0 
 09/04  06:00:00,1710000.0,0.0 
 09/04  07:00:00,5987922.066481267,1354960.257918031 
 09/04  08:00:00,6587523.333507872,1354960.257918031 
 09/04  09:00:00,37525826.12015198,1371550.1589940856 
 09/04  10:00:00,49794413.0315963,1436109.6418495695 
 09/04  11:00:00,53844802.90376129,1514735.897055992 
 09/04  12:00:00,54405237.136168264,1531579.8134534666 
 09/04  13:00:00,49635558.581666335,1454787.539979918 
 09/04  14:00:00,54927807.937950894,1543554.6374379122 
 09/04  15:00:00,58014275.221815765,1634803.5346127881 
 09/04  16:00:00,56384416.605273165,1658835.8231215975 
 09/04  17:00:00,50930093.56878356,1578886.9295185371 
 09/04  18:00:00,48608277.477096595,1488696.7291689801 
 09/04  19:00:00,30415772.43136904,1354960.257918031 
 09/04  20:00:00,19264326.718191132,1354960.257918031 
 09/04  21:00:00,5760000.0,0.0 
 09/04  22:00:00,1710000.0,0.0 
 09/04  23:00:00,1710000.0,0.0 
 09/04  24:00:00,1710000.0,0.0 
 09/05  01:00:00,1710000.0,0.0 
 09/05  02:00:00,1710000.0,0.0 
 09/05  03:00:00,1710000.0,0.0 
 09/05  04:00:00,1710000.0,0.0 
 09/05  05:00:00,1710000.0,0.0 
 09/05  06:00:00,1710000.0,0.0 
 09/05  07:00:00,7730692.523351058,1354960.257918031 
 09/05  08:00:00,8868660.959985089,1354960.257918031 
 09/05  09:00:00,40049477.75752483,1371646.6551965622 
 09/05  10:00:00,53346567.975954875,1480651.7363234686 
 09/05  11:00:00,57880954.778097786,1588604.521709281 
 09/05  12:00:00,57153518.70093284,1599166.7080605878 
 09/05  13:00:00,51674720.24738607,1507796.324932819 
 09/05  14:00:00,55724496.04304916,1620209.1201680365 
 09/05  15:00:00,58192230.34747653,1712473.3670035598 
 09/05  16:00:00,56554079.68545485,1703650.672565844 
 09/05  17:00:00,50303483.308230735,1577419.8187792927 
 09/05  18:00:00,47475069.370452985,1475787.5597612099 
 09/05  19:00:00,29982464.961331606,1354960.257918031 
 09/05  20:00:00,18786022.94083951,1354960.257918031 
 09/05  21:00:00,5760000.0,0.0 
 09/05  22:00:00,1710000.0,0.0 
 09/05  23:00:00,1710000.0,0.0 
 09/05  24:00:00,1710000.0,0.0 
 09/06  01:00:00,1710000.0,0.0 
 09/06  02:00:00,1710000.0,0.0 
 09/06  03:00:00,1710000.0,0.0 
 09/06  04:00:00,1710000.0,0.0 
 09/06  05:00:00,1710000.0,0.0 
 09/06  06:00:00,1710000.0,0.0 
 09/06  07:00:00,8952656.322845556,1354960.257918031 
 09/06  08:00:00,9850799.19272486,1354960.257918031 
 09/06  09:00:00,41133792.66351149,1392958.8398908707 
 09/06  10:00:00,53845112.40813263,1449655.2517938828 
 09/06  11:00:00,59511100.98190657,1600991.1161051798 
 09/06  12:00:00,59066134.40923576,1604864.0735149293 
 09/06  13:00:00,53299876.03434236,1490386.7739962803 
 09/06  14:00:00,56634195.454549804,1567985.2481374952 
 09/06  15:00:00,57060063.245072536,1557056.9876751285 
 09/06  16:00:00,54568106.30603059,1514142.499225134 
 09/06  17:00:00,50829371.96104729,1455952.6753541043 
 09/06  18:00:00,49686989.789342985,1407683.4486145463 
 09/06  19:00:00,33223126.82979648,1354960.257918031 
 09/06  20:00:00,21799518.56742571,1354960.257918031 
 09/06  21:00:00,5760000.0,0.0 
 09/06  22:00:00,1710000.0,0.0 
 09/06  23:00:00,1710000.0,0.0 
 09/06  24:00:00,1710000.0,0.0 
 09/07  01:00:00,4950000.0,0.0 
 09/07  02:00:00,4950000.0,0.0 
 09/07  03:00:00,4950000.0,0.0 
 09/07  04:00:00,4950000.0,0.0 
 09/07  05:00:00,4950000.0,0.0 
 09/07  06:00:00,4950000.0,0.0 
 09/07  07:00:00,4950000.0,0.0 
 09/07  08:00:00,4950000.0,0.0 
 09/07  09:00:00,4950000.0,0.0 
 09/07  10:00:00,4950000.0,0.0 
 09/07  11:00:00,4950000.0,0.0 
 09/07  12:00:00,4950000.0,0.0 
 09/07  13:00:00,4950000.0,0.0 
 09/07  14:00:00,4950000.0,0.0 
 09/07  15:00:00,4950000.0,0.0 
 09/07  16:00:00,4950000.0,0.0 
 09/07  17:00:00,4950000.0,0.0 
 09/07  18:00:00,4950000.0,0.0 
 09/07  19:00:00,4950000.0,0.0 
 09/07  20:00:00,4950000.0,0.0 
 09/07  21:00:00,4950000.0,0.0 
 09/07  22:00:00,4950000.0,0.0 
 09/07  23:00:00,4950000.0,0.0 
 09/07  24:00:00,4950000.0,0.0 
 09/08  01:00:00,4950000.0,0.0 
 09/08  02:00:00,4950000.0,0.0 
 09/08  03:00:00,4950000.0,0.0 
 09/08  04:00:00,4950000.0,0.0 
 09/08  05:00:00,4950000.0,0.0 
 09/08  06:00:00,4950000.0,0.0 
 09/08  07:00:00,4950000.0,0.0 
 09/08  08:00:00,4950000.0,0.0 
 09/08  09:00:00,4950000.0,0.0 
 09/08  10:00:00,4950000.0,0.0 
 09/08  11:00:00,4950000.0,0.0 
 09/08  12:00:00,4950000.0,0.0 
 09/08  13:00:00,4950000.0,0.0 
 09/08  14:00:00,4950000.0,0.0 
 09/08  15:00:00,4950000.0,0.0 
 09/08  16:00:00,4950000.0,0.0 
 09/08  17:00:00,4950000.0,0.0 
 09/08  18:00:00,4950000.0,0.0 
 09/08  19:00:00,4950000.0,0.0 
 09/08  20:00:00,4950000.0,0.0 
 09/08  21:00:00,4950000.0,0.0 
 09/08  22:00:00,4950000.0,0.0 
 09/08  23:00:00,4950000.0,0.0 
 09/08  24:00:00,4950000.0,0.0 
 09/09  01:00:00,1710000.0,0.0 
 09/09  02:00:00,1710000.0,0.0 
 09/09  03:00:00,1710000.0,0.0 
 09/09  04:00:00,1710000.0,0.0 
 09/09  05:00:00,1710000.0,0.0 
 09/09  06:00:00,1710000.0,0.0 
 09/09  07:00:00,7878904.687563861,1354960.257918031 
 09/09  08:00:00,8449711.491936535,1354960.257918031 
 09/09  09:00:00,39213421.61382426,1369420.350382153 
 09/09  10:00:00,51461435.638320565,1453593.7806528897 
 09/09  11:00:00,54277934.10424889,1485954.9974877082 
 09/09  12:00:00,54066047.814503804,1511457.1867538085 
 09/09  13:00:00,48348401.06470668,1437023.808882059 
 09/09  14:00:00,52830997.591802076,1516504.8930557426 
 09/09  15:00:00,54655086.51078549,1562861.9726905306 
 09/09  16:00:00,52800569.05016428,1565887.5302654274 
 09/09  17:00:00,47424778.89870001,1499759.6889541394 
 09/09  18:00:00,45286893.555703364,1425617.6973983448 
 09/09  19:00:00,28681508.141392753,1354960.257918031 
 09/09  20:00:00,17681413.338080034,1354960.257918031 
 09/09  21:00:00,5760000.0,0.0 
 09/09  22:00:00,1710000.0,0.0 
 09/09  23:00:00,1710000.0,0.0 
 09/09  24:00:00,1710000.0,0.0 
 09/10  01:00:00,1710000.0,0.0 
 09/10  02:00:00,1710000.0,0.0 
 09/10  03:00:00,1710000.0,0.0 
 09/10  04:00:00,1710000.0,0.0 
 09/10  05:00:00,1710000.0,0.0 
 09/10  06:00:00,1710000.0,0.0 
 09/10  07:00:00,7416808.203313484,1354960.257918031 
 09/10  08:00:00,8884364.653030813,1354960.257918031 
 09/10  09:00:00,39144427.40317501,1369671.201566835 
 09/10  10:00:00,51209811.8640866,1475513.5787298437 
 09/10  11:00:00,54215490.260433294,1505486.0482718004 
 09/10  12:00:00,54197582.0392469,1539494.0439176837 
 09/10  13:00:00,49705115.83419263,1468997.0783246993 
 09/10  14:00:00,53106682.31936679,1522022.7665180902 
 09/10  15:00:00,53158916.0545719,1495039.1518237644 
 09/10  16:00:00,49847233.35791529,1440710.601142897 
 09/10  17:00:00,44361136.79377838,1379329.9436978041 
 09/10  18:00:00,43927762.36790414,1371501.8993030607 
 09/10  19:00:00,29151888.780408032,1354960.257918031 
 09/10  20:00:00,18515669.26568771,1354960.257918031 
 09/10  21:00:00,5760000.0,0.0 
 09/10  22:00:00,1710000.0,0.0 
 09/10  23:00:00,1710000.0,0.0 
 09/10  24:00:00,1710000.0,0.0 
 09/11  01:00:00,1710000.0,0.0 
 09/11  02:00:00,1710000.0,0.0 
 09/11  03:00:00,1710000.0,0.0 
 09/11  04:00:00,1710000.0,0.0 
 09/11  05:00:00,1710000.0,0.0 
 09/11  06:00:00,1710000.0,0.0 
 09/11  07:00:00,7544305.218697134,1354960.257918031 
 09/11  08:00:00,9027656.928741219,1354960.257918031 
 09/11  09:00:00,40157820.02323076,1367593.339040785 
 09/11  10:00:00,52290729.0646052,1452131.488690346 
 09/11  11:00:00,54805257.60740565,1477954.7426123724 
 09/11  12:00:00,54772235.21027803,1500881.347703557 
 09/11  13:00:00,49977562.23578487,1435349.9196712584 
 09/11  14:00:00,53911447.1065097,1501749.379409695 
 09/11  15:00:00,55967181.00839952,1567223.8504455823 
 09/11  16:00:00,54273205.33830402,1602330.634448568 
 09/11  17:00:00,48964752.950853124,1519729.3893632598 
 09/11  18:00:00,47000309.86161952,1429436.5614652503 
 09/11  19:00:00,30633442.5965574,1354960.257918031 
 09/11  20:00:00,19124282.79715544,1354960.257918031 
 09/11  21:00:00,5760000.0,0.0 
 09/11  22:00:00,1710000.0,0.0 
 09/11  23:00:00,1710000.0,0.0 
 09/11  24:00:00,1710000.0,0.0 
 09/12  01:00:00,1710000.0,0.0 
 09/12  02:00:00,1710000.0,0.0 
 09/12  03:00:00,1710000.0,0.0 
 09/12  04:00:00,1710000.0,0.0 
 09/12  05:00:00,1710000.0,0.0 
 09/12  06:00:00,1710000.0,0.0 
 09/12  07:00:00,7813090.149759758,1354960.257918031 
 09/12  08:00:00,8203465.427828224,1354960.257918031 
 09/12  09:00:00,38685062.28495217,1354960.257918031 
 09/12  10:00:00,50070742.74584511,1398559.8024355709 
 09/12  11:00:00,53127980.33415959,1468083.5905598928 
 09/12  12:00:00,53566312.505863234,1502863.4704378457 
 09/12  13:00:00,47651192.199683,1422784.5435638232 
 09/12  14:00:00,50929157.05567729,1481788.4850973578 
 09/12  15:00:00,52580513.19789249,1519821.2693747093 
 09/12  16:00:00,50673456.420319095,1537558.079537049 
 09/12  17:00:00,45319064.13908459,1458533.7647762874 
 09/12  18:00:00,43404301.160038896,1391838.735705388 
 09/12  19:00:00,28452934.18847254,1401729.5322647316 
 09/12  20:00:00,16384749.360625602,1354960.257918031 
 09/12  21:00:00,5760000.0,0.0 
 09/12  22:00:00,1710000.0,0.0 
 09/12  23:00:00,1710000.0,0.0 
 09/12  24:00:00,1710000.0,0.0 
 09/13  01:00:00,1710000.0,0.0 
 09/13  02:00:00,1710000.0,0.0 
 09/13  03:00:00,1710000.0,0.0 
 09/13  04:00:00,1710000.0,0.0 
 09/13  05:00:00,1710000.0,0.0 
 09/13  06:00:00,1710000.0,0.0 
 09/13  07:00:00,5021960.780689914,1354960.257918031 
 09/13  08:00:00,6249598.221815531,1354960.257918031 
 09/13  09:00:00,36618605.80386141,1354960.257918031 
 09/13  10:00:00,47425084.78441824,1354960.257918031 
 09/13  11:00:00,49581465.96470702,1401395.0884811475 
 09/13  12:00:00,47505188.678478256,1354960.257918031 
 09/13  13:00:00,43951863.26778402,1390331.679459326 
 09/13  14:00:00,47723403.75230418,1441399.0059275012 
 09/13  15:00:00,49065335.749943584,1425352.7730256452 
 09/13  16:00:00,47334525.73978789,1415793.7195142475 
 09/13  17:00:00,43072041.88702442,1371426.1525880038 
 09/13  18:00:00,43692874.37108142,1417053.8272245321 
 09/13  19:00:00,27662547.83053591,1354960.257918031 
 09/13  20:00:00,16620022.883539941,1354960.257918031 
 09/13  21:00:00,5760000.0,0.0 
 09/13  22:00:00,1710000.0,0.0 
 09/13  23:00:00,1710000.0,0.0 
 09/13  24:00:00,1710000.0,0.0 
 09/14  01:00:00,4950000.0,0.0 
 09/14  02:00:00,4950000.0,0.0 
 09/14  03:00:00,4950000.0,0.0 
 09/14  04:00:00,4950000.0,0.0 
 09/14  05:00:00,4950000.0,0.0 
 09/14  06:00:00,4950000.0,0.0 
 09/14  07:00:00,4950000.0,0.0 
 09/14  08:00:00,4950000.0,0.0 
 09/14  09:00:00,4950000.0,0.0 
 09/14  10:00:00,4950000.0,0.0 
 09/14  11:00:00,4950000.0,0.0 
 09/14  12:00:00,4950000.0,0.0 
 09/14  13:00:00,4950000.0,0.0 
 09/14  14:00:00,4950000.0,0.0 
 09/14  15:00:00,4950000.0,0.0 
 09/14  16:00:00,4950000.0,0.0 
 09/14  17:00:00,4950000.0,0.0 
 09/14  18:00:00,4950000.0,0.0 
 09/14  19:00:00,4950000.0,0.0 
 09/14  20:00:00,4950000.0,0.0 
 09/14  21:00:00,4950000.0,0.0 
 09/14  22:00:00,4950000.0,0.0 
 09/14  23:00:00,4950000.0,0.0 
 09/14  24:00:00,4950000.0,0.0 
 09/15  01:00:00,4950000.0,0.0 
 09/15  02:00:00,4950000.0,0.0 
 09/15  03:00:00,4950000.0,0.0 
 09/15  04:00:00,4950000.0,0.0 
 09/15  05:00:00,4950000.0,0.0 
 09/15  06:00:00,4950000.0,0.0 
 09/15  07:00:00,4950000.0,0.0 
 09/15  08:00:00,4950000.0,0.0 
 09/15  09:00:00,4950000.0,0.0 
 09/15  10:00:00,4950000.0,0.0 
 09/15  11:00:00,4950000.0,0.0 
 09/15  12:00:00,4950000.0,0.0 
 09/15  13:00:00,4950000.0,0.0 
 09/15  14:00:00,4950000.0,0.0 
 09/15  15:00:00,4950000.0,0.0 
 09/15  16:00:00,4950000.0,0.0 
 09/15  17:00:00,4950000.0,0.0 
 09/15  18:00:00,4950000.0,0.0 
 09/15  19:00:00,4950000.0,0.0 
 09/15  20:00:00,4950000.0,0.0 
 09/15  21:00:00,4950000.0,0.0 
 09/15  22:00:00,4950000.0,0.0 
 09/15  23:00:00,4950000.0,0.0 
 09/15  24:00:00,4950000.0,0.0 
 09/16  01:00:00,1710000.0,0.0 
 09/16  02:00:00,1710000.0,0.0 
 09/16  03:00:00,1710000.0,0.0 
 09/16  04:00:00,1710000.0,0.0 
 09/16  05:00:00,1710000.0,0.0 
 09/16  06:00:00,1710000.0,0.0 
 09/16  07:00:00,11328025.2706359,1354960.257918031 
 09/16  08:00:00,11446327.708911557,1354960.257918031 
 09/16  09:00:00,41240444.77004535,1354960.257918031 
 09/16  10:00:00,51978732.007487535,1354960.257918031 
 09/16  11:00:00,54110803.53726128,1365866.7485022906 
 09/16  12:00:00,53174678.82135236,1372780.8827051031 
 09/16  13:00:00,48427291.39335729,1354960.257918031 
 09/16  14:00:00,52101358.70565774,1394031.9796452634 
 09/16  15:00:00,54121999.10659139,1426683.325487981 
 09/16  16:00:00,52389936.145474896,1415035.088498973 
 09/16  17:00:00,47871805.86589876,1372655.4996189203 
 09/16  18:00:00,47556662.04803803,1368066.5481797194 
 09/16  19:00:00,32564295.2975906,1354960.257918031 
 09/16  20:00:00,21641999.59081441,1354960.257918031 
 09/16  21:00:00,5760000.0,0.0 
 09/16  22:00:00,1710000.0,0.0 
 09/16  23:00:00,1710000.0,0.0 
 09/16  24:00:00,1710000.0,0.0 
 09/17  01:00:00,1710000.0,0.0 
 09/17  02:00:00,1710000.0,0.0 
 09/17  03:00:00,1710000.0,0.0 
 09/17  04:00:00,1710000.0,0.0 
 09/17  05:00:00,1710000.0,0.0 
 09/17  06:00:00,1710000.0,0.0 
 09/17  07:00:00,10222180.93452944,1354960.257918031 
 09/17  08:00:00,10168735.647250513,1354960.257918031 
 09/17  09:00:00,40116315.007551976,1354960.257918031 
 09/17  10:00:00,50793542.30349148,1354960.257918031 
 09/17  11:00:00,53482750.38411701,1364277.5431806939 
 09/17  12:00:00,52580636.267404735,1383951.9910760326 
 09/17  13:00:00,47814883.08774364,1363183.4164115498 
 09/17  14:00:00,51484773.11729533,1404094.855014438 
 09/17  15:00:00,52602367.14284146,1409924.5117346346 
 09/17  16:00:00,50537435.01852737,1393151.5693409713 
 09/17  17:00:00,46277608.17264592,1367586.1657068161 
 09/17  18:00:00,46027620.272408575,1364205.9894421669 
 09/17  19:00:00,30952239.77901938,1354960.257918031 
 09/17  20:00:00,19976731.003202647,1354960.257918031 
 09/17  21:00:00,5760000.0,0.0 
 09/17  22:00:00,1710000.0,0.0 
 09/17  23:00:00,1710000.0,0.0 
 09/17  24:00:00,1710000.0,0.0 
 09/18  01:00:00,1710000.0,0.0 
 09/18  02:00:00,1710000.0,0.0 
 09/18  03:00:00,1710000.0,0.0 
 09/18  04:00:00,1710000.0,0.0 
 09/18  05:00:00,1710000.0,0.0 
 09/18  06:00:00,1710000.0,0.0 
 09/18  07:00:00,8608970.406361569,1354960.257918031 
 09/18  08:00:00,8290704.349631397,1354960.257918031 
 09/18  09:00:00,38145257.122667566,1354960.257918031 
 09/18  10:00:00,48771855.80588,1354960.257918031 
 09/18  11:00:00,51473069.23477721,1430492.704017472 
 09/18  12:00:00,51016193.71704158,1444001.184381078 
 09/18  13:00:00,46011969.90178634,1354960.257918031 
 09/18  14:00:00,49619336.939678624,1432521.778844417 
 09/18  15:00:00,50629164.55521077,1436618.2264529893 
 09/18  16:00:00,49793412.46081313,1477395.40717562 
 09/18  17:00:00,44060351.29970203,1354960.257918031 
 09/18  18:00:00,44181945.072654575,1380869.759451228 
 09/18  19:00:00,29171955.316173103,1354960.257918031 
 09/18  20:00:00,17991166.613009263,1354960.257918031 
 09/18  21:00:00,5760000.0,0.0 
 09/18  22:00:00,1710000.0,0.0 
 09/18  23:00:00,1710000.0,0.0 
 09/18  24:00:00,1710000.0,0.0 
 09/19  01:00:00,1710000.0,0.0 
 09/19  02:00:00,1710000.0,0.0 
 09/19  03:00:00,1710000.0,0.0 
 09/19  04:00:00,1710000.0,0.0 
 09/19  05:00:00,1710000.0,0.0 
 09/19  06:00:00,1710000.0,0.0 
 09/19  07:00:00,5454874.45399763,1354960.257918031 
 09/19  08:00:00,5719335.419069604,1354960.257918031 
 09/19  09:00:00,36247681.01756082,1367445.83435689 
 09/19  10:00:00,48082307.20309756,1445352.694685169 
 09/19  11:00:00,51639786.039514974,1627929.5590839165 
 09/19  12:00:00,50277476.73127841,1551625.7987823864 
 09/19  13:00:00,45013060.57822655,1391272.4528358108 
 09/19  14:00:00,48773011.09083196,1449421.281121099 
 09/19  15:00:00,50090566.635650635,1551322.141360451 
 09/19  16:00:00,46849654.21017383,1450322.7553508703 
 09/19  17:00:00,42377446.71324126,1398158.2711920927 
 09/19  18:00:00,41856377.07100117,1384534.818025745 
 09/19  19:00:00,26619661.683854155,1354960.257918031 
 09/19  20:00:00,15250794.496887036,1354960.257918031 
 09/19  21:00:00,5760000.0,0.0 
 09/19  22:00:00,1710000.0,0.0 
 09/19  23:00:00,1710000.0,0.0 
 09/19  24:00:00,1710000.0,0.0 
 09/20  01:00:00,1710000.0,0.0 
 09/20  02:00:00,1710000.0,0.0 
 09/20  03:00:00,1710000.0,0.0 
 09/20  04:00:00,1710000.0,0.0 
 09/20  05:00:00,1710000.0,0.0 
 09/20  06:00:00,1710000.0,0.0 
 09/20  07:00:00,5447741.16036346,1354960.257918031 
 09/20  08:00:00,5490416.922073925,1354960.257918031 
 09/20  09:00:00,35505670.27047096,1354960.257918031 
 09/20  10:00:00,46380843.332000025,1354960.257918031 
 09/20  11:00:00,47691043.38513524,1354960.257918031 
 09/20  12:00:00,47307537.10527943,1390933.165333521 
 09/20  13:00:00,43004929.75070979,1354960.257918031 
 09/20  14:00:00,46291616.208623,1419350.099477044 
 09/20  15:00:00,47549397.17768572,1426457.9989765468 
 09/20  16:00:00,45515137.636204205,1404586.337242325 
 09/20  17:00:00,41267864.23740678,1354960.257918031 
 09/20  18:00:00,41478418.834279835,1381704.2199866243 
 09/20  19:00:00,26311346.266606838,1354960.257918031 
 09/20  20:00:00,15091371.620824287,1354960.257918031 
 09/20  21:00:00,5760000.0,0.0 
 09/20  22:00:00,1710000.0,0.0 
 09/20  23:00:00,1710000.0,0.0 
 09/20  24:00:00,1710000.0,0.0 
 09/21  01:00:00,4950000.0,0.0 
 09/21  02:00:00,4950000.0,0.0 
 09/21  03:00:00,4950000.0,0.0 
 09/21  04:00:00,4950000.0,0.0 
 09/21  05:00:00,4950000.0,0.0 
 09/21  06:00:00,4950000.0,0.0 
 09/21  07:00:00,4950000.0,0.0 
 09/21  08:00:00,4950000.0,0.0 
 09/21  09:00:00,4950000.0,0.0 
 09/21  10:00:00,4950000.0,0.0 
 09/21  11:00:00,4950000.0,0.0 
 09/21  12:00:00,4950000.0,0.0 
 09/21  13:00:00,4950000.0,0.0 
 09/21  14:00:00,4950000.0,0.0 
 09/21  15:00:00,4950000.0,0.0 
 09/21  16:00:00,4950000.0,0.0 
 09/21  17:00:00,4950000.0,0.0 
 09/21  18:00:00,4950000.0,0.0 
 09/21  19:00:00,4950000.0,0.0 
 09/21  20:00:00,4950000.0,0.0 
 09/21  21:00:00,4950000.0,0.0 
 09/21  22:00:00,4950000.0,0.0 
 09/21  23:00:00,4950000.0,0.0 
 09/21  24:00:00,4950000.0,0.0 
 09/22  01:00:00,4950000.0,0.0 
 09/22  02:00:00,4950000.0,0.0 
 09/22  03:00:00,4950000.0,0.0 
 09/22  04:00:00,4950000.0,0.0 
 09/22  05:00:00,4950000.0,0.0 
 09/22  06:00:00,4950000.0,0.0 
 09/22  07:00:00,4950000.0,0.0 
 09/22  08:00:00,4950000.0,0.0 
 09/22  09:00:00,4950000.0,0.0 
 09/22  10:00:00,4950000.0,0.0 
 09/22  11:00:00,4950000.0,0.0 
 09/22  12:00:00,4950000.0,0.0 
 09/22  13:00:00,4950000.0,0.0 
 09/22  14:00:00,4950000.0,0.0 
 09/22  15:00:00,4950000.0,0.0 
 09/22  16:00:00,4950000.0,0.0 
 09/22  17:00:00,4950000.0,0.0 
 09/22  18:00:00,4950000.0,0.0 
 09/22  19:00:00,4950000.0,0.0 
 09/22  20:00:00,4950000.0,0.0 
 09/22  21:00:00,4950000.0,0.0 
 09/22  22:00:00,4950000.0,0.0 
 09/22  23:00:00,4950000.0,0.0 
 09/22  24:00:00,4950000.0,0.0 
 09/23  01:00:00,1710000.0,0.0 
 09/23  02:00:00,1710000.0,0.0 
 09/23  03:00:00,1710000.0,0.0 
 09/23  04:00:00,1710000.0,0.0 
 09/23  05:00:00,1710000.0,0.0 
 09/23  06:00:00,1710000.0,0.0 
 09/23  07:00:00,4783162.99254515,1354960.257918031 
 09/23  08:00:00,5806885.156212274,1354960.257918031 
 09/23  09:00:00,36499657.164486624,1369029.3899555719 
 09/23  10:00:00,48309700.13028155,1444450.8354021977 
 09/23  11:00:00,51216895.46793361,1525955.923889401 
 09/23  12:00:00,50189557.250434846,1448943.3842261184 
 09/23  13:00:00,45537997.56647544,1397416.9403984738 
 09/23  14:00:00,49649400.483197294,1480244.1796562667 
 09/23  15:00:00,52182035.46117357,1550375.086469519 
 09/23  16:00:00,50855432.99560579,1576657.655666406 
 09/23  17:00:00,45776906.33947492,1495334.5436107118 
 09/23  18:00:00,44247360.899207,1413878.6669423715 
 09/23  19:00:00,28274402.483810805,1354960.257918031 
 09/23  20:00:00,17062682.928747855,1354960.257918031 
 09/23  21:00:00,5760000.0,0.0 
 09/23  22:00:00,1710000.0,0.0 
 09/23  23:00:00,1710000.0,0.0 
 09/23  24:00:00,1710000.0,0.0 
 09/24  01:00:00,1710000.0,0.0 
 09/24  02:00:00,1710000.0,0.0 
 09/24  03:00:00,1710000.0,0.0 
 09/24  04:00:00,1710000.0,0.0 
 09/24  05:00:00,1710000.0,0.0 
 09/24  06:00:00,1710000.0,0.0 
 09/24  07:00:00,5660082.76930632,1354960.257918031 
 09/24  08:00:00,6996861.808355918,1354960.257918031 
 09/24  09:00:00,37426755.70737547,1354960.257918031 
 09/24  10:00:00,48428816.996154934,1405208.0965471193 
 09/24  11:00:00,51738697.11845811,1592199.660894474 
 09/24  12:00:00,51051577.87275677,1636494.1001959343 
 09/24  13:00:00,45521415.14146128,1480513.6189512955 
 09/24  14:00:00,49091679.05506402,1548324.3427372007 
 09/24  15:00:00,51434852.76009375,1688766.0626775653 
 09/24  16:00:00,49218677.062493995,1669019.6018907898 
 09/24  17:00:00,43148038.81392668,1448965.675134955 
 09/24  18:00:00,42208632.636153966,1435347.551245725 
 09/24  19:00:00,26550985.710718334,1371632.125635672 
 09/24  20:00:00,15032209.109957144,1354960.257918031 
 09/24  21:00:00,5760000.0,0.0 
 09/24  22:00:00,1710000.0,0.0 
 09/24  23:00:00,1710000.0,0.0 
 09/24  24:00:00,1710000.0,0.0 
 09/25  01:00:00,1710000.0,0.0 
 09/25  02:00:00,1710000.0,0.0 
 09/25  03:00:00,1710000.0,0.0 
 09/25  04:00:00,1710000.0,0.0 
 09/25  05:00:00,1710000.0,0.0 
 09/25  06:00:00,1710000.0,0.0 
 09/25  07:00:00,3234385.5260834377,1354960.257918031 
 09/25  08:00:00,4233461.325246952,1354960.257918031 
 09/25  09:00:00,35834774.77517858,1354960.257918031 
 09/25  10:00:00,47347301.19085748,1411186.9965209472 
 09/25  11:00:00,50449769.61874461,1577738.821640664 
 09/25  12:00:00,49974842.046495154,1617222.0133459591 
 09/25  13:00:00,46007374.021294735,1580043.483047779 
 09/25  14:00:00,48338999.552008346,1436270.7578696075 
 09/25  15:00:00,50120471.21510555,1521355.0147241158 
 09/25  16:00:00,48748775.44656466,1545423.0173731882 
 09/25  17:00:00,44792372.74174637,1573594.3529332553 
 09/25  18:00:00,42567235.74065294,1434279.6061439759 
 09/25  19:00:00,26270664.543669138,1354960.257918031 
 09/25  20:00:00,15074056.751541963,1354960.257918031 
 09/25  21:00:00,5760000.0,0.0 
 09/25  22:00:00,1710000.0,0.0 
 09/25  23:00:00,1710000.0,0.0 
 09/25  24:00:00,1710000.0,0.0 
 09/26  01:00:00,1710000.0,0.0 
 09/26  02:00:00,1710000.0,0.0 
 09/26  03:00:00,1710000.0,0.0 
 09/26  04:00:00,1710000.0,0.0 
 09/26  05:00:00,1710000.0,0.0 
 09/26  06:00:00,1710000.0,0.0 
 09/26  07:00:00,3765603.877428144,1354960.257918031 
 09/26  08:00:00,5988884.7033838825,1354960.257918031 
 09/26  09:00:00,36984983.423595704,1369732.1320333881 
 09/26  10:00:00,48671975.374408625,1412611.735362401 
 09/26  11:00:00,51393106.08985978,1457451.913304836 
 09/26  12:00:00,51476642.737249516,1493742.523323201 
 09/26  13:00:00,47369287.41413985,1438839.4760277616 
 09/26  14:00:00,52105869.43710873,1544311.609286286 
 09/26  15:00:00,55008551.10246215,1637147.5764644376 
 09/26  16:00:00,53547089.05833271,1640482.6800103127 
 09/26  17:00:00,47314376.736726955,1486836.2412129964 
 09/26  18:00:00,45617281.01049234,1408146.4015671276 
 09/26  19:00:00,29820513.081813548,1354960.257918031 
 09/26  20:00:00,18613346.26707662,1354960.257918031 
 09/26  21:00:00,5760000.0,0.0 
 09/26  22:00:00,1710000.0,0.0 
 09/26  23:00:00,1710000.0,0.0 
 09/26  24:00:00,1710000.0,0.0 
 09/27  01:00:00,1710000.0,0.0 
 09/27  02:00:00,1710000.0,0.0 
 09/27  03:00:00,1710000.0,0.0 
 09/27  04:00:00,1710000.0,0.0 
 09/27  05:00:00,1710000.0,0.0 
 09/27  06:00:00,1710000.0,0.0 
 09/27  07:00:00,8291242.234600831,1354960.257918031 
 09/27  08:00:00,8950755.459512621,1354960.257918031 
 09/27  09:00:00,39950714.198488064,1369388.67868444 
 09/27  10:00:00,51883736.61538991,1428758.481795965 
 09/27  11:00:00,54576389.16902677,1498530.2691419437 
 09/27  12:00:00,54133711.833456405,1505051.331710502 
 09/27  13:00:00,49672468.754595734,1447237.5447890314 
 09/27  14:00:00,54430677.70383072,1547825.3239797498 
 09/27  15:00:00,57106562.079286195,1658122.904353058 
 09/27  16:00:00,55790690.101657264,1691752.064079243 
 09/27  17:00:00,50153822.13945644,1567459.9067247324 
 09/27  18:00:00,46972812.41244922,1438961.9167135465 
 09/27  19:00:00,29814552.668444354,1354960.257918031 
 09/27  20:00:00,18341239.581861235,1354960.257918031 
 09/27  21:00:00,5760000.0,0.0 
 09/27  22:00:00,1710000.0,0.0 
 09/27  23:00:00,1710000.0,0.0 
 09/27  24:00:00,1710000.0,0.0 
 09/28  01:00:00,4950000.0,0.0 
 09/28  02:00:00,4950000.0,0.0 
 09/28  03:00:00,4950000.0,0.0 
 09/28  04:00:00,4950000.0,0.0 
 09/28  05:00:00,4950000.0,0.0 
 09/28  06:00:00,4950000.0,0.0 
 09/28  07:00:00,4950000.0,0.0 
 09/28  08:00:00,4950000.0,0.0 
 09/28  09:00:00,4950000.0,0.0 
 09/28  10:00:00,4950000.0,0.0 
 09/28  11:00:00,4950000.0,0.0 
 09/28  12:00:00,4950000.0,0.0 
 09/28  13:00:00,4950000.0,0.0 
 09/28  14:00:00,4950000.0,0.0 
 09/28  15:00:00,4950000.0,0.0 
 09/28  16:00:00,4950000.0,0.0 
 09/28  17:00:00,4950000.0,0.0 
 09/28  18:00:00,4950000.0,0.0 
 09/28  19:00:00,4950000.0,0.0 
 09/28  20:00:00,4950000.0,0.0 
 09/28  21:00:00,4950000.0,0.0 
 09/28  22:00:00,4950000.0,0.0 
 09/28  23:00:00,4950000.0,0.0 
 09/28  24:00:00,4950000.0,0.0 
 09/29  01:00:00,4950000.0,0.0 
 09/29  02:00:00,4950000.0,0.0 
 09/29  03:00:00,4950000.0,0.0 
 09/29  04:00:00,4950000.0,0.0 
 09/29  05:00:00,4950000.0,0.0 
 09/29  06:00:00,4950000.0,0.0 
 09/29  07:00:00,4950000.0,0.0 
 09/29  08:00:00,4950000.0,0.0 
 09/29  09:00:00,4950000.0,0.0 
 09/29  10:00:00,4950000.0,0.0 
 09/29  11:00:00,4950000.0,0.0 
 09/29  12:00:00,4950000.0,0.0 
 09/29  13:00:00,4950000.0,0.0 
 09/29  14:00:00,4950000.0,0.0 
 09/29  15:00:00,4950000.0,0.0 
 09/29  16:00:00,4950000.0,0.0 
 09/29  17:00:00,4950000.0,0.0 
 09/29  18:00:00,4950000.0,0.0 
 09/29  19:00:00,4950000.0,0.0 
 09/29  20:00:00,4950000.0,0.0 
 09/29  21:00:00,4950000.0,0.0 
 09/29  22:00:00,4950000.0,0.0 
 09/29  23:00:00,4950000.0,0.0 
 09/29  24:00:00,4950000.0,0.0 
 09/30  01:00:00,1710000.0,0.0 
 09/30  02:00:00,1710000.0,0.0 
 09/30  03:00:00,1710000.0,0.0 
 09/30  04:00:00,1710000.0,0.0 
 09/30  05:00:00,1710000.0,0.0 
 09/30  06:00:00,1710000.0,0.0 
 09/30  07:00:00,4807604.9047602,1354960.257918031 
 09/30  08:00:00,5415265.144389281,1354960.257918031 
 09/30  09:00:00,35457159.849551514,1354960.257918031 
 09/30  10:00:00,46036928.292172484,1354960.257918031 
 09/30  11:00:00,49030156.82356141,1489818.7614801023 
 09/30  12:00:00,48718407.135898165,1594482.2147236879 
 09/30  13:00:00,43545880.82746455,1354960.257918031 
 09/30  14:00:00,47710185.00199493,1490461.3573040678 
 09/30  15:00:00,50112686.69777201,1657109.8917896627 
 09/30  16:00:00,47606405.445518546,1600094.1107616199 
 09/30  17:00:00,42272055.11068356,1439230.702599474 
 09/30  18:00:00,41584903.88397758,1395792.1952075257 
 09/30  19:00:00,25903876.091411106,1354960.257918031 
 09/30  20:00:00,13897583.803238977,1354960.257918031 
 09/30  21:00:00,5760000.0,0.0 
 09/30  22:00:00,1710000.0,0.0 
 09/30  23:00:00,1710000.0,0.0 
 09/30  24:00:00,1710000.0,0.0,12993691305.879671,10449270000.0,6556950000.0,422160107.0816518,2122261198.7979977,1415050419.3764436,1415050419.3764436,,,,,,,,6556950000.0,,10449270000.0,,3892320000.0 
 10/01  01:00:00,3064960.257918031,1354960.257918031 
 10/01  02:00:00,3064960.257918031,1354960.257918031 
 10/01  03:00:00,3064960.257918031,1354960.257918031 
 10/01  04:00:00,3064960.257918031,1354960.257918031 
 10/01  05:00:00,3064960.257918031,1354960.257918031 
 10/01  06:00:00,3064960.257918031,1354960.257918031 
 10/01  07:00:00,3638383.2037985977,1354960.257918031 
 10/01  08:00:00,5171456.0308481185,1354960.257918031 
 10/01  09:00:00,35533143.192446575,1375366.0466172139 
 10/01  10:00:00,47002727.48885488,1574147.7876912993 
 10/01  11:00:00,49930593.0661091,1809031.5836611919 
 10/01  12:00:00,49610489.85682833,1878416.831938723 
 10/01  13:00:00,44430673.895689115,1561623.6522135397 
 10/01  14:00:00,48848147.70902429,1875901.582704098 
 10/01  15:00:00,51246847.549193956,2139687.5473374603 
 10/01  16:00:00,47938471.62959214,1836240.1317174002 
 10/01  17:00:00,43092884.724596046,1712127.814783511 
 10/01  18:00:00,41516854.022668645,1523387.498002986 
 10/01  19:00:00,25597030.327090926,1354960.257918031 
 10/01  20:00:00,14337003.074347438,1354960.257918031 
 10/01  21:00:00,7114960.257918031,1354960.257918031 
 10/01  22:00:00,3064960.257918031,1354960.257918031 
 10/01  23:00:00,3064960.257918031,1354960.257918031 
 10/01  24:00:00,3064960.257918031,1354960.257918031 
 10/02  01:00:00,3064960.257918031,1354960.257918031 
 10/02  02:00:00,3064960.257918031,1354960.257918031 
 10/02  03:00:00,3064960.257918031,1354960.257918031 
 10/02  04:00:00,3064960.257918031,1354960.257918031 
 10/02  05:00:00,3064960.257918031,1354960.257918031 
 10/02  06:00:00,3064960.257918031,1354960.257918031 
 10/02  07:00:00,3217421.410448893,1354960.257918031 
 10/02  08:00:00,5065124.535951828,1354960.257918031 
 10/02  09:00:00,35659074.43067091,1372621.3577655072 
 10/02  10:00:00,47471511.3278846,1558101.2275789734 
 10/02  11:00:00,49888477.202230945,1611485.1726610751 
 10/02  12:00:00,48584667.35921184,1490419.7266813377 
 10/02  13:00:00,44297544.26936517,1425327.8626989867 
 10/02  14:00:00,48247103.884483896,1570304.6877435406 
 10/02  15:00:00,49499079.164889045,1605207.1102869355 
 10/02  16:00:00,46639969.84475416,1493903.4819927055 
 10/02  17:00:00,41656490.25208601,1392987.5957689825 
 10/02  18:00:00,41670739.90882386,1443794.3026159331 
 10/02  19:00:00,26881489.761708945,1377260.470800414 
 10/02  20:00:00,15913971.961247312,1354960.257918031 
 10/02  21:00:00,7114960.257918031,1354960.257918031 
 10/02  22:00:00,3064960.257918031,1354960.257918031 
 10/02  23:00:00,3064960.257918031,1354960.257918031 
 10/02  24:00:00,3064960.257918031,1354960.257918031 
 10/03  01:00:00,3064960.257918031,1354960.257918031 
 10/03  02:00:00,3064960.257918031,1354960.257918031 
 10/03  03:00:00,3064960.257918031,1354960.257918031 
 10/03  04:00:00,3064960.257918031,1354960.257918031 
 10/03  05:00:00,3064960.257918031,1354960.257918031 
 10/03  06:00:00,3064960.257918031,1354960.257918031 
 10/03  07:00:00,6590303.040786961,1354960.257918031 
 10/03  08:00:00,6643806.914865215,1354960.257918031 
 10/03  09:00:00,36318002.660753384,1354960.257918031 
 10/03  10:00:00,46383802.55290501,1354960.257918031 
 10/03  11:00:00,48229827.79669469,1456179.8911552185 
 10/03  12:00:00,47398434.72854214,1490060.8645735905 
 10/03  13:00:00,43310254.81999839,1496080.9522873897 
 10/03  14:00:00,47465748.33012712,1720017.6474127276 
 10/03  15:00:00,48895109.29866319,1820589.4299330458 
 10/03  16:00:00,46483953.2153093,1709637.952604917 
 10/03  17:00:00,41386714.293703735,1460586.9289685243 
 10/03  18:00:00,40875375.676857084,1474159.8684241679 
 10/03  19:00:00,25428974.161350146,1354960.257918031 
 10/03  20:00:00,14299554.991593683,1354960.257918031 
 10/03  21:00:00,7114960.257918031,1354960.257918031 
 10/03  22:00:00,3064960.257918031,1354960.257918031 
 10/03  23:00:00,3064960.257918031,1354960.257918031 
 10/03  24:00:00,3064960.257918031,1354960.257918031 
 10/04  01:00:00,3064960.257918031,1354960.257918031 
 10/04  02:00:00,3064960.257918031,1354960.257918031 
 10/04  03:00:00,3064960.257918031,1354960.257918031 
 10/04  04:00:00,3064960.257918031,1354960.257918031 
 10/04  05:00:00,3064960.257918031,1354960.257918031 
 10/04  06:00:00,3064960.257918031,1354960.257918031 
 10/04  07:00:00,3234735.550637044,1354960.257918031 
 10/04  08:00:00,3129637.791365337,1354960.257918031 
 10/04  09:00:00,34260289.63538636,1354960.257918031 
 10/04  10:00:00,45305370.247091934,1354960.257918031 
 10/04  11:00:00,46856074.53858019,1354960.257918031 
 10/04  12:00:00,45885964.04441206,1416184.2635626255 
 10/04  13:00:00,41942188.18071283,1402815.461482398 
 10/04  14:00:00,45354727.95134413,1471635.2077978796 
 10/04  15:00:00,47418791.38375507,1670215.5263316105 
 10/04  16:00:00,46109749.91997938,1696549.494583177 
 10/04  17:00:00,41140468.25719534,1458851.5630085354 
 10/04  18:00:00,40332313.10320702,1412770.7432717464 
 10/04  19:00:00,25410694.649426177,1354960.257918031 
 10/04  20:00:00,14490102.506841432,1354960.257918031 
 10/04  21:00:00,7114960.257918031,1354960.257918031 
 10/04  22:00:00,3064960.257918031,1354960.257918031 
 10/04  23:00:00,3064960.257918031,1354960.257918031 
 10/04  24:00:00,3064960.257918031,1354960.257918031 
 10/05  01:00:00,6304960.257918031,1354960.257918031 
 10/05  02:00:00,6304960.257918031,1354960.257918031 
 10/05  03:00:00,6304960.257918031,1354960.257918031 
 10/05  04:00:00,6304960.257918031,1354960.257918031 
 10/05  05:00:00,6304960.257918031,1354960.257918031 
 10/05  06:00:00,6304960.257918031,1354960.257918031 
 10/05  07:00:00,6304960.257918031,1354960.257918031 
 10/05  08:00:00,6304960.257918031,1354960.257918031 
 10/05  09:00:00,6304960.257918031,1354960.257918031 
 10/05  10:00:00,6304960.257918031,1354960.257918031 
 10/05  11:00:00,6304960.257918031,1354960.257918031 
 10/05  12:00:00,6304960.257918031,1354960.257918031 
 10/05  13:00:00,6304960.257918031,1354960.257918031 
 10/05  14:00:00,6304960.257918031,1354960.257918031 
 10/05  15:00:00,6304960.257918031,1354960.257918031 
 10/05  16:00:00,6304960.257918031,1354960.257918031 
 10/05  17:00:00,6304960.257918031,1354960.257918031 
 10/05  18:00:00,6304960.257918031,1354960.257918031 
 10/05  19:00:00,6304960.257918031,1354960.257918031 
 10/05  20:00:00,6304960.257918031,1354960.257918031 
 10/05  21:00:00,6304960.257918031,1354960.257918031 
 10/05  22:00:00,6304960.257918031,1354960.257918031 
 10/05  23:00:00,6304960.257918031,1354960.257918031 
 10/05  24:00:00,6304960.257918031,1354960.257918031 
 10/06  01:00:00,6304960.257918031,1354960.257918031 
 10/06  02:00:00,6304960.257918031,1354960.257918031 
 10/06  03:00:00,6304960.257918031,1354960.257918031 
 10/06  04:00:00,6304960.257918031,1354960.257918031 
 10/06  05:00:00,6304960.257918031,1354960.257918031 
 10/06  06:00:00,6304960.257918031,1354960.257918031 
 10/06  07:00:00,6304960.257918031,1354960.257918031 
 10/06  08:00:00,6304960.257918031,1354960.257918031 
 10/06  09:00:00,6304960.257918031,1354960.257918031 
 10/06  10:00:00,6304960.257918031,1354960.257918031 
 10/06  11:00:00,6304960.257918031,1354960.257918031 
 10/06  12:00:00,6304960.257918031,1354960.257918031 
 10/06  13:00:00,6304960.257918031,1354960.257918031 
 10/06  14:00:00,6304960.257918031,1354960.257918031 
 10/06  15:00:00,6304960.257918031,1354960.257918031 
 10/06  16:00:00,6304960.257918031,1354960.257918031 
 10/06  17:00:00,6304960.257918031,1354960.257918031 
 10/06  18:00:00,6304960.257918031,1354960.257918031 
 10/06  19:00:00,6304960.257918031,1354960.257918031 
 10/06  20:00:00,6304960.257918031,1354960.257918031 
 10/06  21:00:00,6304960.257918031,1354960.257918031 
 10/06  22:00:00,6304960.257918031,1354960.257918031 
 10/06  23:00:00,6304960.257918031,1354960.257918031 
 10/06  24:00:00,6304960.257918031,1354960.257918031 
 10/07  01:00:00,3064960.257918031,1354960.257918031 
 10/07  02:00:00,3064960.257918031,1354960.257918031 
 10/07  03:00:00,3064960.257918031,1354960.257918031 
 10/07  04:00:00,3064960.257918031,1354960.257918031 
 10/07  05:00:00,3064960.257918031,1354960.257918031 
 10/07  06:00:00,3064960.257918031,1354960.257918031 
 10/07  07:00:00,3305030.7832910223,1354960.257918031 
 10/07  08:00:00,3151362.810680256,1354960.257918031 
 10/07  09:00:00,32873715.153272107,1354960.257918031 
 10/07  10:00:00,43215268.283783175,1354960.257918031 
 10/07  11:00:00,46033424.27841931,1354960.257918031 
 10/07  12:00:00,44496029.23276165,1428516.1118166272 
 10/07  13:00:00,39826797.301296,1403402.6143688187 
 10/07  14:00:00,42454114.12797858,1403933.4546448374 
 10/07  15:00:00,43386270.39612375,1399574.2223398408 
 10/07  16:00:00,42155706.231883615,1427975.8974970016 
 10/07  17:00:00,37365111.77009625,1354960.257918031 
 10/07  18:00:00,37368014.77086872,1354960.257918031 
 10/07  19:00:00,22979830.79344361,1354960.257918031 
 10/07  20:00:00,12196359.902986702,1354960.257918031 
 10/07  21:00:00,7114960.257918031,1354960.257918031 
 10/07  22:00:00,3064960.257918031,1354960.257918031 
 10/07  23:00:00,3064960.257918031,1354960.257918031 
 10/07  24:00:00,3064960.257918031,1354960.257918031 
 10/08  01:00:00,3064960.257918031,1354960.257918031 
 10/08  02:00:00,3064960.257918031,1354960.257918031 
 10/08  03:00:00,3064960.257918031,1354960.257918031 
 10/08  04:00:00,3064960.257918031,1354960.257918031 
 10/08  05:00:00,3064960.257918031,1354960.257918031 
 10/08  06:00:00,3064960.257918031,1354960.257918031 
 10/08  07:00:00,3373438.018972057,1354960.257918031 
 10/08  08:00:00,3191698.3046216294,1354960.257918031 
 10/08  09:00:00,32893923.289591506,1371807.0062096408 
 10/08  10:00:00,43594371.823903665,1434602.734074386 
 10/08  11:00:00,46773192.56055726,1572100.0040608842 
 10/08  12:00:00,46589313.837928556,1675892.8695960422 
 10/08  13:00:00,42444191.832072556,1646412.4709616737 
 10/08  14:00:00,46267327.21288659,1680290.5449583153 
 10/08  15:00:00,48221098.61084794,1853033.2241853361 
 10/08  16:00:00,46108088.20767812,1836864.3096981396 
 10/08  17:00:00,41100437.30435622,1577776.3190322497 
 10/08  18:00:00,38364996.45972335,1404037.3795499974 
 10/08  19:00:00,22970096.125039093,1354960.257918031 
 10/08  20:00:00,12192248.481358461,1354960.257918031 
 10/08  21:00:00,7114960.257918031,1354960.257918031 
 10/08  22:00:00,3064960.257918031,1354960.257918031 
 10/08  23:00:00,3064960.257918031,1354960.257918031 
 10/08  24:00:00,3064960.257918031,1354960.257918031 
 10/09  01:00:00,3064960.257918031,1354960.257918031 
 10/09  02:00:00,3064960.257918031,1354960.257918031 
 10/09  03:00:00,3064960.257918031,1354960.257918031 
 10/09  04:00:00,3064960.257918031,1354960.257918031 
 10/09  05:00:00,3064960.257918031,1354960.257918031 
 10/09  06:00:00,3064960.257918031,1354960.257918031 
 10/09  07:00:00,3250426.055743128,1354960.257918031 
 10/09  08:00:00,3564320.8937492734,1354960.257918031 
 10/09  09:00:00,34782504.8880961,1354960.257918031 
 10/09  10:00:00,46174775.96265174,1474216.9060006621 
 10/09  11:00:00,49216993.65486173,1717768.0101026548 
 10/09  12:00:00,49033474.22802238,1770287.5097668488 
 10/09  13:00:00,43813602.973575234,1414386.7046797324 
 10/09  14:00:00,48254174.98359524,1612708.518270468 
 10/09  15:00:00,52078765.974078976,2126361.3550994964 
 10/09  16:00:00,49205484.65841973,1848212.9427625067 
 10/09  17:00:00,42949621.10920732,1470458.97072997 
 10/09  18:00:00,42075343.26994422,1471360.693879046 
 10/09  19:00:00,26561389.574371487,1354960.257918031 
 10/09  20:00:00,15454398.13004335,1354960.257918031 
 10/09  21:00:00,7114960.257918031,1354960.257918031 
 10/09  22:00:00,3064960.257918031,1354960.257918031 
 10/09  23:00:00,3064960.257918031,1354960.257918031 
 10/09  24:00:00,3064960.257918031,1354960.257918031 
 10/10  01:00:00,3064960.257918031,1354960.257918031 
 10/10  02:00:00,3064960.257918031,1354960.257918031 
 10/10  03:00:00,3064960.257918031,1354960.257918031 
 10/10  04:00:00,3064960.257918031,1354960.257918031 
 10/10  05:00:00,3064960.257918031,1354960.257918031 
 10/10  06:00:00,3064960.257918031,1354960.257918031 
 10/10  07:00:00,5270769.445714458,1354960.257918031 
 10/10  08:00:00,5391835.422271563,1354960.257918031 
 10/10  09:00:00,35518265.77515415,1354960.257918031 
 10/10  10:00:00,46112124.926542684,1354960.257918031 
 10/10  11:00:00,47769672.13082927,1447548.4071220814 
 10/10  12:00:00,46576652.030299954,1457586.7222048175 
 10/10  13:00:00,42079290.40280997,1354960.257918031 
 10/10  14:00:00,45191417.41611171,1457015.6247161473 
 10/10  15:00:00,46981495.45731886,1592266.3770883125 
 10/10  16:00:00,45446886.699081,1636477.8773969398 
 10/10  17:00:00,40743053.69373405,1445348.020644962 
 10/10  18:00:00,40522353.305844046,1402058.5138627414 
 10/10  19:00:00,26003922.500775516,1371692.8956527272 
 10/10  20:00:00,15157911.045017341,1354960.257918031 
 10/10  21:00:00,7114960.257918031,1354960.257918031 
 10/10  22:00:00,3064960.257918031,1354960.257918031 
 10/10  23:00:00,3064960.257918031,1354960.257918031 
 10/10  24:00:00,3064960.257918031,1354960.257918031 
 10/11  01:00:00,3064960.257918031,1354960.257918031 
 10/11  02:00:00,3064960.257918031,1354960.257918031 
 10/11  03:00:00,3064960.257918031,1354960.257918031 
 10/11  04:00:00,3064960.257918031,1354960.257918031 
 10/11  05:00:00,3064960.257918031,1354960.257918031 
 10/11  06:00:00,3064960.257918031,1354960.257918031 
 10/11  07:00:00,5271458.949964331,1354960.257918031 
 10/11  08:00:00,5268085.5671986705,1354960.257918031 
 10/11  09:00:00,35325534.922312684,1354960.257918031 
 10/11  10:00:00,46492779.161624394,1495372.9474801912 
 10/11  11:00:00,48155044.98519619,1498793.1326892953 
 10/11  12:00:00,46582984.07095654,1483596.0832843217 
 10/11  13:00:00,42505420.44304437,1446621.117283017 
 10/11  14:00:00,45668295.256899506,1459427.4681492264 
 10/11  15:00:00,47400153.16485662,1583067.309382887 
 10/11  16:00:00,45410044.703651905,1583550.2022683453 
 10/11  17:00:00,40812675.724824354,1415996.0337924403 
 10/11  18:00:00,40446859.99800178,1388015.2045535073 
 10/11  19:00:00,25696266.455398325,1354960.257918031 
 10/11  20:00:00,14708807.468197208,1354960.257918031 
 10/11  21:00:00,7114960.257918031,1354960.257918031 
 10/11  22:00:00,3064960.257918031,1354960.257918031 
 10/11  23:00:00,3064960.257918031,1354960.257918031 
 10/11  24:00:00,3064960.257918031,1354960.257918031 
 10/12  01:00:00,6304960.257918031,1354960.257918031 
 10/12  02:00:00,6304960.257918031,1354960.257918031 
 10/12  03:00:00,6304960.257918031,1354960.257918031 
 10/12  04:00:00,6304960.257918031,1354960.257918031 
 10/12  05:00:00,6304960.257918031,1354960.257918031 
 10/12  06:00:00,6304960.257918031,1354960.257918031 
 10/12  07:00:00,6304960.257918031,1354960.257918031 
 10/12  08:00:00,6304960.257918031,1354960.257918031 
 10/12  09:00:00,6304960.257918031,1354960.257918031 
 10/12  10:00:00,6304960.257918031,1354960.257918031 
 10/12  11:00:00,6304960.257918031,1354960.257918031 
 10/12  12:00:00,6304960.257918031,1354960.257918031 
 10/12  13:00:00,6304960.257918031,1354960.257918031 
 10/12  14:00:00,6304960.257918031,1354960.257918031 
 10/12  15:00:00,6304960.257918031,1354960.257918031 
 10/12  16:00:00,6304960.257918031,1354960.257918031 
 10/12  17:00:00,6304960.257918031,1354960.257918031 
 10/12  18:00:00,6304960.257918031,1354960.257918031 
 10/12  19:00:00,6304960.257918031,1354960.257918031 
 10/12  20:00:00,6304960.257918031,1354960.257918031 
 10/12  21:00:00,6304960.257918031,1354960.257918031 
 10/12  22:00:00,6304960.257918031,1354960.257918031 
 10/12  23:00:00,6304960.257918031,1354960.257918031 
 10/12  24:00:00,6304960.257918031,1354960.257918031 
 10/13  01:00:00,6304960.257918031,1354960.257918031 
 10/13  02:00:00,6304960.257918031,1354960.257918031 
 10/13  03:00:00,6304960.257918031,1354960.257918031 
 10/13  04:00:00,6304960.257918031,1354960.257918031 
 10/13  05:00:00,6304960.257918031,1354960.257918031 
 10/13  06:00:00,6304960.257918031,1354960.257918031 
 10/13  07:00:00,6304960.257918031,1354960.257918031 
 10/13  08:00:00,6304960.257918031,1354960.257918031 
 10/13  09:00:00,6304960.257918031,1354960.257918031 
 10/13  10:00:00,6304960.257918031,1354960.257918031 
 10/13  11:00:00,6304960.257918031,1354960.257918031 
 10/13  12:00:00,6304960.257918031,1354960.257918031 
 10/13  13:00:00,6304960.257918031,1354960.257918031 
 10/13  14:00:00,6304960.257918031,1354960.257918031 
 10/13  15:00:00,6304960.257918031,1354960.257918031 
 10/13  16:00:00,6304960.257918031,1354960.257918031 
 10/13  17:00:00,6304960.257918031,1354960.257918031 
 10/13  18:00:00,6304960.257918031,1354960.257918031 
 10/13  19:00:00,6304960.257918031,1354960.257918031 
 10/13  20:00:00,6304960.257918031,1354960.257918031 
 10/13  21:00:00,6304960.257918031,1354960.257918031 
 10/13  22:00:00,6304960.257918031,1354960.257918031 
 10/13  23:00:00,6304960.257918031,1354960.257918031 
 10/13  24:00:00,6304960.257918031,1354960.257918031 
 10/14  01:00:00,3064960.257918031,1354960.257918031 
 10/14  02:00:00,3064960.257918031,1354960.257918031 
 10/14  03:00:00,3064960.257918031,1354960.257918031 
 10/14  04:00:00,3064960.257918031,1354960.257918031 
 10/14  05:00:00,3064960.257918031,1354960.257918031 
 10/14  06:00:00,3064960.257918031,1354960.257918031 
 10/14  07:00:00,3337557.7043877104,1354960.257918031 
 10/14  08:00:00,3187767.1661522132,1354960.257918031 
 10/14  09:00:00,32887653.18183126,1354960.257918031 
 10/14  10:00:00,43226373.85543589,1354960.257918031 
 10/14  11:00:00,44771055.114998125,1405609.0471075866 
 10/14  12:00:00,43796033.420937076,1421950.2284509034 
 10/14  13:00:00,39812814.40810329,1423128.3160437827 
 10/14  14:00:00,42653889.207405634,1468806.407877023 
 10/14  15:00:00,44632018.33478962,1571038.8936440237 
 10/14  16:00:00,41929343.57643295,1450863.1842076934 
 10/14  17:00:00,38216093.37412285,1418374.3860975844 
 10/14  18:00:00,38034045.444594346,1394619.8729825388 
 10/14  19:00:00,22995226.64634192,1354960.257918031 
 10/14  20:00:00,12222776.6756768,1354960.257918031 
 10/14  21:00:00,7114960.257918031,1354960.257918031 
 10/14  22:00:00,3064960.257918031,1354960.257918031 
 10/14  23:00:00,3064960.257918031,1354960.257918031 
 10/14  24:00:00,3064960.257918031,1354960.257918031 
 10/15  01:00:00,3064960.257918031,1354960.257918031 
 10/15  02:00:00,3064960.257918031,1354960.257918031 
 10/15  03:00:00,3064960.257918031,1354960.257918031 
 10/15  04:00:00,3064960.257918031,1354960.257918031 
 10/15  05:00:00,3064960.257918031,1354960.257918031 
 10/15  06:00:00,3064960.257918031,1354960.257918031 
 10/15  07:00:00,3366204.4521355107,1354960.257918031 
 10/15  08:00:00,3201353.8210082045,1354960.257918031 
 10/15  09:00:00,32894268.526935138,1354960.257918031 
 10/15  10:00:00,43252167.7842339,1354960.257918031 
 10/15  11:00:00,44593502.232559636,1354960.257918031 
 10/15  12:00:00,43228716.40318866,1354960.257918031 
 10/15  13:00:00,39171214.12654866,1354960.257918031 
 10/15  14:00:00,41865239.79404939,1354960.257918031 
 10/15  15:00:00,43414130.327390045,1394405.947568153 
 10/15  16:00:00,41565596.47533335,1389915.0973873918 
 10/15  17:00:00,37363393.98977913,1354960.257918031 
 10/15  18:00:00,37366075.21330839,1354960.257918031 
 10/15  19:00:00,22975967.25313273,1354960.257918031 
 10/15  20:00:00,12194229.691999028,1354960.257918031 
 10/15  21:00:00,7114960.257918031,1354960.257918031 
 10/15  22:00:00,3064960.257918031,1354960.257918031 
 10/15  23:00:00,3064960.257918031,1354960.257918031 
 10/15  24:00:00,3064960.257918031,1354960.257918031 
 10/16  01:00:00,3064960.257918031,1354960.257918031 
 10/16  02:00:00,3064960.257918031,1354960.257918031 
 10/16  03:00:00,3064960.257918031,1354960.257918031 
 10/16  04:00:00,3064960.257918031,1354960.257918031 
 10/16  05:00:00,3064960.257918031,1354960.257918031 
 10/16  06:00:00,3064960.257918031,1354960.257918031 
 10/16  07:00:00,3305636.920674581,1354960.257918031 
 10/16  08:00:00,3176934.836942968,1354960.257918031 
 10/16  09:00:00,32890024.880696703,1354960.257918031 
 10/16  10:00:00,43227291.24369608,1354960.257918031 
 10/16  11:00:00,44564066.32510987,1354960.257918031 
 10/16  12:00:00,44652652.98401154,1354960.257918031 
 10/16  13:00:00,41078662.956444696,1354960.257918031 
 10/16  14:00:00,44854519.495875865,1592575.1482873056 
 10/16  15:00:00,45160656.551637195,1605243.8759775404 
 10/16  16:00:00,43076008.32015193,1561419.958081411 
 10/16  17:00:00,38267822.851679176,1425713.782774023 
 10/16  18:00:00,37400517.005598575,1387689.4479562608 
 10/16  19:00:00,22992402.02263972,1354960.257918031 
 10/16  20:00:00,12214088.746217864,1354960.257918031 
 10/16  21:00:00,7114960.257918031,1354960.257918031 
 10/16  22:00:00,3064960.257918031,1354960.257918031 
 10/16  23:00:00,3064960.257918031,1354960.257918031 
 10/16  24:00:00,3064960.257918031,1354960.257918031 
 10/17  01:00:00,3064960.257918031,1354960.257918031 
 10/17  02:00:00,3064960.257918031,1354960.257918031 
 10/17  03:00:00,3064960.257918031,1354960.257918031 
 10/17  04:00:00,3064960.257918031,1354960.257918031 
 10/17  05:00:00,3064960.257918031,1354960.257918031 
 10/17  06:00:00,3064960.257918031,1354960.257918031 
 10/17  07:00:00,3381364.6500417325,1354960.257918031 
 10/17  08:00:00,3198811.598631593,1354960.257918031 
 10/17  09:00:00,32882333.74412612,1354960.257918031 
 10/17  10:00:00,43504233.422036834,1412805.453089031 
 10/17  11:00:00,47050353.59374615,1541638.754946202 
 10/17  12:00:00,46492716.18413836,1656639.4282720182 
 10/17  13:00:00,42001936.57039425,1500047.5151710003 
 10/17  14:00:00,45744770.31034053,1672896.3058177524 
 10/17  15:00:00,45975268.03123783,1546854.849513194 
 10/17  16:00:00,44041096.46109445,1411540.7003869473 
 10/17  17:00:00,40025292.566317394,1390714.627338102 
 10/17  18:00:00,39583415.08842114,1354960.257918031 
 10/17  19:00:00,25166948.408728443,1354960.257918031 
 10/17  20:00:00,14069126.011810983,1354960.257918031 
 10/17  21:00:00,7114960.257918031,1354960.257918031 
 10/17  22:00:00,3064960.257918031,1354960.257918031 
 10/17  23:00:00,3064960.257918031,1354960.257918031 
 10/17  24:00:00,3064960.257918031,1354960.257918031 
 10/18  01:00:00,3064960.257918031,1354960.257918031 
 10/18  02:00:00,3064960.257918031,1354960.257918031 
 10/18  03:00:00,3064960.257918031,1354960.257918031 
 10/18  04:00:00,3064960.257918031,1354960.257918031 
 10/18  05:00:00,3064960.257918031,1354960.257918031 
 10/18  06:00:00,3064960.257918031,1354960.257918031 
 10/18  07:00:00,3270117.8062377083,1354960.257918031 
 10/18  08:00:00,3142631.1232718905,1354960.257918031 
 10/18  09:00:00,32866414.96801409,1354960.257918031 
 10/18  10:00:00,45160725.52716925,1428457.3070599856 
 10/18  11:00:00,47904491.543267764,1593678.9147649843 
 10/18  12:00:00,46433836.08616487,1461659.2374814674 
 10/18  13:00:00,41552369.100020334,1354960.257918031 
 10/18  14:00:00,44585244.348409556,1422882.4477633245 
 10/18  15:00:00,46445723.94964231,1556806.757008053 
 10/18  16:00:00,44069348.123684436,1419257.519398866 
 10/18  17:00:00,39914412.715365894,1403698.385703012 
 10/18  18:00:00,37916567.69113298,1387689.4479562608 
 10/18  19:00:00,22970445.018054094,1354960.257918031 
 10/18  20:00:00,12188963.416507285,1354960.257918031 
 10/18  21:00:00,7114960.257918031,1354960.257918031 
 10/18  22:00:00,3064960.257918031,1354960.257918031 
 10/18  23:00:00,3064960.257918031,1354960.257918031 
 10/18  24:00:00,3064960.257918031,1354960.257918031 
 10/19  01:00:00,6304960.257918031,1354960.257918031 
 10/19  02:00:00,6304960.257918031,1354960.257918031 
 10/19  03:00:00,6304960.257918031,1354960.257918031 
 10/19  04:00:00,6304960.257918031,1354960.257918031 
 10/19  05:00:00,6304960.257918031,1354960.257918031 
 10/19  06:00:00,6304960.257918031,1354960.257918031 
 10/19  07:00:00,6304960.257918031,1354960.257918031 
 10/19  08:00:00,6304960.257918031,1354960.257918031 
 10/19  09:00:00,6304960.257918031,1354960.257918031 
 10/19  10:00:00,6304960.257918031,1354960.257918031 
 10/19  11:00:00,6304960.257918031,1354960.257918031 
 10/19  12:00:00,6304960.257918031,1354960.257918031 
 10/19  13:00:00,6304960.257918031,1354960.257918031 
 10/19  14:00:00,6304960.257918031,1354960.257918031 
 10/19  15:00:00,6304960.257918031,1354960.257918031 
 10/19  16:00:00,6304960.257918031,1354960.257918031 
 10/19  17:00:00,6304960.257918031,1354960.257918031 
 10/19  18:00:00,6304960.257918031,1354960.257918031 
 10/19  19:00:00,6304960.257918031,1354960.257918031 
 10/19  20:00:00,6304960.257918031,1354960.257918031 
 10/19  21:00:00,6304960.257918031,1354960.257918031 
 10/19  22:00:00,6304960.257918031,1354960.257918031 
 10/19  23:00:00,6304960.257918031,1354960.257918031 
 10/19  24:00:00,6304960.257918031,1354960.257918031 
 10/20  01:00:00,6304960.257918031,1354960.257918031 
 10/20  02:00:00,6304960.257918031,1354960.257918031 
 10/20  03:00:00,6304960.257918031,1354960.257918031 
 10/20  04:00:00,6304960.257918031,1354960.257918031 
 10/20  05:00:00,6304960.257918031,1354960.257918031 
 10/20  06:00:00,6304960.257918031,1354960.257918031 
 10/20  07:00:00,6304960.257918031,1354960.257918031 
 10/20  08:00:00,6304960.257918031,1354960.257918031 
 10/20  09:00:00,6304960.257918031,1354960.257918031 
 10/20  10:00:00,6304960.257918031,1354960.257918031 
 10/20  11:00:00,6304960.257918031,1354960.257918031 
 10/20  12:00:00,6304960.257918031,1354960.257918031 
 10/20  13:00:00,6304960.257918031,1354960.257918031 
 10/20  14:00:00,6304960.257918031,1354960.257918031 
 10/20  15:00:00,6304960.257918031,1354960.257918031 
 10/20  16:00:00,6304960.257918031,1354960.257918031 
 10/20  17:00:00,6304960.257918031,1354960.257918031 
 10/20  18:00:00,6304960.257918031,1354960.257918031 
 10/20  19:00:00,6304960.257918031,1354960.257918031 
 10/20  20:00:00,6304960.257918031,1354960.257918031 
 10/20  21:00:00,6304960.257918031,1354960.257918031 
 10/20  22:00:00,6304960.257918031,1354960.257918031 
 10/20  23:00:00,6304960.257918031,1354960.257918031 
 10/20  24:00:00,6304960.257918031,1354960.257918031 
 10/21  01:00:00,3064960.257918031,1354960.257918031 
 10/21  02:00:00,3064960.257918031,1354960.257918031 
 10/21  03:00:00,3064960.257918031,1354960.257918031 
 10/21  04:00:00,3064960.257918031,1354960.257918031 
 10/21  05:00:00,3064960.257918031,1354960.257918031 
 10/21  06:00:00,3064960.257918031,1354960.257918031 
 10/21  07:00:00,5129499.983080045,1354960.257918031 
 10/21  08:00:00,5564011.638899466,1354960.257918031 
 10/21  09:00:00,35953775.107166395,1354960.257918031 
 10/21  10:00:00,47405005.71086665,1507050.5179478137 
 10/21  11:00:00,49666042.89357805,1499468.158314484 
 10/21  12:00:00,50125248.7676584,1587580.962020894 
 10/21  13:00:00,45976488.005057454,1508671.3268973809 
 10/21  14:00:00,49829971.49807513,1607617.211286533 
 10/21  15:00:00,51105670.513777316,1680641.4232813853 
 10/21  16:00:00,48216235.59912363,1576689.492307503 
 10/21  17:00:00,42724817.34694325,1427429.273332474 
 10/21  18:00:00,41904733.679593764,1457000.078881071 
 10/21  19:00:00,27074730.12234679,1354960.257918031 
 10/21  20:00:00,16103085.33744008,1354960.257918031 
 10/21  21:00:00,7114960.257918031,1354960.257918031 
 10/21  22:00:00,3064960.257918031,1354960.257918031 
 10/21  23:00:00,3064960.257918031,1354960.257918031 
 10/21  24:00:00,3064960.257918031,1354960.257918031 
 10/22  01:00:00,3064960.257918031,1354960.257918031 
 10/22  02:00:00,3064960.257918031,1354960.257918031 
 10/22  03:00:00,3064960.257918031,1354960.257918031 
 10/22  04:00:00,3064960.257918031,1354960.257918031 
 10/22  05:00:00,3064960.257918031,1354960.257918031 
 10/22  06:00:00,3064960.257918031,1354960.257918031 
 10/22  07:00:00,5933560.256381625,1354960.257918031 
 10/22  08:00:00,5883464.046381579,1354960.257918031 
 10/22  09:00:00,36035992.317305356,1354960.257918031 
 10/22  10:00:00,47029080.83358206,1354960.257918031 
 10/22  11:00:00,49136976.29879294,1381923.7353686234 
 10/22  12:00:00,48218577.05849346,1414413.6893079693 
 10/22  13:00:00,44068990.2343415,1382817.9643269156 
 10/22  14:00:00,47400262.19789481,1466746.8346472597 
 10/22  15:00:00,48162042.03937665,1470865.4119365509 
 10/22  16:00:00,45757949.96220431,1573394.4408135319 
 10/22  17:00:00,40558067.97885814,1398752.025891402 
 10/22  18:00:00,40116560.32490426,1387689.4479562608 
 10/22  19:00:00,25257090.797268983,1354960.257918031 
 10/22  20:00:00,14233499.353156393,1354960.257918031 
 10/22  21:00:00,7114960.257918031,1354960.257918031 
 10/22  22:00:00,3064960.257918031,1354960.257918031 
 10/22  23:00:00,3064960.257918031,1354960.257918031 
 10/22  24:00:00,3064960.257918031,1354960.257918031 
 10/23  01:00:00,3064960.257918031,1354960.257918031 
 10/23  02:00:00,3064960.257918031,1354960.257918031 
 10/23  03:00:00,3064960.257918031,1354960.257918031 
 10/23  04:00:00,3064960.257918031,1354960.257918031 
 10/23  05:00:00,3064960.257918031,1354960.257918031 
 10/23  06:00:00,3064960.257918031,1354960.257918031 
 10/23  07:00:00,3259430.477675492,1354960.257918031 
 10/23  08:00:00,3148385.314384044,1354960.257918031 
 10/23  09:00:00,32879815.788784645,1354960.257918031 
 10/23  10:00:00,43219735.73439676,1354960.257918031 
 10/23  11:00:00,45735671.447791465,1471899.2291919803 
 10/23  12:00:00,43212618.37572792,1354960.257918031 
 10/23  13:00:00,39922059.02108333,1418692.7457267137 
 10/23  14:00:00,42659787.63196671,1473484.1256395597 
 10/23  15:00:00,44714860.04069429,1588687.9990076832 
 10/23  16:00:00,43070425.20498429,1548404.7182293362 
 10/23  17:00:00,38092752.12241469,1421157.9528806477 
 10/23  18:00:00,37379688.27070984,1354960.257918031 
 10/23  19:00:00,22997383.655767415,1354960.257918031 
 10/23  20:00:00,12215317.473278398,1354960.257918031 
 10/23  21:00:00,7114960.257918031,1354960.257918031 
 10/23  22:00:00,3064960.257918031,1354960.257918031 
 10/23  23:00:00,3064960.257918031,1354960.257918031 
 10/23  24:00:00,3064960.257918031,1354960.257918031 
 10/24  01:00:00,3064960.257918031,1354960.257918031 
 10/24  02:00:00,3064960.257918031,1354960.257918031 
 10/24  03:00:00,3064960.257918031,1354960.257918031 
 10/24  04:00:00,3064960.257918031,1354960.257918031 
 10/24  05:00:00,3064960.257918031,1354960.257918031 
 10/24  06:00:00,3064960.257918031,1354960.257918031 
 10/24  07:00:00,3388738.109245413,1354960.257918031 
 10/24  08:00:00,3210553.7911075456,1354960.257918031 
 10/24  09:00:00,32894663.67263894,1354960.257918031 
 10/24  10:00:00,43280273.452377796,1410444.5286625072 
 10/24  11:00:00,45534190.509561844,1487935.2373936707 
 10/24  12:00:00,44733214.44184716,1530578.0819459592 
 10/24  13:00:00,41693099.451141745,1441465.1932246815 
 10/24  14:00:00,45152864.243835434,1597485.948472339 
 10/24  15:00:00,46895513.09545465,1722067.3460883077 
 10/24  16:00:00,45640852.35025227,1703021.0156866396 
 10/24  17:00:00,40222850.06034144,1535930.6932146389 
 10/24  18:00:00,38196855.5210203,1397524.6990278715 
 10/24  19:00:00,22962732.97642071,1354960.257918031 
 10/24  20:00:00,12177617.631800093,1354960.257918031 
 10/24  21:00:00,7114960.257918031,1354960.257918031 
 10/24  22:00:00,3064960.257918031,1354960.257918031 
 10/24  23:00:00,3064960.257918031,1354960.257918031 
 10/24  24:00:00,3064960.257918031,1354960.257918031 
 10/25  01:00:00,3064960.257918031,1354960.257918031 
 10/25  02:00:00,3064960.257918031,1354960.257918031 
 10/25  03:00:00,3064960.257918031,1354960.257918031 
 10/25  04:00:00,3064960.257918031,1354960.257918031 
 10/25  05:00:00,3064960.257918031,1354960.257918031 
 10/25  06:00:00,3064960.257918031,1354960.257918031 
 10/25  07:00:00,3254969.4335847525,1354960.257918031 
 10/25  08:00:00,3147216.4098120565,1354960.257918031 
 10/25  09:00:00,32872648.68410021,1354960.257918031 
 10/25  10:00:00,43215758.06484087,1354960.257918031 
 10/25  11:00:00,45042438.30759968,1354960.257918031 
 10/25  12:00:00,45172296.25561856,1354960.257918031 
 10/25  13:00:00,41647328.217371866,1354960.257918031 
 10/25  14:00:00,45136247.39922708,1414100.1483414164 
 10/25  15:00:00,46515301.603753775,1424330.2400384806 
 10/25  16:00:00,44805348.083870724,1407135.5568626083 
 10/25  17:00:00,41039886.94076965,1354960.257918031 
 10/25  18:00:00,40749104.663350485,1354960.257918031 
 10/25  19:00:00,25678971.034330368,1354960.257918031 
 10/25  20:00:00,14244300.419929352,1354960.257918031 
 10/25  21:00:00,7114960.257918031,1354960.257918031 
 10/25  22:00:00,3064960.257918031,1354960.257918031 
 10/25  23:00:00,3064960.257918031,1354960.257918031 
 10/25  24:00:00,3064960.257918031,1354960.257918031 
 10/26  01:00:00,6304960.257918031,1354960.257918031 
 10/26  02:00:00,6304960.257918031,1354960.257918031 
 10/26  03:00:00,6304960.257918031,1354960.257918031 
 10/26  04:00:00,6304960.257918031,1354960.257918031 
 10/26  05:00:00,6304960.257918031,1354960.257918031 
 10/26  06:00:00,6304960.257918031,1354960.257918031 
 10/26  07:00:00,6304960.257918031,1354960.257918031 
 10/26  08:00:00,6304960.257918031,1354960.257918031 
 10/26  09:00:00,6304960.257918031,1354960.257918031 
 10/26  10:00:00,6304960.257918031,1354960.257918031 
 10/26  11:00:00,6304960.257918031,1354960.257918031 
 10/26  12:00:00,6304960.257918031,1354960.257918031 
 10/26  13:00:00,6304960.257918031,1354960.257918031 
 10/26  14:00:00,6304960.257918031,1354960.257918031 
 10/26  15:00:00,6304960.257918031,1354960.257918031 
 10/26  16:00:00,6304960.257918031,1354960.257918031 
 10/26  17:00:00,6304960.257918031,1354960.257918031 
 10/26  18:00:00,6304960.257918031,1354960.257918031 
 10/26  19:00:00,6304960.257918031,1354960.257918031 
 10/26  20:00:00,6304960.257918031,1354960.257918031 
 10/26  21:00:00,6304960.257918031,1354960.257918031 
 10/26  22:00:00,6304960.257918031,1354960.257918031 
 10/26  23:00:00,6304960.257918031,1354960.257918031 
 10/26  24:00:00,6304960.257918031,1354960.257918031 
 10/27  01:00:00,6304960.257918031,1354960.257918031 
 10/27  02:00:00,6304960.257918031,1354960.257918031 
 10/27  03:00:00,6304960.257918031,1354960.257918031 
 10/27  04:00:00,6304960.257918031,1354960.257918031 
 10/27  05:00:00,6304960.257918031,1354960.257918031 
 10/27  06:00:00,6304960.257918031,1354960.257918031 
 10/27  07:00:00,6304960.257918031,1354960.257918031 
 10/27  08:00:00,6304960.257918031,1354960.257918031 
 10/27  09:00:00,6304960.257918031,1354960.257918031 
 10/27  10:00:00,6304960.257918031,1354960.257918031 
 10/27  11:00:00,6304960.257918031,1354960.257918031 
 10/27  12:00:00,6304960.257918031,1354960.257918031 
 10/27  13:00:00,6304960.257918031,1354960.257918031 
 10/27  14:00:00,6304960.257918031,1354960.257918031 
 10/27  15:00:00,6304960.257918031,1354960.257918031 
 10/27  16:00:00,6304960.257918031,1354960.257918031 
 10/27  17:00:00,6304960.257918031,1354960.257918031 
 10/27  18:00:00,6304960.257918031,1354960.257918031 
 10/27  19:00:00,6304960.257918031,1354960.257918031 
 10/27  20:00:00,6304960.257918031,1354960.257918031 
 10/27  21:00:00,6304960.257918031,1354960.257918031 
 10/27  22:00:00,6304960.257918031,1354960.257918031 
 10/27  23:00:00,6304960.257918031,1354960.257918031 
 10/27  24:00:00,6304960.257918031,1354960.257918031 
 10/28  01:00:00,3064960.257918031,1354960.257918031 
 10/28  02:00:00,3064960.257918031,1354960.257918031 
 10/28  03:00:00,3064960.257918031,1354960.257918031 
 10/28  04:00:00,3064960.257918031,1354960.257918031 
 10/28  05:00:00,3064960.257918031,1354960.257918031 
 10/28  06:00:00,3064960.257918031,1354960.257918031 
 10/28  07:00:00,3358231.2615700355,1354960.257918031 
 10/28  08:00:00,3194312.245436277,1354960.257918031 
 10/28  09:00:00,32886178.276526526,1354960.257918031 
 10/28  10:00:00,43575554.77359794,1421863.7155272714 
 10/28  11:00:00,46753833.66369325,1574046.0500539665 
 10/28  12:00:00,46890509.79787343,1684241.9848525526 
 10/28  13:00:00,42552710.42741629,1595760.0758321986 
 10/28  14:00:00,45731876.60146758,1639300.3479449246 
 10/28  15:00:00,47320395.76134601,1812615.9934252207 
 10/28  16:00:00,45319927.33445783,1755288.671851262 
 10/28  17:00:00,39440288.512824304,1514638.0542260143 
 10/28  18:00:00,38031127.73757253,1390934.2545210682 
 10/28  19:00:00,22976452.14862446,1354960.257918031 
 10/28  20:00:00,12191031.229786385,1354960.257918031 
 10/28  21:00:00,7114960.257918031,1354960.257918031 
 10/28  22:00:00,3064960.257918031,1354960.257918031 
 10/28  23:00:00,3064960.257918031,1354960.257918031 
 10/28  24:00:00,3064960.257918031,1354960.257918031 
 10/29  01:00:00,3064960.257918031,1354960.257918031 
 10/29  02:00:00,3064960.257918031,1354960.257918031 
 10/29  03:00:00,3064960.257918031,1354960.257918031 
 10/29  04:00:00,3064960.257918031,1354960.257918031 
 10/29  05:00:00,3064960.257918031,1354960.257918031 
 10/29  06:00:00,3064960.257918031,1354960.257918031 
 10/29  07:00:00,3298007.1741128275,1354960.257918031 
 10/29  08:00:00,3163271.158734929,1354960.257918031 
 10/29  09:00:00,32878234.466947787,1354960.257918031 
 10/29  10:00:00,43215868.31266283,1354960.257918031 
 10/29  11:00:00,46116741.3713564,1465739.2173839312 
 10/29  12:00:00,45954739.18531314,1499837.7719446796 
 10/29  13:00:00,42449437.93391326,1609165.2447041161 
 10/29  14:00:00,46042398.54689046,1651095.9645655057 
 10/29  15:00:00,48102822.53721387,1859043.8774064912 
 10/29  16:00:00,46254455.16035773,1796284.7985065477 
 10/29  17:00:00,39827704.18208942,1453456.030408774 
 10/29  18:00:00,38028343.12381224,1403823.7739556567 
 10/29  19:00:00,22970815.903429616,1354960.257918031 
 10/29  20:00:00,12188945.915589266,1354960.257918031 
 10/29  21:00:00,7114960.257918031,1354960.257918031 
 10/29  22:00:00,3064960.257918031,1354960.257918031 
 10/29  23:00:00,3064960.257918031,1354960.257918031 
 10/29  24:00:00,3064960.257918031,1354960.257918031 
 10/30  01:00:00,3064960.257918031,1354960.257918031 
 10/30  02:00:00,3064960.257918031,1354960.257918031 
 10/30  03:00:00,3064960.257918031,1354960.257918031 
 10/30  04:00:00,3064960.257918031,1354960.257918031 
 10/30  05:00:00,3064960.257918031,1354960.257918031 
 10/30  06:00:00,3064960.257918031,1354960.257918031 
 10/30  07:00:00,3312704.9012960833,1354960.257918031 
 10/30  08:00:00,3158482.277952784,1354960.257918031 
 10/30  09:00:00,33350668.361784875,1371053.7666102166 
 10/30  10:00:00,45386394.63507185,1451374.0533731573 
 10/30  11:00:00,48291811.591267005,1699908.22730747 
 10/30  12:00:00,48534864.10320749,1790582.4484203628 
 10/30  13:00:00,44707658.82753499,1696693.102005113 
 10/30  14:00:00,49224611.442660004,1914352.6300055988 
 10/30  15:00:00,51357062.39791751,2160621.647003343 
 10/30  16:00:00,49681101.408940166,2162459.13073692 
 10/30  17:00:00,42671685.79437373,1614777.4432527835 
 10/30  18:00:00,40469627.99094238,1407838.8294035636 
 10/30  19:00:00,25262741.02985762,1354960.257918031 
 10/30  20:00:00,12666815.499194711,1354960.257918031 
 10/30  21:00:00,7114960.257918031,1354960.257918031 
 10/30  22:00:00,3064960.257918031,1354960.257918031 
 10/30  23:00:00,3064960.257918031,1354960.257918031 
 10/30  24:00:00,3064960.257918031,1354960.257918031 
 10/31  01:00:00,3064960.257918031,1354960.257918031 
 10/31  02:00:00,3064960.257918031,1354960.257918031 
 10/31  03:00:00,3064960.257918031,1354960.257918031 
 10/31  04:00:00,3064960.257918031,1354960.257918031 
 10/31  05:00:00,3064960.257918031,1354960.257918031 
 10/31  06:00:00,3064960.257918031,1354960.257918031 
 10/31  07:00:00,3277282.5389712867,1354960.257918031 
 10/31  08:00:00,3140278.8280366017,1354960.257918031 
 10/31  09:00:00,33272392.00004886,1354960.257918031 
 10/31  10:00:00,45195022.76675007,1354960.257918031 
 10/31  11:00:00,46668009.96153523,1354960.257918031 
 10/31  12:00:00,45427336.28557803,1402965.3993236094 
 10/31  13:00:00,41193005.60918033,1354960.257918031 
 10/31  14:00:00,45061691.98661824,1575216.075591801 
 10/31  15:00:00,46147478.009759195,1592608.194775594 
 10/31  16:00:00,42960827.86363949,1552504.4478194395 
 10/31  17:00:00,38260432.768563755,1418793.9709866163 
 10/31  18:00:00,37981070.383433424,1387689.4479562608 
 10/31  19:00:00,22997424.226188164,1354960.257918031 
 10/31  20:00:00,12224420.231307857,1354960.257918031 
 10/31  21:00:00,7114960.257918031,1354960.257918031 
 10/31  22:00:00,3064960.257918031,1354960.257918031 
 10/31  23:00:00,3064960.257918031,1354960.257918031 
 10/31  24:00:00,3064960.257918031,1354960.257918031,13016365630.710918,11223810000.0,7121250000.0,1040955813.8198752,751599816.8906822,3447402708.169034,3447402708.169034,,,,,,,,7121250000.0,,11223810000.0,,4102560000.0 
 11/01  01:00:00,3064960.257918031,1354960.257918031 
 11/01  02:00:00,3064960.257918031,1354960.257918031 
 11/01  03:00:00,3064960.257918031,1354960.257918031 
 11/01  04:00:00,3064960.257918031,1354960.257918031 
 11/01  05:00:00,3064960.257918031,1354960.257918031 
 11/01  06:00:00,3064960.257918031,1354960.257918031 
 11/01  07:00:00,6494321.630276668,1354960.257918031 
 11/01  08:00:00,6580738.805365825,1354960.257918031 
 11/01  09:00:00,36305610.16922639,1354960.257918031 
 11/01  10:00:00,46693558.68904812,1354960.257918031 
 11/01  11:00:00,48134050.58281901,1354960.257918031 
 11/01  12:00:00,46917210.035575554,1354960.257918031 
 11/01  13:00:00,42730839.88040054,1354960.257918031 
 11/01  14:00:00,45290862.525501624,1354960.257918031 
 11/01  15:00:00,46198964.90753499,1354960.257918031 
 11/01  16:00:00,44535543.97600245,1391759.4755742985 
 11/01  17:00:00,40737086.62642719,1354960.257918031 
 11/01  18:00:00,40817991.01349032,1354960.257918031 
 11/01  19:00:00,26283384.049162418,1354960.257918031 
 11/01  20:00:00,15386787.787147729,1354960.257918031 
 11/01  21:00:00,7114960.257918031,1354960.257918031 
 11/01  22:00:00,3064960.257918031,1354960.257918031 
 11/01  23:00:00,3064960.257918031,1354960.257918031 
 11/01  24:00:00,3064960.257918031,1354960.257918031 
 11/02  01:00:00,6304960.257918031,1354960.257918031 
 11/02  02:00:00,6304960.257918031,1354960.257918031 
 11/02  03:00:00,6304960.257918031,1354960.257918031 
 11/02  04:00:00,6304960.257918031,1354960.257918031 
 11/02  05:00:00,6304960.257918031,1354960.257918031 
 11/02  06:00:00,6304960.257918031,1354960.257918031 
 11/02  07:00:00,6304960.257918031,1354960.257918031 
 11/02  08:00:00,6304960.257918031,1354960.257918031 
 11/02  09:00:00,6304960.257918031,1354960.257918031 
 11/02  10:00:00,6304960.257918031,1354960.257918031 
 11/02  11:00:00,6304960.257918031,1354960.257918031 
 11/02  12:00:00,6304960.257918031,1354960.257918031 
 11/02  13:00:00,6304960.257918031,1354960.257918031 
 11/02  14:00:00,6304960.257918031,1354960.257918031 
 11/02  15:00:00,6304960.257918031,1354960.257918031 
 11/02  16:00:00,6304960.257918031,1354960.257918031 
 11/02  17:00:00,6304960.257918031,1354960.257918031 
 11/02  18:00:00,6304960.257918031,1354960.257918031 
 11/02  19:00:00,6304960.257918031,1354960.257918031 
 11/02  20:00:00,6304960.257918031,1354960.257918031 
 11/02  21:00:00,6304960.257918031,1354960.257918031 
 11/02  22:00:00,6304960.257918031,1354960.257918031 
 11/02  23:00:00,6304960.257918031,1354960.257918031 
 11/02  24:00:00,6304960.257918031,1354960.257918031 
 11/03  01:00:00,6304960.257918031,1354960.257918031 
 11/03  02:00:00,6304960.257918031,1354960.257918031 
 11/03  03:00:00,6304960.257918031,1354960.257918031 
 11/03  04:00:00,6304960.257918031,1354960.257918031 
 11/03  05:00:00,6304960.257918031,1354960.257918031 
 11/03  06:00:00,6304960.257918031,1354960.257918031 
 11/03  07:00:00,6304960.257918031,1354960.257918031 
 11/03  08:00:00,6304960.257918031,1354960.257918031 
 11/03  09:00:00,6304960.257918031,1354960.257918031 
 11/03  10:00:00,6304960.257918031,1354960.257918031 
 11/03  11:00:00,6304960.257918031,1354960.257918031 
 11/03  12:00:00,6304960.257918031,1354960.257918031 
 11/03  13:00:00,6304960.257918031,1354960.257918031 
 11/03  14:00:00,6304960.257918031,1354960.257918031 
 11/03  15:00:00,6304960.257918031,1354960.257918031 
 11/03  16:00:00,6304960.257918031,1354960.257918031 
 11/03  17:00:00,6304960.257918031,1354960.257918031 
 11/03  18:00:00,6304960.257918031,1354960.257918031 
 11/03  19:00:00,6304960.257918031,1354960.257918031 
 11/03  20:00:00,6304960.257918031,1354960.257918031 
 11/03  21:00:00,6304960.257918031,1354960.257918031 
 11/03  22:00:00,6304960.257918031,1354960.257918031 
 11/03  23:00:00,6304960.257918031,1354960.257918031 
 11/03  24:00:00,6304960.257918031,1354960.257918031 
 11/04  01:00:00,3064960.257918031,1354960.257918031 
 11/04  02:00:00,3064960.257918031,1354960.257918031 
 11/04  03:00:00,3064960.257918031,1354960.257918031 
 11/04  04:00:00,3064960.257918031,1354960.257918031 
 11/04  05:00:00,3064960.257918031,1354960.257918031 
 11/04  06:00:00,3064960.257918031,1354960.257918031 
 11/04  07:00:00,3256464.542027064,1354960.257918031 
 11/04  08:00:00,4115084.7885579616,1354960.257918031 
 11/04  09:00:00,34838000.69579141,1354960.257918031 
 11/04  10:00:00,45608465.04292175,1410230.3001320616 
 11/04  11:00:00,47824910.30631314,1548589.7503901771 
 11/04  12:00:00,47107735.541473545,1620269.173934394 
 11/04  13:00:00,42579636.59215354,1451627.4025904504 
 11/04  14:00:00,46464083.16757577,1678617.1270624087 
 11/04  15:00:00,47329519.70396813,1651682.1642051921 
 11/04  16:00:00,45024527.185127735,1602310.9619848616 
 11/04  17:00:00,39457836.99674309,1411326.5795178085 
 11/04  18:00:00,37359791.05910209,1354960.257918031 
 11/04  19:00:00,22967043.623544626,1354960.257918031 
 11/04  20:00:00,12183857.42083405,1354960.257918031 
 11/04  21:00:00,7114960.257918031,1354960.257918031 
 11/04  22:00:00,3064960.257918031,1354960.257918031 
 11/04  23:00:00,3064960.257918031,1354960.257918031 
 11/04  24:00:00,3064960.257918031,1354960.257918031 
 11/05  01:00:00,3064960.257918031,1354960.257918031 
 11/05  02:00:00,3064960.257918031,1354960.257918031 
 11/05  03:00:00,3064960.257918031,1354960.257918031 
 11/05  04:00:00,3064960.257918031,1354960.257918031 
 11/05  05:00:00,3064960.257918031,1354960.257918031 
 11/05  06:00:00,3064960.257918031,1354960.257918031 
 11/05  07:00:00,3270535.576798466,1354960.257918031 
 11/05  08:00:00,3152741.036926148,1354960.257918031 
 11/05  09:00:00,32869667.786819976,1354960.257918031 
 11/05  10:00:00,43213148.27622675,1354960.257918031 
 11/05  11:00:00,45924540.690172635,1354960.257918031 
 11/05  12:00:00,45194223.71437228,1354960.257918031 
 11/05  13:00:00,41294566.94795748,1354960.257918031 
 11/05  14:00:00,44008827.03245175,1354960.257918031 
 11/05  15:00:00,44870688.38349842,1354960.257918031 
 11/05  16:00:00,42990696.989971645,1354960.257918031 
 11/05  17:00:00,39320652.14389776,1354960.257918031 
 11/05  18:00:00,39308112.36659507,1354960.257918031 
 11/05  19:00:00,24832719.478710018,1354960.257918031 
 11/05  20:00:00,14038244.093565483,1354960.257918031 
 11/05  21:00:00,7114960.257918031,1354960.257918031 
 11/05  22:00:00,3064960.257918031,1354960.257918031 
 11/05  23:00:00,3064960.257918031,1354960.257918031 
 11/05  24:00:00,3064960.257918031,1354960.257918031 
 11/06  01:00:00,3064960.257918031,1354960.257918031 
 11/06  02:00:00,3064960.257918031,1354960.257918031 
 11/06  03:00:00,3064960.257918031,1354960.257918031 
 11/06  04:00:00,3064960.257918031,1354960.257918031 
 11/06  05:00:00,3064960.257918031,1354960.257918031 
 11/06  06:00:00,3064960.257918031,1354960.257918031 
 11/06  07:00:00,4972324.525973622,1354960.257918031 
 11/06  08:00:00,4887114.327867719,1354960.257918031 
 11/06  09:00:00,34765141.39198802,1354960.257918031 
 11/06  10:00:00,45192377.82466154,1354960.257918031 
 11/06  11:00:00,46685494.67118828,1354960.257918031 
 11/06  12:00:00,45629782.5714144,1354960.257918031 
 11/06  13:00:00,41734063.147877276,1354960.257918031 
 11/06  14:00:00,44323870.40857665,1354960.257918031 
 11/06  15:00:00,45354773.80695945,1396325.3952462724 
 11/06  16:00:00,43368211.55921802,1354960.257918031 
 11/06  17:00:00,39541289.1662428,1354960.257918031 
 11/06  18:00:00,39477128.927432075,1354960.257918031 
 11/06  19:00:00,25064907.12809134,1354960.257918031 
 11/06  20:00:00,14348482.134283356,1354960.257918031 
 11/06  21:00:00,7114960.257918031,1354960.257918031 
 11/06  22:00:00,3064960.257918031,1354960.257918031 
 11/06  23:00:00,3064960.257918031,1354960.257918031 
 11/06  24:00:00,3064960.257918031,1354960.257918031 
 11/07  01:00:00,3064960.257918031,1354960.257918031 
 11/07  02:00:00,3064960.257918031,1354960.257918031 
 11/07  03:00:00,3064960.257918031,1354960.257918031 
 11/07  04:00:00,3064960.257918031,1354960.257918031 
 11/07  05:00:00,3064960.257918031,1354960.257918031 
 11/07  06:00:00,3064960.257918031,1354960.257918031 
 11/07  07:00:00,5567939.507295573,1354960.257918031 
 11/07  08:00:00,5513008.539456882,1354960.257918031 
 11/07  09:00:00,35276026.533832125,1354960.257918031 
 11/07  10:00:00,45627977.26485593,1354960.257918031 
 11/07  11:00:00,47242159.48127749,1354960.257918031 
 11/07  12:00:00,46101015.03266467,1354960.257918031 
 11/07  13:00:00,42206643.02181888,1354960.257918031 
 11/07  14:00:00,45074063.20899938,1354960.257918031 
 11/07  15:00:00,46214430.07322374,1416898.1601489673 
 11/07  16:00:00,44224738.0604518,1401303.908056328 
 11/07  17:00:00,40254004.65622181,1354960.257918031 
 11/07  18:00:00,40061695.1088281,1354960.257918031 
 11/07  19:00:00,25542675.741119985,1354960.257918031 
 11/07  20:00:00,14709446.737760954,1354960.257918031 
 11/07  21:00:00,7114960.257918031,1354960.257918031 
 11/07  22:00:00,3064960.257918031,1354960.257918031 
 11/07  23:00:00,3064960.257918031,1354960.257918031 
 11/07  24:00:00,3064960.257918031,1354960.257918031 
 11/08  01:00:00,3064960.257918031,1354960.257918031 
 11/08  02:00:00,3064960.257918031,1354960.257918031 
 11/08  03:00:00,3064960.257918031,1354960.257918031 
 11/08  04:00:00,3064960.257918031,1354960.257918031 
 11/08  05:00:00,3064960.257918031,1354960.257918031 
 11/08  06:00:00,3064960.257918031,1354960.257918031 
 11/08  07:00:00,5959388.533751309,1354960.257918031 
 11/08  08:00:00,6128712.735965386,1354960.257918031 
 11/08  09:00:00,36034892.816558704,1354960.257918031 
 11/08  10:00:00,46738399.92072651,1354960.257918031 
 11/08  11:00:00,48543574.475795716,1354960.257918031 
 11/08  12:00:00,48171143.77056228,1441318.4061380306 
 11/08  13:00:00,43746722.869279414,1354960.257918031 
 11/08  14:00:00,46634378.613948524,1452841.7087679468 
 11/08  15:00:00,47350287.284716,1450274.242819059 
 11/08  16:00:00,45463285.057891816,1425442.3845600593 
 11/08  17:00:00,41934207.77042068,1396883.4798749199 
 11/08  18:00:00,41783999.75294885,1354960.257918031 
 11/08  19:00:00,27488847.561234914,1354960.257918031 
 11/08  20:00:00,16639016.633302571,1354960.257918031 
 11/08  21:00:00,7114960.257918031,1354960.257918031 
 11/08  22:00:00,3064960.257918031,1354960.257918031 
 11/08  23:00:00,3064960.257918031,1354960.257918031 
 11/08  24:00:00,3064960.257918031,1354960.257918031 
 11/09  01:00:00,6304960.257918031,1354960.257918031 
 11/09  02:00:00,6304960.257918031,1354960.257918031 
 11/09  03:00:00,6304960.257918031,1354960.257918031 
 11/09  04:00:00,6304960.257918031,1354960.257918031 
 11/09  05:00:00,6304960.257918031,1354960.257918031 
 11/09  06:00:00,6304960.257918031,1354960.257918031 
 11/09  07:00:00,6304960.257918031,1354960.257918031 
 11/09  08:00:00,6304960.257918031,1354960.257918031 
 11/09  09:00:00,6304960.257918031,1354960.257918031 
 11/09  10:00:00,6304960.257918031,1354960.257918031 
 11/09  11:00:00,6304960.257918031,1354960.257918031 
 11/09  12:00:00,6304960.257918031,1354960.257918031 
 11/09  13:00:00,6304960.257918031,1354960.257918031 
 11/09  14:00:00,6304960.257918031,1354960.257918031 
 11/09  15:00:00,6304960.257918031,1354960.257918031 
 11/09  16:00:00,6304960.257918031,1354960.257918031 
 11/09  17:00:00,6304960.257918031,1354960.257918031 
 11/09  18:00:00,6304960.257918031,1354960.257918031 
 11/09  19:00:00,6304960.257918031,1354960.257918031 
 11/09  20:00:00,6304960.257918031,1354960.257918031 
 11/09  21:00:00,6304960.257918031,1354960.257918031 
 11/09  22:00:00,6304960.257918031,1354960.257918031 
 11/09  23:00:00,6304960.257918031,1354960.257918031 
 11/09  24:00:00,6304960.257918031,1354960.257918031 
 11/10  01:00:00,6304960.257918031,1354960.257918031 
 11/10  02:00:00,6304960.257918031,1354960.257918031 
 11/10  03:00:00,6304960.257918031,1354960.257918031 
 11/10  04:00:00,6304960.257918031,1354960.257918031 
 11/10  05:00:00,6304960.257918031,1354960.257918031 
 11/10  06:00:00,6304960.257918031,1354960.257918031 
 11/10  07:00:00,6304960.257918031,1354960.257918031 
 11/10  08:00:00,6304960.257918031,1354960.257918031 
 11/10  09:00:00,6304960.257918031,1354960.257918031 
 11/10  10:00:00,6304960.257918031,1354960.257918031 
 11/10  11:00:00,6304960.257918031,1354960.257918031 
 11/10  12:00:00,6304960.257918031,1354960.257918031 
 11/10  13:00:00,6304960.257918031,1354960.257918031 
 11/10  14:00:00,6304960.257918031,1354960.257918031 
 11/10  15:00:00,6304960.257918031,1354960.257918031 
 11/10  16:00:00,6304960.257918031,1354960.257918031 
 11/10  17:00:00,6304960.257918031,1354960.257918031 
 11/10  18:00:00,6304960.257918031,1354960.257918031 
 11/10  19:00:00,6304960.257918031,1354960.257918031 
 11/10  20:00:00,6304960.257918031,1354960.257918031 
 11/10  21:00:00,6304960.257918031,1354960.257918031 
 11/10  22:00:00,6304960.257918031,1354960.257918031 
 11/10  23:00:00,6304960.257918031,1354960.257918031 
 11/10  24:00:00,6304960.257918031,1354960.257918031 
 11/11  01:00:00,3064960.257918031,1354960.257918031 
 11/11  02:00:00,3064960.257918031,1354960.257918031 
 11/11  03:00:00,3064960.257918031,1354960.257918031 
 11/11  04:00:00,3064960.257918031,1354960.257918031 
 11/11  05:00:00,3064960.257918031,1354960.257918031 
 11/11  06:00:00,3064960.257918031,1354960.257918031 
 11/11  07:00:00,3480415.735928933,1354960.257918031 
 11/11  08:00:00,3378825.861324252,1354960.257918031 
 11/11  09:00:00,32944814.69280333,1354960.257918031 
 11/11  10:00:00,43264835.47528767,1354960.257918031 
 11/11  11:00:00,44608286.336395845,1354960.257918031 
 11/11  12:00:00,43262657.174420014,1354960.257918031 
 11/11  13:00:00,39231609.8640799,1354960.257918031 
 11/11  14:00:00,41930724.33845573,1354960.257918031 
 11/11  15:00:00,42830742.59753909,1354960.257918031 
 11/11  16:00:00,41031583.72442891,1354960.257918031 
 11/11  17:00:00,37421239.90788925,1354960.257918031 
 11/11  18:00:00,37410522.346426666,1354960.257918031 
 11/11  19:00:00,23031338.28433838,1354960.257918031 
 11/11  20:00:00,12267011.873864595,1354960.257918031 
 11/11  21:00:00,7114960.257918031,1354960.257918031 
 11/11  22:00:00,3064960.257918031,1354960.257918031 
 11/11  23:00:00,3064960.257918031,1354960.257918031 
 11/11  24:00:00,3064960.257918031,1354960.257918031 
 11/12  01:00:00,3064960.257918031,1354960.257918031 
 11/12  02:00:00,3064960.257918031,1354960.257918031 
 11/12  03:00:00,3064960.257918031,1354960.257918031 
 11/12  04:00:00,3064960.257918031,1354960.257918031 
 11/12  05:00:00,3064960.257918031,1354960.257918031 
 11/12  06:00:00,3064960.257918031,1354960.257918031 
 11/12  07:00:00,3497838.447922119,1354960.257918031 
 11/12  08:00:00,3439200.776046242,1354960.257918031 
 11/12  09:00:00,32963285.160132963,1354960.257918031 
 11/12  10:00:00,43273542.340733126,1354960.257918031 
 11/12  11:00:00,44620801.24715502,1368685.826495085 
 11/12  12:00:00,43267592.49492863,1367946.3584255865 
 11/12  13:00:00,39210006.82574582,1354960.257918031 
 11/12  14:00:00,41932901.00899361,1388164.8657827505 
 11/12  15:00:00,43172122.91505042,1482257.7194647351 
 11/12  16:00:00,41216755.40946748,1399950.9958445092 
 11/12  17:00:00,37411889.59015824,1354960.257918031 
 11/12  18:00:00,37412964.243676186,1354960.257918031 
 11/12  19:00:00,23033016.279792227,1354960.257918031 
 11/12  20:00:00,12269261.001318531,1354960.257918031 
 11/12  21:00:00,7114960.257918031,1354960.257918031 
 11/12  22:00:00,3064960.257918031,1354960.257918031 
 11/12  23:00:00,3064960.257918031,1354960.257918031 
 11/12  24:00:00,3064960.257918031,1354960.257918031 
 11/13  01:00:00,3064960.257918031,1354960.257918031 
 11/13  02:00:00,3064960.257918031,1354960.257918031 
 11/13  03:00:00,3064960.257918031,1354960.257918031 
 11/13  04:00:00,3064960.257918031,1354960.257918031 
 11/13  05:00:00,3064960.257918031,1354960.257918031 
 11/13  06:00:00,3064960.257918031,1354960.257918031 
 11/13  07:00:00,3492845.606465273,1354960.257918031 
 11/13  08:00:00,3341010.1040642518,1354960.257918031 
 11/13  09:00:00,32940813.594896678,1354960.257918031 
 11/13  10:00:00,43264296.369467534,1354960.257918031 
 11/13  11:00:00,44625504.91086191,1354960.257918031 
 11/13  12:00:00,43278696.99911555,1354960.257918031 
 11/13  13:00:00,39235123.295708925,1354960.257918031 
 11/13  14:00:00,41934282.36288104,1354960.257918031 
 11/13  15:00:00,42841582.7339724,1354960.257918031 
 11/13  16:00:00,41041453.51451208,1354960.257918031 
 11/13  17:00:00,37426301.43589171,1354960.257918031 
 11/13  18:00:00,37408615.22493671,1354960.257918031 
 11/13  19:00:00,23025362.542870276,1354960.257918031 
 11/13  20:00:00,12255017.194073146,1354960.257918031 
 11/13  21:00:00,7114960.257918031,1354960.257918031 
 11/13  22:00:00,3064960.257918031,1354960.257918031 
 11/13  23:00:00,3064960.257918031,1354960.257918031 
 11/13  24:00:00,3064960.257918031,1354960.257918031 
 11/14  01:00:00,3064960.257918031,1354960.257918031 
 11/14  02:00:00,3064960.257918031,1354960.257918031 
 11/14  03:00:00,3064960.257918031,1354960.257918031 
 11/14  04:00:00,3064960.257918031,1354960.257918031 
 11/14  05:00:00,3064960.257918031,1354960.257918031 
 11/14  06:00:00,3064960.257918031,1354960.257918031 
 11/14  07:00:00,3445118.70838679,1354960.257918031 
 11/14  08:00:00,3261831.5825931584,1354960.257918031 
 11/14  09:00:00,32924604.1254348,1354960.257918031 
 11/14  10:00:00,43296377.61912208,1390234.1409408234 
 11/14  11:00:00,44677689.90032026,1428872.9170287275 
 11/14  12:00:00,44269014.16263598,1517318.2308751235 
 11/14  13:00:00,39829687.70893832,1419530.3680614973 
 11/14  14:00:00,44098496.38076967,1543822.590146191 
 11/14  15:00:00,45584577.166855365,1555359.2721164604 
 11/14  16:00:00,43036142.27862497,1539765.2091519767 
 11/14  17:00:00,38179167.06611654,1424991.6401827133 
 11/14  18:00:00,37377806.80421199,1354960.257918031 
 11/14  19:00:00,22991401.742419586,1354960.257918031 
 11/14  20:00:00,12205364.889004892,1354960.257918031 
 11/14  21:00:00,7114960.257918031,1354960.257918031 
 11/14  22:00:00,3064960.257918031,1354960.257918031 
 11/14  23:00:00,3064960.257918031,1354960.257918031 
 11/14  24:00:00,3064960.257918031,1354960.257918031 
 11/15  01:00:00,3064960.257918031,1354960.257918031 
 11/15  02:00:00,3064960.257918031,1354960.257918031 
 11/15  03:00:00,3064960.257918031,1354960.257918031 
 11/15  04:00:00,3064960.257918031,1354960.257918031 
 11/15  05:00:00,3064960.257918031,1354960.257918031 
 11/15  06:00:00,3064960.257918031,1354960.257918031 
 11/15  07:00:00,3305101.521350989,1354960.257918031 
 11/15  08:00:00,3161036.794459933,1354960.257918031 
 11/15  09:00:00,32868569.66701276,1354960.257918031 
 11/15  10:00:00,45341617.11155869,1354960.257918031 
 11/15  11:00:00,47069474.54550262,1354960.257918031 
 11/15  12:00:00,46376506.562188365,1446894.2377835542 
 11/15  13:00:00,41704868.11015418,1354960.257918031 
 11/15  14:00:00,44397533.70327574,1354960.257918031 
 11/15  15:00:00,45346675.55058675,1396355.3394794336 
 11/15  16:00:00,43810312.19461075,1354960.257918031 
 11/15  17:00:00,39511480.45619477,1354960.257918031 
 11/15  18:00:00,39597416.582186684,1354960.257918031 
 11/15  19:00:00,23479249.067825507,1354960.257918031 
 11/15  20:00:00,12187074.605318077,1354960.257918031 
 11/15  21:00:00,7114960.257918031,1354960.257918031 
 11/15  22:00:00,3064960.257918031,1354960.257918031 
 11/15  23:00:00,3064960.257918031,1354960.257918031 
 11/15  24:00:00,3064960.257918031,1354960.257918031 
 11/16  01:00:00,6304960.257918031,1354960.257918031 
 11/16  02:00:00,6304960.257918031,1354960.257918031 
 11/16  03:00:00,6304960.257918031,1354960.257918031 
 11/16  04:00:00,6304960.257918031,1354960.257918031 
 11/16  05:00:00,6304960.257918031,1354960.257918031 
 11/16  06:00:00,6304960.257918031,1354960.257918031 
 11/16  07:00:00,6304960.257918031,1354960.257918031 
 11/16  08:00:00,6304960.257918031,1354960.257918031 
 11/16  09:00:00,6304960.257918031,1354960.257918031 
 11/16  10:00:00,6304960.257918031,1354960.257918031 
 11/16  11:00:00,6304960.257918031,1354960.257918031 
 11/16  12:00:00,6304960.257918031,1354960.257918031 
 11/16  13:00:00,6304960.257918031,1354960.257918031 
 11/16  14:00:00,6304960.257918031,1354960.257918031 
 11/16  15:00:00,6304960.257918031,1354960.257918031 
 11/16  16:00:00,6304960.257918031,1354960.257918031 
 11/16  17:00:00,6304960.257918031,1354960.257918031 
 11/16  18:00:00,6304960.257918031,1354960.257918031 
 11/16  19:00:00,6304960.257918031,1354960.257918031 
 11/16  20:00:00,6304960.257918031,1354960.257918031 
 11/16  21:00:00,6304960.257918031,1354960.257918031 
 11/16  22:00:00,6304960.257918031,1354960.257918031 
 11/16  23:00:00,6304960.257918031,1354960.257918031 
 11/16  24:00:00,6304960.257918031,1354960.257918031 
 11/17  01:00:00,6304960.257918031,1354960.257918031 
 11/17  02:00:00,6304960.257918031,1354960.257918031 
 11/17  03:00:00,6304960.257918031,1354960.257918031 
 11/17  04:00:00,6304960.257918031,1354960.257918031 
 11/17  05:00:00,6304960.257918031,1354960.257918031 
 11/17  06:00:00,6304960.257918031,1354960.257918031 
 11/17  07:00:00,6304960.257918031,1354960.257918031 
 11/17  08:00:00,6304960.257918031,1354960.257918031 
 11/17  09:00:00,6304960.257918031,1354960.257918031 
 11/17  10:00:00,6304960.257918031,1354960.257918031 
 11/17  11:00:00,6304960.257918031,1354960.257918031 
 11/17  12:00:00,6304960.257918031,1354960.257918031 
 11/17  13:00:00,6304960.257918031,1354960.257918031 
 11/17  14:00:00,6304960.257918031,1354960.257918031 
 11/17  15:00:00,6304960.257918031,1354960.257918031 
 11/17  16:00:00,6304960.257918031,1354960.257918031 
 11/17  17:00:00,6304960.257918031,1354960.257918031 
 11/17  18:00:00,6304960.257918031,1354960.257918031 
 11/17  19:00:00,6304960.257918031,1354960.257918031 
 11/17  20:00:00,6304960.257918031,1354960.257918031 
 11/17  21:00:00,6304960.257918031,1354960.257918031 
 11/17  22:00:00,6304960.257918031,1354960.257918031 
 11/17  23:00:00,6304960.257918031,1354960.257918031 
 11/17  24:00:00,6304960.257918031,1354960.257918031 
 11/18  01:00:00,3064960.257918031,1354960.257918031 
 11/18  02:00:00,3064960.257918031,1354960.257918031 
 11/18  03:00:00,3064960.257918031,1354960.257918031 
 11/18  04:00:00,3064960.257918031,1354960.257918031 
 11/18  05:00:00,3064960.257918031,1354960.257918031 
 11/18  06:00:00,3064960.257918031,1354960.257918031 
 11/18  07:00:00,3460077.1495308913,1354960.257918031 
 11/18  08:00:00,3309742.3969699037,1354960.257918031 
 11/18  09:00:00,32937741.123417936,1354960.257918031 
 11/18  10:00:00,43263932.31391436,1354960.257918031 
 11/18  11:00:00,44622509.032033384,1354960.257918031 
 11/18  12:00:00,43278367.79622046,1354960.257918031 
 11/18  13:00:00,39230375.84030862,1354960.257918031 
 11/18  14:00:00,41991318.80104296,1442850.9298312413 
 11/18  15:00:00,43115374.10298783,1484335.7169680344 
 11/18  16:00:00,41696161.52923386,1550391.7085735137 
 11/18  17:00:00,37412685.19216632,1354960.257918031 
 11/18  18:00:00,37413240.9798085,1354960.257918031 
 11/18  19:00:00,23018441.550805368,1354960.257918031 
 11/18  20:00:00,12241723.337112676,1354960.257918031 
 11/18  21:00:00,7114960.257918031,1354960.257918031 
 11/18  22:00:00,3064960.257918031,1354960.257918031 
 11/18  23:00:00,3064960.257918031,1354960.257918031 
 11/18  24:00:00,3064960.257918031,1354960.257918031 
 11/19  01:00:00,3064960.257918031,1354960.257918031 
 11/19  02:00:00,3064960.257918031,1354960.257918031 
 11/19  03:00:00,3064960.257918031,1354960.257918031 
 11/19  04:00:00,3064960.257918031,1354960.257918031 
 11/19  05:00:00,3064960.257918031,1354960.257918031 
 11/19  06:00:00,3064960.257918031,1354960.257918031 
 11/19  07:00:00,3445190.3887641663,1354960.257918031 
 11/19  08:00:00,3259385.063780115,1354960.257918031 
 11/19  09:00:00,32924532.359276403,1354960.257918031 
 11/19  10:00:00,43265527.05862469,1354960.257918031 
 11/19  11:00:00,44627061.279358365,1354960.257918031 
 11/19  12:00:00,43278919.00936974,1354960.257918031 
 11/19  13:00:00,39234557.02835227,1354960.257918031 
 11/19  14:00:00,41929639.08600675,1354960.257918031 
 11/19  15:00:00,42816885.76483347,1354960.257918031 
 11/19  16:00:00,41029363.203495495,1354960.257918031 
 11/19  17:00:00,37429286.49866033,1354960.257918031 
 11/19  18:00:00,37404785.97055681,1354960.257918031 
 11/19  19:00:00,23008339.6959738,1354960.257918031 
 11/19  20:00:00,12238895.123153947,1354960.257918031 
 11/19  21:00:00,7114960.257918031,1354960.257918031 
 11/19  22:00:00,3064960.257918031,1354960.257918031 
 11/19  23:00:00,3064960.257918031,1354960.257918031 
 11/19  24:00:00,3064960.257918031,1354960.257918031 
 11/20  01:00:00,3064960.257918031,1354960.257918031 
 11/20  02:00:00,3064960.257918031,1354960.257918031 
 11/20  03:00:00,3064960.257918031,1354960.257918031 
 11/20  04:00:00,3064960.257918031,1354960.257918031 
 11/20  05:00:00,3064960.257918031,1354960.257918031 
 11/20  06:00:00,3064960.257918031,1354960.257918031 
 11/20  07:00:00,3348402.871938601,1354960.257918031 
 11/20  08:00:00,3188359.9881778266,1354960.257918031 
 11/20  09:00:00,32874930.809778057,1354960.257918031 
 11/20  10:00:00,43213115.10874244,1354960.257918031 
 11/20  11:00:00,45482504.24979927,1354960.257918031 
 11/20  12:00:00,44977681.27925121,1354960.257918031 
 11/20  13:00:00,40998512.292198434,1354960.257918031 
 11/20  14:00:00,43991488.46153511,1354960.257918031 
 11/20  15:00:00,45334992.87883349,1354960.257918031 
 11/20  16:00:00,43755376.77875136,1354960.257918031 
 11/20  17:00:00,40224862.299271,1354960.257918031 
 11/20  18:00:00,39529829.02222489,1354960.257918031 
 11/20  19:00:00,22969771.708090287,1354960.257918031 
 11/20  20:00:00,12192543.432295926,1354960.257918031 
 11/20  21:00:00,7114960.257918031,1354960.257918031 
 11/20  22:00:00,3064960.257918031,1354960.257918031 
 11/20  23:00:00,3064960.257918031,1354960.257918031 
 11/20  24:00:00,3064960.257918031,1354960.257918031 
 11/21  01:00:00,3064960.257918031,1354960.257918031 
 11/21  02:00:00,3064960.257918031,1354960.257918031 
 11/21  03:00:00,3064960.257918031,1354960.257918031 
 11/21  04:00:00,3064960.257918031,1354960.257918031 
 11/21  05:00:00,3064960.257918031,1354960.257918031 
 11/21  06:00:00,3064960.257918031,1354960.257918031 
 11/21  07:00:00,3498723.503571531,1354960.257918031 
 11/21  08:00:00,3456335.1837634896,1354960.257918031 
 11/21  09:00:00,32971834.557633486,1354960.257918031 
 11/21  10:00:00,43279466.293154225,1354960.257918031 
 11/21  11:00:00,44624891.43010061,1365126.782889444 
 11/21  12:00:00,43262036.07209845,1354960.257918031 
 11/21  13:00:00,39208955.28927958,1354960.257918031 
 11/21  14:00:00,41927943.79792626,1384502.924815704 
 11/21  15:00:00,42848292.4118813,1403780.4586180279 
 11/21  16:00:00,41037426.355779685,1393066.7092376351 
 11/21  17:00:00,37412861.509455994,1354960.257918031 
 11/21  18:00:00,37420773.79067742,1354960.257918031 
 11/21  19:00:00,23046776.95769481,1354960.257918031 
 11/21  20:00:00,12285795.646653663,1354960.257918031 
 11/21  21:00:00,7114960.257918031,1354960.257918031 
 11/21  22:00:00,3064960.257918031,1354960.257918031 
 11/21  23:00:00,3064960.257918031,1354960.257918031 
 11/21  24:00:00,3064960.257918031,1354960.257918031 
 11/22  01:00:00,3064960.257918031,1354960.257918031 
 11/22  02:00:00,3064960.257918031,1354960.257918031 
 11/22  03:00:00,3064960.257918031,1354960.257918031 
 11/22  04:00:00,3064960.257918031,1354960.257918031 
 11/22  05:00:00,3064960.257918031,1354960.257918031 
 11/22  06:00:00,3064990.131218856,1354960.257918031 
 11/22  07:00:00,3502678.48892159,1354960.257918031 
 11/22  08:00:00,3403770.5071020992,1354960.257918031 
 11/22  09:00:00,32959214.844727665,1354960.257918031 
 11/22  10:00:00,43276474.02317882,1354960.257918031 
 11/22  11:00:00,44616087.42328322,1354960.257918031 
 11/22  12:00:00,43261299.70233289,1354960.257918031 
 11/22  13:00:00,39209711.92600673,1354960.257918031 
 11/22  14:00:00,41918767.93045302,1354960.257918031 
 11/22  15:00:00,42829749.95834371,1354960.257918031 
 11/22  16:00:00,41033499.93355949,1354960.257918031 
 11/22  17:00:00,37422666.07297294,1354960.257918031 
 11/22  18:00:00,37409399.221331,1354960.257918031 
 11/22  19:00:00,23028842.381804794,1354960.257918031 
 11/22  20:00:00,12263951.670292953,1354960.257918031 
 11/22  21:00:00,7114960.257918031,1354960.257918031 
 11/22  22:00:00,3064960.257918031,1354960.257918031 
 11/22  23:00:00,3064960.257918031,1354960.257918031 
 11/22  24:00:00,3064960.257918031,1354960.257918031 
 11/23  01:00:00,6304960.257918031,1354960.257918031 
 11/23  02:00:00,6304960.257918031,1354960.257918031 
 11/23  03:00:00,6304960.257918031,1354960.257918031 
 11/23  04:00:00,6304960.257918031,1354960.257918031 
 11/23  05:00:00,6304960.257918031,1354960.257918031 
 11/23  06:00:00,6304960.257918031,1354960.257918031 
 11/23  07:00:00,6304960.257918031,1354960.257918031 
 11/23  08:00:00,6304960.257918031,1354960.257918031 
 11/23  09:00:00,6304960.257918031,1354960.257918031 
 11/23  10:00:00,6304960.257918031,1354960.257918031 
 11/23  11:00:00,6304960.257918031,1354960.257918031 
 11/23  12:00:00,6304960.257918031,1354960.257918031 
 11/23  13:00:00,6304960.257918031,1354960.257918031 
 11/23  14:00:00,6304960.257918031,1354960.257918031 
 11/23  15:00:00,6304960.257918031,1354960.257918031 
 11/23  16:00:00,6304960.257918031,1354960.257918031 
 11/23  17:00:00,6304960.257918031,1354960.257918031 
 11/23  18:00:00,6304960.257918031,1354960.257918031 
 11/23  19:00:00,6304960.257918031,1354960.257918031 
 11/23  20:00:00,6304960.257918031,1354960.257918031 
 11/23  21:00:00,6304960.257918031,1354960.257918031 
 11/23  22:00:00,6304960.257918031,1354960.257918031 
 11/23  23:00:00,6304960.257918031,1354960.257918031 
 11/23  24:00:00,6304960.257918031,1354960.257918031 
 11/24  01:00:00,6304960.257918031,1354960.257918031 
 11/24  02:00:00,6304960.257918031,1354960.257918031 
 11/24  03:00:00,6304960.257918031,1354960.257918031 
 11/24  04:00:00,6304960.257918031,1354960.257918031 
 11/24  05:00:00,6304960.257918031,1354960.257918031 
 11/24  06:00:00,6304960.257918031,1354960.257918031 
 11/24  07:00:00,6304960.257918031,1354960.257918031 
 11/24  08:00:00,6304960.257918031,1354960.257918031 
 11/24  09:00:00,6304960.257918031,1354960.257918031 
 11/24  10:00:00,6304960.257918031,1354960.257918031 
 11/24  11:00:00,6304960.257918031,1354960.257918031 
 11/24  12:00:00,6304960.257918031,1354960.257918031 
 11/24  13:00:00,6304960.257918031,1354960.257918031 
 11/24  14:00:00,6304960.257918031,1354960.257918031 
 11/24  15:00:00,6304960.257918031,1354960.257918031 
 11/24  16:00:00,6304960.257918031,1354960.257918031 
 11/24  17:00:00,6304960.257918031,1354960.257918031 
 11/24  18:00:00,6304960.257918031,1354960.257918031 
 11/24  19:00:00,6304960.257918031,1354960.257918031 
 11/24  20:00:00,6304960.257918031,1354960.257918031 
 11/24  21:00:00,6304960.257918031,1354960.257918031 
 11/24  22:00:00,6304960.257918031,1354960.257918031 
 11/24  23:00:00,6304960.257918031,1354960.257918031 
 11/24  24:00:00,6304960.257918031,1354960.257918031 
 11/25  01:00:00,3064960.257918031,1354960.257918031 
 11/25  02:00:00,3064960.257918031,1354960.257918031 
 11/25  03:00:00,3064960.257918031,1354960.257918031 
 11/25  04:00:00,3064960.257918031,1354960.257918031 
 11/25  05:00:00,3064960.257918031,1354960.257918031 
 11/25  06:00:00,3064960.257918031,1354960.257918031 
 11/25  07:00:00,3482305.2595900837,1354960.257918031 
 11/25  08:00:00,3348249.4473245637,1354960.257918031 
 11/25  09:00:00,32968422.239366047,1354960.257918031 
 11/25  10:00:00,43302076.04428606,1354960.257918031 
 11/25  11:00:00,44651064.545646995,1354960.257918031 
 11/25  12:00:00,43303207.92646824,1354960.257918031 
 11/25  13:00:00,39259699.29567121,1354960.257918031 
 11/25  14:00:00,41956796.24354218,1354960.257918031 
 11/25  15:00:00,42858204.37886153,1354960.257918031 
 11/25  16:00:00,41064424.99338757,1354960.257918031 
 11/25  17:00:00,37479185.949265584,1354960.257918031 
 11/25  18:00:00,37487074.31885218,1354960.257918031 
 11/25  19:00:00,23128908.542366542,1354960.257918031 
 11/25  20:00:00,12386860.480616452,1354960.257918031 
 11/25  21:00:00,7114960.257918031,1354960.257918031 
 11/25  22:00:00,3064960.257918031,1354960.257918031 
 11/25  23:00:00,3066763.56343871,1354960.257918031 
 11/25  24:00:00,3071015.535147311,1354960.257918031 
 11/26  01:00:00,3073980.480626207,1354960.257918031 
 11/26  02:00:00,3078821.2950127865,1354960.257918031 
 11/26  03:00:00,3085060.8023466994,1354960.257918031 
 11/26  04:00:00,3088951.0513587664,1354960.257918031 
 11/26  05:00:00,3091739.1875051362,1354960.257918031 
 11/26  06:00:00,3095972.4968793225,1354960.257918031 
 11/26  07:00:00,3613548.207527157,1354960.257918031 
 11/26  08:00:00,3607404.414478947,1354960.257918031 
 11/26  09:00:00,33166563.321734577,1354960.257918031 
 11/26  10:00:00,43392605.98057553,1354960.257918031 
 11/26  11:00:00,44701227.53542817,1354960.257918031 
 11/26  12:00:00,43328071.64798774,1354960.257918031 
 11/26  13:00:00,39264870.511415884,1354960.257918031 
 11/26  14:00:00,41952305.67049287,1354960.257918031 
 11/26  15:00:00,42851560.97888654,1354960.257918031 
 11/26  16:00:00,41061504.67578527,1354960.257918031 
 11/26  17:00:00,37484828.042272314,1354960.257918031 
 11/26  18:00:00,37502086.29068364,1354960.257918031 
 11/26  19:00:00,23141395.200265672,1354960.257918031 
 11/26  20:00:00,12395710.09112699,1354960.257918031 
 11/26  21:00:00,7114960.257918031,1354960.257918031 
 11/26  22:00:00,3064960.257918031,1354960.257918031 
 11/26  23:00:00,3064960.257918031,1354960.257918031 
 11/26  24:00:00,3064960.257918031,1354960.257918031 
 11/27  01:00:00,3064969.831056039,1354960.257918031 
 11/27  02:00:00,3065692.366190574,1354960.257918031 
 11/27  03:00:00,3068309.792236084,1354960.257918031 
 11/27  04:00:00,3071004.157415482,1354960.257918031 
 11/27  05:00:00,3072502.15207507,1354960.257918031 
 11/27  06:00:00,3073864.9465333335,1354960.257918031 
 11/27  07:00:00,3515743.5073765647,1354960.257918031 
 11/27  08:00:00,3498577.4165214812,1354960.257918031 
 11/27  09:00:00,33015182.478775654,1354960.257918031 
 11/27  10:00:00,43309700.19839439,1354960.257918031 
 11/27  11:00:00,44640965.66198711,1354960.257918031 
 11/27  12:00:00,43286659.97943195,1354960.257918031 
 11/27  13:00:00,39239327.453658625,1354960.257918031 
 11/27  14:00:00,41933389.41168865,1354960.257918031 
 11/27  15:00:00,42829542.49713697,1354960.257918031 
 11/27  16:00:00,41027933.57574297,1354960.257918031 
 11/27  17:00:00,37433084.723926164,1354960.257918031 
 11/27  18:00:00,37436364.528752446,1354960.257918031 
 11/27  19:00:00,23061146.904115483,1354960.257918031 
 11/27  20:00:00,12308851.448629702,1354960.257918031 
 11/27  21:00:00,7114960.257918031,1354960.257918031 
 11/27  22:00:00,3064960.257918031,1354960.257918031 
 11/27  23:00:00,3064960.257918031,1354960.257918031 
 11/27  24:00:00,3064960.257918031,1354960.257918031 
 11/28  01:00:00,3064960.257918031,1354960.257918031 
 11/28  02:00:00,3065050.08093832,1354960.257918031 
 11/28  03:00:00,3066777.7770387796,1354960.257918031 
 11/28  04:00:00,3068976.877582629,1354960.257918031 
 11/28  05:00:00,3071759.806225509,1354960.257918031 
 11/28  06:00:00,3075578.7975808387,1354960.257918031 
 11/28  07:00:00,3573276.0495876195,1354960.257918031 
 11/28  08:00:00,3562017.101445361,1354960.257918031 
 11/28  09:00:00,33083179.69032167,1354960.257918031 
 11/28  10:00:00,43346983.37085642,1354960.257918031 
 11/28  11:00:00,44666552.05844183,1354960.257918031 
 11/28  12:00:00,43301778.178935006,1354960.257918031 
 11/28  13:00:00,39243700.13396221,1354960.257918031 
 11/28  14:00:00,41935095.33951041,1354960.257918031 
 11/28  15:00:00,42834763.17667133,1354960.257918031 
 11/28  16:00:00,41037032.488449775,1354960.257918031 
 11/28  17:00:00,37449672.63136111,1354960.257918031 
 11/28  18:00:00,37457596.52308148,1354960.257918031 
 11/28  19:00:00,23085577.47849153,1354960.257918031 
 11/28  20:00:00,12335881.258662496,1354960.257918031 
 11/28  21:00:00,7114960.257918031,1354960.257918031 
 11/28  22:00:00,3064960.257918031,1354960.257918031 
 11/28  23:00:00,3064960.257918031,1354960.257918031 
 11/28  24:00:00,3064960.257918031,1354960.257918031 
 11/29  01:00:00,3064960.257918031,1354960.257918031 
 11/29  02:00:00,3065293.1452964605,1354960.257918031 
 11/29  03:00:00,3068076.705016369,1354960.257918031 
 11/29  04:00:00,3070551.0203472916,1354960.257918031 
 11/29  05:00:00,3072786.3039589864,1354960.257918031 
 11/29  06:00:00,3075158.6267289994,1354960.257918031 
 11/29  07:00:00,3573923.1137620592,1354960.257918031 
 11/29  08:00:00,3544368.9233530094,1354960.257918031 
 11/29  09:00:00,33013523.35616511,1354960.257918031 
 11/29  10:00:00,43297727.91243553,1354960.257918031 
 11/29  11:00:00,44625834.42733285,1354960.257918031 
 11/29  12:00:00,43266761.03917916,1354960.257918031 
 11/29  13:00:00,39214187.04477175,1354960.257918031 
 11/29  14:00:00,41942675.86403698,1395792.0179492133 
 11/29  15:00:00,42857744.16969514,1413844.3322010476 
 11/29  16:00:00,41009339.154382095,1354960.257918031 
 11/29  17:00:00,37415942.78291476,1354960.257918031 
 11/29  18:00:00,37425846.32976276,1354960.257918031 
 11/29  19:00:00,23056575.34508914,1354960.257918031 
 11/29  20:00:00,12297284.143105699,1354960.257918031 
 11/29  21:00:00,7114960.257918031,1354960.257918031 
 11/29  22:00:00,3064960.257918031,1354960.257918031 
 11/29  23:00:00,3064960.257918031,1354960.257918031 
 11/29  24:00:00,3064960.257918031,1354960.257918031 
 11/30  01:00:00,6304960.257918031,1354960.257918031 
 11/30  02:00:00,6304960.257918031,1354960.257918031 
 11/30  03:00:00,6304960.257918031,1354960.257918031 
 11/30  04:00:00,6305103.54449668,1354960.257918031 
 11/30  05:00:00,6305606.433151368,1354960.257918031 
 11/30  06:00:00,6306358.432215832,1354960.257918031 
 11/30  07:00:00,6307257.924808145,1354960.257918031 
 11/30  08:00:00,6307690.188017297,1354960.257918031 
 11/30  09:00:00,6307211.697115532,1354960.257918031 
 11/30  10:00:00,6305620.535403989,1354960.257918031 
 11/30  11:00:00,6304960.257918031,1354960.257918031 
 11/30  12:00:00,6304960.257918031,1354960.257918031 
 11/30  13:00:00,6304960.257918031,1354960.257918031 
 11/30  14:00:00,6304960.257918031,1354960.257918031 
 11/30  15:00:00,6304960.257918031,1354960.257918031 
 11/30  16:00:00,6304960.257918031,1354960.257918031 
 11/30  17:00:00,6304960.257918031,1354960.257918031 
 11/30  18:00:00,6304960.257918031,1354960.257918031 
 11/30  19:00:00,6304960.257918031,1354960.257918031 
 11/30  20:00:00,6304960.257918031,1354960.257918031 
 11/30  21:00:00,6304960.257918031,1354960.257918031 
 11/30  22:00:00,6304960.257918031,1354960.257918031 
 11/30  23:00:00,6304960.257918031,1354960.257918031 
 11/30  24:00:00,6304960.257918031,1354960.257918031,11729650767.821774,10449270000.0,6556950000.0,979669557.0401759,300711210.7813388,8012322960.148825,8012322960.148825,,,,,,,,6556950000.0,,10449270000.0,,3892320000.0 
 12/01  01:00:00,6304960.257918031,1354960.257918031 
 12/01  02:00:00,6304960.257918031,1354960.257918031 
 12/01  03:00:00,6304960.257918031,1354960.257918031 
 12/01  04:00:00,6304960.257918031,1354960.257918031 
 12/01  05:00:00,6304960.257918031,1354960.257918031 
 12/01  06:00:00,6304960.257918031,1354960.257918031 
 12/01  07:00:00,6304960.257918031,1354960.257918031 
 12/01  08:00:00,6304960.257918031,1354960.257918031 
 12/01  09:00:00,6304960.257918031,1354960.257918031 
 12/01  10:00:00,6304960.257918031,1354960.257918031 
 12/01  11:00:00,6304960.257918031,1354960.257918031 
 12/01  12:00:00,6304960.257918031,1354960.257918031 
 12/01  13:00:00,6304960.257918031,1354960.257918031 
 12/01  14:00:00,6304960.257918031,1354960.257918031 
 12/01  15:00:00,6304960.257918031,1354960.257918031 
 12/01  16:00:00,6304960.257918031,1354960.257918031 
 12/01  17:00:00,6304960.257918031,1354960.257918031 
 12/01  18:00:00,6304960.257918031,1354960.257918031 
 12/01  19:00:00,6304960.257918031,1354960.257918031 
 12/01  20:00:00,6304960.257918031,1354960.257918031 
 12/01  21:00:00,6304960.257918031,1354960.257918031 
 12/01  22:00:00,6304960.257918031,1354960.257918031 
 12/01  23:00:00,6304960.257918031,1354960.257918031 
 12/01  24:00:00,6304960.257918031,1354960.257918031 
 12/02  01:00:00,3064960.257918031,1354960.257918031 
 12/02  02:00:00,3064960.257918031,1354960.257918031 
 12/02  03:00:00,3064960.257918031,1354960.257918031 
 12/02  04:00:00,3064960.257918031,1354960.257918031 
 12/02  05:00:00,3064960.257918031,1354960.257918031 
 12/02  06:00:00,3064960.257918031,1354960.257918031 
 12/02  07:00:00,3480323.0491943555,1354960.257918031 
 12/02  08:00:00,3386396.9861291735,1354960.257918031 
 12/02  09:00:00,32953111.198609896,1354960.257918031 
 12/02  10:00:00,43273866.29577055,1354960.257918031 
 12/02  11:00:00,44615428.218484454,1354960.257918031 
 12/02  12:00:00,43265388.378007784,1354960.257918031 
 12/02  13:00:00,39219060.9074644,1354960.257918031 
 12/02  14:00:00,41913989.638448834,1354960.257918031 
 12/02  15:00:00,42810655.86882712,1354960.257918031 
 12/02  16:00:00,41016041.70510292,1354960.257918031 
 12/02  17:00:00,37423659.48570911,1354960.257918031 
 12/02  18:00:00,37425702.301209666,1354960.257918031 
 12/02  19:00:00,23044966.963475138,1354960.257918031 
 12/02  20:00:00,12279730.113631608,1354960.257918031 
 12/02  21:00:00,7114960.257918031,1354960.257918031 
 12/02  22:00:00,3064960.257918031,1354960.257918031 
 12/02  23:00:00,3064960.257918031,1354960.257918031 
 12/02  24:00:00,3064960.257918031,1354960.257918031 
 12/03  01:00:00,3064960.257918031,1354960.257918031 
 12/03  02:00:00,3064960.257918031,1354960.257918031 
 12/03  03:00:00,3064960.257918031,1354960.257918031 
 12/03  04:00:00,3064972.14828513,1354960.257918031 
 12/03  05:00:00,3065304.3092669924,1354960.257918031 
 12/03  06:00:00,3065775.4909605365,1354960.257918031 
 12/03  07:00:00,3509111.2590636285,1354960.257918031 
 12/03  08:00:00,3425616.173296259,1354960.257918031 
 12/03  09:00:00,32960983.517520804,1354960.257918031 
 12/03  10:00:00,43279049.35078465,1354960.257918031 
 12/03  11:00:00,44618742.55360388,1354960.257918031 
 12/03  12:00:00,43262069.97064097,1354960.257918031 
 12/03  13:00:00,39209572.41400874,1354960.257918031 
 12/03  14:00:00,41921151.41173946,1354960.257918031 
 12/03  15:00:00,42830729.220184855,1354960.257918031 
 12/03  16:00:00,41034590.79809812,1354960.257918031 
 12/03  17:00:00,37427287.34476115,1354960.257918031 
 12/03  18:00:00,37409083.4730109,1354960.257918031 
 12/03  19:00:00,23025696.923959948,1354960.257918031 
 12/03  20:00:00,12256456.028422546,1354960.257918031 
 12/03  21:00:00,7114960.257918031,1354960.257918031 
 12/03  22:00:00,3064960.257918031,1354960.257918031 
 12/03  23:00:00,3064960.257918031,1354960.257918031 
 12/03  24:00:00,3064960.257918031,1354960.257918031 
 12/04  01:00:00,3064960.257918031,1354960.257918031 
 12/04  02:00:00,3064960.257918031,1354960.257918031 
 12/04  03:00:00,3064960.257918031,1354960.257918031 
 12/04  04:00:00,3064960.257918031,1354960.257918031 
 12/04  05:00:00,3064960.257918031,1354960.257918031 
 12/04  06:00:00,3064960.257918031,1354960.257918031 
 12/04  07:00:00,3473861.164661687,1354960.257918031 
 12/04  08:00:00,3350770.183418367,1354960.257918031 
 12/04  09:00:00,32950720.980630815,1354960.257918031 
 12/04  10:00:00,43272274.47780522,1354960.257918031 
 12/04  11:00:00,44610115.96792583,1354960.257918031 
 12/04  12:00:00,43276365.06140156,1354960.257918031 
 12/04  13:00:00,39231355.357224144,1354960.257918031 
 12/04  14:00:00,41947043.51904054,1382366.2656476407 
 12/04  15:00:00,42859844.24338098,1397748.2173503593 
 12/04  16:00:00,41064403.696403,1404427.7413067888 
 12/04  17:00:00,37409943.91647363,1354960.257918031 
 12/04  18:00:00,37413735.01278537,1354960.257918031 
 12/04  19:00:00,23035050.26570304,1354960.257918031 
 12/04  20:00:00,12275374.766120382,1354960.257918031 
 12/04  21:00:00,7114960.257918031,1354960.257918031 
 12/04  22:00:00,3064960.257918031,1354960.257918031 
 12/04  23:00:00,3064960.257918031,1354960.257918031 
 12/04  24:00:00,3064960.257918031,1354960.257918031 
 12/05  01:00:00,3064960.257918031,1354960.257918031 
 12/05  02:00:00,3064960.257918031,1354960.257918031 
 12/05  03:00:00,3064960.257918031,1354960.257918031 
 12/05  04:00:00,3064960.257918031,1354960.257918031 
 12/05  05:00:00,3064960.257918031,1354960.257918031 
 12/05  06:00:00,3064960.257918031,1354960.257918031 
 12/05  07:00:00,3499022.19933654,1354960.257918031 
 12/05  08:00:00,3409467.28306596,1354960.257918031 
 12/05  09:00:00,32962289.237087153,1354960.257918031 
 12/05  10:00:00,43288267.72037939,1371021.4869556671 
 12/05  11:00:00,44646572.829373635,1399161.7034500926 
 12/05  12:00:00,43290853.389115945,1395032.203874342 
 12/05  13:00:00,39382505.97845392,1444618.7927637235 
 12/05  14:00:00,42225497.690452814,1485441.8845262334 
 12/05  15:00:00,43006439.33934748,1599667.4827501643 
 12/05  16:00:00,41172806.604710996,1554225.220133078 
 12/05  17:00:00,37412839.25009158,1354960.257918031 
 12/05  18:00:00,37416886.068275675,1354960.257918031 
 12/05  19:00:00,23038632.07345068,1354960.257918031 
 12/05  20:00:00,12272636.744806673,1354960.257918031 
 12/05  21:00:00,7114960.257918031,1354960.257918031 
 12/05  22:00:00,3064960.257918031,1354960.257918031 
 12/05  23:00:00,3064960.257918031,1354960.257918031 
 12/05  24:00:00,3064960.257918031,1354960.257918031 
 12/06  01:00:00,3064960.257918031,1354960.257918031 
 12/06  02:00:00,3064960.257918031,1354960.257918031 
 12/06  03:00:00,3064960.257918031,1354960.257918031 
 12/06  04:00:00,3064960.257918031,1354960.257918031 
 12/06  05:00:00,3064960.257918031,1354960.257918031 
 12/06  06:00:00,3064960.257918031,1354960.257918031 
 12/06  07:00:00,3483413.9499296984,1354960.257918031 
 12/06  08:00:00,3371557.888422636,1354960.257918031 
 12/06  09:00:00,32945206.88968079,1354960.257918031 
 12/06  10:00:00,43265898.2059416,1354960.257918031 
 12/06  11:00:00,44624376.71418241,1354960.257918031 
 12/06  12:00:00,43278638.14711779,1354960.257918031 
 12/06  13:00:00,39229952.36604644,1354960.257918031 
 12/06  14:00:00,41928842.94667958,1354960.257918031 
 12/06  15:00:00,42830930.49509203,1354960.257918031 
 12/06  16:00:00,41035691.57416983,1354960.257918031 
 12/06  17:00:00,37435563.52448812,1354960.257918031 
 12/06  18:00:00,37427876.974529095,1354960.257918031 
 12/06  19:00:00,23018145.458386198,1354960.257918031 
 12/06  20:00:00,12241620.179675866,1354960.257918031 
 12/06  21:00:00,7114960.257918031,1354960.257918031 
 12/06  22:00:00,3064960.257918031,1354960.257918031 
 12/06  23:00:00,3064960.257918031,1354960.257918031 
 12/06  24:00:00,3064960.257918031,1354960.257918031 
 12/07  01:00:00,6304960.257918031,1354960.257918031 
 12/07  02:00:00,6304960.257918031,1354960.257918031 
 12/07  03:00:00,6304960.257918031,1354960.257918031 
 12/07  04:00:00,6304960.257918031,1354960.257918031 
 12/07  05:00:00,6304960.257918031,1354960.257918031 
 12/07  06:00:00,6304960.257918031,1354960.257918031 
 12/07  07:00:00,6304960.257918031,1354960.257918031 
 12/07  08:00:00,6304960.257918031,1354960.257918031 
 12/07  09:00:00,6304960.257918031,1354960.257918031 
 12/07  10:00:00,6304960.257918031,1354960.257918031 
 12/07  11:00:00,6304960.257918031,1354960.257918031 
 12/07  12:00:00,6304960.257918031,1354960.257918031 
 12/07  13:00:00,6304960.257918031,1354960.257918031 
 12/07  14:00:00,6304960.257918031,1354960.257918031 
 12/07  15:00:00,6304960.257918031,1354960.257918031 
 12/07  16:00:00,6304960.257918031,1354960.257918031 
 12/07  17:00:00,6304960.257918031,1354960.257918031 
 12/07  18:00:00,6304960.257918031,1354960.257918031 
 12/07  19:00:00,6304960.257918031,1354960.257918031 
 12/07  20:00:00,6304960.257918031,1354960.257918031 
 12/07  21:00:00,6304960.257918031,1354960.257918031 
 12/07  22:00:00,6304960.257918031,1354960.257918031 
 12/07  23:00:00,6304960.257918031,1354960.257918031 
 12/07  24:00:00,6304960.257918031,1354960.257918031 
 12/08  01:00:00,6304960.257918031,1354960.257918031 
 12/08  02:00:00,6304960.257918031,1354960.257918031 
 12/08  03:00:00,6304960.257918031,1354960.257918031 
 12/08  04:00:00,6304960.257918031,1354960.257918031 
 12/08  05:00:00,6304960.257918031,1354960.257918031 
 12/08  06:00:00,6304960.257918031,1354960.257918031 
 12/08  07:00:00,6304960.257918031,1354960.257918031 
 12/08  08:00:00,6304960.257918031,1354960.257918031 
 12/08  09:00:00,6304960.257918031,1354960.257918031 
 12/08  10:00:00,6304960.257918031,1354960.257918031 
 12/08  11:00:00,6304960.257918031,1354960.257918031 
 12/08  12:00:00,6304960.257918031,1354960.257918031 
 12/08  13:00:00,6304960.257918031,1354960.257918031 
 12/08  14:00:00,6304960.257918031,1354960.257918031 
 12/08  15:00:00,6304960.257918031,1354960.257918031 
 12/08  16:00:00,6304960.257918031,1354960.257918031 
 12/08  17:00:00,6304960.257918031,1354960.257918031 
 12/08  18:00:00,6304960.257918031,1354960.257918031 
 12/08  19:00:00,6304960.257918031,1354960.257918031 
 12/08  20:00:00,6304960.257918031,1354960.257918031 
 12/08  21:00:00,6304960.257918031,1354960.257918031 
 12/08  22:00:00,6304960.257918031,1354960.257918031 
 12/08  23:00:00,6304960.257918031,1354960.257918031 
 12/08  24:00:00,6304960.257918031,1354960.257918031 
 12/09  01:00:00,3064960.257918031,1354960.257918031 
 12/09  02:00:00,3064965.8824843657,1354960.257918031 
 12/09  03:00:00,3065117.775618858,1354960.257918031 
 12/09  04:00:00,3065405.569590674,1354960.257918031 
 12/09  05:00:00,3066514.123985242,1354960.257918031 
 12/09  06:00:00,3068239.94211007,1354960.257918031 
 12/09  07:00:00,3513383.3614721503,1354960.257918031 
 12/09  08:00:00,3480419.3999775797,1354960.257918031 
 12/09  09:00:00,32979469.93991119,1354960.257918031 
 12/09  10:00:00,43289148.73558962,1354960.257918031 
 12/09  11:00:00,44627018.05343666,1354960.257918031 
 12/09  12:00:00,43275932.77949253,1354960.257918031 
 12/09  13:00:00,39230952.39348216,1354960.257918031 
 12/09  14:00:00,41926990.311177716,1354960.257918031 
 12/09  15:00:00,42826848.16724779,1354960.257918031 
 12/09  16:00:00,41030289.20799757,1354960.257918031 
 12/09  17:00:00,37438690.10114138,1354960.257918031 
 12/09  18:00:00,37444277.35026678,1354960.257918031 
 12/09  19:00:00,23073555.192963198,1354960.257918031 
 12/09  20:00:00,12324461.383723546,1354960.257918031 
 12/09  21:00:00,7114960.257918031,1354960.257918031 
 12/09  22:00:00,3064960.257918031,1354960.257918031 
 12/09  23:00:00,3064960.257918031,1354960.257918031 
 12/09  24:00:00,3064960.257918031,1354960.257918031 
 12/10  01:00:00,3065130.628944997,1354960.257918031 
 12/10  02:00:00,3066396.218453544,1354960.257918031 
 12/10  03:00:00,3068227.681506218,1354960.257918031 
 12/10  04:00:00,3070251.7944309264,1354960.257918031 
 12/10  05:00:00,3072688.813762007,1354960.257918031 
 12/10  06:00:00,3074399.703800724,1354960.257918031 
 12/10  07:00:00,3530528.351722942,1354960.257918031 
 12/10  08:00:00,3504715.840401116,1354960.257918031 
 12/10  09:00:00,33009380.598551214,1354960.257918031 
 12/10  10:00:00,43306269.515584886,1354960.257918031 
 12/10  11:00:00,44645026.05387112,1366488.1657545313 
 12/10  12:00:00,43276657.20234285,1354960.257918031 
 12/10  13:00:00,39221912.460627295,1354960.257918031 
 12/10  14:00:00,41937598.794316664,1384564.117729653 
 12/10  15:00:00,42886305.90539029,1446634.3899861453 
 12/10  16:00:00,41049545.2942334,1397516.7222127565 
 12/10  17:00:00,37427370.95042015,1354960.257918031 
 12/10  18:00:00,37442696.046223946,1354960.257918031 
 12/10  19:00:00,23073916.71167767,1354960.257918031 
 12/10  20:00:00,12320494.06850731,1354960.257918031 
 12/10  21:00:00,7114960.257918031,1354960.257918031 
 12/10  22:00:00,3064960.257918031,1354960.257918031 
 12/10  23:00:00,3064960.257918031,1354960.257918031 
 12/10  24:00:00,3064960.257918031,1354960.257918031 
 12/11  01:00:00,3064960.257918031,1354960.257918031 
 12/11  02:00:00,3064960.257918031,1354960.257918031 
 12/11  03:00:00,3064960.257918031,1354960.257918031 
 12/11  04:00:00,3065669.0225943103,1354960.257918031 
 12/11  05:00:00,3067282.2610539435,1354960.257918031 
 12/11  06:00:00,3069447.779472131,1354960.257918031 
 12/11  07:00:00,3524318.467290423,1354960.257918031 
 12/11  08:00:00,3498848.590715383,1354960.257918031 
 12/11  09:00:00,32993015.450234998,1354960.257918031 
 12/11  10:00:00,43296035.019604005,1354960.257918031 
 12/11  11:00:00,44631547.58760481,1354960.257918031 
 12/11  12:00:00,43273846.961177334,1354960.257918031 
 12/11  13:00:00,39217976.79577643,1354960.257918031 
 12/11  14:00:00,41944120.63263975,1394831.9146169457 
 12/11  15:00:00,42908099.47749349,1471476.3267767977 
 12/11  16:00:00,41058624.39248397,1410216.0622612627 
 12/11  17:00:00,37441998.0504826,1379457.6142477652 
 12/11  18:00:00,37433180.441001095,1354960.257918031 
 12/11  19:00:00,23064209.65917148,1354960.257918031 
 12/11  20:00:00,12304503.435251776,1354960.257918031 
 12/11  21:00:00,7114960.257918031,1354960.257918031 
 12/11  22:00:00,3064960.257918031,1354960.257918031 
 12/11  23:00:00,3064960.257918031,1354960.257918031 
 12/11  24:00:00,3064960.257918031,1354960.257918031 
 12/12  01:00:00,3064960.257918031,1354960.257918031 
 12/12  02:00:00,3064960.257918031,1354960.257918031 
 12/12  03:00:00,3064996.127415723,1354960.257918031 
 12/12  04:00:00,3066424.5633925595,1354960.257918031 
 12/12  05:00:00,3069288.2405233677,1354960.257918031 
 12/12  06:00:00,3072118.544317849,1354960.257918031 
 12/12  07:00:00,3527649.547464162,1354960.257918031 
 12/12  08:00:00,3465644.6809489015,1354960.257918031 
 12/12  09:00:00,32980651.12565926,1354960.257918031 
 12/12  10:00:00,43288052.38286078,1354960.257918031 
 12/12  11:00:00,44621120.28715214,1354960.257918031 
 12/12  12:00:00,43263079.981063426,1354960.257918031 
 12/12  13:00:00,39210031.5902488,1354960.257918031 
 12/12  14:00:00,41906019.16613463,1354960.257918031 
 12/12  15:00:00,42804999.79210933,1354960.257918031 
 12/12  16:00:00,41006854.31704371,1354960.257918031 
 12/12  17:00:00,37412274.545402355,1354960.257918031 
 12/12  18:00:00,37415500.89388162,1354960.257918031 
 12/12  19:00:00,23035651.524602048,1354960.257918031 
 12/12  20:00:00,12263931.040323183,1354960.257918031 
 12/12  21:00:00,7114960.257918031,1354960.257918031 
 12/12  22:00:00,3064960.257918031,1354960.257918031 
 12/12  23:00:00,3064960.257918031,1354960.257918031 
 12/12  24:00:00,3064960.257918031,1354960.257918031 
 12/13  01:00:00,3064960.257918031,1354960.257918031 
 12/13  02:00:00,3064960.257918031,1354960.257918031 
 12/13  03:00:00,3064960.257918031,1354960.257918031 
 12/13  04:00:00,3064960.257918031,1354960.257918031 
 12/13  05:00:00,3064960.257918031,1354960.257918031 
 12/13  06:00:00,3064960.257918031,1354960.257918031 
 12/13  07:00:00,3480398.7180613442,1354960.257918031 
 12/13  08:00:00,3345183.297658759,1354960.257918031 
 12/13  09:00:00,32950870.805365495,1354960.257918031 
 12/13  10:00:00,43274873.4993255,1354960.257918031 
 12/13  11:00:00,44615217.031898424,1354960.257918031 
 12/13  12:00:00,43260924.49011413,1354960.257918031 
 12/13  13:00:00,39210901.20154362,1354960.257918031 
 12/13  14:00:00,41906549.29413458,1354960.257918031 
 12/13  15:00:00,42805085.760866664,1354960.257918031 
 12/13  16:00:00,41005652.76828432,1354960.257918031 
 12/13  17:00:00,37411661.33282094,1354960.257918031 
 12/13  18:00:00,37417309.87145694,1354960.257918031 
 12/13  19:00:00,23034602.134103846,1354960.257918031 
 12/13  20:00:00,12264184.231099447,1354960.257918031 
 12/13  21:00:00,7114960.257918031,1354960.257918031 
 12/13  22:00:00,3064960.257918031,1354960.257918031 
 12/13  23:00:00,3064960.257918031,1354960.257918031 
 12/13  24:00:00,3064960.257918031,1354960.257918031 
 12/14  01:00:00,6304960.257918031,1354960.257918031 
 12/14  02:00:00,6304960.257918031,1354960.257918031 
 12/14  03:00:00,6304960.257918031,1354960.257918031 
 12/14  04:00:00,6304960.257918031,1354960.257918031 
 12/14  05:00:00,6304960.257918031,1354960.257918031 
 12/14  06:00:00,6304960.257918031,1354960.257918031 
 12/14  07:00:00,6304960.257918031,1354960.257918031 
 12/14  08:00:00,6304960.257918031,1354960.257918031 
 12/14  09:00:00,6304960.257918031,1354960.257918031 
 12/14  10:00:00,6304960.257918031,1354960.257918031 
 12/14  11:00:00,6304960.257918031,1354960.257918031 
 12/14  12:00:00,6304960.257918031,1354960.257918031 
 12/14  13:00:00,6304960.257918031,1354960.257918031 
 12/14  14:00:00,6304960.257918031,1354960.257918031 
 12/14  15:00:00,6304960.257918031,1354960.257918031 
 12/14  16:00:00,6304960.257918031,1354960.257918031 
 12/14  17:00:00,6304960.257918031,1354960.257918031 
 12/14  18:00:00,6304960.257918031,1354960.257918031 
 12/14  19:00:00,6304960.257918031,1354960.257918031 
 12/14  20:00:00,6304960.257918031,1354960.257918031 
 12/14  21:00:00,6304960.257918031,1354960.257918031 
 12/14  22:00:00,6304960.257918031,1354960.257918031 
 12/14  23:00:00,6305023.509382555,1354960.257918031 
 12/14  24:00:00,6307127.249224977,1354960.257918031 
 12/15  01:00:00,6309047.688035647,1354960.257918031 
 12/15  02:00:00,6311883.486569373,1354960.257918031 
 12/15  03:00:00,6314407.672298538,1354960.257918031 
 12/15  04:00:00,6316261.071326136,1354960.257918031 
 12/15  05:00:00,6318261.29555792,1354960.257918031 
 12/15  06:00:00,6319651.708017786,1354960.257918031 
 12/15  07:00:00,6320385.682419423,1354960.257918031 
 12/15  08:00:00,6320357.760101389,1354960.257918031 
 12/15  09:00:00,6317720.905752297,1354960.257918031 
 12/15  10:00:00,6314904.221027341,1354960.257918031 
 12/15  11:00:00,6311794.875425447,1354960.257918031 
 12/15  12:00:00,6306770.436221756,1354960.257918031 
 12/15  13:00:00,6304985.887655608,1354960.257918031 
 12/15  14:00:00,6304960.257918031,1354960.257918031 
 12/15  15:00:00,6304960.257918031,1354960.257918031 
 12/15  16:00:00,6304960.257918031,1354960.257918031 
 12/15  17:00:00,6304960.257918031,1354960.257918031 
 12/15  18:00:00,6304960.257918031,1354960.257918031 
 12/15  19:00:00,6304960.257918031,1354960.257918031 
 12/15  20:00:00,6304960.257918031,1354960.257918031 
 12/15  21:00:00,6305095.411480738,1354960.257918031 
 12/15  22:00:00,6305796.268599251,1354960.257918031 
 12/15  23:00:00,6307640.228613546,1354960.257918031 
 12/15  24:00:00,6309831.300800016,1354960.257918031 
 12/16  01:00:00,3073897.5880871788,1354960.257918031 
 12/16  02:00:00,3075591.6278478648,1354960.257918031 
 12/16  03:00:00,3077698.055857431,1354960.257918031 
 12/16  04:00:00,3079789.9840873033,1354960.257918031 
 12/16  05:00:00,3082532.7320532156,1354960.257918031 
 12/16  06:00:00,3084082.583766732,1354960.257918031 
 12/16  07:00:00,3579613.7805725485,1354960.257918031 
 12/16  08:00:00,3568571.714948408,1354960.257918031 
 12/16  09:00:00,33093265.407278307,1354960.257918031 
 12/16  10:00:00,43345114.16722928,1354960.257918031 
 12/16  11:00:00,44666825.77902487,1354960.257918031 
 12/16  12:00:00,43307139.62521453,1354960.257918031 
 12/16  13:00:00,39256215.363549784,1354960.257918031 
 12/16  14:00:00,41952404.43963845,1354960.257918031 
 12/16  15:00:00,42851034.119035006,1354960.257918031 
 12/16  16:00:00,41054901.19918848,1354960.257918031 
 12/16  17:00:00,37464045.113933414,1354960.257918031 
 12/16  18:00:00,37476418.77663357,1354960.257918031 
 12/16  19:00:00,23105993.316182926,1354960.257918031 
 12/16  20:00:00,12341719.95974558,1354960.257918031 
 12/16  21:00:00,7114960.257918031,1354960.257918031 
 12/16  22:00:00,3064960.257918031,1354960.257918031 
 12/16  23:00:00,3064960.257918031,1354960.257918031 
 12/16  24:00:00,3064960.257918031,1354960.257918031 
 12/17  01:00:00,3064960.257918031,1354960.257918031 
 12/17  02:00:00,3065893.0160081172,1354960.257918031 
 12/17  03:00:00,3068140.3515236676,1354960.257918031 
 12/17  04:00:00,3071331.15078831,1354960.257918031 
 12/17  05:00:00,3075391.6534978063,1354960.257918031 
 12/17  06:00:00,3076963.9480491728,1354960.257918031 
 12/17  07:00:00,3526364.798269962,1354960.257918031 
 12/17  08:00:00,3516020.7747712745,1354960.257918031 
 12/17  09:00:00,33042662.735815663,1354960.257918031 
 12/17  10:00:00,43327060.287770376,1354960.257918031 
 12/17  11:00:00,44663366.06207998,1354960.257918031 
 12/17  12:00:00,43307521.931567594,1354960.257918031 
 12/17  13:00:00,39266416.18190332,1354960.257918031 
 12/17  14:00:00,41963332.583137065,1354960.257918031 
 12/17  15:00:00,42861290.338309154,1354960.257918031 
 12/17  16:00:00,41069051.99658205,1354960.257918031 
 12/17  17:00:00,37481482.02608518,1354960.257918031 
 12/17  18:00:00,37481412.46037669,1354960.257918031 
 12/17  19:00:00,23119846.541056972,1354960.257918031 
 12/17  20:00:00,12407746.055199496,1354960.257918031 
 12/17  21:00:00,7114960.25791803,1354960.257918031 
 12/17  22:00:00,3064960.257918031,1354960.257918031 
 12/17  23:00:00,3065235.5691318098,1354960.257918031 
 12/17  24:00:00,3067914.2492453977,1354960.257918031 
 12/18  01:00:00,3071473.061179284,1354960.257918031 
 12/18  02:00:00,3073613.576571166,1354960.257918031 
 12/18  03:00:00,3077341.9780007666,1354960.257918031 
 12/18  04:00:00,3082192.9808388124,1354960.257918031 
 12/18  05:00:00,3085860.3897637855,1354960.257918031 
 12/18  06:00:00,3088356.08282741,1354960.257918031 
 12/18  07:00:00,3601753.758047129,1354960.257918031 
 12/18  08:00:00,3590822.4114583507,1354960.257918031 
 12/18  09:00:00,33116326.02819159,1354960.257918031 
 12/18  10:00:00,43370548.77102857,1354960.257918031 
 12/18  11:00:00,44681755.582139716,1354960.257918031 
 12/18  12:00:00,43311363.06628709,1354960.257918031 
 12/18  13:00:00,39253015.55050312,1354960.257918031 
 12/18  14:00:00,41962902.80529277,1381706.3878799973 
 12/18  15:00:00,42861220.40205097,1383043.1261317318 
 12/18  16:00:00,41044421.90014607,1354960.257918031 
 12/18  17:00:00,37455331.02355516,1354960.257918031 
 12/18  18:00:00,37468257.89106883,1354960.257918031 
 12/18  19:00:00,23107035.35815911,1354960.257918031 
 12/18  20:00:00,12359722.407078778,1354960.257918031 
 12/18  21:00:00,7114960.257918031,1354960.257918031 
 12/18  22:00:00,3064960.257918031,1354960.257918031 
 12/18  23:00:00,3064960.257918031,1354960.257918031 
 12/18  24:00:00,3067000.908989489,1354960.257918031 
 12/19  01:00:00,3072244.52006115,1354960.257918031 
 12/19  02:00:00,3076287.1337437234,1354960.257918031 
 12/19  03:00:00,3082156.6957567194,1354960.257918031 
 12/19  04:00:00,3088009.522268756,1354960.257918031 
 12/19  05:00:00,3092724.86675294,1354960.257918031 
 12/19  06:00:00,3095767.2334243082,1354960.257918031 
 12/19  07:00:00,3613548.207527157,1354960.257918031 
 12/19  08:00:00,3611531.438809357,1354960.257918031 
 12/19  09:00:00,33205210.70131191,1354960.257918031 
 12/19  10:00:00,43406387.225498386,1354960.257918031 
 12/19  11:00:00,44702655.6900302,1354960.257918031 
 12/19  12:00:00,43328132.29887056,1354960.257918031 
 12/19  13:00:00,39267407.815782756,1354960.257918031 
 12/19  14:00:00,41957895.06923552,1354960.257918031 
 12/19  15:00:00,42899779.45186532,1413272.8849332358 
 12/19  16:00:00,41073722.45655088,1377459.5817261 
 12/19  17:00:00,37477105.492656045,1354960.257918031 
 12/19  18:00:00,37501105.574492216,1354960.257918031 
 12/19  19:00:00,23145679.72234077,1354960.257918031 
 12/19  20:00:00,12427111.61404238,1354960.257918031 
 12/19  21:00:00,7114960.257918031,1354960.257918031 
 12/19  22:00:00,3064960.257918031,1354960.257918031 
 12/19  23:00:00,3064960.257918031,1354960.257918031 
 12/19  24:00:00,3069451.6030262224,1354960.257918031 
 12/20  01:00:00,3076797.970366764,1354960.257918031 
 12/20  02:00:00,3083057.839969784,1354960.257918031 
 12/20  03:00:00,3088989.332429721,1354960.257918031 
 12/20  04:00:00,3095165.7504144497,1354960.257918031 
 12/20  05:00:00,3098404.093484088,1354960.257918031 
 12/20  06:00:00,3101549.765391345,1354960.257918031 
 12/20  07:00:00,3613548.207527157,1354960.257918031 
 12/20  08:00:00,3613326.543044255,1354960.257918031 
 12/20  09:00:00,33226043.447533485,1354960.257918031 
 12/20  10:00:00,43430981.24850164,1354960.257918031 
 12/20  11:00:00,44712510.87867769,1354960.257918031 
 12/20  12:00:00,43340207.644736126,1354960.257918031 
 12/20  13:00:00,39285460.05668494,1354960.257918031 
 12/20  14:00:00,41978691.82940309,1354960.257918031 
 12/20  15:00:00,42872483.54167992,1354960.257918031 
 12/20  16:00:00,41079724.34002575,1354960.257918031 
 12/20  17:00:00,37508861.86621608,1354960.257918031 
 12/20  18:00:00,37532207.65271966,1354960.257918031 
 12/20  19:00:00,23202273.410111923,1354960.257918031 
 12/20  20:00:00,12516252.654057859,1354960.257918031 
 12/20  21:00:00,7114960.257918031,1354960.257918031 
 12/20  22:00:00,3064960.257918031,1354960.257918031 
 12/20  23:00:00,3065726.4565753522,1354960.257918031 
 12/20  24:00:00,3068526.8232428376,1354960.257918031 
 12/21  01:00:00,6308043.341934696,1354960.257918031 
 12/21  02:00:00,6308711.811294841,1354960.257918031 
 12/21  03:00:00,6309805.394722769,1354960.257918031 
 12/21  04:00:00,6309916.323199133,1354960.257918031 
 12/21  05:00:00,6309619.969899222,1354960.257918031 
 12/21  06:00:00,6309187.697599747,1354960.257918031 
 12/21  07:00:00,6308895.120779358,1354960.257918031 
 12/21  08:00:00,6308525.937333331,1354960.257918031 
 12/21  09:00:00,6307869.958474486,1354960.257918031 
 12/21  10:00:00,6306600.635400044,1354960.257918031 
 12/21  11:00:00,6305184.783082442,1354960.257918031 
 12/21  12:00:00,6304960.257918031,1354960.257918031 
 12/21  13:00:00,6304960.257918031,1354960.257918031 
 12/21  14:00:00,6304960.257918031,1354960.257918031 
 12/21  15:00:00,6304960.257918031,1354960.257918031 
 12/21  16:00:00,6304960.257918031,1354960.257918031 
 12/21  17:00:00,6304960.257918031,1354960.257918031 
 12/21  18:00:00,6304960.257918031,1354960.257918031 
 12/21  19:00:00,6304960.257918031,1354960.257918031 
 12/21  20:00:00,6304960.257918031,1354960.257918031 
 12/21  21:00:00,6304960.257918031,1354960.257918031 
 12/21  22:00:00,6304960.257918031,1354960.257918031 
 12/21  23:00:00,6304960.257918031,1354960.257918031 
 12/21  24:00:00,6304960.257918031,1354960.257918031 
 12/22  01:00:00,6304960.257918031,1354960.257918031 
 12/22  02:00:00,6304960.257918031,1354960.257918031 
 12/22  03:00:00,6304960.257918031,1354960.257918031 
 12/22  04:00:00,6304960.257918031,1354960.257918031 
 12/22  05:00:00,6304960.257918031,1354960.257918031 
 12/22  06:00:00,6304960.257918031,1354960.257918031 
 12/22  07:00:00,6304960.257918031,1354960.257918031 
 12/22  08:00:00,6304960.257918031,1354960.257918031 
 12/22  09:00:00,6304960.257918031,1354960.257918031 
 12/22  10:00:00,6304960.257918031,1354960.257918031 
 12/22  11:00:00,6304960.257918031,1354960.257918031 
 12/22  12:00:00,6304960.257918031,1354960.257918031 
 12/22  13:00:00,6304960.257918031,1354960.257918031 
 12/22  14:00:00,6304960.257918031,1354960.257918031 
 12/22  15:00:00,6304960.257918031,1354960.257918031 
 12/22  16:00:00,6304960.257918031,1354960.257918031 
 12/22  17:00:00,6304960.257918031,1354960.257918031 
 12/22  18:00:00,6304960.257918031,1354960.257918031 
 12/22  19:00:00,6304960.257918031,1354960.257918031 
 12/22  20:00:00,6304960.257918031,1354960.257918031 
 12/22  21:00:00,6304960.257918031,1354960.257918031 
 12/22  22:00:00,6304960.257918031,1354960.257918031 
 12/22  23:00:00,6304960.257918031,1354960.257918031 
 12/22  24:00:00,6304960.257918031,1354960.257918031 
 12/23  01:00:00,3064960.257918031,1354960.257918031 
 12/23  02:00:00,3064960.257918031,1354960.257918031 
 12/23  03:00:00,3064960.257918031,1354960.257918031 
 12/23  04:00:00,3064960.257918031,1354960.257918031 
 12/23  05:00:00,3064960.257918031,1354960.257918031 
 12/23  06:00:00,3066283.4204582693,1354960.257918031 
 12/23  07:00:00,3521057.761147674,1354960.257918031 
 12/23  08:00:00,3501817.610011144,1354960.257918031 
 12/23  09:00:00,33011005.041030806,1354960.257918031 
 12/23  10:00:00,43315069.790098615,1354960.257918031 
 12/23  11:00:00,44648641.51609522,1354960.257918031 
 12/23  12:00:00,43290474.62118216,1354960.257918031 
 12/23  13:00:00,39236140.45239216,1354960.257918031 
 12/23  14:00:00,41975198.521674976,1418824.6605213801 
 12/23  15:00:00,42890016.94546375,1442634.7908499944 
 12/23  16:00:00,41077534.692899026,1425719.9730812102 
 12/23  17:00:00,37434159.63542871,1354960.257918031 
 12/23  18:00:00,37444121.62727364,1354960.257918031 
 12/23  19:00:00,23076712.341941502,1354960.257918031 
 12/23  20:00:00,12327953.544605939,1354960.257918031 
 12/23  21:00:00,7114960.257918031,1354960.257918031 
 12/23  22:00:00,3064960.257918031,1354960.257918031 
 12/23  23:00:00,3064960.257918031,1354960.257918031 
 12/23  24:00:00,3064993.296736668,1354960.257918031 
 12/24  01:00:00,3066563.5456496403,1354960.257918031 
 12/24  02:00:00,3068470.4159943587,1354960.257918031 
 12/24  03:00:00,3070393.60377574,1354960.257918031 
 12/24  04:00:00,3072723.7102786703,1354960.257918031 
 12/24  05:00:00,3074932.707529407,1354960.257918031 
 12/24  06:00:00,3075852.9119716603,1354960.257918031 
 12/24  07:00:00,3520337.067005719,1354960.257918031 
 12/24  08:00:00,3507382.314590197,1354960.257918031 
 12/24  09:00:00,33030736.103722066,1354960.257918031 
 12/24  10:00:00,43309856.64412381,1354960.257918031 
 12/24  11:00:00,44643020.82014693,1354960.257918031 
 12/24  12:00:00,43283815.921680346,1354960.257918031 
 12/24  13:00:00,39227406.87580446,1354960.257918031 
 12/24  14:00:00,41972158.282466486,1422659.9782174877 
 12/24  15:00:00,42890782.170920156,1446403.033316942 
 12/24  16:00:00,41047474.109683886,1389513.9805328625 
 12/24  17:00:00,37427457.90066988,1354960.257918031 
 12/24  18:00:00,37440803.76327495,1354960.257918031 
 12/24  19:00:00,23078885.089960195,1354960.257918031 
 12/24  20:00:00,12335769.275355252,1354960.257918031 
 12/24  21:00:00,7114960.257918031,1354960.257918031 
 12/24  22:00:00,3064960.257918031,1354960.257918031 
 12/24  23:00:00,3064960.257918031,1354960.257918031 
 12/24  24:00:00,3064960.257918031,1354960.257918031 
 12/25  01:00:00,3067075.788044229,1354960.257918031 
 12/25  02:00:00,3068030.5780221615,1354960.257918031 
 12/25  03:00:00,3068909.3262761547,1354960.257918031 
 12/25  04:00:00,3071978.5281488695,1354960.257918031 
 12/25  05:00:00,3073504.4837690075,1354960.257918031 
 12/25  06:00:00,3075063.426744854,1354960.257918031 
 12/25  07:00:00,3541158.40194176,1354960.257918031 
 12/25  08:00:00,3522084.798345644,1354960.257918031 
 12/25  09:00:00,33020178.647384595,1354960.257918031 
 12/25  10:00:00,43301039.615274556,1354960.257918031 
 12/25  11:00:00,44631436.31717996,1354960.257918031 
 12/25  12:00:00,43278076.651735134,1364646.9686382874 
 12/25  13:00:00,39216291.69631101,1354960.257918031 
 12/25  14:00:00,41961420.573872074,1421849.5984608943 
 12/25  15:00:00,42866798.38724595,1423907.6340450922 
 12/25  16:00:00,41046996.96402736,1401583.8429834337 
 12/25  17:00:00,37416536.543946415,1354960.257918031 
 12/25  18:00:00,37426104.78580584,1354960.257918031 
 12/25  19:00:00,23050453.498047713,1354960.257918031 
 12/25  20:00:00,12288439.325502481,1354960.257918031 
 12/25  21:00:00,7114960.257918031,1354960.257918031 
 12/25  22:00:00,3064960.257918031,1354960.257918031 
 12/25  23:00:00,3064960.257918031,1354960.257918031 
 12/25  24:00:00,3064960.257918031,1354960.257918031 
 12/26  01:00:00,3064960.257918031,1354960.257918031 
 12/26  02:00:00,3064960.257918031,1354960.257918031 
 12/26  03:00:00,3064960.257918031,1354960.257918031 
 12/26  04:00:00,3064960.257918031,1354960.257918031 
 12/26  05:00:00,3064960.257918031,1354960.257918031 
 12/26  06:00:00,3064960.257918031,1354960.257918031 
 12/26  07:00:00,3502157.3688300173,1354960.257918031 
 12/26  08:00:00,3421024.28773632,1354960.257918031 
 12/26  09:00:00,32964946.379963152,1354960.257918031 
 12/26  10:00:00,43280834.29052597,1354960.257918031 
 12/26  11:00:00,44620386.790968195,1354960.257918031 
 12/26  12:00:00,43268437.9772846,1354960.257918031 
 12/26  13:00:00,39219437.93846176,1354960.257918031 
 12/26  14:00:00,41912193.807472765,1354960.257918031 
 12/26  15:00:00,42810849.42280093,1354960.257918031 
 12/26  16:00:00,41012242.81372846,1354960.257918031 
 12/26  17:00:00,37417606.204977445,1354960.257918031 
 12/26  18:00:00,37419718.54510911,1354960.257918031 
 12/26  19:00:00,23039754.459580105,1354960.257918031 
 12/26  20:00:00,12272014.066800203,1354960.257918031 
 12/26  21:00:00,7114960.257918031,1354960.257918031 
 12/26  22:00:00,3064960.257918031,1354960.257918031 
 12/26  23:00:00,3064960.257918031,1354960.257918031 
 12/26  24:00:00,3064960.257918031,1354960.257918031 
 12/27  01:00:00,3064960.257918031,1354960.257918031 
 12/27  02:00:00,3064960.257918031,1354960.257918031 
 12/27  03:00:00,3064960.257918031,1354960.257918031 
 12/27  04:00:00,3064960.257918031,1354960.257918031 
 12/27  05:00:00,3064960.257918031,1354960.257918031 
 12/27  06:00:00,3064960.257918031,1354960.257918031 
 12/27  07:00:00,3490695.1184877455,1354960.257918031 
 12/27  08:00:00,3442676.4167689173,1354960.257918031 
 12/27  09:00:00,32972628.086578503,1354960.257918031 
 12/27  10:00:00,43287038.77667302,1354960.257918031 
 12/27  11:00:00,44628418.723678395,1354960.257918031 
 12/27  12:00:00,43274475.68867992,1354960.257918031 
 12/27  13:00:00,39224639.357734516,1354960.257918031 
 12/27  14:00:00,41922418.70837686,1354960.257918031 
 12/27  15:00:00,42820615.37326513,1354960.257918031 
 12/27  16:00:00,41024224.0581045,1354960.257918031 
 12/27  17:00:00,37433146.06604592,1354960.257918031 
 12/27  18:00:00,37442035.88871121,1354960.257918031 
 12/27  19:00:00,23067392.01379476,1354960.257918031 
 12/27  20:00:00,12309871.207629992,1354960.257918031 
 12/27  21:00:00,7114960.257918031,1354960.257918031 
 12/27  22:00:00,3064960.257918031,1354960.257918031 
 12/27  23:00:00,3064960.257918031,1354960.257918031 
 12/27  24:00:00,3064960.257918031,1354960.257918031 
 12/28  01:00:00,6304960.257918031,1354960.257918031 
 12/28  02:00:00,6304960.257918031,1354960.257918031 
 12/28  03:00:00,6304960.257918031,1354960.257918031 
 12/28  04:00:00,6304968.29271696,1354960.257918031 
 12/28  05:00:00,6305173.196970704,1354960.257918031 
 12/28  06:00:00,6305418.577932204,1354960.257918031 
 12/28  07:00:00,6305604.113244787,1354960.257918031 
 12/28  08:00:00,6305881.695093309,1354960.257918031 
 12/28  09:00:00,6306027.045198157,1354960.257918031 
 12/28  10:00:00,6305680.993196711,1354960.257918031 
 12/28  11:00:00,6305169.412944443,1354960.257918031 
 12/28  12:00:00,6304960.257918031,1354960.257918031 
 12/28  13:00:00,6304960.257918031,1354960.257918031 
 12/28  14:00:00,6304960.257918031,1354960.257918031 
 12/28  15:00:00,6304960.257918031,1354960.257918031 
 12/28  16:00:00,6304960.257918031,1354960.257918031 
 12/28  17:00:00,6304960.257918031,1354960.257918031 
 12/28  18:00:00,6304960.257918031,1354960.257918031 
 12/28  19:00:00,6304960.257918031,1354960.257918031 
 12/28  20:00:00,6305140.98618451,1354960.257918031 
 12/28  21:00:00,6306140.765578932,1354960.257918031 
 12/28  22:00:00,6307756.1697883755,1354960.257918031 
 12/28  23:00:00,6310031.963353777,1354960.257918031 
 12/28  24:00:00,6314778.201105414,1354960.257918031 
 12/29  01:00:00,6317623.045611811,1354960.257918031 
 12/29  02:00:00,6320751.336214883,1354960.257918031 
 12/29  03:00:00,6325213.728953384,1354960.257918031 
 12/29  04:00:00,6326633.06274301,1354960.257918031 
 12/29  05:00:00,6331140.760517613,1354960.257918031 
 12/29  06:00:00,6335529.503575242,1354960.257918031 
 12/29  07:00:00,6338667.1604423905,1354960.257918031 
 12/29  08:00:00,6335839.227831978,1354960.257918031 
 12/29  09:00:00,6330480.448819323,1354960.257918031 
 12/29  10:00:00,6324484.6952646915,1354960.257918031 
 12/29  11:00:00,6317494.385990863,1354960.257918031 
 12/29  12:00:00,6309330.86242132,1354960.257918031 
 12/29  13:00:00,6305094.483552469,1354960.257918031 
 12/29  14:00:00,6304960.257918031,1354960.257918031 
 12/29  15:00:00,6304960.257918031,1354960.257918031 
 12/29  16:00:00,6304960.257918031,1354960.257918031 
 12/29  17:00:00,6304960.257918031,1354960.257918031 
 12/29  18:00:00,6304960.257918031,1354960.257918031 
 12/29  19:00:00,6305168.38675378,1354960.257918031 
 12/29  20:00:00,6306495.857928822,1354960.257918031 
 12/29  21:00:00,6309880.577554283,1354960.257918031 
 12/29  22:00:00,6314892.669972167,1354960.257918031 
 12/29  23:00:00,6319626.187041117,1354960.257918031 
 12/29  24:00:00,6321780.694298954,1354960.257918031 
 12/30  01:00:00,3091427.8365157456,1354960.257918031 
 12/30  02:00:00,3098107.570138598,1354960.257918031 
 12/30  03:00:00,3101710.093137687,1354960.257918031 
 12/30  04:00:00,3103396.6220008223,1354960.257918031 
 12/30  05:00:00,3103118.8557371236,1354960.257918031 
 12/30  06:00:00,3102994.8667870685,1354960.257918031 
 12/30  07:00:00,3613548.207527157,1354960.257918031 
 12/30  08:00:00,3611942.621097013,1354960.257918031 
 12/30  09:00:00,33144699.783378012,1354960.257918031 
 12/30  10:00:00,43380027.65180853,1354960.257918031 
 12/30  11:00:00,44683152.11699425,1354960.257918031 
 12/30  12:00:00,43310057.94946876,1354960.257918031 
 12/30  13:00:00,39257273.16134262,1354960.257918031 
 12/30  14:00:00,41945702.30252445,1354960.257918031 
 12/30  15:00:00,42839751.589094415,1354960.257918031 
 12/30  16:00:00,41038621.55807254,1354960.257918031 
 12/30  17:00:00,37441872.75946799,1354960.257918031 
 12/30  18:00:00,37443634.6175084,1354960.257918031 
 12/30  19:00:00,23068467.93515662,1354960.257918031 
 12/30  20:00:00,12322702.235733774,1354960.257918031 
 12/30  21:00:00,7114960.257918031,1354960.257918031 
 12/30  22:00:00,3064960.257918031,1354960.257918031 
 12/30  23:00:00,3064960.257918031,1354960.257918031 
 12/30  24:00:00,3064960.257918031,1354960.257918031 
 12/31  01:00:00,3064960.257918031,1354960.257918031 
 12/31  02:00:00,3064960.257918031,1354960.257918031 
 12/31  03:00:00,3064960.257918031,1354960.257918031 
 12/31  04:00:00,3064960.257918031,1354960.257918031 
 12/31  05:00:00,3064960.257918031,1354960.257918031 
 12/31  06:00:00,3064960.257918031,1354960.257918031 
 12/31  07:00:00,3477840.1005413528,1354960.257918031 
 12/31  08:00:00,3373346.3204041575,1354960.257918031 
 12/31  09:00:00,32951538.503622122,1354960.257918031 
 12/31  10:00:00,43272717.381899476,1354960.257918031 
 12/31  11:00:00,44613969.143356405,1354960.257918031 
 12/31  12:00:00,43263237.282168224,1354960.257918031 
 12/31  13:00:00,39216939.3624139,1354960.257918031 
 12/31  14:00:00,41913032.624636754,1354960.257918031 
 12/31  15:00:00,42812545.06846923,1354960.257918031 
 12/31  16:00:00,41014791.856234215,1354960.257918031 
 12/31  17:00:00,37421231.84320481,1354960.257918031 
 12/31  18:00:00,37423755.302498266,1354960.257918031 
 12/31  19:00:00,23044753.045434117,1354960.257918031 
 12/31  20:00:00,12299450.402792307,1354960.257918031 
 12/31  21:00:00,7114960.257918031,1354960.257918031 
 12/31  22:00:00,3064960.257918031,1354960.257918031 
 12/31  23:00:00,3064960.257918031,1354960.257918031 
 12/31  24:00:00,3064960.257918031,1354960.257918031,11952597928.39716,10895940000.0,6855300000.0,1010129826.391265,46528102.00567003,14138658458.019152,14138658458.019152,154067723255.65515,128936070000.0,81238950000.0,8600702218.625708,16530951037.013216,69423506862.0429,69423506862.0429,6855300000.0,81238950000.0,10895940000.0,128936070000.0,4040640000.0,47697120000.0 
