Date/Time,Environment:Site Outdoor Air Drybulb Temperature [C](Hourly),SPACE1-1:Zone People Occupant Count [](Hourly),SPACE2-1:Zone People Occupant Count [](Hourly),SPACE3-1:Zone People Occupant Count [](Hourly),SPACE4-1:Zone People Occupant Count [](Hourly),SPACE5-1:Zone People Occupant Count [](Hourly),PLENUM-1:Zone Mean Air Temperature [C](Hourly),PLENUM-1:Zone Mean Air Dewpoint Temperature [C](Hourly),SPACE1-1:Zone Mean Air Temperature [C](Hourly),SPACE1-1:Zone Mean Air Dewpoint Temperature [C](Hourly),SPACE2-1:Zone Mean Air Temperature [C](Hourly),SPACE2-1:Zone Mean Air Dewpoint Temperature [C](Hourly),SPACE3-1:Zone Mean Air Temperature [C](Hourly),SPACE3-1:Zone Mean Air Dewpoint Temperature [C](Hourly),SPACE4-1:Zone Mean Air Temperature [C](Hourly),SPACE4-1:Zone Mean Air Dewpoint Temperature [C](Hourly),SPACE5-1:Zone Mean Air Temperature [C](Hourly),SPACE5-1:Zone Mean Air Dewpoint Temperature [C](Hourly),PLENUM-1:Zone Air Temperature [C](Hourly),PLENUM-1:Zone Air Relative Humidity [%](Hourly),PLENUM-1:Zone Air System Sensible Heating Rate [W](Hourly),PLENUM-1:Zone Air System Sensible Cooling Rate [W](Hourly),SPACE1-1:Zone Air Temperature [C](Hourly),SPACE1-1:Zone Air Relative Humidity [%](Hourly),SPACE1-1:Zone Air System Sensible Heating Rate [W](Hourly),SPACE1-1:Zone Air System Sensible Cooling Rate [W](Hourly),SPACE2-1:Zone Air Temperature [C](Hourly),SPACE2-1:Zone Air Relative Humidity [%](Hourly),SPACE2-1:Zone Air System Sensible Heating Rate [W](Hourly),SPACE2-1:Zone Air System Sensible Cooling Rate [W](Hourly),SPACE3-1:Zone Air Temperature [C](Hourly),SPACE3-1:Zone Air Relative Humidity [%](Hourly),SPACE3-1:Zone Air System Sensible Heating Rate [W](Hourly),SPACE3-1:Zone Air System Sensible Cooling Rate [W](Hourly),SPACE4-1:Zone Air Temperature [C](Hourly),SPACE4-1:Zone Air Relative Humidity [%](Hourly),SPACE4-1:Zone Air System Sensible Heating Rate [W](Hourly),SPACE4-1:Zone Air System Sensible Cooling Rate [W](Hourly),SPACE5-1:Zone Air Temperature [C](Hourly),SPACE5-1:Zone Air Relative Humidity [%](Hourly),SPACE5-1:Zone Air System Sensible Heating Rate [W](Hourly),SPACE5-1:Zone Air System Sensible Cooling Rate [W](Hourly),HOT WATER LOOP:Plant Supply Side Cooling Demand Rate [W](Hourly),HOT WATER LOOP:Plant Supply Side Heating Demand Rate [W](Hourly),CHILLED WATER LOOP:Plant Supply Side Cooling Demand Rate [W](Hourly),CHILLED WATER LOOP:Plant Supply Side Heating Demand Rate [W](Hourly),SPACE1-1 ZONE COIL:Heating Coil Heating Rate [W](Hourly),SPACE2-1 ZONE COIL:Heating Coil Heating Rate [W](Hourly),SPACE3-1 ZONE COIL:Heating Coil Heating Rate [W](Hourly),SPACE4-1 ZONE COIL:Heating Coil Heating Rate [W](Hourly),SPACE5-1 ZONE COIL:Heating Coil Heating Rate [W](Hourly),OA HEATING COIL 1:Heating Coil Heating Rate [W](Hourly),MAIN HEATING COIL 1:Heating Coil Heating Rate [W](Hourly),OA COOLING COIL 1:Cooling Coil Total Cooling Rate [W](Hourly),OA COOLING COIL 1:Cooling Coil Sensible Cooling Rate [W](Hourly),MAIN COOLING COIL 1:Cooling Coil Total Cooling Rate [W](Hourly),MAIN COOLING COIL 1:Cooling Coil Sensible Cooling Rate [W](Hourly),CENTRAL BOILER:Boiler Heating Rate [W](Hourly),CENTRAL BOILER:Boiler NaturalGas Rate [W](Hourly),CENTRAL CHILLER:Chiller Electricity Rate [W](Hourly),CENTRAL CHILLER:Chiller Evaporator Cooling Rate [W](Hourly),CENTRAL CHILLER:Chiller Evaporator Inlet Temperature [C](Hourly),CENTRAL CHILLER:Chiller Evaporator Outlet Temperature [C](Hourly),CENTRAL CHILLER:Chiller Evaporator Mass Flow Rate [kg/s](Hourly),CENTRAL CHILLER:Chiller Condenser Heat Transfer Rate [W](Hourly),HW CIRC PUMP:Pump Outlet Temperature [C](Hourly),HW CIRC PUMP:Pump Mass Flow Rate [kg/s](Hourly),CW CIRC PUMP:Pump Outlet Temperature [C](Hourly),CW CIRC PUMP:Pump Mass Flow Rate [kg/s](Hourly),MIXED AIR NODE 1:System Node Temperature [C](Hourly),MIXED AIR NODE 1:System Node Humidity Ratio [kgWater/kgDryAir](Hourly),MIXED AIR NODE 1:System Node Dewpoint Temperature [C](Hourly),VAV SYS 1 OUTLET NODE:System Node Temperature [C](Hourly),VAV SYS 1 OUTLET NODE:System Node Mass Flow Rate [kg/s](Hourly),VAV SYS 1 OUTLET NODE:System Node Humidity Ratio [kgWater/kgDryAir](Hourly),VAV SYS 1 OUTLET NODE:System Node Setpoint Temperature [C](Hourly),OA HEATING COIL 1 WATER INLET NODE:System Node Temperature [C](Hourly),OA HEATING COIL 1 WATER INLET NODE:System Node Mass Flow Rate [kg/s](Hourly),MAIN HEATING COIL 1 WATER INLET NODE:System Node Mass Flow Rate [kg/s](Hourly),MAIN COOLING COIL 1 WATER INLET NODE:System Node Mass Flow Rate [kg/s](Hourly),OA COOLING COIL 1 WATER INLET NODE:System Node Temperature [C](Hourly),OA COOLING COIL 1 WATER INLET NODE:System Node Mass Flow Rate [kg/s](Hourly),OA MIXING BOX 1 INLET NODE:System Node Temperature [C](Hourly),OA MIXING BOX 1 INLET NODE:System Node Mass Flow Rate [kg/s](Hourly),OA MIXING BOX 1 INLET NODE:System Node Humidity Ratio [kgWater/kgDryAir](Hourly),OA MIXING BOX 1 INLET NODE:System Node Setpoint Temperature [C](Hourly),OA HEATING COIL 1 AIR OUTLET NODE:System Node Temperature [C](Hourly),OA HEATING COIL 1 AIR OUTLET NODE:System Node Mass Flow Rate [kg/s](Hourly),OA HEATING COIL 1 AIR OUTLET NODE:System Node Humidity Ratio [kgWater/kgDryAir](Hourly),OA HEATING COIL 1 AIR OUTLET NODE:System Node Setpoint Temperature [C](Hourly),Electricity:Facility [J](Hourly),Electricity:HVAC [J](Hourly) 
 01/01  01:00:00,-8.2625,0.0,0.0,0.0,0.0,0.0,16.948463365851218,-1.0038161650176254,17.997588031482437,-1.2205044336252686,17.998580830738504,-1.1485930196805023,17.997179260331237,-1.2271742174894722,17.999829663946745,-1.141790899141728,19.19940419115584,-1.0323897969196827,16.948463365851218,29.120397869492614,557.6052985742217,0.0,17.997588031482437,26.76748080012125,720.3416422065536,0.0,17.998580830738504,26.926179677524974,215.34889154142024,0.0,17.997179260331237,26.753347969420403,685.1500698849078,0.0,17.999829663946745,26.93927267076842,215.3175411971859,0.0,19.19940419115584,25.21765939528599,0.0,123.36014763445093,0.0,1399.5836608772424,0.0,0.0,749.0663095499918,239.61413403029437,712.3155659432646,242.18538887493042,0.0,0.0,0.0,0.0,0.0,0.0,0.0,1399.5836608772424,1749.4795760965528,0.0,0.0,7.22,7.22,0.0,0.0,53.49399971416901,0.011430646074464618,7.22,0.0,16.632244584132607,0.0035238651092321317,-1.0685446054915082,17.636656154056052,0.3705044250126874,0.0035238651092321317,16.0,82.0,0.0,0.0,0.0,7.22,0.0,-8.2625,0.00621144618492455,0.001422288734241492,11.5,-8.2625,0.00621144618492455,0.001422288734241492,4.5,3075615.256267583,1354960.257918031 
 01/01  02:00:00,-11.8875,0.0,0.0,0.0,0.0,0.0,16.514521053133915,-1.3247358163479495,17.999961314076117,-1.5692402576383708,17.99996995008631,-1.4833602435350695,18.00043645486908,-1.5781139329139307,18.00049664027144,-1.4733675734773053,18.973390902931396,-1.545897106680846,16.514521053133915,29.146909309330645,712.0740532043931,0.0,17.999961314076117,25.998440320902557,983.5689703580133,0.0,17.99996995008631,26.184969235311154,350.1298353089865,0.0,18.00043645486908,25.978472554356426,937.8155017611821,0.0,18.00049664027144,26.205909086147184,350.1782119919777,0.0,18.973390902931396,24.507296104470274,0.0,143.3373363052425,0.0,2751.2913522558847,0.0,0.0,1050.6239262855156,406.6373409258966,1001.3369681512665,412.5700648926697,0.0,0.0,0.0,0.0,0.0,0.0,0.0,2751.2913522558847,3439.114190319856,0.0,0.0,7.22,7.22,0.0,0.0,46.24961676587535,0.018389532063902335,7.22,0.0,16.152458812820665,0.003428479122186288,-1.366949808062183,17.157046509637507,0.3705044250126874,0.003428479122186288,16.0,82.0,0.0,0.0,0.0,7.22,0.0,-11.8875,0.00621144618492455,0.0010028609043981412,11.5,-11.8875,0.00621144618492455,0.0010028609043981412,4.5,3082050.6854387373,1354960.257918031 
 01/01  03:00:00,-11.325,0.0,0.0,0.0,0.0,0.0,16.034908591119724,-1.7300052705166478,17.99947905739131,-1.9339060885384076,17.999288817506994,-1.8503775411473717,18.00019977776533,-1.9434957337777687,17.999751357755176,-1.8416287668244178,18.841317104017932,-2.0032169716615043,16.034908591119724,29.054632476793156,879.5115569516724,0.0,17.99947905739131,25.220088463319414,1059.7197269806443,0.0,17.999288817506994,25.396998622266047,395.73182106526957,0.0,18.00019977776533,25.198742799611956,1013.7404218656096,0.0,17.999751357755176,25.414835385654634,395.6542762371257,0.0,18.841317104017932,23.785032915863386,0.0,168.81103219524584,0.0,3249.1779594596583,0.0,0.0,1162.9020703089463,482.69673779900194,1111.4833029446563,491.65107196503334,0.0,0.0,0.0,0.0,0.0,0.0,0.0,3249.1779594596583,4061.4724493245726,0.0,0.0,7.22,7.22,0.0,0.0,45.81824448519319,0.021485432658686705,7.22,0.0,15.696842925429184,0.003315333235683851,-1.7705857483704812,16.70163961978282,0.3705044250126874,0.003315333235683851,16.0,82.0,0.0,0.0,0.0,7.22,0.0,-11.325,0.00621144618492455,0.0010552609473343869,11.5,-11.325,0.00621144618492455,0.0010552609473343869,4.5,3084924.4432354853,1354960.257918031 
 01/01  04:00:00,-11.1,0.0,0.0,0.0,0.0,0.0,15.596856851045292,-2.09341882431068,18.000325735903385,-2.2770950394869236,17.9997994669475,-2.2107610526953243,18.000782135156534,-2.2855041728073466,17.9997659210221,-2.2042456086483844,18.72124441268894,-2.381586368919608,15.596856851045292,28.98726014459346,1034.7693347179602,0.0,18.000325735903385,24.505224234707242,1138.683756556783,0.0,17.9997994669475,24.64257461279105,435.18306251021994,0.0,18.000782135156534,24.487273473947056,1092.7416167604083,0.0,17.9997659210221,24.65606251693096,434.78710055845374,0.0,18.72124441268894,23.217108347342887,0.0,194.50878437519287,0.0,3645.3183896054643,0.0,0.0,1277.3568509886982,552.0654083870463,1224.0635316723,563.76136101029,0.0,0.0,0.0,0.0,0.0,0.0,0.0,3645.3183896054643,4556.647987006831,0.0,0.0,7.22,7.22,0.0,0.0,46.71945866124135,0.02472704585418661,7.22,0.0,15.250402808117823,0.0032151471333195644,-2.14034264488668,16.25538463338573,0.3705044250126874,0.0032151471333195644,16.0,82.0,0.0,0.0,0.0,7.22,0.0,-11.1,0.00621144618492455,0.001077079816545153,11.5,-11.1,0.00621144618492455,0.001077079816545153,4.5,3087945.854236033,1354960.257918031 
 01/01  05:00:00,-10.7875,0.0,0.0,0.0,0.0,0.0,15.252596997364614,-2.4632373477667278,17.999612278116796,-2.65373189705313,18.00004599523783,-2.5848387601335,17.999998219938313,-2.6619848189768183,18.000521135739938,-2.5771307485311707,18.60497550746477,-2.7816093060316165,15.252596997364614,28.731247014641745,1153.326897355409,0.0,17.999612278116796,23.74433915310184,1192.3734697956663,0.0,18.00004599523783,23.881418233966787,460.57625656371437,0.0,17.999998219938313,23.72732369656764,1145.4599024473514,0.0,18.000521135739938,23.896147979486557,460.87134042078713,0.0,18.60497550746477,22.61462021377971,0.0,205.11959185283035,0.0,3884.0485911755413,0.0,0.0,1350.9374137831967,594.2931042941335,1295.6072500364617,608.4592200355348,0.0,0.0,39.40639620055347,0.0,0.0,0.0,0.0,3884.0485911755413,4855.060738969427,0.0,0.0,7.22,7.22,0.0,0.0,47.69218240141248,0.027082001208292246,7.22,0.0,14.893702940876809,0.0031198458333979344,-2.4977625484593107,16.004104074874164,0.3705044250126874,0.0031198458333979344,16.0,82.0,0.0,0.0002026400453089103,0.0,7.22,0.0,-10.7875,0.00621144618492455,0.0011077366177627828,11.5,-10.7875,0.00621144618492455,0.0011077366177627828,4.5,3090145.702573479,1354960.257918031 
 01/01  06:00:00,-10.6,0.0,0.0,0.0,0.0,0.0,14.996593929153216,-2.837639976516334,18.000242338747316,-3.0190323314892393,17.99951374464366,-2.9502416650574803,18.000498987290324,-3.0272626469114643,17.999670262950787,-2.9427460295163232,18.540290169510378,-3.1604160286866554,14.996593929153216,28.304389523328446,1243.2171419288495,0.0,18.000242338747316,23.025023338255387,1217.6542302226012,0.0,17.99951374464366,23.159829779495276,472.00326124391813,0.0,18.000498987290324,23.008689281741034,1170.074632852756,0.0,17.999670262950787,23.1742293004157,472.2980756113174,0.0,18.540290169510378,21.993746803375466,0.0,200.3096730300669,0.0,4055.7657127645116,0.0,0.0,1376.5668486313677,605.9374364236548,1320.542324551581,620.1023352374027,0.0,0.0,138.56914256045005,0.0,0.0,0.0,0.0,4055.7657127645116,5069.707140955639,0.0,0.0,7.22,7.22,0.0,0.0,48.01719621207158,0.02854992847121867,7.22,0.0,14.624477498001093,0.0030229873325994306,-2.8713298818592823,15.999947630298053,0.3705044250126874,0.0030229873325994306,16.0,82.0,0.0,0.000780435561646976,0.0,7.22,0.0,-10.6,0.00621144618492455,0.0011263833763957194,11.5,-10.6,0.00621144618492455,0.0011263833763957194,4.5,3091514.678384556,1354960.257918031 
 01/01  07:00:00,-10.6,0.0,0.0,0.0,0.0,0.0,14.811610505150629,-4.103891463005752,18.00223859781331,-5.835627622853737,18.003112848956793,-7.297024267775063,18.001777782095672,-5.7385835402679355,18.002516348388763,-7.5410818102171016,18.46875207525124,-4.9755879628753314,14.811610505150629,25.806976111043966,1307.4135441085366,0.0,18.00223859781331,18.225887171555744,1264.12368760363,0.0,18.003112848956793,16.17559000651506,492.7017351343459,0.0,18.001777782095672,18.371123959986598,1215.1873356877315,0.0,18.002516348388763,15.854734949805621,492.17434505895653,0.0,18.46875207525124,18.983645564604128,0.0,204.65240695812867,0.0,14116.126926091833,0.0,0.0,1430.1525383603414,634.1497214500356,1372.2677152986532,648.3358988749092,0.0,4722.156916899633,3242.2667996424493,0.0,0.0,0.0,0.0,14116.126926091833,17645.15865761479,0.0,0.0,7.22,7.22,0.0,0.0,64.06563559311181,0.18580082470856768,7.22,0.0,6.178142857300635,0.0014421246263336238,-11.361663688585468,15.872042107807257,0.3705044250126874,0.0014421246263336238,16.0,82.0,0.08536536172363601,0.06963364876232289,0.0,7.22,0.0,4.498914999058848,0.31057230924622753,0.0011650308833787495,11.5,4.498914999058848,0.31057230924622753,0.0011650308833787495,4.5,3239142.557934094,1354960.257918031 
 01/01  08:00:00,-10.225,0.0,0.0,0.0,0.0,0.0,14.683628573282654,-8.182497259446404,18.000822792343364,-9.463074986667102,17.99983314473895,-11.138051217976807,18.00054393743686,-9.300279498242661,18.00094033803895,-11.298289581477713,18.440044764480916,-7.6896141643115135,14.683628573282654,18.313474911020403,1349.353870634805,0.0,18.000822792343364,13.225313031092288,1203.1898343827497,0.0,17.99983314473895,11.383349683402173,283.45570153958477,13.344636030832532,18.00054393743686,13.417479775792664,1165.5881948021574,0.0,18.00094033803895,11.218446972344234,471.2390124760388,0.0,18.440044764480916,15.02926504762666,0.0,192.13040883055203,0.0,11535.795198747042,0.0,0.0,1360.6509043450374,403.5788589418244,1314.5596691152014,618.5959141972986,0.0,4605.807304010102,3298.4968236068485,0.0,0.0,0.0,0.0,11535.795198747042,14419.743998433802,0.0,0.0,7.22,7.22,0.0,0.0,65.80618680724481,0.17004353817460796,7.22,0.0,6.153661538851873,0.0013680222295366566,-11.947932133371435,15.999540381076578,0.3705044250126874,0.0013680222295366566,16.0,82.0,0.07638120315182009,0.06774008014054253,0.0,7.22,0.0,4.500164371539584,0.31057230924622753,0.001228779734699374,11.5,4.500164371539584,0.31057230924622753,0.001228779734699374,4.5,3224542.132227914,1354960.257918031 
 01/01  09:00:00,-9.3125,11.0,5.0,11.0,5.0,20.0,15.675840416989983,-9.161064142437999,20.600994347376655,-8.21334922555388,21.154735311137777,-9.148788708889246,20.568224213925756,-8.088730581333557,20.654984956640533,-9.428751533023439,21.15978921221585,-6.424837206253883,15.675840416989983,15.717305106048684,3203.4893656254962,0.0,20.600994347376655,12.54544130331536,1952.2830356746547,42.03927032532641,21.154735311137777,11.175103299028049,270.4446111177938,94.21261568479014,20.568224213925756,12.707443617574004,1974.8806593242275,39.785002179301934,20.654984956640533,11.237582940998776,955.7435835239006,38.130795374110505,21.15978921221585,14.163163236315885,987.1524281503018,65.80628934217606,0.0,15055.227533782401,0.0,0.0,2272.609931709528,520.3344490872302,2275.4754785531522,1259.985489619182,1325.5671363841332,4320.608877688528,3248.2854329624906,0.0,0.0,0.0,0.0,15055.227533782401,18819.034417228,0.0,0.0,7.219999999999999,7.219999999999999,0.0,0.0,68.07513079589987,0.27553874442657184,7.219999999999999,0.0,6.288415998702709,0.0013427635965289322,-12.153487829206606,16.00022062207506,0.3705044250126874,0.0013427635965289322,16.0,82.0,0.06614912791730593,0.064837470161128,0.0,7.219999999999999,0.0,4.499884156765203,0.31057230924622753,0.001266980042480877,11.5,4.499884156765203,0.31057230924622753,0.001266980042480877,4.5,33114017.996681273,1354960.257918031 
 01/01  10:00:00,-7.525,11.0,5.0,11.0,5.0,20.0,17.027633721949865,-5.992275108951926,22.001637000759608,-4.3120795473468885,22.81552578838146,-5.8498122645242745,22.001869105689863,-4.1560469096010895,22.002626437582265,-6.312336327933958,22.23268063875741,-2.433689976555813,17.027633721949865,19.048899039646358,3335.150168100119,0.0,22.001637000759608,16.14310905998625,540.2692346579374,0.0,22.81552578838146,13.443020624888572,0.0,455.9243278366346,22.001869105689863,16.360124181033235,919.9240463935589,0.0,22.002626437582265,13.58135109020921,408.3914010322701,0.0,22.23268063875741,18.650890930579195,0.0,491.5343331725413,0.0,10071.726355282097,0.0,0.0,1014.56643152193,0.0,1367.9957366468634,850.2332135435679,0.0,3761.636829700297,3169.9431183137785,0.0,0.0,0.0,0.0,10071.726355282097,12589.65794410262,0.0,0.0,7.22,7.22,0.0,0.0,64.0363833984472,0.13403638969687506,7.22,0.0,6.4998210175249405,0.0014428434729688144,-11.360258563857847,15.999965985172981,0.3705044250126874,0.0014428434729688144,16.0,82.0,0.049690424920217066,0.060555132978423,0.0,7.22,0.0,4.499784997130448,0.31057230924622753,0.00129622204152932,11.5,4.499784997130448,0.31057230924622753,0.00129622204152932,4.5,43330627.14902049,1354960.257918031 
 01/01  11:00:00,-5.6375,11.0,5.0,11.0,5.0,20.0,18.184514278734877,-3.187541552644346,22.109901474247685,-2.226168294236956,24.079447231262883,-3.8647466276782665,22.00176550761985,-2.013575082136553,22.001072186912765,-4.9138431666938205,22.819375555165877,0.3210007628993394,18.184514278734877,22.442762147716657,3111.4229018738656,0.0,22.109901474247685,19.086590216326194,0.0,406.95677648728497,24.079447231262883,14.759427780438752,0.0,540.877270739288,22.00176550761985,19.562164545362375,294.92572157153785,0.0,22.001072186912765,15.309125933564697,97.98834456736262,0.0,22.819375555165877,22.489017999144156,0.0,538.5605378098234,0.0,7611.845281647695,0.0,0.0,78.23412852044606,0.0,744.3362224612756,540.3364131697181,0.0,3172.2756873384374,3104.495985658679,0.0,0.0,0.0,0.0,7611.845281647695,9514.806602059616,0.0,0.0,7.22,7.22,0.0,0.0,64.16527778749969,0.10187784845600475,7.22,0.0,6.67947266941581,0.0016992720906178398,-9.545086716030024,15.999886288869085,0.3705044250126874,0.0016992720906178398,16.0,82.0,0.03632240484374373,0.057251795113261096,0.0,7.22,0.0,4.4999481415241185,0.31057230924622753,0.0014777506762901483,11.5,4.4999481415241185,0.31057230924622753,0.0014777506762901483,4.5,44650482.01750573,1354960.257918031 
 01/01  12:00:00,-3.9375,8.8,4.0,8.8,4.0,16.0,19.21339946291661,-1.7669756871132996,22.698542278724577,-1.3587249050074917,24.081483750300148,-2.9244644718131902,22.001745699252243,-1.2442104933606664,22.001823354271945,-4.15446760397717,23.11205503284386,1.7521916800461999,19.21339946291661,23.70173606724595,2744.294851089585,0.0,22.698542278724577,19.791328158863013,0.0,532.4357739110512,24.081483750300148,15.973409826239022,0.0,541.2964084689752,22.001745699252243,20.846002550063368,41.55748988498692,35.37698993118994,22.001823354271945,16.324907555380456,4.824287407430461,47.27470325591071,23.11205503284386,24.51179055212132,0.0,562.1844282417851,0.0,6487.124607504809,0.0,0.0,0.0,0.0,456.60657601991977,400.3855931113398,0.0,2641.2228068263266,3044.4101129898218,0.0,0.0,0.0,0.0,6487.124607504809,8108.905759381011,0.0,0.0,7.22,7.22,0.0,0.0,64.01460652558757,0.08614831193015932,7.22,0.0,6.845169963424562,0.001985173500692674,-7.785692228526794,15.9998692617992,0.3705044250126874,0.001985173500692674,16.0,82.0,0.026919137849668106,0.054413154002815545,0.0,7.22,0.0,4.498800373678507,0.31057230924622753,0.0017410107165209384,11.5,4.498800373678507,0.31057230924622753,0.0017410107165209384,4.5,43285727.59328993,1354960.257918031 
 01/01  13:00:00,-2.6125,4.4,2.0,4.4,2.0,8.0,19.927079075327125,-1.6442665291561904,22.44866475359809,-1.9494162805782018,22.874112112961576,-3.737247299581554,22.001154629011044,-1.9437117588919657,22.000845593280076,-4.512740900046985,22.948974059487334,1.157322483642125,19.927079075327125,22.91669192335747,2171.3898018769914,0.0,22.44866475359809,19.132149414033975,0.0,512.45369847281,22.874112112961576,16.0387881938015,0.0,460.2833110866543,22.001154629011044,19.674874023388096,122.35825741851781,0.0,22.000845593280076,15.83720968439625,6.462033036247959,5.366415416263806,22.948974059487334,23.72734636857227,0.0,549.1855021008035,0.0,6165.657698566769,0.0,0.0,0.0,0.0,572.6367828193454,443.9356115669442,0.0,2227.4814128555236,2993.153129377456,0.0,0.0,0.0,0.0,6165.657698566769,7707.072123208461,0.0,0.0,7.22,7.22,0.0,0.0,63.30388079642127,0.0787784690584777,7.22,0.0,6.986019767425965,0.002181615634152667,-6.709558968906609,16.000276826312003,0.3705044250126874,0.002181615634152667,16.0,82.0,0.020792467518345622,0.05211932004365772,0.0,7.22,0.0,4.4995262928657525,0.31057230924622753,0.001948700000298672,11.5,4.4995262928657525,0.31057230924622753,0.001948700000298672,4.5,39228789.24209941,1354960.257918031 
 01/01  14:00:00,-1.5125000000000002,8.8,4.0,8.8,4.0,16.0,20.477858765698237,-2.0482568685241507,22.487215699624027,-1.458335801811124,22.256612897399584,-3.104155711583231,22.001112315271996,-1.4602893893309135,21.99983031878174,-3.4947218163907983,23.36957741694912,1.4412869525981882,20.477858765698237,21.406772123089638,2071.6877444568613,0.0,22.487215699624027,19.895129136101577,0.0,515.5005737797723,22.256612897399584,17.583084455067425,0.0,418.9413733048299,22.001112315271996,20.49022489092721,0.0,279.5097171559264,21.99983031878174,17.277723272584996,0.0,179.6956027825429,23.36957741694912,23.60794322815469,0.0,582.3437359046195,0.0,5282.255190760096,0.0,0.0,0.0,0.0,171.62654539907098,263.3040824154284,0.0,1883.5177190628024,2963.347064697007,0.0,0.0,0.0,0.0,5282.255190760096,6602.818988450119,0.0,0.0,7.22,7.22,0.0,0.0,63.84498481324521,0.06946944629397461,7.22,0.0,7.0675129586140395,0.0022774407391807543,-6.217670495555016,16.000454642111414,0.3705044250126874,0.0022774407391807543,16.0,82.0,0.016382619225051766,0.050839609974964395,0.0,7.22,0.0,4.499675823046864,0.31057230924622753,0.0020948187498149016,11.5,4.499675823046864,0.31057230924622753,0.0020948187498149016,4.5,41920084.20868848,1354960.257918031 
 01/01  15:00:00,-1.1,11.0,5.0,11.0,5.0,20.0,20.948556018271027,-0.5818405201021352,22.680032605831922,0.44646602548187403,22.007129182754667,-1.6790721249418032,22.00071933748349,0.3472322368709322,22.001659514268788,-2.001254300754133,23.80255177226151,3.67733313773098,20.948556018271027,23.497036252754462,2080.001684067297,0.0,22.680032605831922,22.900545022305778,0.0,531.2750995609754,22.007129182754667,20.106084929442225,0.0,363.50448501406623,22.00071933748349,23.693104069303523,0.0,392.38718951132046,22.001659514268788,19.579536499432095,0.0,247.70938915097912,23.80255177226151,26.977364704907735,0.0,617.2336420933311,0.0,4948.229383373509,0.0,0.0,0.0,38.898870621232696,59.24547423971646,195.65878926576835,0.0,1754.4701886075504,2934.4460214093974,0.0,0.0,0.0,0.0,4948.229383373509,6185.286729216886,0.0,0.0,7.22,7.22,0.0,0.0,64.0781187070654,0.06593573209465246,7.22,0.0,7.148045056173465,0.002424253855822797,-5.495370687781517,16.001289560002213,0.3705044250126874,0.002424253855822797,16.0,81.99587972983595,0.014842180165718226,0.049633469901961796,0.0,7.22,0.0,4.49907429360683,0.31057230924622753,0.002207661719883767,11.5,4.49907429360683,0.31057230924622753,0.002207661719883767,4.5,42816779.60927428,1354960.257918031 
 01/01  16:00:00,-1.1,11.0,5.0,11.0,5.0,20.0,21.22152280491139,1.1339127335157677,22.42654076387881,1.9734114862199736,22.001149092093325,-0.7146622898823926,22.00074726177434,1.8270553316114415,22.000935889288055,-1.0151240827291053,23.95688928308416,5.714685764663552,21.22152280491139,26.317125151213556,1985.8234609519225,0.0,22.42654076387881,25.969684153241808,0.0,511.6221692031908,22.001149092093325,21.786245548686974,0.0,246.5235548652288,22.00074726177434,26.36991440596713,0.0,281.56946924653954,22.000935889288055,21.250786547674632,0.0,218.3870167178,23.95688928308416,30.809882482339958,0.0,630.4019822209334,0.0,5158.788209346519,0.0,0.0,0.0,155.52442282899224,170.12701761792317,225.12262626672936,0.0,1754.84439125789,2914.9245110262978,0.0,0.0,0.0,0.0,5158.788209346519,6448.485261683149,0.0,0.0,7.22,7.22,0.0,0.0,63.46218894075211,0.06646219486997201,7.22,0.0,7.20331955995138,0.0026346623066555437,-4.526714748022204,16.000953090169457,0.3705044250126874,0.0026346623066555437,16.0,82.0,0.01484653316484015,0.048836015855594675,0.0,7.22,0.0,4.498723281993694,0.31057230924622753,0.0023574553578538104,11.5,4.498723281993694,0.31057230924622753,0.0023574553578538104,4.5,41017252.074648336,1354960.257918031 
 01/01  17:00:00,-1.1,11.0,5.0,11.0,5.0,20.0,21.29349144652152,2.373745029297602,22.02426325076476,2.796952212321133,22.00124130829641,-0.0466254481679145,22.001713700254573,2.819696937993158,22.002050286732587,-0.35635066620005673,23.86364057369059,7.188081016749467,21.29349144652152,28.62993906290186,1921.7871146928492,0.0,22.02426325076476,28.21209859637424,0.0,300.32663564430834,22.00124130829641,23.01256228731209,0.0,111.35931004624626,22.001713700254573,28.297523585283177,0.0,77.41273062228976,22.002050286732587,22.43723668859471,0.0,100.04434224296205,23.86364057369059,34.29051652611989,0.0,623.8036291273834,0.0,5755.467228870245,0.0,0.0,178.9432844813423,290.6068819934206,373.90124057290024,343.51754163599685,0.0,1754.971282824556,2907.991214963847,0.0,0.0,0.0,0.0,5755.467228870245,7194.334036087806,0.0,0.0,7.22,7.22,0.0,0.0,62.296364479740646,0.06975984675912367,7.22,0.0,7.2233698321138045,0.0027583952178098095,-3.9861684807413655,16.00047016800463,0.3705044250126874,0.0027583952178098095,16.0,82.0,0.014847984164547459,0.048556097435696104,0.0,7.22,0.0,4.49844645761187,0.31057230924622753,0.002423558657988044,11.5,4.49844645761187,0.31057230924622753,0.002423558657988044,4.5,37420300.74730055,1354960.257918031 
 01/01  18:00:00,-1.4749999999999999,11.0,5.0,11.0,5.0,20.0,21.257367645887676,3.1564824020003037,22.001428876471035,3.202123825049101,22.001539224297424,0.2725314126753698,22.00167435672456,3.409062130383719,22.001239287670032,-0.0827471571033824,23.835079067288063,8.189822807684997,21.257367645887676,30.33024767222343,1923.123223481391,0.0,22.001428876471035,29.07282470427023,0.0,81.56549601093928,22.001539224297424,23.56991143386217,0.0,68.93409291437467,22.00167435672456,29.501312987845033,0.0,37.13442321637888,22.001239287670032,22.94957086155891,0.0,62.83474235768006,23.835079067288063,36.77309980607442,0.0,622.1830417673431,0.0,6245.575765848527,0.0,0.0,395.2566484564543,333.07065458625027,414.1491390348433,380.7095694404387,0.0,1872.835664820093,2908.2414335893022,0.0,0.0,0.0,0.0,6245.575765848527,7806.969707310658,0.0,0.0,7.22,7.22,0.0,0.0,61.59261893138752,0.07310561079709715,7.22,0.0,7.222427180468924,0.002797295078003478,-3.8215464296205415,15.999567697752681,0.3705044250126874,0.002797295078003478,16.0,82.0,0.016240734145573296,0.04856508737950488,0.0,7.22,0.0,4.499559976784234,0.31057230924622753,0.0024127773572044653,11.5,4.499559976784234,0.31057230924622753,0.0024127773572044653,4.5,37423408.14604987,1354960.257918031 
 01/01  19:00:00,-2.0125,5.5,2.5,5.5,2.5,10.0,20.653956768466607,3.0337951215408068,20.542378825420215,2.0989655071350795,20.400520115923122,-0.8143219234473968,20.55750140152895,2.382365826245869,20.345958458427745,-1.1268894165517387,22.776694241668647,7.497247777349227,20.653956768466607,31.203407108470905,1093.5978230921392,0.0,20.542378825420215,29.3977635364866,0.0,361.8255682769857,20.400520115923122,23.835135994361906,0.0,282.0124890771368,20.55750140152895,29.969878700357782,0.0,343.74045730251845,20.345958458427745,23.30373626543235,0.0,293.05429890410346,22.776694241668647,37.39024985596572,0.0,537.9871963762266,0.0,5115.71405876901,0.0,0.0,0.0,13.080293125237837,0.0,28.46643281041942,0.0,2041.3310269081999,2938.8311099823622,0.0,0.0,0.0,0.0,5115.71405876901,6394.642573461262,0.0,0.0,7.219999999999999,7.219999999999999,0.0,0.0,64.1115419864882,0.06833711560961087,7.219999999999999,0.0,7.14125319936461,0.0028007431607003394,-3.8071680437994204,16.000079890606752,0.3705044250126874,0.0028007431607003394,16.0,81.9860173646816,0.018323320291301733,0.04981752931837757,0.0,7.219999999999999,0.0,4.499675796457002,0.31057230924622753,0.00240461704416355,11.5,4.499675796457002,0.31057230924622753,0.00240461704416355,4.5,23019032.654463544,1354960.257918031 
 01/01  20:00:00,-1.5125000000000002,0.0,0.0,0.0,0.0,0.0,19.717769276164823,0.9992139650777249,20.00129515096732,-0.6722287046228519,20.000398609966933,-2.8500251637759297,20.00161674409855,-0.4139325204079657,20.000256904357446,-3.0390746445575054,21.275371162052725,4.502343820789551,19.717769276164823,28.602698194200247,527.5670385130551,0.0,20.00129515096732,24.739951277505305,505.0431404596052,0.0,20.000398609966933,20.6353770950507,172.26120865097099,0.0,20.00161674409855,25.25657283715298,487.484770916238,0.0,20.000256904357446,20.305839335701897,177.5820720697623,0.0,21.275371162052725,33.34810157866687,0.0,417.90755027375036,0.0,7200.088863269383,0.0,0.0,821.8928574511167,440.0096409661086,787.3896848990037,473.0474280919472,0.0,1884.8616630515771,2994.408452174925,0.0,0.0,0.0,0.0,7200.088863269383,9000.11107908673,0.0,0.0,7.22,7.22,0.0,0.0,61.51844942933303,0.08386321892875345,7.22,0.0,6.992381221123001,0.0027747880517363177,-3.9165432268247646,16.000150763983324,0.3705044250126874,0.0027747880517363177,16.0,82.0,0.016399228971836294,0.05218098630073125,0.0,7.22,0.0,4.499675099231622,0.31057230924622753,0.0024820920825542477,11.5,4.499675099231622,0.31057230924622753,0.0024820920825542477,4.5,12233476.00149208,1354960.257918031 
 01/01  21:00:00,-1.4749999999999999,0.0,0.0,0.0,0.0,0.0,19.060828456746414,-0.9982192565705423,19.998973217922043,-1.5831249813874229,19.998402851013992,-1.9554598788625717,20.000112429881188,-1.4692388586196516,19.997935184484035,-1.90863423303059,20.495071126158145,1.7223208512959545,19.060828456746414,25.50957201775608,699.5594990639324,0.0,19.998973217922043,22.923081089647948,1011.4175926045684,0.0,19.998402851013992,22.243293285243496,401.0981280942437,0.0,20.000112429881188,23.13899353009989,978.0266412312997,0.0,19.997935184484035,22.33341516650686,402.7094689138194,0.0,20.495071126158145,28.70574402340787,0.0,50.27193113921669,0.0,2326.444924898551,0.0,0.0,1022.9641097971189,410.7527019078844,988.9749632941719,413.29431115200083,0.0,0.0,0.0,0.0,0.0,0.0,0.0,2326.444924898551,2908.0561561231893,0.0,0.0,7.22,7.22,0.0,0.0,53.02955997126253,0.01909690239268894,7.22,0.0,18.855025681169717,0.0035945529936419383,-0.8566844314405871,19.859306810267686,0.3705044250126874,0.0035945529936419383,16.0,82.0,0.0,0.0,0.0,7.22,0.0,-1.4749999999999999,0.00621144618492455,0.0025806906051231244,11.5,-1.4749999999999999,0.00621144618492455,0.0025806906051231244,4.5,7132762.408511437,1354960.257918031 
 01/01  22:00:00,-1.3249999999999997,0.0,0.0,0.0,0.0,0.0,18.504397878387902,-0.8255023582029872,19.999461886574657,-1.2400900899833989,19.999278643296353,-1.1460187321645237,19.999391607410924,-1.2112675474843102,20.001019324634925,-1.1168089157407808,20.10832413893289,0.5094943339152392,18.504397878387902,26.79388359654825,651.4823983540186,0.0,19.999461886574657,23.58425100159327,1241.707168041181,0.0,19.999278643296353,23.769805668543704,504.8043969959945,0.0,19.999391607410924,23.64081447632715,1203.419372153728,0.0,20.001019324634925,23.824887590939205,506.01498231098793,0.0,20.10832413893289,26.937537724332437,48.483599988774074,45.968798543666935,0.0,3744.790951466338,0.0,0.0,1297.092928957848,551.37238381087,1255.8276614063352,557.5123551947339,65.86355926321627,0.0,0.0,0.0,0.0,0.0,0.0,3744.790951466338,4680.988689332922,0.0,0.0,7.22,7.22,0.0,0.0,49.17033930677439,0.027318118792163757,7.22,0.0,18.301666862481813,0.0035742256805656645,-0.9242578648208944,19.30598546925484,0.3705044250126874,0.0035742256805656645,16.0,82.0,0.0,0.0,0.0,7.22,0.0,-1.3249999999999997,0.00621144618492455,0.0026276300288774358,11.5,-1.3249999999999997,0.00621144618492455,0.0026276300288774358,4.5,3090382.457080557,1354960.257918031 
 01/01  23:00:00,-1.4749999999999999,0.0,0.0,0.0,0.0,0.0,18.114209959582695,-0.8576529575440228,20.000365696198884,-1.1345556920900979,20.000286233892158,-1.0115825394527183,19.999920670706818,-1.133580660912155,20.00062615520683,-0.9961705325746881,20.000352947617138,-0.28322568709848406,18.114209959582695,27.38385457818184,781.7889561905126,0.0,20.000365696198884,23.790368452337233,1406.4691724254799,0.0,20.000286233892158,24.034560985232112,577.5935405486009,0.0,19.999920670706818,23.79294651241483,1368.1132002313923,0.0,20.00062615520683,24.06480593848855,577.869681343439,0.0,20.000352947617138,25.52960504208438,331.617476644198,0.0,0.0,4706.685373836394,0.0,0.0,1496.1399267048364,653.0860321245832,1452.972708457994,661.1897838058342,420.31512223623906,0.0,0.0,0.0,0.0,0.0,0.0,4706.685373836394,5883.356717295494,0.0,0.0,7.22,7.22,0.0,0.0,50.58350851765984,0.03585071458832872,7.22,0.0,17.870702567897073,0.003584945403688308,-0.8957506212571165,18.875001387223246,0.3705044250126874,0.003584945403688308,16.0,82.0,0.0,0.0,0.0,7.22,0.0,-1.4749999999999999,0.00621144618492455,0.002622238810784213,11.5,-1.4749999999999999,0.00621144618492455,0.002622238810784213,4.5,3098343.928570501,1354960.257918031 
 01/01  24:00:00,-1.7,0.0,0.0,0.0,0.0,0.0,17.830004331675653,-0.9678455108453712,20.00105143974509,-1.157269624409356,19.999959422626937,-1.0670826577404544,19.999839332988923,-1.1633312412334431,20.000741525682912,-1.0588506019486623,20.000198441351834,-0.7577667560437088,17.830004331675653,27.624260735652257,888.4088602050201,0.0,20.00105143974509,23.744552993989135,1478.0086607513945,0.0,19.999959422626937,23.924670819031277,608.9403248645826,0.0,19.999839332988923,23.734382348603795,1440.4182681753991,0.0,20.000741525682912,23.93987068716835,609.5358022437581,0.0,20.000198441351834,24.546606700082343,486.0122955921804,0.0,0.0,5155.22406590808,0.0,0.0,1591.8859539985433,704.8189442823688,1548.1425848820227,715.3894229389559,598.8001817605748,0.0,0.0,0.0,0.0,0.0,0.0,5155.22406590808,6444.030082385099,0.0,0.0,7.22,7.22,0.0,0.0,51.5870119530541,0.0405423043674233,7.22,0.0,17.565846518220575,0.0035559427854302806,-0.997753798004112,18.570198871074666,0.3705044250126874,0.0035559427854302806,16.0,82.0,0.0,0.0,0.0,7.22,0.0,-1.7,0.00621144618492455,0.0024862247596790167,11.5,-1.7,0.00621144618492455,0.0024862247596790167,4.5,3102730.090086166,1354960.257918031 
 01/02  01:00:00,-3.0749999999999997,0.0,0.0,0.0,0.0,0.0,17.393597937077786,-1.107584094237842,18.355546684022606,-1.243269488194314,18.490493305953468,-1.1826009133021933,18.367947576486728,-1.249557154113313,18.485854329204187,-1.1779026442317515,19.58042290870344,-1.0379337329890708,17.393597937077786,28.06914204528882,618.1880258130179,0.0,18.355546684022606,26.12989532111178,9.721854626788684,15.966743694817888,18.490493305953468,26.038575755555335,0.0,23.493051056449588,18.367947576486728,26.096039843299092,2.600635410645168,16.047138536568102,18.485854329204187,26.056275988696058,0.0,25.581068318178424,19.58042290870344,24.615185194601906,0.0,113.69482864331357,0.0,7.819905396833728,0.0,0.0,10.884741249981033,0.0,3.703228550309432,0.0,0.0,0.0,0.0,0.0,0.0,0.0,0.0,7.819905396833728,9.77488174604216,0.0,0.0,7.219999999999999,7.219999999999999,0.0,0.0,51.87391835156208,0.00006194891946477858,7.219999999999999,0.0,17.135641086834134,0.0035108882853970005,-1.1505029553586894,18.140076612851903,0.3705044250126874,0.0035108882853970005,16.0,82.0,0.0,0.0,0.0,7.219999999999999,0.0,-3.0749999999999997,0.00621144618492455,0.002387807960505994,11.5,-3.0749999999999997,0.00621144618492455,0.002387807960505994,4.5,3065017.9764476423,1354960.257918031 
 01/02  02:00:00,-3.2124999999999995,0.0,0.0,0.0,0.0,0.0,16.91287932510024,-1.2564098461993434,17.99995403195515,-1.376790315164499,18.00871012553049,-1.331856931246529,18.000157959824122,-1.3822250963130465,18.007743912790467,-1.3277339079471482,19.27305007542893,-1.2956429055301064,16.91287932510024,28.580464932934532,595.094743988514,0.0,17.99995403195515,26.41763234799079,333.7607856762497,0.0,18.00871012553049,26.501895662802035,70.39596200288327,3.230700324004033,18.000157959824122,26.405349085783023,318.60039704993807,0.0,18.007743912790467,26.512597223227722,70.998391395054,3.4991084567812436,19.27305007542893,24.558948708758862,0.0,125.43011990423048,0.0,637.6861551669806,0.0,0.0,358.89981976271815,88.94437044614199,342.41601138515307,91.4604984931167,0.0,0.0,0.0,0.0,0.0,0.0,0.0,637.6861551669806,797.1076939587256,0.0,0.0,7.22,7.22,0.0,0.0,49.02174135053783,0.004547926307924116,7.22,0.0,16.679333044649745,0.003472696003481854,-1.2814212817153108,17.683839086728817,0.3705044250126874,0.003472696003481854,16.0,81.91460278858193,0.0,0.0,0.0,7.22,0.0,-3.2124999999999995,0.00621144618492455,0.002376891924425182,11.5,-3.2124999999999995,0.00621144618492455,0.002376891924425182,4.5,3069191.152985566,1354960.257918031 
 01/02  03:00:00,-3.1125,0.0,0.0,0.0,0.0,0.0,16.552059626270015,-1.4469372620543954,17.999642710490974,-1.560720110507897,18.00041327929926,-1.5154533161907757,17.99949145709986,-1.5660494444101298,17.999392984715016,-1.510586208110177,19.07351222546171,-1.5595491470656069,16.552059626270015,28.783251496850955,705.1144189703775,0.0,17.999642710490974,26.01676820377892,504.96931237386207,0.0,18.00041327929926,26.113785783251764,171.0974960474087,0.0,17.99949145709986,26.005469250929806,488.79281520698436,0.0,17.999392984715016,26.12604911795448,170.648084612822,0.0,19.07351222546171,24.32626497756862,0.0,139.33416262158227,0.0,1361.0854868479732,0.0,0.0,559.9680869428494,217.51931741255578,540.850720223322,221.79781491042252,0.0,0.0,0.0,0.0,0.0,0.0,0.0,1361.0854868479732,1701.3568585599664,0.0,0.0,7.22,7.22,0.0,0.0,43.60259108003087,0.008457714861536687,7.22,0.0,16.303289661189204,0.0034222412768171815,-1.464024872092159,17.307888875383874,0.3705044250126874,0.0034222412768171815,16.0,82.0,0.0,0.0,0.0,7.22,0.0,-3.1125,0.00621144618492455,0.002321120230738321,11.5,-3.1125,0.00621144618492455,0.002321120230738321,4.5,3072811.5251639755,1354960.257918031 
 01/02  04:00:00,-2.9875,0.0,0.0,0.0,0.0,0.0,16.276870790654733,-1.637179810083627,18.000379490903246,-1.725649117051563,18.000022936375238,-1.6876984762250251,17.999776164034508,-1.730405017559419,17.999605151017263,-1.6839722938879145,18.977292063474323,-1.761965642876687,16.276870790654733,28.831678114799956,799.0751744523807,0.0,18.000379490903246,25.66025587295229,555.5038366922499,0.0,18.000022936375238,25.742196895017337,199.58911955682333,0.0,17.999776164034508,25.65105416729366,538.429272743221,0.0,17.999605151017263,25.750874902889702,199.6913172496861,0.0,18.977292063474323,24.063238546752874,0.0,154.44535452755298,0.0,1715.1374281583685,0.0,0.0,633.4359920485493,265.2775039841637,612.1642535512719,272.14608618537704,0.0,0.0,0.0,0.0,0.0,0.0,0.0,1715.1374281583685,2143.9217851979606,0.0,0.0,7.22,7.22,0.0,0.0,41.05611195008093,0.010019819421566847,7.22,0.0,16.015266189812465,0.003369271173969687,-1.6547897832097584,17.01996323915234,0.3705044250126874,0.003369271173969687,16.0,82.0,0.0,0.0,0.0,7.22,0.0,-2.9875,0.00621144618492455,0.0023466820909273036,11.5,-2.9875,0.00621144618492455,0.0023466820909273036,4.5,3074252.4039192293,1354960.257918031 
 01/02  05:00:00,-1.7374999999999998,0.0,0.0,0.0,0.0,0.0,16.07095020048124,-1.7933028509045612,18.000410585688414,-1.8726786998645553,18.000341018830127,-1.8431363730842731,17.999491512326493,-1.8765441292780418,18.000168392785454,-1.8402061490125012,18.882472654730762,-1.921375768857853,16.07095020048124,28.835122362527393,869.6073260863734,0.0,18.000410585688414,25.347326627425577,576.9190661390602,0.0,18.000341018830127,25.410034409379406,213.39746886876424,0.0,17.999491512326493,25.34061017017565,557.8589160236635,0.0,18.000168392785454,25.4165223047112,213.32964600266376,0.0,18.882472654730762,23.886148220535016,0.0,162.54305063133864,0.0,1895.2016848340343,0.0,0.0,670.5501168560493,292.34624160599867,646.4320690764575,300.4352573800872,0.0,0.0,0.0,0.0,0.0,0.0,0.0,1895.2016848340343,2369.002106042543,0.0,0.0,7.22,7.22,0.0,0.0,40.42454337266073,0.010905337886591477,7.22,0.0,15.817575227132362,0.0033264522032376916,-1.8072743892290806,16.82235137644906,0.3705044250126874,0.0033264522032376916,16.0,82.0,0.0,0.0,0.0,7.22,0.0,-1.7374999999999998,0.00621144618492455,0.002480495553859104,11.5,-1.7374999999999998,0.00621144618492455,0.002480495553859104,4.5,3075071.0645048823,1354960.257918031 
 01/02  06:00:00,-1.1,0.0,0.0,0.0,0.0,0.0,15.93237490259061,-1.954606495930812,17.999882289062132,-2.03439605390874,17.999116264854703,-2.001095120393487,18.00033724821557,-2.0382811242562275,18.000261154687998,-1.9972686157360235,18.80341997270945,-2.0937400228546235,15.93237490259061,28.702428630978485,913.6389006942425,0.0,17.999882289062132,25.007956208283645,571.5299760965953,0.0,17.999116264854703,25.07886733773536,212.10254284316136,0.0,18.00033724821557,24.999117762316295,554.525978451477,0.0,18.000261154687998,25.085085416831483,212.94141613940843,0.0,18.80341997270945,23.661188867703544,0.0,167.5728307716883,0.0,1931.2582756500483,0.0,0.0,676.4775592550936,300.5464795700135,653.9159531403503,310.6220277260028,0.0,0.0,0.0,0.0,0.0,0.0,0.0,1931.2582756500483,2414.0728445625605,0.0,0.0,7.22,7.22,0.0,0.0,40.494851035226006,0.01113170443198566,7.22,0.0,15.67450804161118,0.0032842101247610297,-1.9595377745199782,16.679362237820975,0.3705044250126874,0.0032842101247610297,16.0,82.0,0.0,0.0,0.0,7.22,0.0,-1.1,0.00621144618492455,0.0025370630535899966,11.5,-1.1,0.00621144618492455,0.0025370630535899966,4.5,3075281.2322511654,1354960.257918031 
 01/02  07:00:00,-0.7875000000000001,0.0,0.0,0.0,0.0,0.0,15.858747286730463,-2.4113603957617604,18.000917065660175,-2.9809873396837725,18.000348272088562,-3.4076663195346195,18.000683577518373,-2.9516714792666257,18.000811965868394,-3.476125137532079,18.757641101070437,-2.7176987335316616,15.858747286730463,27.76502810450573,937.5663695956332,0.0,18.000917065660175,23.110855708854377,535.4795060472859,0.0,18.000348272088562,22.306459123353186,196.98686678614695,0.0,18.000683577518373,23.16745362075708,515.6938518134989,0.0,18.000811965868394,22.178749705473038,196.95069765319613,0.0,18.757641101070437,22.52548730615988,0.0,228.91389441408762,0.0,8824.52942726486,0.0,0.0,705.3132761249678,340.41361504451675,676.4473036248132,355.2732852906562,0.0,1657.8350517882418,3182.9516420518053,0.0,0.0,0.0,0.0,8622.695086672564,10778.368858340706,0.0,0.0,7.22,7.22,0.0,0.0,60.24746874775366,0.09519890554734567,7.22,0.0,6.34157583375984,0.002645058960343497,-4.505763115006074,15.855463673434004,0.3705044250126874,0.002645058960343497,16.0,79.80138276410295,0.01458515174444342,0.06805334347654507,0.0,7.22,0.0,4.500000544761288,0.31057230924622753,0.002534054057865244,11.5,4.500000544761288,0.31057230924622753,0.002534054057865244,4.5,3154018.9802439064,1354960.257918031 
 01/02  08:00:00,-0.6,0.0,0.0,0.0,0.0,0.0,15.82566117420626,-3.7102962846635696,18.000120479635086,-4.076226768780413,18.000360148203427,-4.512354037365551,18.001033476029892,-4.032223611278857,18.00047866138082,-4.553085913363428,18.756269912747218,-3.578272246431513,15.82566117420626,24.938460138601968,948.7287141570071,0.0,18.000120479635086,21.05847345295309,493.7515497191976,0.0,18.000360148203427,20.290048479117495,169.616542918346,0.0,18.001033476029892,21.136109217466867,460.3785542266339,0.0,18.00047866138082,20.219397128056343,173.1342857365932,0.0,18.756269912747218,20.948178941457446,0.0,217.29838764596155,0.0,6694.129983416472,0.0,0.0,652.298865264405,303.46426189759285,610.5371971087925,320.84815239083844,0.0,1599.268419504944,3239.397093397868,0.0,0.0,0.0,0.0,6694.129983416472,8367.66247927059,0.0,0.0,7.22,7.22,0.0,0.0,63.821655735418915,0.08794192541680203,7.22,0.0,6.334456940217398,0.0025929186560422045,-4.741406568516021,16.000145451419968,0.3705044250126874,0.0025929186560422045,16.0,81.99979727588382,0.01310111552192964,0.06431153451093156,0.0,7.22,0.0,4.500716224536886,0.31057230924622753,0.002533231373665885,11.5,4.500716224536886,0.31057230924622753,0.002533231373665885,4.5,3147400.2860388122,1354960.257918031 
 01/02  09:00:00,-0.225,11.0,5.0,11.0,5.0,20.0,16.885301422343225,-3.5816805227062622,20.82426363466159,-2.6767908558816083,20.895348834754543,-3.0345647303737264,20.843026732788445,-2.628144305015177,20.877170735489955,-3.0946103351824306,21.289177554952357,-2.034124204648976,16.88530142234323,23.5589957079124,2794.9403849009286,0.0,20.824263634661598,19.901464645174833,1711.3369777913463,48.48919145547815,20.89534883475455,19.233046317640518,763.4875631688031,40.69188497803422,20.843026732788452,19.958891024887947,1605.1894266121212,46.77051771521784,20.877170735489962,19.158715630235076,787.7089373861238,44.218024694805095,21.28917755495236,20.401015390768965,744.7180679145234,119.17260157115388,0.0,11640.158863693283,0.0,0.0,2044.5405539094036,1050.0565313335794,1921.1634129836452,1103.3205935689066,1041.7750256388692,1481.6650073918174,3184.834805808844,0.0,0.0,0.0,0.0,11640.158863693283,14550.198579616603,0.0,0.0,7.220000000000001,7.220000000000001,0.0,0.0,66.30715627860022,0.20240832623208832,7.220000000000001,0.0,6.481221062030702,0.002647287722809916,-4.497189894777238,16.00010709254101,0.37050442501268743,0.002647287722809916,16.000000000000004,81.9999999703895,0.011846447305241863,0.0613606833134725,0.0,7.220000000000001,0.0,4.499949757713836,0.3105723092462276,0.002612816778302697,11.500000000000004,4.499949757713836,0.3105723092462276,0.002612816778302697,4.500000000000001,33045189.663536858,1354960.257918031 
 01/02  10:00:00,0.375,11.0,5.0,11.0,5.0,20.0,18.15583893029552,-1.0200004780297558,22.00211999766524,0.5168808814077924,22.000464236331364,-0.6252184378828073,22.000699507693426,0.6273526765425306,22.00192650831651,-0.8163285437723474,22.542751186088967,1.7071535145025378,18.15583893029552,26.97481877369778,2889.5516272327613,0.0,22.00211999766524,23.99117454537043,421.53923002238275,0.0,22.000464236331364,21.95806431463463,71.21365579473382,33.8688704580739,22.000699507693426,24.19182065690093,260.63758998759386,7.21018463295286,22.00192650831651,21.609461829665435,119.17314985012297,7.258138997693493,22.542751186088967,25.325920984129,0.0,516.9662698038564,0.0,7020.687702259773,0.0,0.0,897.3429628096947,439.05051991711707,704.0367267802283,555.2045345302771,0.0,1293.6944478892533,3113.97105045531,0.0,0.0,0.0,0.0,7020.687702259773,8775.859627824713,0.0,0.0,7.22,7.22,0.0,0.0,62.04510745350229,0.08387518650926748,7.22,0.0,6.673429072467686,0.002793876380885526,-3.8610680591996744,16.000381356624526,0.3705044250126874,0.002793876380885526,16.0,82.0,0.009935667178378241,0.057721587713673556,0.0,7.22,0.0,4.49996879657542,0.31057230924622753,0.0026847964707677387,11.5,4.49996879657542,0.31057230924622753,0.0026847964707677387,4.5,43283509.450257644,1354960.257918031 
 01/02  11:00:00,1.2874999999999999,11.0,5.0,11.0,5.0,20.0,19.080567498282242,1.3552577746502013,22.001133997924473,2.315196760186857,22.000989294911037,0.3032420735314537,22.004699887275624,2.502093883880546,22.000934718027878,0.009739737898877929,23.271682484528796,4.59860276722098,19.080567498282242,30.52135835636037,2683.0555942678693,0.0,22.001133997924473,27.303403591380295,5.492913799778421,139.8447882809598,22.000989294911037,23.62442576864287,0.0,237.21666515620404,22.004699887275624,27.66369191471464,0.0,317.1512321135795,22.000934718027878,23.112848702109964,0.0,171.15946204015648,23.271682484528796,29.707533271178278,0.0,575.7079066339916,0.0,5043.807616470359,0.0,0.0,342.6337340630291,165.1124554806056,135.25251085918217,272.61137866676415,0.0,1007.553333087099,3057.0049688009694,0.0,0.0,0.0,0.0,5043.807616470359,6304.75952058795,0.0,0.0,7.22,7.22,0.0,0.0,64.05491032693922,0.06699967311638456,7.22,0.0,6.827581396665727,0.002934075688029448,-3.291403651613327,15.999940242917628,0.3705044250126874,0.002934075688029448,16.0,79.93348917303892,0.007265357532082649,0.05499856751189611,0.0,7.22,0.0,4.499983281882785,0.31057230924622753,0.002704664276812239,11.5,4.499983281882785,0.31057230924622753,0.002704664276812239,4.5,44617775.18987912,1354960.257918031 
 01/02  12:00:00,1.7,8.8,4.0,8.8,4.0,16.0,19.82802803651817,2.448943244511052,22.00159573170191,2.654901725664007,22.001364055084267,0.3490582222175394,22.084143816366755,2.8896407667604924,22.00089763550611,0.045760387852299717,23.547157738448217,5.868004829593035,19.82802803651817,31.501213814226382,2361.278604822181,0.0,22.00159573170191,27.965475924200806,0.0,365.16911111085227,22.001364055084267,23.70124311579146,0.0,328.4087895391737,22.084143816366755,28.293265552571313,0.0,457.39437681956235,22.00089763550611,23.184739501557047,0.0,270.98078724303355,23.547157738448217,31.903570960717317,0.0,598.2193206256111,0.0,4244.186205247248,0.0,0.0,112.65145440862399,74.16450672635125,1.5734105858206038,173.01801302850444,0.0,878.1949473792315,3008.93631638436,0.0,0.0,0.0,0.0,4244.186205247248,5305.23275655906,0.0,0.0,7.22,7.22,0.0,0.0,65.3140631118151,0.060715311425985755,7.22,0.0,6.958007219877611,0.0030549095393703754,-2.8267004197078824,15.999938854833195,0.3705044250126874,0.0030549095393703754,16.0,78.93259449754923,0.0061249782959863774,0.05281750095420555,0.0,7.22,0.0,4.499738472135839,0.31057230924622753,0.002762455757808991,11.5,4.499738472135839,0.31057230924622753,0.002762455757808991,4.5,43261924.07380452,1354960.257918031 
 01/02  13:00:00,1.7,4.4,2.0,4.4,2.0,8.0,20.356711793268914,2.3605569042134005,22.00065407635413,1.810110710195322,22.001188988373343,-0.3460830713919151,22.03271224595661,2.075092535145842,22.0012363361258,-0.5668164958566009,23.445643829009846,5.496653569495112,20.356711793268914,30.303196608244725,1940.6751119569394,0.0,22.00065407635413,26.339967446319655,0.0,326.028818285088,22.001188988373343,22.45949996298286,0.0,275.06979873600153,22.03271224595661,26.790425347866424,0.0,449.8464824394685,22.0012363361258,22.054069160142852,0.0,226.34149358148494,23.445643829009846,31.28816212247424,0.0,590.1353845066735,0.0,4292.663246747963,0.0,0.0,151.4487412901923,127.29347773998083,5.031257002058687,217.5364344714758,0.0,878.1987438026298,2974.4157513079767,0.0,0.0,0.0,0.0,4292.663246747963,5365.829058434953,0.0,0.0,7.22,7.22,0.0,0.0,64.89957959650289,0.059944155343712315,7.22,0.0,7.052963590250215,0.003167035181386478,-2.41893672948969,16.000846719034737,0.3705044250126874,0.003167035181386478,16.0,79.27988579424095,0.0061249782959863774,0.05131499763104929,0.0,7.22,0.0,4.499132571857306,0.31057230924622753,0.0028824101065350197,11.5,4.499132571857306,0.31057230924622753,0.0028824101065350197,4.5,39211187.591022305,1354960.257918031 
 01/02  14:00:00,0.6375,8.8,4.0,8.8,4.0,16.0,20.91340514571791,1.9199176528758832,22.17529471053246,2.289005317884948,21.99995069247459,0.6610938997754167,22.307211435874223,2.518468243663957,22.000229509683912,0.4942309220672232,23.79811564994814,5.792208568296639,20.91340514571791,28.368227937968296,1919.2580333735705,0.0,22.17529471053246,26.976727052886012,0.0,491.72206082311254,21.99995069247459,24.254764068790806,0.0,363.7695905265336,22.307211435874223,27.201016614163958,0.0,475.52834179553827,22.000229509683912,23.95455442625582,0.0,336.10625289991737,23.79811564994814,31.268107154547074,0.0,617.9697363187463,0.0,4263.592342831002,0.0,0.0,0.0,38.70517907037588,0.0,107.96049818715309,0.0,1212.8990830584617,2945.4327632363734,0.0,0.0,0.0,0.0,4263.592342831002,5329.490428538752,0.0,0.0,7.22,7.22,0.0,0.0,65.03170636796587,0.059981898225477406,7.22,0.0,7.136053812164354,0.0035245053313565588,-1.1692546380672986,16.000719171155268,0.3705044250126874,0.0035245053313565588,16.0,79.96084356175712,0.00918432361421872,0.05009357616710281,0.0,7.22,0.0,4.499980719325123,0.31057230924622753,0.003348390377838611,11.5,4.499980719325123,0.31057230924622753,0.003348390377838611,4.5,41911226.99746761,1354960.257918031 
 01/02  15:00:00,-0.375,11.0,5.0,11.0,5.0,20.0,21.411116360286822,3.5437186097865583,22.232555421326943,4.207015607845509,22.00088973731516,2.5625660080103376,22.322361645091306,4.440829291019162,22.000687389085332,2.3544506873470095,24.044858211389876,7.580422682469761,21.411116360286822,30.889658348586735,1916.990129893288,0.0,22.232555421326943,30.783064444343047,0.0,496.9042650853932,22.00088973731516,27.79120328207309,0.0,343.10643427462315,22.322361645091306,31.122654442430246,0.0,477.2734125140871,22.000687389085332,27.381924076174812,0.0,340.95949380620385,24.044858211389876,34.846224681578754,0.0,638.3786309301179,0.0,4563.491338425464,0.0,0.0,0.0,59.873528644047774,0.0,103.61537221425918,0.0,1531.259804250029,2914.138881072156,0.0,0.0,0.0,0.0,4563.491338425464,5704.3641730318295,0.0,0.0,7.22,7.22,0.0,0.0,64.41283431054923,0.061960676839794046,7.22,0.0,7.223120651443957,0.003767246400902364,-0.37344947778719334,16.00035251926281,0.3705044250126874,0.003767246400902364,16.0,81.14457163597207,0.012372028993699791,0.048809787653103065,0.0,7.22,0.0,4.499612324296075,0.31057230924622753,0.003558051475892169,11.5,4.499612324296075,0.31057230924622753,0.003558051475892169,4.5,42813063.39822487,1354960.257918031 
 01/02  16:00:00,0.15,11.0,5.0,11.0,5.0,20.0,21.641842831924848,5.033480507433237,22.040979829258358,5.2911478627543875,22.001377253828657,3.2887499413443155,22.07489226345984,5.539962853828478,22.002045245776326,3.0304059920532422,24.029742718856795,8.987237695625762,21.641842831924848,33.802661574731765,1816.6283854292471,0.0,22.040979829258358,33.58460764658096,0.0,443.56360917467987,22.001377253828657,29.252130006239447,0.0,238.68339567379655,22.07489226345984,34.100899389569776,0.0,434.8298756488806,22.002045245776326,28.720780061223603,0.0,250.15059668245596,24.029742718856795,38.366552455521926,0.0,638.0266150742224,0.0,4624.217830188813,0.0,0.0,38.35805225210751,164.3343784087846,24.086640086711732,194.55848056530414,0.0,1366.5110402307953,2895.3788294502638,0.0,0.0,0.0,0.0,4624.217830188813,5780.272287736017,0.0,0.0,7.22,7.22,0.0,0.0,63.85448421687264,0.06086615197548065,7.22,0.0,7.27575800692453,0.0039008328422319837,0.04186042714261713,16.000806836624328,0.3705044250126874,0.0039008328422319837,16.0,80.87536804270506,0.01067616276931677,0.04805804181462683,0.0,7.22,0.0,4.4998402114622325,0.31057230924622753,0.0035979220028199963,11.5,4.4998402114622325,0.31057230924622753,0.0035979220028199963,4.5,41012019.550837435,1354960.257918031 
 01/02  17:00:00,0.6,11.0,5.0,11.0,5.0,20.0,21.64153354624944,5.688759577185795,22.00202129669117,5.614044429251151,22.00174675143812,3.6025246690189565,22.001901826427677,5.847101724479624,22.003052614896795,3.3479935264592315,23.554415552419997,9.452383407196505,21.64153354624944,35.37530839785322,1769.664401201156,0.0,22.00202129669117,34.42498538366116,102.40232229884987,36.10686917171404,22.00174675143812,29.906318685084848,7.947243783695683,32.94318455442311,22.001901826427677,34.98597852497467,76.69132912424584,27.7931653970262,22.003052614896795,29.371322504164137,7.07225276628958,43.0928017126875,23.554415552419997,40.73183350042724,0.0,600.7041754352956,0.0,5791.604921793113,0.0,0.0,543.6952155174328,377.807367823208,500.88209168730054,408.57208567444104,0.0,1225.2080948837893,2892.926371494554,0.0,0.0,0.0,0.0,5791.604921793113,7239.506152241391,0.0,0.0,7.22,7.22,0.0,0.0,61.54505837620887,0.06755777088199753,7.22,0.0,7.283705126811794,0.004033874329352799,0.4917326368899759,16.00008323618422,0.3705044250126874,0.004033874329352799,16.0,82.0,0.009265297259994927,0.04796022256433903,0.0,7.22,0.0,4.49936269520976,0.31057230924622753,0.003692442509488016,11.5,4.49936269520976,0.31057230924622753,0.003692442509488016,4.5,37418211.313651435,1354960.257918031 
 01/02  18:00:00,-0.15,11.0,5.0,11.0,5.0,20.0,21.52675858868394,5.859584499041482,22.001587663272794,5.754955996081068,22.00131924179872,3.8085762439241897,22.002441256713276,5.969958030504784,22.001369569293182,3.5605378514069073,23.357609373361626,9.38323045234291,21.52675858868394,36.048066165284,1783.077922548385,0.0,22.001587663272794,34.76428654888336,175.18416764495674,0.0,22.00131924179872,30.344455684763798,12.520381098927942,2.0183865062419386,22.002441256713276,35.283982533612736,124.063116218142,0.0,22.001369569293182,29.81840189233024,9.730982308085402,2.518829663964425,23.357609373361626,41.024538249545316,0.0,585.0301254659857,0.0,6420.75882632806,0.0,0.0,652.2359479756647,413.2478865735422,575.8705453084528,451.6484594169746,0.0,1460.6690538565622,2899.260057857997,0.0,0.0,0.0,0.0,6420.75882632806,8025.948532910075,0.0,0.0,7.22,7.22,0.0,0.0,60.66497785903848,0.07190651877691223,7.22,0.0,7.267427249399809,0.004076533831724567,0.6367681005840062,16.000007901397133,0.3705044250126874,0.004076533831724567,16.0,82.0,0.011642106167916166,0.048212201913179,0.0,7.22,0.0,4.498487874696119,0.31057230924622753,0.0037233775802746664,11.5,4.498487874696119,0.31057230924622753,0.0037233775802746664,4.5,37422251.228145614,1354960.257918031 
 01/02  19:00:00,0.15,5.5,2.5,5.5,2.5,10.0,20.867424699256695,5.6638908832952675,20.500252798913134,5.0983168347059635,20.38613283390817,3.0682862350991926,20.567592147258594,5.322898712815685,20.339806576490453,2.82145013026203,22.544873946367833,8.785855221589387,20.867424699256695,37.03106059505048,982.1616863359437,0.0,20.500252798913134,36.41829639296998,0.0,359.19176898179944,20.38613283390817,31.800394915360084,0.0,283.9468197812448,20.567592147258594,36.83863145991873,0.0,345.1937774169662,20.339806576490453,31.33857299095225,0.0,297.7706067919594,22.544873946367833,41.39096978947104,0.0,520.2080960407411,0.0,4483.106825835409,0.0,0.0,0.0,10.854481658648586,0.0,24.03705150760895,0.0,1366.862289389907,2934.255921792045,0.0,0.0,0.0,0.0,4483.106825835409,5603.8835322942605,0.0,0.0,7.219999999999999,7.219999999999999,0.0,0.0,64.30116912953906,0.06047694154202765,7.219999999999999,0.0,7.174483351081135,0.004084392984351739,0.6456650032074468,16.00023267105452,0.3705044250126874,0.004084392984351739,16.0,80.72204139942474,0.010679794881084224,0.049634945326886316,0.0,7.219999999999999,0.0,4.4998404706610495,0.31057230924622753,0.003737251454170652,11.5,4.4998404706610495,0.31057230924622753,0.003737251454170652,4.5,23011668.49927304,1354960.257918031 
 01/02  20:00:00,0.9125000000000001,0.0,0.0,0.0,0.0,0.0,19.923871682587368,4.186931725088909,20.00113123408795,2.963491624121197,20.001202778174157,1.330989143810262,20.001367594360943,3.1690748896641567,20.000524088468993,1.1815496833561623,21.1615949788639,6.451135529940601,19.923871682587368,35.423206293335255,440.8049308352996,0.0,20.00113123408795,32.36532078343346,446.8350361474719,0.0,20.001202778174157,28.787300856729928,138.86246549228719,0.0,20.001367594360943,32.84128036978435,389.5917072927655,0.0,20.000524088468993,28.478146176049588,140.44994401006082,0.0,21.1615949788639,38.42510378475129,0.0,409.51158778952856,0.0,6210.452385980064,0.0,0.0,764.5343447947305,407.28973735420595,690.3907651068182,436.6219871620203,0.0,1127.3412527819114,2989.8488825196782,0.0,0.0,0.0,0.0,6210.452385980064,7763.06548247508,0.0,0.0,7.22,7.22,0.0,0.0,61.969698294427715,0.07391516270555085,7.22,0.0,7.025159443215232,0.004020740408893158,0.41890246850118845,16.000164466969096,0.3705044250126874,0.004020740408893158,16.0,82.0,0.008343735616078143,0.05198837486748336,0.0,7.22,0.0,4.499989747510722,0.31057230924622753,0.003753342275446247,11.5,4.499989747510722,0.31057230924622753,0.003753342275446247,4.5,12224178.994594801,1354960.257918031 
 01/02  21:00:00,1.4749999999999999,0.0,0.0,0.0,0.0,0.0,19.28431700801288,2.5200381626219825,19.99978233595968,2.085089686322193,19.998856963810077,1.808636241276755,19.999661986945483,2.173496025825195,19.99763351260894,1.84159933039976,20.37510968700638,4.256655428113426,19.28431700801288,32.74955848613348,608.8808393882593,0.0,19.99978233595968,30.369405947622027,989.9830026802487,0.0,19.998856963810077,29.786764000273067,390.1659813416039,0.0,19.999661986945483,30.56157545839422,947.5514454056932,0.0,19.99763351260894,29.860735376526186,390.0275263060632,0.0,20.37510968700638,34.606046832881034,0.0,20.071839153700694,0.0,2165.100053710403,0.0,0.0,980.6335952349727,382.1829820441955,938.6264034679807,381.09848960445646,0.0,0.0,0.0,0.0,0.0,0.0,0.0,2165.100053710403,2706.3750671380035,0.0,0.0,7.22,7.22,0.0,0.0,53.318975594387084,0.01786108234607023,7.22,0.0,19.119523740394836,0.004735892395159544,2.6644123581156727,20.121702773288483,0.3705044250126874,0.004735892395159544,16.0,82.0,0.0,0.0,0.0,7.22,0.0,1.4749999999999999,0.00621144618492455,0.003865634639305876,11.5,1.4749999999999999,0.00621144618492455,0.003865634639305876,4.5,7131611.523188326,1354960.257918031 
 01/02  22:00:00,2.0125,0.0,0.0,0.0,0.0,0.0,18.748891472089284,2.5353133216331423,19.99973746562835,2.2342500076816796,20.000536446605242,2.3173562679420106,19.999240868175225,2.253785586793367,19.99971410964308,2.339653048424616,20.034834002505136,3.287245259982911,18.748891472089284,33.899429312070296,551.577649556195,0.0,19.99973746562835,30.69405933302026,1133.7484313288348,0.0,20.000536446605242,30.87503810019099,460.8933331511455,0.0,19.999240868175225,30.737765274493114,1095.5568207785686,0.0,19.99971410964308,30.925698980372573,460.72289283673877,0.0,20.034834002505136,33.00719979937352,64.7252259874424,13.72733833854221,0.0,3299.440674707186,0.0,0.0,1166.4046921816775,488.38196083332116,1126.4197259553055,490.98064612359707,85.97989461808584,0.0,0.0,0.0,0.0,0.0,0.0,3299.440674707186,4124.300843383983,0.0,0.0,7.22,7.22,0.0,0.0,48.41892798590923,0.02349374486473877,7.22,0.0,18.59004854164304,0.004681204846276816,2.4949291515308016,19.592328054911473,0.3705044250126874,0.004681204846276816,16.0,82.0,0.0,0.0,0.0,7.22,0.0,2.0125,0.00621144618492455,0.004021301391294823,11.5,2.0125,0.00621144618492455,0.004021301391294823,4.5,3086815.6721651205,1354960.257918031 
 01/02  23:00:00,0.825,0.0,0.0,0.0,0.0,0.0,18.40604050467063,2.471809893045169,20.00044795328664,2.3156127273797646,20.001184037725288,2.397888458394588,20.00119934837411,2.316171553833311,20.000205723313897,2.4070729610905652,20.000228774233996,2.822549434670445,18.40604050467063,34.47852176152424,673.7197807962123,0.0,20.00044795328664,30.871237255401727,1160.5367413958654,0.0,20.001184037725288,31.051326750711013,473.8434192864354,0.0,20.00119934837411,30.871025914471538,1123.1372452759974,0.0,20.000205723313897,31.073531418159163,473.6056037723285,0.0,20.000228774233996,32.00568668883143,163.14848286014342,0.0,0.0,3678.4125404129127,0.0,0.0,1225.440468816326,528.5560975149353,1184.6387540385865,533.902504560825,227.42037692215868,0.0,0.0,0.0,0.0,0.0,0.0,3678.4125404129127,4598.015675516141,0.0,0.0,7.22,7.22,0.0,0.0,48.14796488879234,0.025991740691796206,7.22,0.0,18.184749867696382,0.004666268222563396,2.4414237699278942,19.187056839362697,0.3705044250126874,0.004666268222563396,16.0,82.0,0.0,0.0,0.0,7.22,0.0,0.825,0.00621144618492455,0.003875211252918334,11.5,0.825,0.00621144618492455,0.003875211252918334,4.5,3089136.67834523,1354960.257918031 
 01/02  24:00:00,0.0,0.0,0.0,0.0,0.0,0.0,18.152326032283057,2.434887339204372,20.00011104881949,2.3353833676500755,20.000178218402432,2.3762579551894554,19.999339253455364,2.3329324244397727,20.000506410395353,2.378862211976039,20.00001181750112,2.594117214087359,18.152326032283057,34.939968033287634,768.8192464670274,0.0,20.00011104881949,30.91541421227921,1268.8803503116546,0.0,20.000178218402432,31.005478242187134,518.7883173460648,0.0,19.999339253455364,30.911491325715133,1227.1384140260636,0.0,20.000506410395353,31.010601344285135,519.3127177041606,0.0,20.00001181750112,31.490622576238927,334.4029765605196,0.0,0.0,4313.414901751965,0.0,0.0,1355.8748095229394,592.1220635055046,1309.4408552183882,600.2582877706268,420.6728077355945,0.0,0.0,0.0,0.0,0.0,0.0,4313.414901751965,5391.768627189956,0.0,0.0,7.22,7.22,0.0,0.0,48.87766120036188,0.031179263279997316,7.22,0.0,17.906352441311345,0.004653594143308954,2.398142376240502,18.908682713396605,0.3705044250126874,0.004653594143308954,16.0,82.0,0.0,0.0,0.0,7.22,0.0,0.0,0.00621144618492455,0.0037538105792648212,11.5,0.0,0.00621144618492455,0.0037538105792648212,4.5,3093971.7289064797,1354960.257918031 
 01/03  01:00:00,0.0,0.0,0.0,0.0,0.0,0.0,17.757312888534496,2.365949603164479,18.564803829973947,2.2743624962906535,18.70394450101945,2.3057581188011036,18.588021215007775,2.2713593201329876,18.701461329063058,2.308560814989008,19.64206840510128,2.4080570073047,17.757312888534496,35.64518760709399,556.5936301133131,0.0,18.564803829973947,33.667472184377786,5.117639543812752,6.200596117321671,18.70394450101945,33.448341874567696,0.0,10.260797478075858,18.588021215007775,33.61124470755485,3.4414511550020848,6.217634600991516,18.701461329063058,33.46018499426168,0.0,11.138550126729635,19.64206840510128,31.774077731579563,0.0,86.28330579770488,0.0,0.0,0.0,0.0,0.0,0.0,0.0,0.0,0.0,0.0,0.0,0.0,0.0,0.0,0.0,0.0,0.0,0.0,0.0,7.219999999999999,7.219999999999999,0.0,0.0,49.70458047454115,0.0,7.219999999999999,0.0,17.548839398241068,0.004631007154521974,2.3393088366560786,18.55121119795481,0.3705044250126874,0.004631007154521974,16.0,82.0,0.0,0.0,0.0,7.219999999999999,0.0,0.0,0.00621144618492455,0.0037513990539877686,11.5,0.0,0.00621144618492455,0.0037513990539877686,4.5,3064960.257918031,1354960.257918031 
 01/03  02:00:00,0.0,0.0,0.0,0.0,0.0,0.0,17.306368540545776,2.273154540348049,18.049902765431522,2.176025874857384,18.16167619999201,2.210025704967908,18.061161426126212,2.172451996211854,18.160664595434067,2.2138953611890417,19.343170391928023,2.2196988176182444,17.306368540545776,36.43202826233909,504.4377448534449,0.0,18.049902765431522,34.52255908343995,89.32380218783265,0.0,18.16167619999201,34.36451980415088,0.0,2.8855926356592363,18.061161426126212,34.48936386581262,73.01448378908276,0.0,18.160664595434067,34.37619728630932,0.0,3.109221026284388,19.343170391928023,31.938239517415308,0.0,96.83897728376354,0.0,99.70086738627282,0.0,0.0,83.84466054198387,0.0,68.67622219803673,0.0,0.0,0.0,0.0,0.0,0.0,0.0,0.0,99.70086738627282,124.62608423284101,0.0,0.0,7.22,7.22,0.0,0.0,49.436948202271125,0.0007237025120825617,7.22,0.0,17.11628752499114,0.0045975897889525795,2.2617211772381856,18.11872077089553,0.3705044250126874,0.0045975897889525795,16.0,82.0,0.0,0.0,0.0,7.22,0.0,0.0,0.00621144618492455,0.003745143686143616,11.5,0.0,0.00621144618492455,0.003745143686143616,4.5,3065633.68521374,1354960.257918031 
 01/03  03:00:00,0.375,0.0,0.0,0.0,0.0,0.0,16.948058917540656,2.1291273045776933,17.99967606416037,2.004823523543305,18.00039393291746,2.0537653022117444,17.99982777258714,1.999902110350668,18.00031706350377,2.0599696446497116,19.05598819284164,1.9801685193738003,16.948058917540656,36.88686360452818,559.3901243262192,0.0,17.99967606416037,34.21114645988177,363.330968519213,0.0,18.00039393291746,34.329384689368524,101.73725622461825,0.0,17.99982777258714,34.19879024831164,339.52734712096327,0.0,18.00031706350377,34.34476220658537,101.74520109320508,0.0,19.05598819284164,31.963630833287382,0.0,103.10359472504666,0.0,772.7311420710818,0.0,0.0,383.0646034491814,118.41508564036471,358.2214691201116,120.14265709283214,0.0,0.0,0.0,0.0,0.0,0.0,0.0,772.7311420710818,965.9139275888522,0.0,0.0,7.22,7.22,0.0,0.0,45.97995548889347,0.005086437808993358,7.22,0.0,16.74960410934189,0.004547223256788709,2.136971968820591,17.75212998123719,0.3705044250126874,0.004547223256788709,16.0,82.0,0.0,0.0,0.0,7.22,0.0,0.375,0.00621144618492455,0.0037405956944040163,11.5,0.375,0.00621144618492455,0.0037405956944040163,4.5,3069686.2637973353,1354960.257918031 
 01/03  04:00:00,0.225,0.0,0.0,0.0,0.0,0.0,16.681015188676287,1.9069499033249844,18.00001114298888,1.7592700503320102,18.000825506421492,1.8256436678827779,18.000348149328897,1.7525814737254846,18.000051257586932,1.833893892607137,18.871100165571143,1.682383359095582,16.681015188676287,36.92663904498243,641.3122139488307,0.0,18.00001114298888,33.61493065080133,480.13879473602395,0.0,18.000825506421492,33.773254676821445,162.2439901898619,0.0,18.000348149328897,33.59811871230528,456.8622829559747,0.0,18.000051257586932,33.79483715750696,161.96181700451245,0.0,18.871100165571143,31.653286245922367,0.0,111.03539536007099,0.0,1294.1542313440111,0.0,0.0,522.6402814922008,198.12110822548297,497.1258870205512,201.4931486595229,0.0,0.0,0.0,0.0,0.0,0.0,0.0,1294.1542313440111,1617.6927891800137,0.0,0.0,7.22,7.22,0.0,0.0,42.0269562061052,0.007737191598516031,7.22,0.0,16.464013557006393,0.004472052422985322,1.9248268261659458,17.466677702931268,0.3705044250126874,0.004472052422985322,16.0,82.0,0.0,0.0,0.0,7.22,0.0,0.225,0.00621144618492455,0.003561456253687718,11.5,0.225,0.00621144618492455,0.003561456253687718,4.5,3072138.257123665,1354960.257918031 
 01/03  05:00:00,-0.6875,0.0,0.0,0.0,0.0,0.0,16.48153361159804,1.637734828946051,17.999658326525694,1.4632645736714016,18.000183440223957,1.5401284816557048,18.000178132166983,1.455205330160315,17.999862727730314,1.5492982488805584,18.79340559055659,1.3493425200270168,16.48153361159804,36.684320683372604,709.0813268511276,0.0,17.999658326525694,32.910057131141144,551.6488911374743,0.0,18.000183440223957,33.09094524201492,194.0394677917759,0.0,18.000178132166983,32.88995542549813,527.0556554960209,0.0,17.999862727730314,33.11336708402458,193.99001545546423,0.0,18.79340559055659,31.056588421143598,0.0,122.6386730649877,0.0,1655.0189071448567,0.0,0.0,612.0168263189993,244.95986047070238,584.2481011037194,250.15475246013054,0.0,0.0,0.0,0.0,0.0,0.0,0.0,1655.0189071448567,2068.773633931071,0.0,0.0,7.22,7.22,0.0,0.0,40.38745624145831,0.009512763818907616,7.22,0.0,16.239075915496798,0.004377342289264419,1.6509034476606201,17.24191433108126,0.3705044250126874,0.004377342289264419,16.0,82.0,0.0,0.0,0.0,7.22,0.0,-0.6875,0.00621144618492455,0.0031713152128992885,11.5,-0.6875,0.00621144618492455,0.0031713152128992885,4.5,3073779.7859071903,1354960.257918031 
 01/03  06:00:00,-1.7875000000000003,0.0,0.0,0.0,0.0,0.0,16.31315103984718,1.3010184157820501,17.99930882911722,1.0838589158643877,18.000251810266047,1.1785139139533345,18.000001520105908,1.0739677552744564,17.999474778765574,1.1900251774189101,18.709517244735984,0.9330149739486895,16.31315103984718,36.19474226217764,765.9604242171181,0.0,17.99930882911722,32.0256431461067,658.082012460078,0.0,18.000251810266047,32.24253899646481,237.9394978381888,0.0,18.000001520105908,32.00146012750998,630.2767286300871,0.0,17.999474778765574,32.270824396592644,237.89621208439496,0.0,18.709517244735984,30.29864269097243,0.0,130.8432092966055,0.0,2064.6129990626987,0.0,0.0,733.3980593227703,301.48297887823196,701.6348752247441,307.9558105477247,0.0,0.0,0.0,0.0,0.0,0.0,0.0,2064.6129990626987,2580.7662488283736,0.0,0.0,7.22,7.22,0.0,0.0,40.53017039744773,0.011914809129354512,7.22,0.0,16.050794685470517,0.004265723249738393,1.321581500311274,17.053838561788243,0.3705044250126874,0.004265723249738393,16.0,82.0,0.0,0.0,0.0,7.22,0.0,-1.7875000000000003,0.00621144618492455,0.0028358360568664065,11.5,-1.7875000000000003,0.00621144618492455,0.0028358360568664065,4.5,3076007.5272329305,1354960.257918031 
 01/03  07:00:00,-2.8875,0.0,0.0,0.0,0.0,0.0,16.148998517373133,0.2945669743600723,18.000866394496036,-0.8711821904413395,18.001373980079965,-1.623811077597404,18.00082413605657,-0.8216107387720626,18.002286542130058,-1.7474332327408733,18.598920520137007,-0.45232481211200104,16.148998517373133,33.989723840159684,818.5839683861459,0.0,18.000866394496036,27.5899439340076,737.8596825897076,0.0,18.001373980079965,25.986734759295846,270.78078979471786,0.0,18.00082413605657,27.69898909718573,706.5255180832914,0.0,18.002286542130058,25.72722541506335,271.20697259146476,0.0,18.598920520137007,27.474239465651404,0.0,215.0389368433079,0.0,9907.162867430437,0.0,0.0,905.2028165413019,412.64375053409566,864.9221361022827,427.87296763263623,0.0,2316.1993076415856,3172.0440338289536,0.0,0.0,0.0,0.0,9907.162867430437,12383.953584288047,0.0,0.0,7.22,7.22,0.0,0.0,60.01718961173921,0.10625894556027637,7.22,0.0,6.394722839673654,0.0028240038514160764,-3.7466290412422416,15.876352374814836,0.3705044250126874,0.0028240038514160764,16.0,80.20772436245949,0.023110460472266878,0.0665414222168981,0.0,7.22,0.0,4.499204084564638,0.31057230924622753,0.002579875206722214,11.5,4.499204084564638,0.31057230924622753,0.002579875206722214,4.5,3164357.0768203232,1354960.257918031 
 01/03  08:00:00,-3.3,0.0,0.0,0.0,0.0,0.0,15.994328460917611,-2.344556004859694,18.000452532796025,-3.166760186616317,17.999811381448836,-4.0424822068831086,18.000256961321163,-3.082541471684311,17.999719367736876,-4.130085424264269,18.58672628511926,-2.2550365462218975,15.994328460917611,27.70118000764099,872.7382206701036,0.0,18.000452532796025,22.753125049897953,713.1137390927449,0.0,17.999811381448836,21.123157730945966,177.75153763935953,0.0,18.000256961321163,22.915668053033023,666.795881940888,0.0,17.999719367736876,20.965714704229597,254.28593963459298,0.0,18.58672628511926,23.675298293680186,0.0,204.0881190605927,0.0,8043.571629515225,0.0,0.0,871.2896200207764,311.5265906172964,816.5046807648885,401.8965287188356,0.0,2444.83280556584,3227.7617178457576,0.0,0.0,0.0,0.0,8043.571629515225,10054.464536894031,0.0,0.0,7.22,7.22,0.0,0.0,63.12428617694049,0.10176870855615561,7.22,0.0,6.36606030727707,0.0026261447537525686,-4.578670126830589,16.000056236589444,0.3705044250126874,0.0026261447537525686,16.0,82.0,0.02384904393573628,0.06366053916247505,0.0,7.22,0.0,4.498226540764186,0.31057230924622753,0.0024871134110442624,11.5,4.498226540764186,0.31057230924622753,0.0024871134110442624,4.5,3160325.3522621198,1354960.257918031 
 01/03  09:00:00,-3.9875000000000003,11.0,5.0,11.0,5.0,20.0,16.929871764352292,-3.0554781758350735,20.73359128347294,-2.492476174447679,20.985935705760877,-3.1554161171622903,20.757609320273772,-2.407495551193103,20.815796305282717,-3.2783245452544083,21.22221517181508,-1.4476911568282722,16.929871764352292,24.561761424029065,2767.649553998179,0.0,20.73359128347294,20.33518969616683,1863.524288140374,46.22183619978625,20.985935705760877,18.943429085621197,674.1782525703218,42.06574758478696,20.757609320273772,20.448572641518986,1748.0091902047222,44.75000659104347,20.815796305282717,18.947657882373033,847.4589800936923,42.60351157822854,21.22221517181508,21.51111802402635,939.3918813734106,92.38018916011305,0.0,13319.293339068625,0.0,0.0,2190.768137105253,965.1974126539634,2058.5845172898244,1159.7891108171152,1257.0591768319557,2660.021156198808,3179.968497771318,0.0,0.0,0.0,0.0,13319.293339068625,16649.11667383578,0.0,0.0,7.219999999999999,7.219999999999999,0.0,0.0,66.22275503533224,0.22538574099430153,7.219999999999999,0.0,6.491563682846476,0.002488478649534153,-5.194538694343475,16.000212284891496,0.3705044250126874,0.002488478649534153,16.0,82.0,0.027181030661882613,0.06110053010806992,0.0,7.219999999999999,0.0,4.498558951627679,0.31057230924622753,0.0023957142497172948,11.5,4.498558951627679,0.31057230924622753,0.0023957142497172948,4.5,33066737.701863006,1354960.257918031 
 01/03  10:00:00,-4.4,11.0,5.0,11.0,5.0,20.0,18.09366255057916,-1.2219050884092868,22.001848132262765,-0.014118232951327914,22.001814709642016,-1.3917684091469444,22.002000650831594,0.1262982305472105,22.00245264917022,-1.6310782815043148,22.34343662932231,1.5357351223055644,18.09366255057916,26.618226203837317,2902.3695743426606,0.0,22.001848132262765,23.044557947618106,670.1260202286942,0.0,22.001814709642016,20.597346755544365,50.27072309670399,54.91218983834398,22.002000650831594,23.29476419834444,506.3585036759011,0.0,22.00245264917022,20.18926929274919,212.11199594360687,0.0,22.34343662932231,25.30755776739717,0.0,501.20312822886893,0.0,9022.605228750623,0.0,0.0,1144.9615486790428,396.9896461551907,956.1522053255662,655.0322989344977,0.0,2789.499012796732,3113.8147771518466,0.0,0.0,0.0,0.0,9022.605228750623,11278.256535938279,0.0,0.0,7.22,7.22,0.0,0.0,62.05241535589326,0.10796961833516977,7.22,0.0,6.668801131217773,0.002500219732527055,-5.120455952422717,16.00037751655194,0.3705044250126874,0.002500219732527055,16.0,82.0,0.029275846537814613,0.05771120048715106,0.0,7.22,0.0,4.5000283783432735,0.31057230924622753,0.002338969276610295,11.5,4.5000283783432735,0.31057230924622753,0.002338969276610295,4.5,43306075.74048096,1354960.257918031 
 01/03  11:00:00,-4.0875,11.0,5.0,11.0,5.0,20.0,18.912055282022113,0.5514826028864261,22.001549297927525,1.379143554983188,22.002115326792985,-0.7456287188485519,22.00164016987444,1.5896552563254407,22.00155788842929,-1.0363683137191095,23.020576920901767,3.8326962419204476,18.912055282022113,29.105692240638234,2726.0684876313744,0.0,22.001549297927525,25.53228001380817,80.18681652826757,24.17845477789274,22.002115326792985,21.726385034836767,0.0,265.6689692139436,22.00164016987444,25.921157414524966,14.151362938525097,121.64483615501734,22.00155788842929,21.209686761459565,0.0,89.89447350059487,23.020576920901767,28.578032273734,0.0,555.5614236909662,0.0,7124.885532128508,0.0,0.0,532.1852514308906,136.54258921054972,343.79201011405,353.5164665432362,0.0,2691.5471298282273,3063.587360184556,0.0,0.0,0.0,0.0,7124.885532128508,8906.106915160635,0.0,0.0,7.22,7.22,0.0,0.0,63.173319876978034,0.09033006211599066,7.22,0.0,6.8043533985782325,0.0025999104649387225,-4.655620309924915,15.999950741790938,0.3705044250126874,0.0025999104649387225,16.0,82.0,0.02766609061959655,0.05530238477556051,0.0,7.22,0.0,4.499852654188297,0.31057230924622753,0.0023488886107727305,11.5,4.499852654188297,0.31057230924622753,0.0023488886107727305,4.5,44639608.26648184,1354960.257918031 
 01/03  12:00:00,-3.5249999999999995,8.8,4.0,8.8,4.0,16.0,19.56961189992129,1.4115383119502898,22.001711086188376,1.5785022587671027,22.001440414671322,-0.7522846598935358,22.001296814853422,1.8229583466931139,22.00075279547187,-1.0364242161989683,23.275726988396666,4.819823990453853,19.56961189992129,29.72217669381241,2434.771066165175,0.0,22.001711086188376,25.896796671443063,0.0,111.02725946604937,22.001440414671322,21.714617817165163,0.0,285.3362383909774,22.001296814853422,26.354948293542634,0.0,249.85723680601734,22.00075279547187,21.209982386326903,0.0,161.68417343965308,23.275726988396666,30.149848365674657,0.0,576.2625729385037,0.0,6459.709878548931,0.0,0.0,365.74115564022395,116.91446706765363,201.93343544394642,281.8599415283001,0.0,2515.6131645522664,3021.0548387600284,0.0,0.0,0.0,0.0,6459.709878548931,8074.637348186163,0.0,0.0,7.22,7.22,0.0,0.0,63.45982174681372,0.08320516299247983,7.22,0.0,6.920085833238184,0.0027227697220078726,-4.115766041531175,15.999932991490152,0.3705044250126874,0.0027227697220078726,16.0,82.0,0.02491458948113659,0.05335478550656246,0.0,7.22,0.0,4.499817890102104,0.31057230924622753,0.002432018247273954,11.5,4.499817890102104,0.31057230924622753,0.002432018247273954,4.5,43282944.287771694,1354960.257918031 
 01/03  13:00:00,-2.9875,4.4,2.0,4.4,2.0,8.0,19.99655016489728,1.165480226259613,22.001124302578642,0.4944479105230559,22.001321051261492,-1.5940437419741404,22.001406371655097,0.7395349107274896,22.001164506360105,-1.8293611355563084,23.06013893925389,4.087073266650562,19.99655016489728,28.446845891184434,2042.300174548035,0.0,22.001124302578642,23.95812481752918,21.597639183200783,15.04944529651658,22.001321051261492,20.256417587570937,0.0,165.09262410903546,22.001406371655097,24.39366357884231,0.0,68.89996920314036,22.001164506360105,19.862131725018394,0.0,79.11654772312846,23.06013893925389,29.026522324117288,0.0,558.9920966046216,0.0,6712.446527530719,0.0,0.0,482.8511766571766,236.8297758234341,382.2426763342684,364.24106888105706,0.0,2347.3073024205446,2992.058210918579,0.0,0.0,0.0,0.0,6712.446527530719,8390.558159413398,0.0,0.0,7.22,7.22,0.0,0.0,62.53905116370298,0.08239795118785043,7.22,0.0,6.99943808415357,0.0027571092021529886,-3.967791829543026,16.001218812031627,0.3705044250126874,0.0027571092021529886,16.0,82.0,0.022442781967614556,0.052074865929433334,0.0,7.22,0.0,4.499891025433263,0.31057230924622753,0.0024696737274417053,11.5,4.499891025433263,0.31057230924622753,0.0024696737274417053,4.5,39232148.790239885,1354960.257918031 
 01/03  14:00:00,-2.8,8.8,4.0,8.8,4.0,16.0,20.443048821439483,0.27143992528424377,22.00117012034172,0.37379959199813095,22.001363677667264,-1.3857547182681966,22.00038663171112,0.5943545441989129,22.00105541288858,-1.5898765189190018,23.368057013810866,3.8359443417214028,20.443048821439483,25.93426393064062,2032.0083548925247,0.0,22.00117012034172,23.7458663227138,0.0,358.59691453102266,22.001363677667264,20.607478646525223,0.0,252.59602660231974,22.00038663171112,24.131865877640223,0.0,338.40863171987377,22.00105541288858,20.26023370165096,0.0,206.11570065256467,23.368057013810866,27.985155017603468,0.0,583.0796432330994,0.0,5878.252789932903,0.0,0.0,118.49231006169776,149.39444095454206,113.2298201562621,237.34486667671823,0.0,2288.5011060291613,2966.684167687056,0.0,0.0,0.0,0.0,5878.252789932903,7347.815987416127,0.0,0.0,7.22,7.22,0.0,0.0,63.44609349134657,0.07566376464721866,7.22,0.0,7.066081230392677,0.0027021078891508957,-4.196738206191593,16.000956964158423,0.3705044250126874,0.0027021078891508957,16.0,82.0,0.02161052034992773,0.050983623723317995,0.0,7.22,0.0,4.499916738405778,0.31057230924622753,0.0024619852724886426,11.5,4.499916738405778,0.31057230924622753,0.0024619852724886426,4.5,41925875.616249666,1354960.257918031 
 01/03  15:00:00,-2.8,11.0,5.0,11.0,5.0,20.0,20.868928537316,1.0930358708195411,22.070973574143075,1.5969272216699575,22.002208487933075,-0.4780744998065425,22.00482144329114,1.8175785214704083,22.001901669993938,-0.7363971184014324,23.75576134920709,5.24969481696989,20.868928537316,26.80956729762096,2055.8256642642746,0.0,22.070973574143075,25.827639969228038,0.0,483.1704438191639,22.002208487933075,22.215606445387962,0.0,271.91557173558306,22.00482144329114,26.347242267139794,0.0,436.31142319616936,22.001901669993938,21.745861602217772,0.0,268.36268426436766,23.75576134920709,30.189765816466096,0.0,614.23219852602,0.0,5538.8233693920965,0.0,0.0,0.0,130.2805106415808,16.135588790207883,175.34366073201022,0.0,2288.5008893780537,2939.9256984157246,0.0,0.0,0.0,0.0,5538.8233693920965,6923.529211740121,0.0,0.0,7.22,7.22,0.0,0.0,63.90357374923103,0.07309151174152467,7.22,0.0,7.138179852962841,0.002722623151664997,-4.103685910138981,16.00120547807556,0.3705044250126874,0.002722623151664997,16.0,82.0,0.02161052034992773,0.04986110548491111,0.0,7.22,0.0,4.499928573413739,0.31057230924622753,0.002461053521241231,11.5,4.499928573413739,0.31057230924622753,0.002461053521241231,4.5,42823482.03224019,1354960.257918031 
 01/03  16:00:00,-2.8,11.0,5.0,11.0,5.0,20.0,21.123973270804882,2.2800341309265573,22.079081498210233,2.6057933056092333,22.0008562341177,0.06592454216028168,22.001865182470937,2.82195808330164,22.00164824817757,-0.24293161362574045,23.951132581379774,6.813873994647381,21.123973270804882,28.735036791567467,1988.7419317096899,0.0,22.079081498210233,27.73919744143128,0.0,484.14856690811115,22.0008562341177,23.216420977571946,0.0,206.4316485955302,22.001865182470937,28.301099452813162,0.0,320.1779120925217,22.00164824817757,22.64823741133079,0.0,244.44968650859641,23.951132581379774,33.24415885932724,0.0,630.4832285037081,0.0,5669.418960960858,0.0,0.0,0.0,195.67236803489953,131.94596977318557,199.31529297986046,0.0,2288.5008893780537,2921.0410655090755,0.0,0.0,0.0,0.0,5669.418960960858,7086.773701201072,0.0,0.0,7.22,7.22,0.0,0.0,63.5447823747149,0.07336533219677831,7.22,0.0,7.189491069294867,0.0027825990845957833,-3.847967803289269,16.00107334986173,0.3705044250126874,0.0027825990845957833,16.0,82.0,0.02161052034992773,0.04908510028813815,0.0,7.22,0.0,4.499928573413739,0.31057230924622753,0.002461053521241231,11.5,4.499928573413739,0.31057230924622753,0.002461053521241231,4.5,41023725.16434838,1354960.257918031 
 01/03  17:00:00,-2.8,11.0,5.0,11.0,5.0,20.0,21.20281626324987,3.050308479197902,22.003013627710356,3.1026717018387417,22.00265383597801,0.41158251491684433,22.00252743417556,3.3460141690494316,22.002074024244358,0.06973859065647009,23.724182343624232,7.772608060592728,21.20281626324987,30.203707898945257,1943.3502883202057,0.0,22.003013627710356,28.866306187863337,45.44236571115795,101.50666854544437,22.00265383597801,23.807398417816884,3.1969374477015435,28.72332573404799,22.00252743417556,29.36861601432733,79.97470371378387,9.251626148236767,22.002074024244358,23.22102239679862,0.0,57.66611055507906,23.724182343624232,35.984102766571404,0.0,613.0389732762526,0.0,6771.879207622984,0.0,0.0,420.7470060194165,376.43744859831725,521.6479448240345,385.89773494480676,0.0,2288.518246955022,2914.0604930165855,0.0,0.0,0.0,0.0,6771.879207622984,8464.849009528729,0.0,0.0,7.22,7.22,0.0,0.0,61.780449363766195,0.079946662385009,7.22,0.0,7.209802114359762,0.002891905309277913,-3.3878610287353323,16.00096159693421,0.3705044250126874,0.002891905309277913,16.0,82.0,0.02161052034992773,0.04880207826000982,0.0,7.22,0.0,4.498980376798807,0.31057230924622753,0.0025357149557783233,11.5,4.498980376798807,0.31057230924622753,0.0025357149557783233,4.5,37429820.51499276,1354960.257918031 
 01/03  18:00:00,-2.8,11.0,5.0,11.0,5.0,20.0,21.13674926434877,3.477794223737331,22.002841468865697,3.3270586613359776,22.00254431005103,0.6163660236896656,22.002389095065986,3.601030541265219,22.00232255891522,0.2706292666712227,23.560146081130465,8.149166115069182,21.13674926434877,31.256220276375366,1948.282427259761,0.0,22.002841468865697,29.32798455469476,189.00471954742017,0.0,22.00254431005103,24.162238822248256,31.716798809024965,0.0,22.002389095065986,29.901771825348252,176.29570680150874,0.0,22.00232255891522,23.565421112846362,22.449801460417348,0.0,23.560146081130465,37.28026061739953,0.0,600.4236088686096,0.0,7340.176876379442,0.0,0.0,665.0817341655393,433.693281847801,626.9464890983511,466.03747285429483,0.0,2288.5109408391963,2915.2860127430713,0.0,0.0,0.0,0.0,7340.176876379442,9175.221095474302,0.0,0.0,7.22,7.22,0.0,0.0,60.9246409379235,0.08320971763990624,7.22,0.0,7.204546968681588,0.0028932344179515256,-3.3774063804288303,15.99895926364918,0.3705044250126874,0.0028932344179515256,16.0,82.0,0.02161052034992773,0.048848863211786525,0.0,7.22,0.0,4.499379490243836,0.31057230924622753,0.002504287116745817,11.5,4.499379490243836,0.31057230924622753,0.002504287116745817,4.5,37432839.97166802,1354960.257918031 
 01/03  19:00:00,-2.8,5.5,2.5,5.5,2.5,10.0,20.473682033106027,3.1889614382380262,20.41040191876609,2.306079809570236,20.3186902560344,-0.4842026077673887,20.445244496292617,2.607100916496152,20.30361994588471,-0.7925733693357021,22.581802709510775,7.347476799571033,20.473682033106027,31.900230529859158,1109.313098378523,0.0,20.41040191876609,30.079534117049473,0.0,308.9877672029824,20.3186902560344,24.612011602994997,0.0,246.870395999047,20.445244496292617,30.664503566036203,0.0,312.98187652904375,20.30361994588471,24.02205913385975,0.0,263.5789627820699,22.581802709510775,37.44859438653688,0.0,522.4180418556889,0.0,5488.99792952709,0.0,0.0,42.22337679611732,42.72992980542665,22.248545359617086,54.815303412983255,0.0,2288.500312559806,2950.0675422450786,0.0,0.0,0.0,0.0,5488.99792952709,6861.247411908861,0.0,0.0,7.219999999999999,7.219999999999999,0.0,0.0,63.95461250357171,0.07266923186507988,7.219999999999999,0.0,7.112227371104958,0.0028512780246865033,-3.5492456146595517,16.000253112365304,0.3705044250126874,0.0028512780246865033,16.0,82.0,0.02161052034992773,0.050285638100809854,0.0,7.219999999999999,0.0,4.499960083280025,0.31057230924622753,0.0024585728168092557,11.5,4.499960083280025,0.31057230924622753,0.0024585728168092557,4.5,23023088.365286782,1354960.257918031 
 01/03  20:00:00,-2.8,0.0,0.0,0.0,0.0,0.0,19.528015693409593,1.194921321642489,20.001243499020028,-0.4284235632878278,20.000194706384328,-2.5598614833593776,20.001158678734363,-0.159030058407565,20.00045720169608,-2.7480707284856245,21.172678076226035,4.468322488210559,19.528015693409593,29.364817306207044,587.7162028403591,0.0,20.001243499020028,25.2263625632752,641.2610751148127,0.0,20.000194706384328,21.14521986688896,219.8665218208409,0.0,20.001158678734363,25.768238513918575,602.599450444231,0.0,20.00045720169608,20.80946457431304,217.75539963425007,0.0,21.172678076226035,33.477510721010695,0.0,409.73653306917555,0.0,7980.34529221507,0.0,0.0,957.8800499632525,487.5927630922631,902.258283141101,513.2390182515576,0.0,2288.517653099997,3006.5605018441343,0.0,0.0,0.0,0.0,7980.34529221507,9975.431615268837,0.0,0.0,7.22,7.22,0.0,0.0,61.36304814284771,0.09227100949168891,7.22,0.0,6.960733245562356,0.002824534205825565,-3.65280144044651,16.00014928609091,0.3705044250126874,0.002824534205825565,16.0,82.0,0.02161052034992773,0.05271472890390243,0.0,7.22,0.0,4.499012817544491,0.31057230924622753,0.0025331602990057564,11.5,4.499012817544491,0.31057230924622753,0.0025331602990057564,4.5,12241340.468383638,1354960.257918031 
 01/03  21:00:00,-2.8,0.0,0.0,0.0,0.0,0.0,18.875294112962564,-0.8056851897337789,19.999177772882117,-1.3661688602483504,19.99930350802631,-1.7458009325340256,19.999616385280667,-1.2484485046691773,19.998653108993892,-1.7021265326151642,20.3835165558806,1.7730909114576223,18.875294112962564,26.221914088226395,762.4440759267866,0.0,19.999177772882117,23.339975754192125,1179.2153535545408,0.0,19.99930350802631,22.63241842560464,468.7996109348318,0.0,19.999616385280667,23.568113127240085,1135.8676335005212,0.0,19.998653108993892,22.718205612261997,467.243002465938,0.0,20.3835165558806,29.00878917051658,0.0,57.585893928206985,0.0,2891.533755431998,0.0,0.0,1207.0521481649512,492.2439407043753,1162.167138503145,493.0229238450841,0.0,0.0,0.0,0.0,0.0,0.0,0.0,2891.533755431998,3614.417194289997,0.0,0.0,7.22,7.22,0.0,0.0,53.38536277415172,0.02398480970882155,7.22,0.0,18.65105732890247,0.0036351203845651375,-0.6609997855934369,19.655263589997098,0.3705044250126874,0.0036351203845651375,16.0,82.0,0.0,0.0,0.0,7.22,0.0,-2.8,0.00621144618492455,0.00265571596048447,11.5,-2.8,0.00621144618492455,0.00265571596048447,4.5,7137321.979158675,1354960.257918031 
 01/03  22:00:00,-2.8,0.0,0.0,0.0,0.0,0.0,18.31480830600923,-0.6998351625895334,19.999784653187938,-1.1168554765903336,20.000850798137876,-1.0166180807196168,19.999821624048494,-1.0881572088083433,19.998461683588967,-0.9865488858971987,20.024491507749147,0.46501644430942646,18.31480830600923,27.397506253838692,712.7455599035268,0.0,19.999784653187938,23.8263135799411,1430.812647820415,0.0,20.000850798137876,24.02398298989568,581.4009071923421,0.0,19.999821624048494,23.883032830250247,1383.7458399160575,0.0,19.998461683588967,24.087501006626976,580.2163693011707,0.0,20.024491507749147,26.99296484623803,166.6576306044816,15.32107156496079,0.0,4505.306396246509,0.0,0.0,1503.0338333837467,642.2266136850808,1452.09615231614,647.1377162260375,224.6061856828049,0.0,0.0,0.0,0.0,0.0,0.0,4505.306396246509,5631.632995308138,0.0,0.0,7.22,7.22,0.0,0.0,50.96007243931146,0.03476401375172869,7.22,0.0,18.090908973291,0.0036009596083873626,-0.7740054780091736,19.095178236680383,0.3705044250126874,0.0036009596083873626,16.0,82.0,0.0,0.0,0.0,7.22,0.0,-2.8,0.00621144618492455,0.0027024498642430443,11.5,-2.8,0.00621144618492455,0.0027024498642430443,4.5,3097338.117363019,1354960.257918031 
 01/03  23:00:00,-2.8,0.0,0.0,0.0,0.0,0.0,17.9227582011396,-0.7955053952960844,19.999469646915525,-1.0763999109156694,20.00114502408671,-0.9468869444667546,20.00028625092043,-1.0762431907195071,19.999639524162365,-0.9306137189642605,19.999959779397642,-0.3502899366194705,17.9227582011396,27.858600773825156,853.4492139141489,0.0,19.999469646915525,23.906854553328305,1597.7328371801407,0.0,20.00114502408671,24.16263100334345,654.3252552386496,0.0,20.00028625092043,23.905963989108578,1548.0074578662457,0.0,19.999639524162365,24.197529642465106,654.2413670389819,0.0,19.999959779397642,25.389606752797693,560.6420913166481,0.0,0.0,5546.561759621067,0.0,0.0,1704.04249382998,743.946551785202,1648.7141887687756,753.0142799992719,665.8158017368066,0.0,0.0,0.0,0.0,0.0,0.0,5546.561759621067,6933.202199526333,0.0,0.0,7.22,7.22,0.0,0.0,52.639790293875436,0.04520935654760652,7.22,0.0,17.66093518588533,0.0035906224755102804,-0.8160207625284037,18.665223527291793,0.3705044250126874,0.0035906224755102804,16.0,82.0,0.0,0.0,0.0,7.22,0.0,-2.8,0.00621144618492455,0.0027041543360072154,11.5,-2.8,0.00621144618492455,0.0027041543360072154,4.5,3107099.037877397,1354960.257918031 
 01/03  24:00:00,-2.8,0.0,0.0,0.0,0.0,0.0,17.635037192666356,-0.9679185471060293,19.999253260529983,-1.1707667212570458,20.000116317388947,-1.067614720589201,20.000051901937503,-1.1781297333710774,20.00081707590122,-1.0574144923041782,20.00016203778431,-0.869833029084879,17.635037192666356,27.965686222542946,961.287845262556,0.0,19.999253260529983,23.720659096097883,1654.3973929304389,0.0,20.000116317388947,23.92346174126642,679.6245960252556,0.0,20.000051901937503,23.704985997563895,1604.0093310052155,0.0,20.00081707590122,23.942686587178088,679.6419838559387,0.0,20.00016203778431,24.319976956152047,700.3971143752543,0.0,0.0,5911.907183383547,0.0,0.0,1784.8377443172228,789.5795307803032,1727.566964981334,801.0209293920789,829.7432307610724,0.0,0.0,0.0,0.0,0.0,0.0,5911.907183383547,7389.883979229433,0.0,0.0,7.22,7.22,0.0,0.0,53.63995581214452,0.049843562572367245,7.22,0.0,17.356100633633027,0.0035453496538650348,-0.972844297793322,18.360472541248374,0.3705044250126874,0.0035453496538650348,16.0,82.0,0.0,0.0,0.0,7.22,0.0,-2.8,0.00621144618492455,0.0026288702609467748,11.5,-2.8,0.00621144618492455,0.0026288702609467748,4.5,3111439.67118938,1354960.257918031 
 01/04  01:00:00,-2.8,0.0,0.0,0.0,0.0,0.0,17.180045984213976,-1.1650934392397747,18.258368114140325,-1.3113854676451897,18.368992221067412,-1.2377729621191276,18.27762290331356,-1.3190493437489212,18.3626174940436,-1.2314623142554875,19.466288840246364,-1.184588454933053,17.180045984213976,28.315230008966985,656.814534346589,0.0,18.258368114140325,26.140565653552443,66.97804951810213,17.708637597315604,18.368992221067412,26.11778709903508,0.0,28.91987181936814,18.27762290331356,26.092464388889205,54.84803462550565,20.833009563608133,18.3626174940436,26.141864665798266,0.0,31.44112999756672,19.466288840246364,24.49057497800083,0.0,120.65499290457248,0.0,81.41841093657199,0.0,0.0,74.77082672915719,0.0,59.60598221346215,0.0,0.0,0.0,0.0,0.0,0.0,0.0,0.0,31.76337785867647,39.70422232334558,0.0,0.0,7.219999999999999,7.219999999999999,0.0,0.0,53.61255301090098,0.0006742137017562045,7.219999999999999,0.0,16.933123245259026,0.0034842444814358682,-1.188643306212639,17.937607963957255,0.3705044250126874,0.0034842444814358682,16.0,81.8208991879699,0.0,0.0,0.0,7.219999999999999,0.0,-2.8,0.00621144618492455,0.002584722276610585,11.5,-2.8,0.00621144618492455,0.002584722276610585,4.5,3065588.8149333773,1354960.257918031 
 01/04  02:00:00,-2.8,0.0,0.0,0.0,0.0,0.0,16.715546644769653,-1.3740893043504858,18.000525741725983,-1.5115949089161227,18.000880417204613,-1.449802333080536,18.000002199617683,-1.5186856241788564,18.000525111764787,-1.4434917429133176,19.095361019666047,-1.494128564050991,16.715546644769653,28.658818452502665,649.9208204291097,0.0,18.000525741725983,26.122085976129604,452.1809961967163,0.0,18.000880417204613,26.25622053361608,127.60973520406867,0.0,18.000002199617683,26.107524513451903,422.7685159886757,0.0,18.000525111764787,26.270594103981697,128.19498332921012,0.0,19.095361019666047,24.42578054709542,0.0,126.95511461506351,0.0,999.0732659631627,0.0,0.0,493.0501445387873,162.08323318852473,461.42148535186266,166.20904269271978,0.0,0.0,0.0,0.0,0.0,0.0,0.0,999.0732659631627,1248.8415824539532,0.0,0.0,7.22,7.22,0.0,0.0,48.63071393836662,0.007050100970019185,7.22,0.0,16.482055512781876,0.003434541128087437,-1.3726649816873477,17.486632011990327,0.3705044250126874,0.003434541128087437,16.0,81.06243845649774,0.0,0.0,0.0,7.22,0.0,-2.8,0.00621144618492455,0.0025873350610191117,11.5,-2.8,0.00621144618492455,0.0025873350610191117,4.5,3071517.871072122,1354960.257918031 
 01/04  03:00:00,-2.8,0.0,0.0,0.0,0.0,0.0,16.398330935950206,-1.6068524962531905,18.000105234278053,-1.7409918963190332,18.000293091218747,-1.6768855373191212,17.999945371167463,-1.7481971171794357,17.999148841530715,-1.6697130235255715,18.859976084538815,-1.792346114072405,16.398330935950206,28.681757709251052,746.7799592999545,0.0,18.000105234278053,25.628092359393268,648.2465241526313,0.0,18.000293091218747,25.76516703467668,228.03699372443856,0.0,17.999945371167463,25.612952563888783,618.1308774765547,0.0,17.999148841530715,25.782436210910948,227.8410928286774,0.0,18.859976084538815,24.17889272372001,0.0,134.78118338454243,0.0,1859.1943665256958,0.0,0.0,715.6977096295136,284.91003525156964,681.9777222369914,290.5137639830264,0.0,0.0,0.0,0.0,0.0,0.0,0.0,1859.1943665256958,2323.9929581571196,0.0,0.0,7.22,7.22,0.0,0.0,43.318016602830994,0.011480742541433116,7.22,0.0,16.147121619889575,0.0033725449302954716,-1.5948431267850196,17.151812622588125,0.3705044250126874,0.0033725449302954716,16.0,81.65441142465107,0.0,0.0,0.0,7.22,0.0,-2.8,0.00621144618492455,0.0025883160107489107,11.5,-2.8,0.00621144618492455,0.0025883160107489107,4.5,3075616.72535829,1354960.257918031 
 01/04  04:00:00,-3.1125,0.0,0.0,0.0,0.0,0.0,16.155089375041417,-1.8535559286009402,17.999558458202877,-1.9746511768687696,17.999254661554318,-1.9120081979374075,18.00027268597905,-1.9817779322095839,17.999973344534066,-1.9051323906113875,18.726791268428144,-2.0604904159937556,16.155089375041417,28.53679811207727,825.2114206774486,0.0,17.999558458202877,25.13383959151802,732.7674480932681,0.0,17.999254661554318,25.26621851068852,268.2263829014039,0.0,18.00027268597905,25.117745857052554,702.5672080305726,0.0,17.999973344534066,25.279587144022692,268.5385176342948,0.0,18.726791268428144,23.841131511283145,0.0,144.8040552509844,0.0,2287.4822164115512,0.0,0.0,820.8665564061914,342.4781555450561,786.0277489684348,350.5260429752989,0.0,0.0,0.0,0.0,0.0,0.0,0.0,2287.4822164115512,2859.352770514439,0.0,0.0,7.22,7.22,0.0,0.0,42.16530515832485,0.013737776181816937,7.22,0.0,15.886534778545244,0.0033062725328291643,-1.8390859549712508,16.891348211198952,0.3705044250126874,0.0033062725328291643,16.0,81.90166632070475,0.0,0.0,0.0,7.22,0.0,-3.1125,0.00621144618492455,0.0025781807519516314,11.5,-3.1125,0.00621144618492455,0.0025781807519516314,4.5,3077706.085658149,1354960.257918031 
 01/04  05:00:00,-3.3,0.0,0.0,0.0,0.0,0.0,15.96665657616952,-2.0789342869546124,18.000120989858328,-2.1796819872413704,17.999587177439917,-2.1252593804815954,17.99982494975324,-2.1861530490116508,18.000240241631964,-2.119602444198997,18.668211304814854,-2.2757797062508374,15.96665657616952,28.343495019027223,890.0779925766569,0.0,18.000120989858328,24.70559318259938,760.0193563757839,0.0,17.999587177439917,24.819205161489386,281.67993816264215,0.0,17.99982494975324,24.692675507410986,727.9969566995212,0.0,18.000240241631964,24.829939398623196,282.1223430060788,0.0,18.668211304814854,23.501408289492403,0.0,155.9505534468991,0.0,2437.402468104351,0.0,0.0,864.0463154610298,369.352046929438,826.4602410545463,378.91437999237695,0.0,0.0,0.0,0.0,0.0,0.0,0.0,2437.402468104351,3046.7530851304386,0.0,0.0,7.22,7.22,0.0,0.0,42.390823482531076,0.014721912551597787,7.22,0.0,15.686334576308866,0.003244408028047566,-2.0684692172324604,16.691262322544276,0.3705044250126874,0.003244408028047566,16.0,81.97643962404025,0.0,0.0,0.0,7.22,0.0,-3.3,0.00621144618492455,0.0025716728319354247,11.5,-3.3,0.00621144618492455,0.0025716728319354247,4.5,3078620.410951644,1354960.257918031 
 01/04  06:00:00,-3.3,0.0,0.0,0.0,0.0,0.0,15.818753423319137,-2.28412596786401,17.99989643603077,-2.366396660470105,17.999778177771425,-2.322310629302371,18.000210546836865,-2.3718742490128335,17.999519361497722,-2.317898146608821,18.64531888832724,-2.458629522172199,15.818753423319137,28.125730223995657,943.0617129559885,0.0,17.99989643603077,24.322613236299986,759.5965343723367,0.0,17.999778177771425,24.412837476232788,284.0007931306806,0.0,18.000210546836865,24.310969089035485,728.61556406314,0.0,17.999519361497722,24.42226243124123,283.45555405195313,0.0,18.64531888832724,23.177213039757127,0.0,166.33838637980324,0.0,2480.2818118385644,0.0,0.0,875.8852187620352,382.0458562211619,838.732566658618,391.626824743727,0.0,0.0,0.0,0.0,0.0,0.0,0.0,2480.2818118385644,3100.352264798205,0.0,0.0,7.22,7.22,0.0,0.0,42.643781619326845,0.015076950831366762,7.22,0.0,15.531476774724641,0.003191604353384869,-2.278570255643678,16.53650211243448,0.3705044250126874,0.003191604353384869,16.0,81.99472765766933,0.0,0.0,0.0,7.22,0.0,-3.3,0.00621144618492455,0.002574931694435109,11.5,-3.3,0.00621144618492455,0.002574931694435109,4.5,3078951.268071394,1354960.257918031 
 01/04  07:00:00,-2.9875,0.0,0.0,0.0,0.0,0.0,15.705216102190253,-2.678151116857675,18.000444243174183,-3.04781087641566,18.000878242540047,-3.297250661816409,18.000400362116103,-3.0313777123039447,18.000538721330315,-3.3374420774291083,18.602371768866735,-2.921064878099268,15.705216102190253,27.413936405304938,982.8150755843972,0.0,18.000444243174183,22.973099605725405,752.9427863195408,0.0,18.000878242540047,22.49756868089451,282.38316488616414,0.0,18.000400362116103,23.004693001879573,721.8772783433658,0.0,18.000538721330315,22.42222431572026,282.5687975243111,0.0,18.602371768866735,22.356066562450998,0.0,216.2624738211419,0.0,9993.074501594941,0.0,0.0,922.4987101128493,425.5940269861607,882.3858552476573,440.5903941952013,0.0,2348.4473449291936,3194.5580242192045,0.0,0.0,0.0,0.0,9993.074501594941,12491.343126993675,0.0,0.0,7.22,7.22,0.0,0.0,60.35237264222174,0.10861537108394861,7.22,0.0,6.3178573806646705,0.0027900758086234476,-3.884869815194922,15.860200214216047,0.3705044250126874,0.0027900758086234476,16.0,80.81449462795572,0.023746185376447185,0.06773121584216384,0.0,7.22,0.0,4.5000419231223026,0.31057230924622753,0.002723785225603952,11.5,4.5000419231223026,0.31057230924622753,0.002723785225603952,4.5,3166576.247526354,1354960.257918031 
 01/04  08:00:00,-2.8,0.0,0.0,0.0,0.0,0.0,15.628879451806437,-3.396874687184857,18.000139925987,-3.511226627559155,17.99968776916112,-3.6675967856236644,17.999745122501462,-3.493696320094391,17.99978680385415,-3.6783224984757488,18.574435621156873,-3.3159131279234866,15.628879451806437,25.92687288540082,1008.5547435085052,0.0,18.000139925987,22.08810611129494,722.3609620118783,0.0,17.99968776916112,21.798312678015627,197.2085940798143,0.0,17.999745122501462,22.121432626637954,676.7848741101832,0.0,17.99978680385415,21.778391590700977,262.85412129478163,0.0,18.574435621156873,21.660451368675258,0.0,203.0174358442655,0.0,7957.4743396960575,0.0,0.0,881.1210592361954,331.12826199308574,827.0486767570715,410.6403994759673,0.0,2289.978141861069,3252.677849478222,0.0,0.0,0.0,0.0,7957.4743396960575,9946.842924620072,0.0,0.0,7.22,7.22,0.0,0.0,63.24012557337724,0.10130261502651597,7.22,0.0,6.302736964223527,0.0028340012433639766,-3.7040657988762224,15.999623429444767,0.3705044250126874,0.0028340012433639766,16.0,81.9999999960922,0.021631565219363328,0.06506329853473425,0.0,7.22,0.0,4.499898348037811,0.31057230924622753,0.002813817535712608,11.5,4.499898348037811,0.31057230924622753,0.002813817535712608,4.5,3159894.668758451,1354960.257918031 
 01/04  09:00:00,-2.425,11.0,5.0,11.0,5.0,20.0,16.655433132988964,-2.9152560053287693,20.743473680235574,-1.9990201170485635,20.923581266629775,-2.1795968533924897,20.767455440973592,-1.9693248689245755,20.82106058939639,-2.244603705122068,21.21563829193935,-1.6322698186374733,16.655433132988968,25.287525818502683,2864.4987657112656,0.0,20.74347368023558,21.171106898055598,1822.5189326446193,46.29815831848772,20.923581266629782,20.63146232560664,755.1136527640061,41.38134031479351,20.767455440973595,21.19083409361455,1707.0977855239644,44.83670798982355,20.821060589396396,20.65302643244321,832.8454082100592,42.60438657301604,21.215638291939356,21.191202418071367,917.412328985036,95.11491804687408,0.0,12801.880389680293,0.0,0.0,2151.655736500137,1043.009718771752,2019.4878821648254,1146.0305324282508,1232.8528177526928,2172.4602572759504,3199.6954835613187,0.0,0.0,0.0,0.0,12801.880389680293,16002.350487100364,0.0,0.0,7.220000000000001,7.220000000000001,0.0,0.0,66.26441582311602,0.22065499048050957,7.220000000000001,0.0,6.4453401105128805,0.0028702592200855045,-3.5624145412081965,16.000023492578755,0.37050442501268743,0.0028702592200855045,16.000000000000004,81.99999999999986,0.02003604538523271,0.06215622327780779,0.0,7.220000000000001,0.0,4.49986789944094,0.3105723092462276,0.002846474863894179,11.500000000000004,4.49986789944094,0.3105723092462276,0.002846474863894179,4.500000000000001,33062323.99431075,1354960.257918031 
 01/04  10:00:00,-1.8875000000000002,11.0,5.0,11.0,5.0,20.0,17.91254032710934,-0.4500192449306531,22.002310487102278,1.0327767282820557,22.002385038285787,-0.04210933559960707,22.0012214465248,1.1318677640783599,22.001105629999444,-0.2442349163953467,22.37839707235399,2.02465576224452,17.91254032710934,28.671306120050502,2972.560647683927,0.0,22.002310487102278,24.92783208041191,623.0347212539515,0.0,22.002385038285787,23.0027020218413,86.16616478289791,19.610648281034457,22.0012214465248,25.112577921277364,446.82523183433113,0.0,22.001105629999444,22.646294518495452,192.9539594540865,0.0,22.37839707235399,26.165640562148802,0.0,504.0866138115715,0.0,8205.617306980026,0.0,0.0,1098.6314106535806,468.47459933748087,897.2511301881278,636.2121159812547,0.0,2003.9071334381913,3129.510135166608,0.0,0.0,0.0,0.0,8205.617306980026,10257.021633725031,0.0,0.0,7.22,7.22,0.0,0.0,61.75361456325142,0.09673831580533493,7.22,0.0,6.634972416894571,0.002970329073535397,-3.1705990776763735,16.0004059330128,0.3705044250126874,0.002970329073535397,16.0,82.0,0.017850244297383074,0.0584930582219816,0.0,7.22,0.0,4.49992370500038,0.31057230924622753,0.0028604767260354312,11.5,4.49992370500038,0.31057230924622753,0.0028604767260354312,4.5,43295542.42940095,1354960.257918031 
 01/04  11:00:00,-1.7,11.0,5.0,11.0,5.0,20.0,18.81182489874581,1.7735761205516483,22.001530568559897,2.739730393997067,22.000842948413386,0.8748506271255617,22.00096637837513,2.912587660619831,22.00201303934946,0.5941032490910376,23.088843450331677,4.7355385507317935,18.81182489874581,31.98185511922853,2768.467324776695,0.0,22.001530568559897,28.14102155012049,52.516070867324515,62.315570991198,22.000842948413386,24.62250669367912,0.0,245.1340697063294,22.00096637837513,28.49001779041844,0.0,194.5676816685829,22.00201303934946,24.126594816455,0.0,121.11868148644362,23.088843450331677,30.324649113141852,0.0,561.3141799934623,0.0,6257.920063130607,0.0,0.0,467.0621519335456,157.3426233169916,257.357152796357,322.823989229678,0.0,1945.0851136407014,3075.121939877633,0.0,0.0,0.0,0.0,6257.920063130607,7822.400078913258,0.0,0.0,7.22,7.22,0.0,0.0,63.184492269714546,0.07936136453922639,7.22,0.0,6.782963200746297,0.0031600689698019677,-2.4586978999312077,15.99989144802326,0.3705044250126874,0.0031600689698019677,16.0,82.0,0.017113903118713254,0.055847913121582965,0.0,7.22,0.0,4.4989692757613255,0.31057230924622753,0.002944705711575806,11.5,4.4989692757613255,0.31057230924622753,0.002944705711575806,4.5,44629329.759574525,1354960.257918031 
 01/04  12:00:00,-1.3249999999999997,8.8,4.0,8.8,4.0,16.0,19.552798353281553,2.9341759816222397,22.000928855205117,3.246717769831588,22.001740336570858,1.1766073015888803,22.00059985457765,3.4553668359414407,22.000872428424486,0.9045068377281451,23.380792121785937,6.074946705079689,19.552798353281553,33.16800976404914,2450.2078247940353,0.0,22.000928855205117,29.16519869084175,0.0,184.0785580889904,22.001740336570858,25.159647969735325,0.0,286.35671018161736,22.00059985457765,29.59910639883406,0.0,353.8419135933657,22.000872428424486,24.672679563902513,0.0,200.55845784222174,23.380792121785937,32.69074200474593,0.0,585.1440291309518,0.0,5575.482099565374,0.0,0.0,293.3842083157381,116.36830437177422,98.70413891034421,243.56224378999116,0.0,1828.2181171524007,3027.285665137722,0.0,0.0,0.0,0.0,5575.482099565374,6969.352624456716,0.0,0.0,7.22,7.22,0.0,0.0,63.79174935688945,0.07311681707417143,7.22,0.0,6.914083741064253,0.003361076349395789,-1.7412616985259535,15.99990884091093,0.3705044250126874,0.003361076349395789,16.0,82.0,0.01570969489850361,0.05363841908905882,0.0,7.22,0.0,4.499912391981583,0.31057230924622753,0.0030955234546535073,11.5,4.499912391981583,0.31057230924622753,0.0030955234546535073,4.5,43273501.46348256,1354960.257918031 
 01/04  13:00:00,-0.7875000000000001,4.4,2.0,4.4,2.0,8.0,20.04637022560189,2.964828803197494,22.000649919762022,2.455435525295594,22.0007830688894,0.4953028882996235,22.001426674698948,2.6705527402780023,22.002532933536326,0.2737170065574061,23.195831362309086,5.650789545797815,20.04637022560189,32.24528377569971,2033.842479040729,0.0,22.000649919762022,27.582518424466343,0.0,76.41595577589743,22.0007830688894,23.959967700389296,0.0,192.66374188383372,22.001426674698948,28.006620415767088,0.0,204.78838848627493,22.002532933536326,23.57058625096625,0.0,131.95382585716794,23.195831362309086,32.10623182426604,0.0,570.4331380101705,0.0,5739.141674603201,0.0,0.0,400.6666053757953,209.76866685566677,247.28063314797095,312.13228723044625,0.0,1659.7023606592193,2994.1140566375952,0.0,0.0,0.0,0.0,5739.141674603201,7173.927093254001,0.0,0.0,7.22,7.22,0.0,0.0,62.969871637845486,0.07204117443911173,7.22,0.0,7.004735397510084,0.0034276474368793654,-1.525768744698707,16.000907189366153,0.3705044250126874,0.0034276474368793654,16.0,82.00000000000001,0.013772221997116958,0.05216763912439712,0.0,7.22,0.0,4.499951977749422,0.31057230924622753,0.0031507228434751846,11.5,4.499951977749422,0.31057230924622753,0.0031507228434751846,4.5,39222462.793753415,1354960.257918031 
 01/04  14:00:00,-0.6,8.8,4.0,8.8,4.0,16.0,20.54325264253283,2.338650895532186,22.000608701286023,2.492973365954107,22.000892863062816,0.7837256176945504,22.078212754749508,2.6977093412160746,22.00131399467684,0.5830091808079096,23.602496823009655,5.690845515811367,20.54325264253283,29.90247790103474,2015.4504454691355,0.0,22.000608701286023,27.652521652363447,0.0,441.8764278957842,22.000892863062816,24.46349513750112,0.0,302.1739961548129,22.078212754749508,27.924962145895872,0.0,458.392207407149,22.00131399467684,24.11030146369416,0.0,271.43336189946797,23.602496823009655,31.411481435622612,0.0,602.5010450928237,0.0,4903.211196981071,0.0,0.0,36.00215937581265,100.38851191928887,0.0,172.71629953436226,0.0,1600.837901430895,2965.331377297871,0.0,0.0,0.0,0.0,4903.211196981071,6129.013996226338,0.0,0.0,7.22,7.22,0.0,0.0,64.14484956272831,0.06557256328269592,7.22,0.0,7.080437302066306,0.0033859758557689902,-1.680932900657324,16.000468509562296,0.3705044250126874,0.0033859758557689902,16.0,81.3590918502868,0.013118443032938763,0.05092908196168272,0.0,7.22,0.0,4.499956466886439,0.31057230924622753,0.003147174595471387,11.5,4.499956466886439,0.31057230924622753,0.003147174595471387,4.5,41916441.30919056,1354960.257918031 
 01/04  15:00:00,-0.9125000000000001,11.0,5.0,11.0,5.0,20.0,21.013223602740137,3.2356179988673106,22.074523029931953,3.6822194568087347,22.00094309143281,1.7857860450001761,22.143335380960533,3.919842626833769,22.00081818428155,1.5352089741869221,23.91381120170881,7.170395964907229,21.013223602740137,30.962846072317834,2031.644542342912,0.0,22.074523029931953,29.94901422379501,0.0,484.1185362321577,22.00094309143281,26.289908681146606,0.0,298.91311325198933,22.143335380960533,30.328296320494776,0.0,463.5795208751016,22.00081818428155,25.821945729132477,0.0,296.19478491987456,23.91381120170881,34.14723211245828,0.0,627.752561083058,0.0,4845.3627271097375,0.0,0.0,0.0,103.78235842792108,0.0,148.06982513866427,0.0,1699.0967031664718,2936.515474013688,0.0,0.0,0.0,0.0,4845.3627271097375,6056.703408887172,0.0,0.0,7.22,7.22,0.0,0.0,64.25107782242863,0.06519025238911748,7.22,0.0,7.159692368704034,0.0034824841997865615,-1.3462102490445893,16.001238611501243,0.3705044250126874,0.0034824841997865615,16.0,81.8049853476725,0.014214764577171246,0.0497239049831471,0.0,7.22,0.0,4.499712401456696,0.31057230924622753,0.0032244053373873907,11.5,4.499712401456696,0.31057230924622753,0.0032244053373873907,4.5,42816086.46832546,1354960.257918031 
 01/04  16:00:00,-1.1,11.0,5.0,11.0,5.0,20.0,21.276725371397937,4.335595771187022,22.002628801928505,4.4661710390821066,22.002004028500142,2.3223215523486513,22.003000583370998,4.715109257904383,22.003255270884534,2.039756953523728,23.857566381880932,8.323657274797533,21.276725371397937,32.91845739173563,1924.4359730372191,0.0,22.002628801928505,31.77668823727229,0.0,333.57412079871744,22.002004028500142,27.310540699544077,0.0,183.23815458429493,22.003000583370998,32.334334556349724,0.0,300.68985211008237,22.003255270884534,26.76330899968039,0.0,202.52124095254925,23.857566381880932,37.05913397318876,0.0,623.9910654467612,0.0,5334.741454302145,0.0,0.0,144.64618089330264,219.44310802063734,152.06927802095652,241.89137836125246,0.0,1758.0892853113944,2915.8814675162757,0.0,0.0,0.0,0.0,5334.741454302145,6668.42681787768,0.0,0.0,7.22,7.22,0.0,0.0,63.159836632010496,0.06761267818527661,7.22,0.0,7.215471942602372,0.0035290461270882025,-1.1787610101218593,16.00119564499239,0.3705044250126874,0.0035290461270882025,16.0,82.0,0.014885053323840478,0.04887939530428008,0.0,7.22,0.0,4.500387191338228,0.31057230924622753,0.0031997385989544574,11.5,4.500387191338228,0.31057230924622753,0.0031997385989544574,4.5,41018319.66894084,1354960.257918031 
 01/04  17:00:00,-2.1624999999999996,11.0,5.0,11.0,5.0,20.0,21.32799299865001,4.641143349414138,22.003776774442198,4.261521149098184,22.00268314406022,1.8360417218503826,22.00267178725888,4.51751597261844,22.002980417757676,1.514659825007468,23.391036882190704,8.410993203085237,21.32799299865001,33.522749560289256,1875.0837421103517,0.0,22.003776774442198,31.324905442004976,263.01381323562595,6.919791430660609,22.00268314406022,26.383727841839615,64.35216246816327,6.302978281020387,22.00267178725888,31.893996504294293,263.32762021651524,0.0,22.002980417757676,25.78323644260029,56.89767610724334,16.948978265633457,23.391036882190704,38.33810988481401,0.0,587.1328416640956,0.0,7243.653105892716,0.0,0.0,732.037242805563,460.0590499562094,713.7011108296549,483.64574912253295,0.0,2089.9652834969093,2907.1612750003474,0.0,0.0,0.0,0.0,7243.653105892716,9054.566382365894,0.0,0.0,7.22,7.22,0.0,0.0,60.888176510682456,0.08183605135024166,7.22,0.0,7.234072240216208,0.0032364058403606716,-2.2145457398096964,16.00124096974281,0.3705044250126874,0.0032364058403606716,16.0,82.0,0.018995198035704663,0.04852609786814958,0.0,7.22,0.0,4.49996471799328,0.31057230924622753,0.002811442318930682,11.5,4.49996471799328,0.31057230924622753,0.002811442318930682,4.5,37431551.26321202,1354960.257918031 
 01/04  18:00:00,-3.4875,11.0,5.0,11.0,5.0,20.0,21.208713272642065,3.904825203908417,22.00385481126263,3.2843153005420205,22.003384360392683,0.6361209685516344,22.00330312544697,3.5557162439851617,22.003883983191482,0.2908275192326654,23.02499745847355,7.486476494174021,21.208713272642065,32.073088891829954,1882.692665257738,0.0,22.00385481126263,29.24194421081273,565.3914924565541,0.0,22.003384360392683,24.199926771309286,169.44838406988225,0.0,22.00330312544697,29.808894195141455,509.9034189350738,0.0,22.003883983191482,23.59766108959922,165.55514226249068,0.0,23.02499745847355,36.80761165980747,0.0,557.7859730078893,0.0,8543.186932022045,0.0,0.0,1040.0161460288273,571.1234970826648,959.1990996361795,608.9138726601552,0.0,2503.4833341134654,2910.1722868562856,0.0,0.0,0.0,0.0,8543.186932022045,10678.983665027557,0.0,0.0,7.22,7.22,0.0,0.0,60.26589067945404,0.09392659277352997,7.22,0.0,7.219352062860676,0.0029144779863037084,-3.434718398802672,15.999759541122895,0.3705044250126874,0.0029144779863037084,16.0,82.0,0.024749026875667702,0.048643711962254185,0.0,7.22,0.0,4.498170882187592,0.31057230924622753,0.002464610244264553,11.5,4.498170882187592,0.31057230924622753,0.002464610244264553,4.5,37442838.630901545,1354960.257918031 
 01/04  19:00:00,-4.5875,5.5,2.5,5.5,2.5,10.0,20.431051011303968,2.6056941347197533,20.23396412531059,1.4883583625599064,20.212279375802467,-1.1634922180803664,20.25352438859504,1.7787082468486901,20.197072476910613,-1.4728034836864774,21.942963714817317,5.821180558307534,20.431051011303968,30.691592573292507,1026.4015440092314,0.0,20.23396412531059,28.695123778784676,127.23972218124572,140.57096148723883,20.212279375802467,23.43850025267236,5.646978309419126,135.732327652309,20.25352438859504,29.261757561723464,97.76033177244679,144.71615809075104,20.197072476910613,22.865153001177255,5.560899591055261,143.6474866243047,21.942963714817317,35.053797182856606,0.0,471.2475591803708,0.0,6761.389464315548,0.0,0.0,322.8367688221185,152.12531542560703,272.8864316071345,172.16914790233784,0.0,2847.573456029804,2950.4836232486196,0.0,0.0,0.0,0.0,6761.389464315548,8451.736830394435,0.0,0.0,7.219999999999999,7.219999999999999,0.0,0.0,63.13577342830284,0.08552867974677739,7.219999999999999,0.0,7.107741621909292,0.002651477632352709,-4.528916617427844,16.00015364369659,0.3705044250126874,0.002651477632352709,16.0,82.0,0.03029461903124848,0.05030310802117891,0.0,7.219999999999999,0.0,4.499490947029713,0.31057230924622753,0.0022410203504575053,11.5,4.499490947029713,0.31057230924622753,0.0022410203504575053,4.5,23035107.037244286,1354960.257918031 
 01/04  20:00:00,-5.0,0.0,0.0,0.0,0.0,0.0,19.40005933305237,-0.16712308930356715,20.001705343192597,-1.9742682734980073,20.000330710575977,-4.100946995477716,20.001512246922346,-1.7277316016812834,20.000303503395806,-4.302952017216406,20.460230327429063,2.0654163295416272,19.40005933305237,26.702583645444804,579.3052357353797,0.0,20.001705343192597,22.27187475234485,1113.8864451474424,0.0,20.000330710575977,18.591025571531404,406.1069020298692,0.0,20.001512246922346,22.737195621240254,1058.8470150639291,0.0,20.000303503395806,18.26914884115972,405.47419612057604,0.0,20.460230327429063,29.55837219615719,0.0,352.86869727141334,0.0,10033.98863272005,0.0,0.0,1429.4047338565865,673.5007084129118,1357.3888789765606,700.6059971112195,0.0,2976.566933058889,3009.6873617978463,0.0,0.0,0.0,0.0,10033.98863272005,12542.48579090006,0.0,0.0,7.22,7.22,0.0,0.0,61.28924694565585,0.115708415385147,7.22,0.0,6.946260276627921,0.0024607368094647667,-5.384936794347098,16.00009577925248,0.3705044250126874,0.0024607368094647667,16.0,82.0,0.032540248566666166,0.05285102124583343,0.0,7.22,0.0,4.500003455339744,0.31057230924622753,0.002160330729538608,11.5,4.500003455339744,0.31057230924622753,0.002160330729538608,4.5,12263278.288770445,1354960.257918031 
 01/04  21:00:00,-4.625,0.0,0.0,0.0,0.0,0.0,18.676838224619033,-2.7571712506877146,19.99978666141433,-3.364216334652145,19.999201681774352,-3.6488689594422388,19.999498862761442,-3.2648502574100786,19.99787255650707,-3.5986013316085437,20.00295044353103,-1.088316738417673,18.676838224619033,22.560441903382404,798.5221176343134,0.0,19.99978666141433,19.739991832125,1668.6206686968255,0.0,19.999201681774352,19.286470884539696,667.5782038801908,0.0,19.999498862761442,19.906187131754354,1610.4333981298453,0.0,19.99787255650707,19.37206784612048,667.6430752663762,0.0,20.00295044353103,23.893367398662512,326.0362839051278,6.2957471382954395,0.0,4827.617170129693,0.0,0.0,1713.2089926234682,705.0304046576971,1652.5323410742062,708.8178432916536,363.25210906959296,0.0,0.0,0.0,0.0,0.0,0.0,4827.617170129693,6034.5214626621155,0.0,0.0,7.22,7.22,0.0,0.0,55.57237661872953,0.04338565266528484,7.22,0.0,18.442334896197824,0.0031522724882887803,-2.4752063683696925,19.44743301354509,0.3705044250126874,0.0031522724882887803,16.0,82.0,0.0,0.0,0.0,7.22,0.0,-4.625,0.00621144618492455,0.002228782959932385,11.5,-4.625,0.00621144618492455,0.002228782959932385,4.5,7155452.151419449,1354960.257918031 
 01/04  22:00:00,-4.775,0.0,0.0,0.0,0.0,0.0,18.083059864667405,-2.9409339496155535,19.999414134630676,-3.3866363458146105,19.999322637006205,-3.242448362965624,19.99887214059162,-3.3715466006486574,19.99942794833902,-3.2115995618560658,19.99998914468793,-2.4373933069956895,18.083059864667405,23.055841456770924,792.5795998924543,0.0,19.999414134630676,19.70264195799514,1926.3587441346292,0.0,19.999322637006205,19.943904803708143,782.6663472518484,0.0,19.99887214059162,19.72849328218896,1866.3618527066328,0.0,19.99942794833902,19.995748994886373,782.1826003737278,0.0,19.99998914468793,21.34596946444499,911.1619480051074,0.0,0.0,6765.441965519304,0.0,0.0,2018.84436122549,860.4538165752477,1953.8632204273297,868.0032623377672,1002.3398926594799,0.0,0.0,0.0,0.0,0.0,0.0,6765.441965519304,8456.802456899131,0.0,0.0,7.22,7.22,0.0,0.0,55.942923122602,0.06217967065318558,7.22,0.0,17.834170243607666,0.0030233405532021484,-2.946018120440871,18.839506692799056,0.3705044250126874,0.0030233405532021484,16.0,82.0,0.0,0.0,0.0,7.22,0.0,-4.775,0.00621144618492455,0.0022464822689680763,11.5,-4.775,0.00621144618492455,0.0022464822689680763,4.5,3123009.142877453,1354960.257918031 
 01/04  23:00:00,-5.6875,0.0,0.0,0.0,0.0,0.0,17.67340720490124,-3.2806802373611177,20.000257278925414,-3.6158711790303237,20.000836119403132,-3.4490320120865894,19.998992390551386,-3.623897607607071,20.00005878858405,-3.428578108287629,19.999871079922197,-3.3032276321869967,17.67340720490124,22.99051143448822,945.8929388180475,0.0,20.000257278925414,19.324003917698942,2013.0339655084258,0.0,20.000836119403132,19.59786928005439,823.5758052203989,0.0,19.998992390551386,19.31244182871024,1953.948123373193,0.0,20.00005878858405,19.63270677885721,822.93132801605,0.0,19.999871079922197,19.843974267039705,1045.8408047547123,0.0,0.0,7235.380567886035,0.0,0.0,2142.0948015543754,932.279340105173,2076.045856637895,942.8136725888493,1173.6189765770132,0.0,0.0,0.0,0.0,0.0,0.0,7235.380567886035,9044.225709857546,0.0,0.0,7.22,7.22,0.0,0.0,57.22271285527857,0.06979750754722391,7.22,0.0,17.372859201943015,0.0029405806427724506,-3.2546915620158914,18.3783487427551,0.3705044250126874,0.0029405806427724506,16.0,82.0,0.0,0.0,0.0,7.22,0.0,-5.6875,0.00621144618492455,0.0019535103557469205,11.5,-5.6875,0.00621144618492455,0.0019535103557469205,4.5,3130161.6491332464,1354960.257918031 
 01/04  24:00:00,-6.7875,0.0,0.0,0.0,0.0,0.0,17.353776794521817,-3.7012593714519033,19.999278349745893,-3.9854545506071375,20.000784254052633,-3.8342331450000917,20.000350121176222,-3.9993265958990345,20.00016877588463,-3.817993643893705,19.99963289568007,-3.9633319977163928,17.353776794521817,22.640318743969928,1065.3129025475764,0.0,19.999278349745893,18.729705221335216,2028.4558611470688,0.0,20.000784254052633,18.969686385345774,832.5322806486811,0.0,20.000350121176222,18.70644516729103,1974.84693742152,0.0,20.00016877588463,18.996539357030557,832.9043432699582,0.0,19.99963289568007,18.765326332099914,1009.7177890464443,0.0,0.0,7378.974642660737,0.0,0.0,2185.1382650733785,964.6237200822554,2123.2760960408195,978.6108417224382,1165.173554604808,0.0,0.0,0.0,0.0,0.0,0.0,7378.974642660737,9223.71830332592,0.0,0.0,7.22,7.22,0.0,0.0,57.46270631112627,0.07187649031684373,7.22,0.0,17.022758361364538,0.002836556785677956,-3.670218434492967,18.028440393119002,0.3705044250126874,0.002836556785677956,16.0,82.0,0.0,0.0,0.0,7.22,0.0,-6.7875,0.00621144618492455,0.0016781282837616542,11.5,-6.7875,0.00621144618492455,0.0016781282837616542,4.5,3132111.9068812067,1354960.257918031 
 01/05  01:00:00,-7.2,0.0,0.0,0.0,0.0,0.0,16.81499394915196,-4.108187513391584,18.161919264241213,-4.340477808068492,18.208348906220273,-4.225816428748509,18.172000272320624,-4.353577763581737,18.203355309781053,-4.215072033869798,19.383646586387385,-4.4187574547341235,16.81499394915196,22.632198434166018,732.8529335858847,0.0,18.161919264241213,20.383538079161767,278.8585209491823,19.512223803032253,18.208348906220273,20.522764882551805,53.51829320855006,25.080471664593716,18.172000272320624,20.348029514174726,254.7246209866798,19.22479753652253,18.203355309781053,20.54791699618666,54.55205565337178,27.32134919725186,19.383646586387385,18.75560950373651,0.0,147.1342557060054,0.0,470.1272387772651,0.0,0.0,310.58543426123344,74.74472270245033,284.7664999362124,77.96055495579907,0.0,0.0,0.0,0.0,0.0,0.0,0.0,470.1272387772651,587.6590484715814,0.0,0.0,7.219999999999999,7.219999999999999,0.0,0.0,55.59572399567369,0.003998807889436752,7.219999999999999,0.0,16.51077133396243,0.002725645964868419,-4.1308869413301466,17.516658679192705,0.3705044250126874,0.002725645964868419,16.0,82.0,0.0,0.0,0.0,7.219999999999999,0.0,-7.2,0.00621144618492455,0.0015701221332048252,11.5,-7.2,0.00621144618492455,0.0015701221332048252,4.5,6308689.648305616,1354960.257918031 
 01/05  02:00:00,-6.8875,0.0,0.0,0.0,0.0,0.0,16.294621327342384,-4.54376604140887,18.00002595152189,-4.769513505025745,17.99936949234885,-4.65325953188674,17.999782333569083,-4.782578448222727,18.000203038588666,-4.640237508466807,19.05621204567234,-4.916962625343887,16.294621327342384,22.54312679955131,800.1697914113042,0.0,18.00002595152189,19.850092958046535,691.8562482272316,0.0,17.99936949234885,20.04870296409312,227.5904007711398,0.0,17.999782333569083,19.82828466142528,655.0554174801364,0.0,18.000203038588666,20.069919368429154,227.9677305391125,0.0,19.05621204567234,18.346390230702383,0.0,160.6506317793506,0.0,1800.7831883668005,0.0,0.0,769.9022959532934,293.32880727675234,728.9271781772022,300.56885218570426,0.0,0.0,0.0,0.0,0.0,0.0,0.0,1800.7831883668005,2250.9789854585,0.0,0.0,7.22,7.22,0.0,0.0,46.917101364298105,0.012216824527859459,7.22,0.0,16.011271587514347,0.00263858534301884,-4.506790347267615,17.01732015679608,0.3705044250126874,0.00263858534301884,16.0,82.0,0.0,0.0,0.0,7.22,0.0,-6.8875,0.00621144618492455,0.0016427925926046146,11.5,-6.8875,0.00621144618492455,0.0016427925926046146,4.5,6316316.759474739,1354960.257918031 
 01/05  03:00:00,-7.0125,0.0,0.0,0.0,0.0,0.0,15.93726409169925,-4.916593786703092,18.00016107416102,-5.071380181453322,18.000827210199674,-4.978375377554691,17.99970322343333,-5.082839433009686,17.999584986501098,-4.969453144835711,18.961023861261232,-5.237852986625712,15.93726409169925,22.341352874098966,923.2512584643716,0.0,18.00016107416102,19.344305566216512,760.7937273574844,0.0,18.000827210199674,19.498014006500586,273.3361724583477,0.0,17.99970322343333,19.32590597141298,725.7570236509783,0.0,17.999584986501098,19.514425363171092,272.8196985320647,0.0,18.961023861261232,17.9559835870193,0.0,183.07168528769637,0.0,2363.4432021807233,0.0,0.0,868.9837954718672,364.59340588415495,828.150448747255,373.4277092892494,0.0,0.0,0.0,0.0,0.0,0.0,0.0,2363.4432021807233,2954.3040027259044,0.0,0.0,7.22,7.22,0.0,0.0,43.38309779153632,0.014638532945446116,7.22,0.0,15.631016629298816,0.002548689748061756,-4.903930491583694,16.63723172467521,0.3705044250126874,0.002548689748061756,16.0,82.0,0.0,0.0,0.0,7.22,0.0,-7.0125,0.00621144618492455,0.001642414829671365,11.5,-7.0125,0.00621144618492455,0.001642414829671365,4.5,6318548.435638911,1354960.257918031 
 01/05  04:00:00,-8.262500000000001,0.0,0.0,0.0,0.0,0.0,15.671919786619332,-5.208585707491874,17.999981940020152,-5.352676160226643,18.001036574301075,-5.285466362416692,18.00058899304704,-5.361561379624179,18.00017084583998,-5.279094413991562,18.886070216565535,-5.5058216501376975,15.671919786619332,22.163625813580357,1017.9424810430994,0.0,17.999981940020152,18.88439257963847,873.3522870079065,0.0,18.001036574301075,18.99223276886601,323.34918694769976,0.0,18.00058899304704,18.869294740110455,838.2420631141147,0.0,18.00017084583998,19.003627159571444,322.89323070328106,0.0,18.886070216565535,17.630564583236243,0.0,200.7865202216086,0.0,2880.9199400449497,0.0,0.0,1005.3173496880761,434.688728489786,963.2230094560899,445.6899066356328,0.0,0.0,0.0,0.0,0.0,0.0,0.0,2880.9199400449497,3601.149925056186,0.0,0.0,7.22,7.22,0.0,0.0,43.37777929731663,0.01785677128386564,7.22,0.0,15.330811656679124,0.0024808258659873867,-5.2137377433630565,16.337152502635945,0.3705044250126874,0.0024808258659873867,16.0,82.0,0.0,0.0,0.0,7.22,0.0,-8.262500000000001,0.00621144618492455,0.001512512641335543,11.5,-8.262500000000001,0.00621144618492455,0.001512512641335543,4.5,6321535.9464696245,1354960.257918031 
 01/05  05:00:00,-10.962499999999999,0.0,0.0,0.0,0.0,0.0,15.443846176378901,-5.536799368023599,17.999942795557125,-5.764401640558115,17.999585494539897,-5.6837115878206825,18.000382507478122,-5.773537793083232,17.9996037570497,-5.67380330124933,18.69899806574601,-5.925989099394068,15.443846176378901,21.8664464281815,1090.567515836583,0.0,17.999942795557125,18.229617186659496,1148.8883387586006,0.0,17.999585494539897,18.356688857770717,432.9382084075318,0.0,18.000382507478122,18.214812242596523,1106.442638838154,0.0,17.9996037570497,18.372263758146822,433.19310786157126,0.0,18.69899806574601,17.205844176537997,0.0,206.72418241813074,0.0,3826.556326274762,0.0,0.0,1301.706875160129,561.755970342808,1251.1541342611085,575.3408261970455,0.0,0.0,3.6747049689362896,0.0,0.0,0.0,0.0,3826.556326274762,4783.195407843452,0.0,0.0,7.22,7.22,0.0,0.0,45.911511791872876,0.025451804356410056,7.22,0.0,15.05804240649794,0.0024109189689716683,-5.538754118804438,16.074339896321018,0.3705044250126874,0.0024109189689716683,16.0,82.0,0.0,0.000016855910352579426,0.0,7.22,0.0,-10.962499999999999,0.00621144618492455,0.0012066215356373094,11.5,-10.962499999999999,0.00621144618492455,0.0012066215356373094,4.5,6328612.306788071,1354960.257918031 
 01/05  06:00:00,-13.575,0.0,0.0,0.0,0.0,0.0,15.197915927228415,-6.053794719171967,17.99969446417228,-6.368878935080461,17.99984432927061,-6.234729336141047,18.00016643064884,-6.382388008203845,17.999430399182664,-6.217402714485146,18.52261439435347,-6.587787425181991,15.197915927228415,21.249340482633315,1166.1017494348703,0.0,17.99969446417228,17.3051698066732,1379.3857327102746,0.0,17.99984432927061,17.50627858681721,526.1465198907583,0.0,18.00016643064884,17.284490876240156,1329.1175157641806,0.0,17.999430399182664,17.532899970537265,526.037895262012,0.0,18.52261439435347,16.432342491581263,0.0,198.65337948408694,0.0,4495.936550667222,0.0,0.0,1538.1181536900094,659.950176390751,1479.4333099402738,673.6529693258403,0.0,0.0,79.51260182552473,0.0,0.0,0.0,0.0,4495.936550667222,5619.9206883340285,0.0,0.0,7.22,7.22,0.0,0.0,49.21116605545656,0.03282611912705451,7.22,0.0,14.78052650672397,0.002311650221473353,-6.022183038096285,15.999849078143368,0.3705044250126874,0.002311650221473353,16.0,82.0,0.0,0.0004247770905593097,0.0,7.22,0.0,-13.575,0.00621144618492455,0.0009458679809799983,11.5,-13.575,0.00621144618492455,0.0009458679809799983,4.5,6335508.581545712,1354960.257918031 
 01/05  07:00:00,-14.775,0.0,0.0,0.0,0.0,0.0,14.920501351201386,-6.672321970529907,18.00029934899745,-6.998253771864274,17.999693959104302,-6.841228474668993,17.99966304551075,-7.014981557017091,17.999649578906727,-6.822977383270672,18.441442922020656,-7.269349981230309,14.920501351201386,20.50708560240808,1262.4275126513517,0.0,18.00029934899745,16.387083607427478,1505.6042707658996,0.0,17.999693959104302,16.61232749340364,579.8864895317645,0.0,17.99966304551075,16.36397900658303,1452.1906840679135,0.0,17.999649578906727,16.638672920311347,579.9506646729676,0.0,18.441442922020656,15.568236452047465,0.0,192.1922978253495,0.0,4935.708559979725,0.0,0.0,1664.3336327484315,713.6260097048599,1602.4227652351553,727.5220598570284,0.0,0.0,186.62183570573674,0.0,0.0,0.0,0.0,4935.708559979725,6169.635699974655,0.0,0.0,7.22,7.22,0.0,0.0,51.02034727323122,0.0381273711269854,7.22,0.0,14.494019398642225,0.002191224099566509,-6.639769200999561,16.000148893680006,0.3705044250126874,0.002191224099566509,16.0,82.0,0.0,0.0010900324346650998,0.0,7.22,0.0,-14.775,0.00621144618492455,0.0008000521529181956,11.5,-14.775,0.00621144618492455,0.0008000521529181956,4.5,6340471.188904756,1354960.257918031 
 01/05  08:00:00,-14.312499999999998,0.0,0.0,0.0,0.0,0.0,14.65090074320004,-7.315464294209361,18.000000354725266,-7.635852377562282,18.000129741622295,-7.470605903903054,17.99971555779433,-7.654112327644174,17.999482164829544,-7.451978684631819,18.341770141199873,-7.938890426661805,14.65090074320004,19.73454639980701,1355.8067958799656,0.0,18.000000354725266,15.503105327478305,1524.5453528064136,0.0,18.000129741622295,15.72781827662631,323.62220977168045,0.25762801326050067,17.99971555779433,15.478725884032176,1473.2827214038227,0.0,17.999482164829544,15.753985910604985,593.1926385286193,0.0,18.341770141199873,14.777308567558684,0.0,184.31826804801352,0.0,4799.033111452588,0.0,0.0,1683.2367842414815,457.1133704834402,1623.5061701312163,740.7348701758556,0.0,0.0,286.2161163531624,0.0,0.0,0.0,0.0,4799.033111452588,5998.791389315735,0.0,0.0,7.22,7.22,0.0,0.0,52.544043652232524,0.038944523749935483,7.22,0.0,14.227032773157088,0.002075409512424412,-7.263631792224906,15.999971893205856,0.3705044250126874,0.002075409512424412,16.0,82.0,0.0,0.0017716680385181278,0.0,7.22,0.0,-14.312499999999998,0.00621144618492455,0.0009036642592054028,11.5,-14.312499999999998,0.00621144618492455,0.0009036642592054028,4.5,6341257.509371429,1354960.257918031 
 01/05  09:00:00,-13.9,0.0,0.0,0.0,0.0,0.0,14.492940429002438,-7.931320321840763,17.999327288076923,-8.209128803372735,18.56372426570021,-8.056254898506758,18.000286044390222,-8.226905822853327,18.000003839753617,-8.039813753846996,18.276831708722135,-8.514655811971409,14.492940429002438,18.89527068119245,1431.2262270780702,0.0,17.999327288076923,14.745940765175828,1234.4259688684242,0.0,18.56372426570021,14.436206469650521,0.0,171.38969038272907,18.000286044390222,14.722100102878594,1326.9133391420394,0.0,18.000003839753617,14.965612937409967,532.2597268393969,0.0,18.276831708722135,14.107880301571335,0.0,179.1729961845905,0.0,3876.5864317293212,0.0,0.0,1393.0041879849628,0.0,1477.130154124624,679.8104347771337,0.0,0.0,356.93100769460557,0.0,0.0,0.0,0.0,3876.5864317293212,4845.733039661651,0.0,0.0,7.22,7.22,0.0,0.0,52.92009441834098,0.031877906028691755,7.22,0.0,14.03738910187506,0.0019628220126746325,-7.901768240871105,15.999948946796753,0.3705044250126874,0.0019628220126746325,16.0,82.0,0.0,0.0022871444062772606,0.0,7.22,0.0,-13.9,0.00621144618492455,0.0009971751508682407,11.5,-13.9,0.00621144618492455,0.0009971751508682407,4.5,6334676.62931351,1354960.257918031 
 01/05  10:00:00,-12.524999999999999,0.0,0.0,0.0,0.0,0.0,14.557669428025767,-8.5519675093767,17.999953558431223,-8.780556180193983,20.256080393167295,-8.663878901856888,17.999945424701682,-8.79536520838415,18.00001197314578,-8.650610351887734,18.340809695791737,-9.055122356918002,14.557669428025767,17.821998002416528,1520.8066821948687,0.0,17.999953558431223,14.024146085686999,474.026345096511,0.0,20.256080393167295,12.319804610218902,0.0,284.46621162862436,17.999945424701682,14.00588079627041,1051.1525275483818,0.0,18.00001197314578,14.185351138470082,417.6156316423002,0.0,18.340809695791737,13.399458750509774,0.0,184.17378114227103,0.0,2668.3337954439166,0.0,0.0,632.5749069228525,0.0,1201.2939098133404,565.1432455857789,0.0,0.0,340.2163033671659,0.0,0.0,0.0,0.0,2668.3337954439166,3335.417244304895,0.0,0.0,7.22,7.22,0.0,0.0,52.001474056267384,0.021314559455986967,7.22,0.0,14.081742019566494,0.0018551067792129652,-8.544026526340767,15.99994410886621,0.3705044250126874,0.0018551067792129652,16.0,82.0,0.0,0.0021634030890283233,0.0,7.22,0.0,-12.524999999999999,0.00621144618492455,0.001015070146258272,11.5,-12.524999999999999,0.00621144618492455,0.001015070146258272,4.5,6324821.597082203,1354960.257918031 
 01/05  11:00:00,-10.2625,0.0,0.0,0.0,0.0,0.0,14.851440653834977,-9.08493667743302,18.251726346924833,-9.286649852634202,21.373130763384868,-9.184883231290673,17.999975725054476,-9.299306150018381,17.99970816539912,-9.171470005937367,18.46917554692453,-9.529331069882264,14.851440653834977,16.686347692080314,1508.444305875829,0.0,18.251726346924833,13.204852803419467,0.0,163.01317149911222,21.373130763384868,10.977466628609324,0.0,359.07511752998005,17.999975725054476,13.39701782743641,758.3076969348991,0.0,17.99970816539912,13.549250236430487,291.80940856007425,0.0,18.46917554692453,12.746479525365872,0.0,194.24316967105165,0.0,1559.6230804479114,0.0,0.0,15.415741452643541,0.0,908.3784716834683,439.27495709497026,0.0,0.0,243.07954977479156,0.0,0.0,0.0,0.0,1559.6230804479114,1949.5288505598894,0.0,0.0,7.22,7.22,0.0,0.0,51.2496729255426,0.012140272014781857,7.22,0.0,14.341635657612924,0.0017759416208956757,-9.051901672071072,16.00006019657587,0.3705044250126874,0.0017759416208956757,16.0,82.0,0.0,0.0014716811223940373,0.0,7.22,0.0,-10.2625,0.00621144618492455,0.0011037294712230193,11.5,-10.2625,0.00621144618492455,0.0011037294712230193,4.5,6316268.665635215,1354960.257918031 
 01/05  12:00:00,-8.4,0.0,0.0,0.0,0.0,0.0,15.337023734764538,-9.512641283401846,19.25566598494364,-9.685573716329428,21.41716509725957,-9.587906101358286,17.999840606648874,-9.6966384061301,18.001340449048364,-9.57500767999412,18.55722028405317,-9.902460799883888,15.337023734764538,15.573948711890162,1424.2996932818874,0.0,19.25566598494364,11.972601592143764,0.0,257.48690619180593,21.41716509725957,10.56246860897719,0.0,361.58324940501063,17.999840606648874,12.934305265144879,574.753104596101,0.0,18.001340449048364,13.073146417906672,201.60240465800194,0.0,18.55722028405317,12.26381391417377,0.0,200.68447771744837,0.0,973.0761116721762,0.0,0.0,0.0,0.0,724.3442573071989,348.7354055298582,0.0,0.0,71.3099907260487,0.0,0.0,0.0,0.0,973.0761116721762,1216.3451395902202,0.0,0.0,7.22,7.22,0.0,0.0,48.64745927865388,0.0070159455183392205,7.22,0.0,14.80727563778657,0.0017147490860876394,-9.470736627871638,16.005968559404934,0.3705044250126874,0.0017147490860876394,16.0,82.0,0.0,0.00038946332692010887,0.0,7.22,0.0,-8.4,0.00621144618492455,0.001238414459686196,11.5,-8.4,0.00621144618492455,0.001238414459686196,4.5,6311488.171512103,1354960.257918031 
 01/05  13:00:00,-7.1125,0.0,0.0,0.0,0.0,0.0,15.910647179281128,-9.875467714262722,20.445040883054467,-9.98737289475614,20.636874300275444,-9.914531988019608,18.00000676478821,-9.995373040624115,17.99982860568538,-9.905930931969094,18.682722502425698,-10.164037652293235,15.910647179281128,14.536894034571318,1271.9468585875693,0.0,20.445040883054467,10.827653572906701,0.0,317.2423108129391,20.636874300275444,10.765965178703372,0.0,280.35849984885954,18.00000676478821,12.595825045152754,436.2625262748146,0.0,17.99982860568538,12.696436600841311,118.59363466510791,0.0,18.682722502425698,11.888392392002462,0.0,176.33719544098636,0.0,669.3764274870548,0.0,0.0,0.0,0.0,553.2265225075682,233.53978922848262,0.0,0.0,0.0,0.0,0.0,0.0,0.0,669.3764274870548,836.7205343588184,0.0,0.0,7.22,7.22,0.0,0.0,45.18866488759835,0.004360800977221973,7.22,0.0,15.432948313686286,0.0016602018746750809,-9.857536622437182,16.4408122586845,0.3705044250126874,0.0016602018746750809,16.0,82.0,0.0,0.0,0.0,7.22,0.0,-7.1125,0.00621144618492455,0.0013728859299262423,11.5,-7.1125,0.00621144618492455,0.0013728859299262423,4.5,6309011.35312245,1354960.257918031 
 01/05  14:00:00,-6.012499999999999,0.0,0.0,0.0,0.0,0.0,16.427428441153353,-10.104573775237455,21.507079228666136,-10.158294363035967,19.610838366482625,-10.11349540669954,18.000256294778605,-10.16315737605888,18.000467516512316,-10.109006202633225,18.906371050319844,-10.283710736425832,16.427428441153353,13.780626071761546,1110.6011857469002,0.0,21.507079228666136,9.988085566952389,0.0,361.5765123208741,19.610838366482625,11.271068627957112,0.0,178.23687104266924,18.000256294778605,12.409074175801932,293.77742308197173,0.0,18.000467516512316,12.468794715402309,34.9672679916697,0.0,18.906371050319844,11.598982053961569,0.0,154.41821436856264,0.0,420.90517503729507,0.0,0.0,0.0,0.0,373.07319090345413,112.92377263412438,0.0,0.0,0.0,0.0,0.0,0.0,0.0,420.90517503729507,526.1314687966188,0.0,0.0,7.22,7.22,0.0,0.0,43.14242870829153,0.002596539964238253,7.22,0.0,15.935150168902133,0.0016286159201067917,-10.081693529146607,16.9430728299541,0.3705044250126874,0.0016286159201067917,16.0,82.0,0.0,0.0,0.0,7.22,0.0,-6.012499999999999,0.00621144618492455,0.0014818828396623053,11.5,-6.012499999999999,0.00621144618492455,0.0014818828396623053,4.5,6307370.337965606,1354960.257918031 
 01/05  15:00:00,-4.5375,0.0,0.0,0.0,0.0,0.0,16.830312184943665,-10.204637977594995,22.001847861783922,-10.204453885425917,18.90823313271941,-10.185774268592587,17.99961821893318,-10.207081686194059,18.02594696599249,-10.184754307771016,19.07019370349845,-10.281356514309728,16.830312184943665,13.312487604671116,981.8302366390735,0.0,22.001847861783922,9.64925204832269,0.0,364.8123677879351,18.90823313271941,11.699500190430683,0.0,100.97046319857566,17.99961821893318,12.361180420900022,264.36061975974053,0.0,18.02594696599249,12.365286070955545,0.0,35.50757034821032,19.07019370349845,11.483164660323194,0.0,131.6066974690159,0.0,283.5737071455173,0.0,0.0,0.0,0.0,309.5646195961134,10.866618457919767,0.0,0.0,0.0,0.0,0.0,0.0,0.0,283.5737071455173,354.4671339318966,0.0,0.0,7.22,7.22,0.0,0.0,42.03530494027655,0.0016974560324800937,7.22,0.0,16.388965843654326,0.001613819741081261,-10.191166982674698,17.396916012185926,0.3705044250126874,0.001613819741081261,16.0,82.0,0.0,0.0,0.0,7.22,0.0,-4.5375,0.00621144618492455,0.0016137480734642394,11.5,-4.5375,0.00621144618492455,0.0016137480734642394,4.5,6306535.064372779,1354960.257918031 
 01/05  16:00:00,-3.5249999999999995,0.0,0.0,0.0,0.0,0.0,16.984128448539447,-10.194125517284766,21.090417910861685,-10.155502946144026,18.36822007193162,-10.162333471272685,18.000075312915836,-10.156148102107187,18.122667790097232,-10.164231183330267,19.07622075753796,-10.185029874166649,16.984128448539447,13.195211783396012,841.031051693228,0.0,21.090417910861685,10.251301638918632,0.0,273.3585887917691,18.36822007193162,12.12710233917704,0.0,48.65737547008527,18.000075312915836,12.416940109777268,416.7828480782206,0.0,18.122667790097232,12.312734646890664,0.0,35.58964423877518,19.07622075753796,11.577681345017178,0.0,112.9707422010018,0.0,409.8024074944279,0.0,0.0,0.0,0.0,443.79095164883097,0.0,0.0,0.0,0.0,0.0,0.0,0.0,0.0,409.8024074944279,512.2530093680348,0.0,0.0,7.22,7.22,0.0,0.0,41.20853854497396,0.0024016515788417374,7.22,0.0,16.63197306453072,0.0016140321809480686,-10.193966533974805,17.639922838110625,0.3705044250126874,0.0016140321809480686,16.0,82.0,0.0,0.0,0.0,7.22,0.0,-3.5249999999999995,0.00621144618492455,0.0016906361409014569,11.5,-3.5249999999999995,0.00621144618492455,0.0016906361409014569,4.5,6307187.609589628,1354960.257918031 
 01/05  17:00:00,-3.9875000000000003,0.0,0.0,0.0,0.0,0.0,16.824751125039093,-10.111559122017479,19.477834113737003,-10.06254845579592,18.01466198883938,-10.080846883864133,18.000044085734892,-10.061719021302622,18.018342771173728,-10.083433279622477,19.02006958894859,-10.058216781516052,16.824751125039093,13.427909603565787,737.1746478307006,0.0,19.477834113737003,11.422561245236171,0.0,155.02435313896902,18.01466198883938,12.488919253941322,59.037582030551164,7.307927180936417,18.000044085734892,12.521610407544664,610.5064887579714,0.0,18.018342771173728,12.48317143044478,65.60165753824361,8.294295674207063,19.02006958894859,11.750022390469306,0.0,117.90657709533914,0.0,806.1182012876139,0.0,0.0,0.0,84.70633591018061,646.4224011658973,93.96798442206006,0.0,0.0,0.0,0.0,0.0,0.0,0.0,806.1182012876139,1007.6477516095174,0.0,0.0,7.22,7.22,0.0,0.0,40.69221735039683,0.004666172904749063,7.22,0.0,16.513145312472687,0.0016257080123375615,-10.113106492012562,17.52107337942006,0.3705044250126874,0.0016257080123375615,16.0,82.0,0.0,0.0,0.0,7.22,0.0,-3.9875000000000003,0.00621144618492455,0.001742453572396154,11.5,-3.9875000000000003,0.00621144618492455,0.001742453572396154,4.5,6309286.896342834,1354960.257918031 
 01/05  18:00:00,-4.775,0.0,0.0,0.0,0.0,0.0,16.52027015849096,-10.01057114311892,18.254754347721978,-9.966416858050653,18.000280973712787,-9.98926590841669,18.000140369836007,-9.964564715824391,17.99912547938138,-9.992073794325908,18.92787793820154,-9.942466420709177,16.52027015849096,13.813687734373492,738.5514155234478,0.0,18.254754347721978,12.42904385575673,23.569788239629418,62.69352625052073,18.000280973712787,12.602211385780558,198.5431042523482,0.0,18.000140369836007,12.629985046738685,718.3607576122845,0.0,17.99912547938138,12.59998747116606,201.94435994164257,0.0,18.92787793820154,11.939900848697786,0.0,132.38648198658302,0.0,1325.2656628627346,0.0,0.0,40.88842415440786,249.01548401007452,775.0040339764107,257.5548062850104,0.0,0.0,0.0,0.0,0.0,0.0,0.0,1325.2656628627346,1656.582078578418,0.0,0.0,7.22,7.22,0.0,0.0,40.66590953604248,0.00767243518577769,7.22,0.0,16.236934208587808,0.0016391916158089773,-10.020346307870764,17.24483720915156,0.3705044250126874,0.0016391916158089773,16.0,82.0,0.0,0.0,0.0,7.22,0.0,-4.775,0.00621144618492455,0.001740485646000493,11.5,-4.775,0.00621144618492455,0.001740485646000493,4.5,6312074.426298717,1354960.257918031 
 01/05  19:00:00,-5.375,0.0,0.0,0.0,0.0,0.0,16.208738583562113,-9.94412455737601,18.00002993791765,-9.93012417438381,17.999968290843924,-9.946402988931489,17.999889861087247,-9.928326329486232,18.00057817045365,-9.947885544669582,18.80858093912363,-9.903703885751309,16.208738583562113,14.173825184052276,810.0353338933062,0.0,18.00002993791765,12.66871707934145,469.4018464029561,0.0,17.999968290843924,12.650479675059165,280.02389355076957,0.0,17.999889861087247,12.670849902951502,809.600779857153,0.0,18.00057817045365,12.648330614529298,282.1459229550823,0.0,18.80858093912363,12.070618030960153,0.0,147.8982502325378,0.0,2184.162744770559,0.0,0.0,554.3047007029554,351.62146158208475,889.9656293457044,361.19775235129987,0.0,0.0,0.0,0.0,0.0,0.0,0.0,2184.162744770559,2730.2034309631986,0.0,0.0,7.22,7.22,0.0,0.0,41.16735450517879,0.012806514323944845,7.22,0.0,15.920482321210477,0.0016490024422612737,-9.95328503998863,16.928367083953745,0.3705044250126874,0.0016490024422612737,16.0,82.0,0.0,0.0,0.0,7.22,0.0,-5.375,0.00621144618492455,0.0016718842846851515,11.5,-5.375,0.00621144618492455,0.0016718842846851515,4.5,6316837.434044284,1354960.257918031 
 01/05  20:00:00,-6.2875,0.0,0.0,0.0,0.0,0.0,15.937880808590632,-9.937680377495882,17.999110006652806,-9.958437752208518,17.999518950713764,-9.958663071238167,18.000112094346118,-9.957915729712326,17.999023821082112,-9.957945000857295,18.707367876791746,-9.946628333414548,15.937880808590632,14.42920864190363,902.2627241292857,0.0,17.999110006652806,12.637668666516266,770.8084746094246,0.0,17.999518950713764,12.637084699202827,332.8196675476766,0.0,18.000112094346118,12.637457657063134,892.9625957700061,0.0,17.999023821082112,12.638283552215572,333.6916623821976,0.0,18.707367876791746,12.101065361142368,0.0,162.92792823550417,0.0,2791.4191539889916,0.0,0.0,878.800461213079,423.9179712925566,995.274299868493,434.1804902980608,0.0,0.0,0.0,0.0,0.0,0.0,0.0,2791.4191539889916,3489.2739424862393,0.0,0.0,7.22,7.22,0.0,0.0,42.73551284047652,0.017021203474162326,7.22,0.0,15.628188060933951,0.0016508744219322644,-9.940528622335401,16.63606934383467,0.3705044250126874,0.0016508744219322644,16.0,82.0,0.0,0.0,0.0,7.22,0.0,-6.2875,0.00621144618492455,0.0015879434879554869,11.5,-6.2875,0.00621144618492455,0.0015879434879554869,4.5,6320756.263851598,1354960.257918031 
 01/05  21:00:00,-7.3875,0.0,0.0,0.0,0.0,0.0,15.701766844074267,-9.980121363627683,17.999883802589405,-10.018763458495318,17.999962744630622,-10.004886744637911,17.999796109633323,-10.01971666902292,17.999232728154073,-10.002698254986528,18.624548066909185,-10.027220745868139,15.701766844074267,14.593738743297136,983.9482122366871,0.0,17.999883802589405,12.569563223513558,956.2036024605754,0.0,17.999962744630622,12.584993216023564,380.4185711011725,0.0,17.999796109633323,12.568569810721332,988.0231113747882,0.0,17.999232728154073,12.588015689125134,380.258645096223,0.0,18.624548066909185,12.07724101608454,0.0,176.68213416035002,0.0,3239.827182626405,0.0,0.0,1084.679606096057,488.7654457046882,1109.6461412882447,499.7634305109359,0.0,0.0,0.0,0.0,0.0,0.0,0.0,3239.827182626405,4049.783978283006,0.0,0.0,7.22,7.22,0.0,0.0,44.61138498424175,0.020745337038782105,7.22,0.0,15.370450102146025,0.0016446281824290042,-9.976008533425794,16.37834299633021,0.3705044250126874,0.0016446281824290042,16.0,82.0,0.0,0.0,0.0,7.22,0.0,-7.3875,0.00621144618492455,0.0015427475860871369,11.5,-7.3875,0.00621144618492455,0.0015427475860871369,4.5,6324226.9553958215,1354960.257918031 
 01/05  22:00:00,-8.487499999999999,0.0,0.0,0.0,0.0,0.0,15.486788531051063,-10.05722202898792,17.999933176823404,-10.123475048982913,18.00054936508002,-10.101109438626247,18.000031071689826,-10.125504721950195,18.000677450267556,-10.098107503625847,18.587746286441956,-10.149939203652512,15.486788531051063,14.695250008931879,1059.6855864013196,0.0,17.999933176823404,12.453227938069418,1038.902348907392,0.0,18.00054936508002,12.477503843227261,402.40302318763145,0.0,18.000031071689826,12.450904281807269,1031.817447542126,0.0,18.000677450267556,12.480728647459914,403.1304302528823,0.0,18.587746286441956,11.973975812317109,0.0,192.21086059251758,0.0,3433.022763412964,0.0,0.0,1185.9429967270726,526.4397660506063,1171.0297741507734,540.0119392763181,0.0,0.0,0.0,0.0,0.0,0.0,0.0,3433.022763412964,4291.278454266205,0.0,0.0,7.22,7.22,0.0,0.0,45.999014063461416,0.02281351981330068,7.22,0.0,15.136132002050543,0.0016319592375095807,-10.05862145079408,16.144048447661135,0.3705044250126874,0.0016319592375095807,16.0,82.0,0.0,0.0,0.0,7.22,0.0,-8.487499999999999,0.00621144618492455,0.0014088171370417772,11.5,-8.487499999999999,0.00621144618492455,0.0014088171370417772,4.5,6326160.179623007,1354960.257918031 
 01/05  23:00:00,-8.9,0.0,0.0,0.0,0.0,0.0,15.290809292223326,-10.204517457210653,18.000388257917145,-10.298110695656561,17.999844589854725,-10.260369188059919,18.000156715370764,-10.30169610463183,17.99917103378224,-10.255407470334791,18.586412787639702,-10.348954807341212,15.290809292223326,14.687797201664353,1133.1860262644782,0.0,18.000388257917145,12.261016924659458,1081.088422661506,0.0,17.999844589854725,12.302660580073379,415.8412880852128,0.0,18.000156715370764,12.257285015743157,1058.0920812829538,0.0,17.99917103378224,12.308611921320509,415.66203163516485,0.0,18.586412787639702,11.764849599317877,0.0,203.21217228803124,0.0,3578.0742581560744,0.0,0.0,1239.3632168862903,549.2694815460577,1207.9156611118544,562.8474109058723,0.0,0.0,23.41999823965388,0.0,0.0,0.0,0.0,3578.0742581560744,4472.592822695093,0.0,0.0,7.22,7.22,0.0,0.0,46.54267738162184,0.024141285559526368,7.22,0.0,14.932046616088929,0.0016117531214008287,-10.198510503888857,16.002720882189635,0.3705044250126874,0.0016117531214008287,16.0,82.0,0.0,0.00011509909259080422,0.0,7.22,0.0,-8.9,0.00621144618492455,0.0013033452857265774,11.5,-8.9,0.00621144618492455,0.0013033452857265774,4.5,6327399.454020196,1354960.257918031 
 01/05  24:00:00,-9.5875,0.0,0.0,0.0,0.0,0.0,15.114882530144245,-10.390015199922816,17.999945041877016,-10.495099723122928,17.999702341652853,-10.448754995717614,17.99988629566147,-10.499848563847564,17.999561487775168,-10.443165945399102,18.55012483664595,-10.566683515453786,15.114882530144245,14.611728755644183,1196.283030690791,0.0,17.999945041877016,12.048191248296495,1151.33239602204,0.0,17.999702341652853,12.098218173647773,442.2825016733256,0.0,17.99988629566147,12.043136831722478,1117.327095646531,0.0,17.999561487775168,12.10435318919863,442.6323819797407,0.0,18.55012483664595,11.56510858709057,0.0,200.56531720726224,0.0,3842.1277607977054,0.0,0.0,1309.7869615260133,575.8798035052173,1267.334181173493,590.0435576522038,0.0,0.0,93.33473095334926,0.0,0.0,0.0,0.0,3842.1277607977054,4802.659700997131,0.0,0.0,7.22,7.22,0.0,0.0,47.094220691732176,0.026334865544050297,7.22,0.0,14.741974514374617,0.0015854351169925555,-10.383099131035776,15.99994424573132,0.3705044250126874,0.0015854351169925555,16.0,82.0,0.0,0.00050347940150585,0.0,7.22,0.0,-9.5875,0.00621144618492455,0.0012392644261186778,11.5,-9.5875,0.00621144618492455,0.0012392644261186778,4.5,6329444.424211545,1354960.257918031 
 01/06  01:00:00,-10.6875,0.0,0.0,0.0,0.0,0.0,14.959228490253803,-10.597386953366069,17.99947643662661,-10.721414311687337,17.99944793178179,-10.667212702842162,18.000329854250737,-10.727114736290952,17.999438269171772,-10.660717396351538,18.485602988418194,-10.810874810809677,14.959228490253803,14.488683634954441,1250.058660328056,0.0,17.99947643662661,11.807826478676935,1262.4366026094103,0.0,17.99944793178179,11.865097246544028,486.418507913713,0.0,18.000329854250737,11.801189765659682,1223.2112703305904,0.0,17.999438269171772,11.871979277362115,486.2162119168803,0.0,18.485602988418194,11.36163614358424,0.0,195.47664726166863,0.0,4257.3745333443085,0.0,0.0,1420.8481232748582,619.9902654576354,1373.2464851290886,633.6086645776262,0.0,0.0,158.6730259047791,0.0,0.0,0.0,0.0,4257.3745333443085,5321.7181666803845,0.0,0.0,7.22,7.22,0.0,0.0,48.37803077609222,0.030311826855119402,7.22,0.0,14.56693690318512,0.0015557532642075185,-10.587602982311415,15.999972022524771,0.3705044250126874,0.0015557532642075185,16.0,82.0,0.0,0.0009068344523559449,0.0,7.22,0.0,-10.6875,0.00621144618492455,0.0011692655363995232,11.5,-10.6875,0.00621144618492455,0.0011692655363995232,4.5,6333158.257670681,1354960.257918031 
 01/06  02:00:00,-11.1,0.0,0.0,0.0,0.0,0.0,14.809600772753333,-10.838319263874421,18.00021619812833,-10.96977498503539,17.99895239579609,-10.906790941634835,17.99995830876011,-10.976487455202506,17.99853362963389,-10.899383020387052,18.46266363983137,-11.077038507721978,14.809600772753333,14.317862826455503,1301.8188180799764,0.0,18.00021619812833,11.548121889529096,1285.9721268754877,0.0,17.99895239579609,11.614258238058163,495.60581019830965,0.0,17.99995830876011,11.541376117841082,1241.7787631189751,0.0,17.99853362963389,11.622258578646456,495.4508867089737,0.0,18.46266363983137,11.110506256421246,0.0,193.65792931140902,0.0,4326.210273973553,0.0,0.0,1444.4343636302058,629.1351196701646,1391.7789577289354,642.7661914141909,0.0,0.0,216.6539868035543,0.0,0.0,0.0,0.0,4326.210273973553,5407.76284246694,0.0,0.0,7.22,7.22,0.0,0.0,49.8346909431525,0.03216901905990659,7.22,0.0,14.411560384314548,0.0015215199422241891,-10.824995668404979,15.999987040768602,0.3705044250126874,0.0015215199422241891,16.0,82.0,0.0,0.0012880130972959597,0.0,7.22,0.0,-11.1,0.00621144618492455,0.001105236974004959,11.5,-11.1,0.00621144618492455,0.001105236974004959,4.5,6334904.998402477,1354960.257918031 
 01/06  03:00:00,-11.787499999999998,0.0,0.0,0.0,0.0,0.0,14.674457420518664,-11.078485935421218,18.00042281815775,-11.198595847657941,18.00069743365254,-11.13919519275505,17.999609241787187,-11.20537379656314,18.000591051300372,-11.132789110316505,18.49608466631844,-11.312473421583249,14.674457420518664,14.13635576017628,1355.155037952373,0.0,18.00042281815775,11.313811070500513,1291.4320944758842,0.0,18.00069743365254,11.373985473512153,499.419674638039,0.0,17.999609241787187,11.307522298028033,1247.1030681836035,0.0,18.000591051300372,11.38059031401093,499.2408363684408,0.0,18.49608466631844,10.855754088357976,0.0,196.2739459578927,0.0,4412.210453581805,0.0,0.0,1449.8953909137858,633.0552075730474,1397.06257214122,646.6966638632907,0.0,0.0,272.1973382079826,0.0,0.0,0.0,0.0,4412.210453581805,5515.263066977257,0.0,0.0,7.22,7.22,0.0,0.0,50.60313834136834,0.03361612119407889,7.22,0.0,14.262675296588677,0.0014865696389603053,-11.072907853945637,15.999985843408844,0.3705044250126874,0.0014865696389603053,16.0,82.0,0.0,0.0016712890564348803,0.0,7.22,0.0,-11.787499999999998,0.00621144618492455,0.001051820264882999,11.5,-11.787499999999998,0.00621144618492455,0.001051820264882999,4.5,6336263.222005027,1354960.257918031 
 01/06  04:00:00,-13.2625,0.0,0.0,0.0,0.0,0.0,14.553436722453709,-11.310831871175882,17.99947607438002,-11.439162106678724,17.999345274271022,-11.384017122307696,17.999807600110554,-11.445640684284044,17.999708451586905,-11.37804076316164,18.508052132696186,-11.55368073882198,14.553436722453709,13.953797999660171,1401.3750009769635,0.0,17.99947607438002,11.073059094069897,1346.9062383454966,0.0,17.999345274271022,11.128081811449832,519.9471171232656,0.0,17.999807600110554,11.066389319061882,1300.6719264668616,0.0,17.999708451586905,11.1337976318075,520.3379025608451,0.0,18.508052132696186,10.615338740571222,0.0,197.2032722620105,0.0,4626.970728590308,0.0,0.0,1505.2815347783048,653.483286293062,1450.6338696699931,667.718834639563,0.0,0.0,326.5817241026245,0.0,0.0,0.0,0.0,4626.970728590308,5783.713410737885,0.0,0.0,7.22,7.22,0.0,0.0,51.77953337789836,0.036624561743179004,7.22,0.0,14.11688281124021,0.0014529226475713827,-11.316593477692583,15.999987331996076,0.3705044250126874,0.0014529226475713827,16.0,82.0,0.0,0.002062394458411567,0.0,7.22,0.0,-13.2625,0.00621144618492455,0.0009309156752033325,11.5,-13.2625,0.00621144618492455,0.0009309156752033325,4.5,6339083.393937354,1354960.257918031 
 01/06  05:00:00,-13.9,0.0,0.0,0.0,0.0,0.0,14.429352160868179,-11.567327374065368,17.999764194074768,-11.698729416679397,18.000063796617646,-11.640533379679077,18.000239883582122,-11.705401368547472,17.9999710850677,-11.633964643970195,18.50674896520159,-11.81779239483319,14.429352160868179,13.746059866185021,1447.8608743254529,0.0,17.999764194074768,10.817561723838429,1394.1803575322083,0.0,18.000063796617646,10.874109712012073,540.9658900045451,0.0,18.000239883582122,10.810747138536138,1346.3307487100276,0.0,17.9999710850677,10.880596528910743,540.8981241805654,0.0,18.50674896520159,10.36695795905332,0.0,197.08740660802698,0.0,4796.483721891369,0.0,0.0,1552.571454606594,674.5422010559616,1496.3185770780087,688.2895664996998,0.0,0.0,375.26143408125927,0.0,0.0,0.0,0.0,4796.483721891369,5995.604652364211,0.0,0.0,7.22,7.22,0.0,0.0,52.88877324586901,0.03940315879558651,7.22,0.0,13.98636036358581,0.0014190003366675512,-11.567948791980303,15.99999510823864,0.3705044250126874,0.0014190003366675512,16.0,82.0,0.0,0.0024251345795904718,0.0,7.22,0.0,-13.9,0.00621144618492455,0.0009008537461412615,11.5,-13.9,0.00621144618492455,0.0009008537461412615,4.5,6341691.122972848,1354960.257918031 
 01/06  06:00:00,-14.2125,0.0,0.0,0.0,0.0,0.0,14.300015013751679,-11.816663750870608,18.0001869955234,-11.946064786375745,17.99968369918431,-11.890128243203005,17.99980441169695,-11.952629235700101,18.000573338951266,-11.88405105178752,18.4882408012662,-12.065536471843917,14.300015013751679,13.554213984771161,1494.8281360552533,0.0,18.0001869955234,10.579096274372318,1435.7048548649582,0.0,17.99968369918431,10.632887275068784,558.9204928621934,0.0,17.99980441169695,10.57309574579595,1386.480095870393,0.0,18.000573338951266,10.638117300500848,559.370398587866,0.0,18.4882408012662,10.14986311456127,0.0,195.62104309968822,0.0,4961.234469681376,0.0,0.0,1594.1167602467935,692.4622418650044,1536.4232339734083,706.7962487424245,0.0,0.0,424.73265415593187,0.0,0.0,0.0,0.0,4961.234469681376,6201.54308710172,0.0,0.0,7.22,7.22,0.0,0.0,53.833207924836024,0.04212024383205883,7.22,0.0,13.853688857274983,0.0013852845970767514,-11.823507590233085,15.999990051667131,0.3705044250126874,0.0013852845970767514,16.0,82.0,0.0,0.0028061333418895958,0.0,7.22,0.0,-14.2125,0.00621144618492455,0.0008635950045595656,11.5,-14.2125,0.00621144618492455,0.0008635950045595656,4.5,6344241.241174012,1354960.257918031 
 01/06  07:00:00,-14.4,0.0,0.0,0.0,0.0,0.0,14.180787106198634,-12.084624502198796,17.999872921572447,-12.24731341920198,17.999978388372497,-12.18451172504376,17.999897939110337,-12.254341767233646,18.00050203743162,-12.177083212510638,18.42438388713647,-12.373635414713094,14.180787106198634,13.333507846004677,1535.7551582365254,0.0,17.999872921572447,10.295808140150429,1519.1653438307876,0.0,17.999978388372497,10.354256047007413,594.1168524917371,0.0,17.999897939110337,10.28926244435197,1467.8537811194806,0.0,18.00050203743162,10.360855417477085,594.2274415458648,0.0,18.42438388713647,9.911014254474082,0.0,190.5875104814345,0.0,5255.610250485972,0.0,0.0,1677.548124514147,727.6712353871915,1617.8001596599004,741.6399489958828,0.0,0.0,470.6800001040092,0.0,0.0,0.0,0.0,5255.610250485972,6569.512813107465,0.0,0.0,7.22,7.22,0.0,0.0,54.947381755064995,0.04646415712550746,7.22,0.0,13.730453572869095,0.0013511593589370242,-12.088569886901599,15.99999778062232,0.3705044250126874,0.0013511593589370242,16.0,82.0,0.0,0.003170646776640226,0.0,7.22,0.0,-14.4,0.00621144618492455,0.0007834189265146271,11.5,-14.4,0.00621144618492455,0.0007834189265146271,4.5,6348315.262269708,1354960.257918031 
 01/06  08:00:00,-14.775,0.0,0.0,0.0,0.0,0.0,14.084856131501958,-12.426384340229228,17.999790503426954,-12.626075689675405,18.000332433475663,-12.544844568424825,18.00021510159998,-12.634774596714855,18.000321103571654,-12.535033364410783,18.413139701292874,-12.775311081045489,14.084856131501958,13.009099970251086,1567.3350780268952,0.0,17.999790503426954,9.949172765251785,1444.0375894530716,0.0,18.000332433475663,10.022256920047031,317.8344636272321,13.311216475917433,18.00021510159998,9.941068593624403,1397.5517478183197,0.0,18.000321103571654,10.031170687298275,564.1697711956647,0.0,18.413139701292874,9.564182879371142,0.0,189.6863236369207,0.0,4774.994467765962,0.0,0.0,1602.4047707489806,438.08969144839176,1547.5137107790615,711.5563772283367,0.0,0.0,511.91281043636354,0.0,0.0,0.0,0.0,4774.994467765962,5968.743084707452,0.0,0.0,7.22,7.22,0.0,0.0,55.47359878444098,0.04304529444820509,7.22,0.0,13.619798131638513,0.0013082101383032594,-12.43454297396486,16.000007164457536,0.3705044250126874,0.0013082101383032594,16.0,82.0,0.0,0.0035066553405435743,0.0,7.22,0.0,-14.775,0.00621144618492455,0.0005841423789282425,11.5,-14.775,0.00621144618492455,0.0005841423789282425,4.5,6345135.523463801,1354960.257918031 
 01/06  09:00:00,-14.312499999999998,0.0,0.0,0.0,0.0,0.0,14.0861708228702,-12.8359502454443,17.9997680960198,-13.058928088240696,18.6701785304687,-12.974736162234729,17.99971180954224,-13.06845749456152,17.99950202383379,-12.964867353380516,18.41054632120712,-13.226561699087302,14.0861708228702,12.534893587017308,1600.2936862656088,0.0,17.9997680960198,9.566374966992832,1154.5782396330708,0.0,18.6701785304687,9.249938422220051,0.0,178.2844430218157,17.99971180954224,9.558132964107095,1249.5452461768289,0.0,17.99950202383379,9.648631124675411,502.10466825174717,0.0,18.41054632120712,9.181443320123487,0.0,189.47717109236936,0.0,3848.350745178268,0.0,0.0,1312.947519212319,0.0,1399.477820717198,649.4349716775496,0.0,0.0,518.1671147110617,0.0,0.0,0.0,0.0,3848.350745178268,4810.438431472835,0.0,0.0,7.22,7.22,0.0,0.0,55.471908920697885,0.034682133479833274,7.22,0.0,13.602625067629354,0.0012569902994915118,-12.863672656192344,15.999818081645428,0.3705044250126874,0.0012569902994915118,16.0,82.0,0.0,0.00355827214328435,0.0,7.22,0.0,-14.312499999999998,0.00621144618492455,0.0005032044035553017,11.5,-14.312499999999998,0.00621144618492455,0.0005032044035553017,4.5,6337329.85077281,1354960.257918031 
 01/06  10:00:00,-13.525000000000002,0.0,0.0,0.0,0.0,0.0,14.2561628808791,-13.385576901946347,18.000186990131695,-13.608203263955534,20.153978941020565,-13.513248303753286,17.999683730332595,-13.618925634027207,18.000208687839496,-13.500676112256189,18.42434841111988,-13.797474151100483,14.2561628808791,11.794159885205138,1633.4235084388633,0.0,18.000186990131695,9.099136851144774,492.08962674172955,0.0,20.153978941020565,8.028724315281128,0.0,277.3360296280954,17.999683730332595,9.090523207175414,1005.6577807162611,0.0,18.000208687839496,9.188840897600288,399.21779366304537,0.0,18.42434841111988,8.708438023611508,0.0,190.56003289941137,0.0,2761.306361879797,0.0,0.0,650.4832695717474,0.0,1155.5931053851018,546.6055019018503,0.0,0.0,462.5956557366488,0.0,0.0,0.0,0.0,2761.306361879797,3451.632952349745,0.0,0.0,7.22,7.22,0.0,0.0,54.72478382600569,0.024237373554128628,7.22,0.0,13.751022953877552,0.0011966153710730979,-13.393094901161344,15.999545141431579,0.3705044250126874,0.0011966153710730979,16.0,82.0,0.0,0.0031067621186786553,0.0,7.22,0.0,-13.525000000000002,0.00621144618492455,0.0005537871539959733,11.5,-13.525000000000002,0.00621144618492455,0.0005537871539959733,4.5,6327573.6132983165,1354960.257918031 
 01/06  11:00:00,-12.6125,0.0,0.0,0.0,0.0,0.0,14.581548063070514,-13.826254252607065,18.014076855536683,-14.011720040709127,20.694773422444094,-13.923554231066326,17.9998419857926,-14.022246284342383,17.999200191306304,-13.912166815256256,18.56861209888676,-14.202261888596983,14.581548063070514,11.09268208853608,1573.7768339980732,0.0,18.014076855536683,8.761738983747104,0.7758572722790404,112.22223708557419,20.694773422444094,7.474898845671817,0.0,313.3829338049663,17.9998419857926,8.76106510270102,691.6041456185394,0.0,17.999200191306304,8.850154723668378,259.3597170110357,0.0,18.56861209888676,8.315645795047265,0.0,201.8445391238812,0.0,1645.5578984767494,0.0,0.0,47.97155509979171,0.0,841.4761746615119,406.61742974587224,0.0,0.0,355.60922764948396,0.0,0.0,0.0,0.0,1645.5578984767494,2056.9473730959367,0.0,0.0,7.22,7.22,0.0,0.0,54.7367432590362,0.014424907623471504,7.22,0.0,14.038083995899369,0.0011498450788937817,-13.817485969473946,16.000042278548218,0.3705044250126874,0.0011498450788937817,16.0,82.0,0.0,0.002280487209519399,0.0,7.22,0.0,-12.6125,0.00621144618492455,0.0005993058596284963,11.5,-12.6125,0.00621144618492455,0.0005993058596284963,4.5,6318418.387032135,1354960.257918031 
 01/06  12:00:00,-11.5125,0.0,0.0,0.0,0.0,0.0,14.918652867709383,-14.199773683586491,18.004075700555894,-14.351326636508485,19.776341573384528,-14.276202009141752,17.999982239379694,-14.3607862603828,18.000013834198093,-14.267124611545729,18.669605004875567,-14.529988823578524,14.918652867709383,10.488862670913411,1409.6357316352965,0.0,18.004075700555894,8.49833887134187,0.0,46.115588347064204,19.776341573384528,7.660652707292794,0.0,252.06646255756468,17.999982239379694,8.493164600921428,522.1989002083343,0.0,18.000013834198093,8.566530068131549,179.87421197946705,0.0,18.669605004875567,8.018137751872596,0.0,209.7771627229746,0.0,1105.7703506536423,0.0,0.0,112.51114208264015,0.0,672.075748865376,327.19125405124936,0.0,0.0,213.46051346627445,0.0,0.0,0.0,0.0,1105.7703506536423,1382.2129383170525,0.0,0.0,7.22,7.22,0.0,0.0,52.23481466214551,0.008944046644595693,7.22,0.0,14.41883466329255,0.0011098450105427962,-14.206226509443804,15.999905616430862,0.3705044250126874,0.0011098450105427962,16.0,82.0,0.0,0.0012696172895430768,0.0,7.22,0.0,-11.5125,0.00621144618492455,0.0006516377937677481,11.5,-11.5125,0.00621144618492455,0.0006516377937677481,4.5,6313295.955178549,1354960.257918031 
 01/06  13:00:00,-11.474999999999998,0.0,0.0,0.0,0.0,0.0,15.16249273103752,-14.524802622440859,17.999980050867215,-14.642736932836282,18.93104395883475,-14.58363054230343,17.99976361731762,-14.650458850198632,17.99985750733736,-14.57703214668992,18.77561538245987,-14.797252937668212,15.16249273103752,10.021288281753574,1265.4118797860792,0.0,17.999980050867215,8.27574231826836,0.0,69.78913065226982,18.93104395883475,7.849204571319783,0.0,195.62561419726387,17.99976361731762,8.269975172693998,373.53263319747686,0.0,17.99985750733736,8.325996066393508,107.98543810889657,0.0,18.77561538245987,7.771525588195683,0.0,218.08663955689002,0.0,796.8158626024781,0.0,0.0,88.49395888782767,0.0,523.3690211431444,255.2723758714543,0.0,0.0,121.07450264691983,0.0,0.0,0.0,0.0,796.8158626024781,996.0198282530976,0.0,0.0,7.22,7.22,0.0,0.0,47.216155874478325,0.005498572545386612,7.22,0.0,14.66652808740732,0.0010781629812394349,-14.524950518541635,16.000035772014044,0.3705044250126874,0.0010781629812394349,16.0,82.0,0.0,0.0006713388092631001,0.0,7.22,0.0,-11.474999999999998,0.00621144618492455,0.0006715871002080521,11.5,-11.474999999999998,0.00621144618492455,0.0006715871002080521,4.5,6310072.951220775,1354960.257918031 
 01/06  14:00:00,-11.325,0.0,0.0,0.0,0.0,0.0,15.294726751211154,-14.752344777443353,17.999855471369592,-14.854915303297854,18.21832074597792,-14.810796853705723,18.000224644196138,-14.860941206893198,18.000167804601187,-14.806364886484674,18.829478383560456,-14.983357159266559,15.294726751211154,9.730293745574292,1175.4204729091894,0.0,17.999855471369592,8.115677029047154,180.4988570984176,0.0,18.21832074597792,8.03761714906646,0.0,139.43656692725017,18.000224644196138,8.110979183356694,467.63303854609825,0.0,18.000167804601187,8.1519160771104,144.1473488398883,0.0,18.829478383560456,7.613483556955863,0.0,222.27550531569642,0.0,1160.6405475193549,0.0,0.0,338.7309302857254,8.582826808793627,617.4621265609256,291.4169382417376,0.0,0.0,61.87703642332808,0.0,0.0,0.0,0.0,1160.6405475193549,1450.8006843991934,0.0,0.0,7.22,7.22,0.0,0.0,42.976146083595324,0.007101764678873847,7.22,0.0,14.825617417748855,0.0010539437324709013,-14.764513415705093,16.00048892721633,0.3705044250126874,0.0010539437324709013,16.0,82.0,0.0,0.00032011401806291144,0.0,7.22,0.0,-11.325,0.00621144618492455,0.0006730633301570431,11.5,-11.325,0.00621144618492455,0.0006730633301570431,4.5,6311551.194225378,1354960.257918031 
 01/06  15:00:00,-11.474999999999998,0.0,0.0,0.0,0.0,0.0,15.349286561713713,-14.978696704525946,18.005868174764156,-15.085909063603184,17.999997822592512,-15.040773087899481,17.999990944646733,-15.091448259039488,17.99992681563456,-15.035707052775232,18.83124488285194,-15.20114581688784,15.349286561713713,9.496036756866921,1128.1763968580321,0.0,18.005868174764156,7.941567717084163,17.906110071886815,99.63139518235334,17.999997822592512,7.977651431189323,28.660416911456025,7.273362116703879,17.999990944646733,7.940418630457957,517.5400304633692,0.0,17.99992681563456,7.981417810243037,131.0483880148185,0.0,18.83124488285194,7.461167629776946,0.0,222.37989085279764,0.0,1150.2319845573952,0.0,0.0,76.94866257361409,154.80766483890682,667.322144088573,278.27047190019914,0.0,0.0,37.69384243993102,0.0,0.0,0.0,0.0,1150.2319845573952,1437.7899806967437,0.0,0.0,7.22,7.22,0.0,0.0,40.50723378473605,0.00663413100722233,7.22,0.0,14.890730679030407,0.0010320999949538865,-14.98730362975371,16.000816969380363,0.3705044250126874,0.0010320999949538865,16.0,82.0,0.0,0.00018619235490600455,0.0,7.22,0.0,-11.474999999999998,0.00621144618492455,0.000653263070577246,11.5,-11.474999999999998,0.00621144618492455,0.000653263070577246,4.5,6311111.286213072,1354960.257918031 
 01/06  16:00:00,-12.0125,0.0,0.0,0.0,0.0,0.0,15.362896097083702,-15.185467780434733,18.075916287006596,-15.275360068313036,17.99924509352642,-15.23724967900906,18.00012301150201,-15.280199954606957,18.00017387609865,-15.233416815295392,18.879329480856587,-15.377460021148208,15.362896097083702,9.308219320106787,1132.1970317553207,0.0,18.075916287006596,7.769420216988888,0.0,164.20567754917795,17.99924509352642,7.834516416722618,165.6631417325716,0.0,18.00012301150201,7.80302587440517,669.8177809297488,0.0,18.00017387609865,7.836835290043962,103.85125577521262,0.0,18.879329480856587,7.3183868016020535,0.0,226.14515263039897,0.0,1415.7069376222248,0.0,0.0,0.0,299.0237443758406,819.5985343385928,251.08091463237105,0.0,0.0,32.29327015336049,0.0,0.0,0.0,0.0,1415.7069376222248,1769.633672027781,0.0,0.0,7.22,7.22,0.0,0.0,40.110616447221346,0.008088133851780439,7.22,0.0,14.905232278511352,0.0010113291039438635,-15.200270933788937,16.000882296059984,0.3705044250126874,0.0010113291039438635,16.0,82.0,0.0,0.00015737668598160386,0.0,7.22,0.0,-12.0125,0.00621144618492455,0.0006556288437000696,11.5,-12.0125,0.00621144618492455,0.0006556288437000696,4.5,6312458.213842761,1354960.257918031 
 01/06  17:00:00,-13.575,0.0,0.0,0.0,0.0,0.0,15.273268658302117,-15.367736275618562,18.001227469761428,-15.471466876841518,17.99997248363332,-15.435721106804673,18.000361958930228,-15.475843214902536,18.000286622171302,-15.431753488323924,18.81724273171988,-15.56372734296086,15.273268658302117,9.205425924974131,1160.3421391545112,0.0,18.001227469761428,7.665646720484142,511.8893843059835,18.79361346608107,17.99997248363332,7.691667549084203,356.37648277076426,0.0,18.000361958930228,7.662961085806974,1028.358789882906,0.0,18.000286622171302,7.694337781803961,300.1229369457792,0.0,18.81724273171988,7.2211613658700315,0.0,221.36176948058954,0.0,2984.2495496186157,0.0,0.0,651.4913817698991,489.86730839190864,1178.2512460375951,447.4508643691272,0.0,0.0,61.37839566994634,0.0,0.0,0.0,0.0,2984.2495496186157,3730.311937023269,0.0,0.0,7.22,7.22,0.0,0.0,42.311081828016015,0.018130269110876177,7.22,0.0,14.825925817411541,0.0009932728115187102,-15.383947757130585,15.999592840812863,0.3705044250126874,0.0009932728115187102,16.0,82.0,0.0,0.0003184037857933437,0.0,7.22,0.0,-13.575,0.00621144618492455,0.0006370344930461051,11.5,-13.575,0.00621144618492455,0.0006370344930461051,4.5,6321784.520627543,1354960.257918031 
 01/06  18:00:00,-15.15,0.0,0.0,0.0,0.0,0.0,15.063978993464234,-15.592093193315055,18.00028374717749,-15.722207947721689,18.00091533511555,-15.673676742796522,17.99930863171104,-15.727474918722345,17.999593529975517,-15.667675113125515,18.703782384432053,-15.821754858362317,15.063978993464234,9.13830223791223,1226.7682541881118,0.0,18.00028374717749,7.489993340967404,1093.9966801052644,0.0,18.00091533511555,7.523478454986857,473.2011420535447,0.0,17.99930863171104,7.486793469184388,1241.4133193425419,0.0,17.999593529975517,7.528292456650036,454.9553232140676,0.0,18.703782384432053,7.100642551053757,0.0,212.41313901083413,0.0,4102.762107674878,0.0,0.0,1252.2923797827773,606.7286857532151,1391.2024696564235,602.2028695590133,0.0,0.0,139.0442434130337,0.0,0.0,0.0,0.0,4102.762107674878,5128.452634593598,0.0,0.0,7.22,7.22,0.0,0.0,46.6511214775544,0.027808258917537597,7.22,0.0,14.617971088075144,0.0009723700773163476,-15.602521570783198,15.999921451329614,0.3705044250126874,0.0009723700773163476,16.0,82.0,0.0,0.0007836925226111475,0.0,7.22,0.0,-15.15,0.00621144618492455,0.0005778354191601958,11.5,-15.15,0.00621144618492455,0.0005778354191601958,4.5,6330809.752743146,1354960.257918031 
 01/06  19:00:00,-16.599999999999998,0.0,0.0,0.0,0.0,0.0,14.784607609893259,-15.860390614354776,17.99974406789542,-16.02519973564533,18.00049088662194,-15.96604972781667,17.999342167696213,-16.031561927107173,18.000792712392272,-15.95885800506056,18.571901047771334,-16.138896518636756,14.784607609893259,9.075530197888725,1323.0835414612798,0.0,17.99974406789542,7.282520656585483,1428.6563662177984,0.0,18.00049088662194,7.322314312516717,577.7702272851602,0.0,17.999342167696213,7.278401743167724,1461.7246272959915,0.0,18.000792712392272,7.327064480813613,570.1073091931836,0.0,18.571901047771334,6.951485341106686,0.0,202.0462004390971,0.0,5034.783469247984,0.0,0.0,1586.9112307191267,711.2666079308725,1611.5177736074897,717.4398087160064,0.0,0.0,246.1223368092334,0.0,0.0,0.0,0.0,5034.783469247984,6293.479336559979,0.0,0.0,7.22,7.22,0.0,0.0,50.397686056229546,0.038265979190696006,7.22,0.0,14.330756903911983,0.0009480553063739562,-15.870981810872358,15.999880222031305,0.3705044250126874,0.0009480553063739562,16.0,82.0,0.0,0.0014914673251447766,0.0,7.22,0.0,-16.599999999999998,0.00621144618492455,0.0005158147404980109,11.5,-16.599999999999998,0.00621144618492455,0.0005158147404980109,4.5,6340592.1158464635,1354960.257918031 
 01/06  20:00:00,-17.2,0.0,0.0,0.0,0.0,0.0,14.487539678657395,-16.212078953390304,17.999845202579735,-16.412815889777356,18.000119602182856,-16.32711627543879,18.00058136303665,-16.42160911352938,17.999721765631712,-16.316388240402016,18.433024462993007,-16.558634448359754,14.487539678657395,8.953647092535208,1420.257235365472,0.0,17.999845202579735,7.024205595307661,1609.2981905196557,0.0,18.000119602182856,7.080414008844093,638.1101081334264,0.0,18.00058136303665,7.018117048064864,1590.5036987870221,0.0,17.999721765631712,7.087677174128359,634.7141194799644,0.0,18.433024462993007,6.743264027144205,0.0,191.12277823919362,0.0,5470.165310372937,0.0,0.0,1767.5644629273052,771.5756982159639,1740.3935718151256,781.9604696310989,0.0,0.0,358.63931547416286,0.0,0.0,0.0,0.0,5470.165310372937,6837.706637966171,0.0,0.0,7.22,7.22,0.0,0.0,53.930616650905115,0.046617114846771834,7.22,0.0,14.028973376341517,0.0009187141257273445,-16.201985464985952,15.999897800472173,0.3705044250126874,0.0009187141257273445,16.0,82.0,0.0,0.0023017296371728112,0.0,7.22,0.0,-17.2,0.00621144618492455,0.000477695987406664,11.5,-17.2,0.00621144618492455,0.000477695987406664,4.5,6348437.150035937,1354960.257918031 
 01/06  21:00:00,-18.262499999999996,0.0,0.0,0.0,0.0,0.0,14.216646632015781,-16.581291512100975,18.000321059492165,-16.7384589363831,18.001093945683877,-16.656050950070274,18.000283782475336,-16.74786428172228,17.999274320213022,-16.64740874660265,18.47655892771381,-16.898870830156305,14.216646632015781,8.803537079503243,1521.2349730574258,0.0,18.000321059492165,6.813401488843641,1599.9699332371667,0.0,18.001093945683877,6.865802599280094,629.4438729427463,0.0,18.000283782475336,6.807423407570562,1560.1719110689392,0.0,17.999274320213022,6.87214410108901,627.0290528401921,0.0,18.47655892771381,6.514238118659641,0.0,194.53130024882006,0.0,5469.439815017702,0.0,0.0,1758.2557188285562,762.962627844617,1710.0219499450184,774.2299022135351,0.0,0.0,468.2775843935693,0.0,0.0,0.0,0.0,5469.439815017702,6836.799768772127,0.0,0.0,7.22,7.22,0.0,0.0,55.20098005367915,0.04879019701882937,7.22,0.0,13.734843028538215,0.0008859983040250123,-16.58607117158289,15.99989535776208,0.3705044250126874,0.0008859983040250123,16.0,82.0,0.0,0.0031530595031422867,0.0,7.22,0.0,-18.262499999999996,0.00621144618492455,0.00043777075624472513,11.5,-18.262499999999996,0.00621144618492455,0.00043777075624472513,4.5,6350490.936943838,1354960.257918031 
 01/06  22:00:00,-18.525000000000002,0.0,0.0,0.0,0.0,0.0,13.988543039522717,-16.869448376022028,18.000514642183337,-17.019954517020093,18.001815256054048,-16.961487167511386,17.99945454593295,-17.027579868597304,18.00044083529086,-16.95596263206904,18.450190003775315,-17.165408121847673,13.988543039522717,8.697147396640318,1609.4609812469066,0.0,18.000514642183337,6.636193182975305,1711.9575904937353,0.0,18.001815256054048,6.672114840441015,674.7911357576668,0.0,17.99945454593295,6.631895032144337,1659.9911979138633,0.0,18.00044083529086,6.676142535477681,673.7563736395787,0.0,18.450190003775315,6.363820996953065,0.0,192.44877548567945,0.0,5923.556970371985,0.0,0.0,1870.2386344438642,808.3472495792787,1809.7595009856254,821.0317295679123,0.0,0.0,556.6704372089961,0.0,0.0,0.0,0.0,5923.556970371985,7404.44621296498,0.0,0.0,7.22,7.22,0.0,0.0,56.66140763950415,0.05596045311879168,7.22,0.0,13.49773924015986,0.0008604628866550382,-16.891424801475495,15.999945656146451,0.3705044250126874,0.0008604628866550382,16.0,82.0,0.0,0.0038818747686611265,0.0,7.22,0.0,-18.525000000000002,0.00621144618492455,0.00042104263051906106,11.5,-18.525000000000002,0.00621144618492455,0.00042104263051906106,4.5,6357221.833186341,1354960.257918031 
 01/06  23:00:00,-17.9875,0.0,0.0,0.0,0.0,0.0,13.782873053052954,-17.206794803613924,17.999687755139814,-17.404604221477825,18.00038036242995,-17.325218071071923,18.000624558554822,-17.41331202722779,17.999099797350723,-17.315380272332888,18.312697403816827,-17.561849138014917,13.782873053052954,8.539862505522592,1673.4645233790416,0.0,17.999687755139814,6.4012148822082615,1798.554446041876,0.0,18.00038036242995,6.448837962739887,710.7400890311054,0.0,18.000624558554822,6.395601220654253,1742.5700888054403,0.0,17.999099797350723,6.4553153152540315,710.0597133980748,0.0,18.312697403816827,6.184346028881753,0.0,181.63881989797824,0.0,6177.633589728035,0.0,0.0,1956.7767241376132,844.198067697884,1892.4327366163564,857.232852932914,0.0,0.0,631.1713695717584,0.0,0.0,0.0,0.0,6177.633589728035,7722.041987160043,0.0,0.0,7.22,7.22,0.0,0.0,58.28393262761929,0.06225998110283612,7.22,0.0,13.297829499572702,0.0008348869720429329,-17.202450261364287,15.9999568959055,0.3705044250126874,0.0008348869720429329,16.0,82.0,0.0,0.004527122298018932,0.0,7.22,0.0,-17.9875,0.00621144618492455,0.000409582463012155,11.5,-17.9875,0.00621144618492455,0.000409582463012155,4.5,6363151.890231262,1354960.257918031 
 01/06  24:00:00,-18.4875,0.0,0.0,0.0,0.0,0.0,13.623355911002959,-17.593575613713554,17.999509430762274,-17.80556683925883,17.999626665072356,-17.71225553159646,18.000038021093168,-17.815753343350018,17.999703567347417,-17.70133175190142,18.237536474167467,-17.982404647771517,13.623355911002959,8.320873699517728,1727.3538323686398,0.0,17.999509430762274,6.164149084899375,1874.3167511129932,0.0,17.999626665072356,6.218556873557583,740.4627413807123,0.0,18.000038021093168,6.15802848641019,1814.4134370094278,0.0,17.999703567347417,6.224930392463682,740.8917065872793,0.0,18.237536474167467,5.972015362518154,0.0,175.72451068769578,0.0,6462.030938444659,0.0,0.0,2032.51798720364,873.8613558680229,1964.2260584994965,888.0991516198968,0.0,0.0,697.3213965738518,0.0,0.0,0.0,0.0,6462.030938444659,8077.538673055824,0.0,0.0,7.22,7.22,0.0,0.0,59.26588758490047,0.06795318811545316,7.22,0.0,13.120272866355425,0.0008044542676693951,-17.586353035225862,15.999968504539392,0.3705044250126874,0.0008044542676693951,16.0,82.0,0.0,0.005123654554453952,0.0,7.22,0.0,-18.4875,0.00621144618492455,0.0003857703093798346,11.5,-18.4875,0.00621144618492455,0.0003857703093798346,4.5,6368504.998792539,1354960.257918031 
 01/07  01:00:00,-18.9,0.0,0.0,0.0,0.0,0.0,13.490339594549457,-18.017347406247996,18.000268226682916,-18.23378234089981,18.000593891826966,-18.130673323300776,17.99975824062605,-18.245160631889,17.998805060107475,-18.11886259580433,18.031850483990375,-18.42890926146949,13.490339594549457,8.064485918992318,1762.8230418514436,0.0,18.000268226682916,5.919435841635789,2063.7100441717193,0.0,18.000593891826966,5.977326051029018,821.2197627531091,0.0,17.99975824062605,5.913256177746046,1999.7405895758602,0.0,17.998805060107475,5.9846820757173544,820.5232327263211,0.0,18.031850483990375,5.799406224842911,0.0,152.549757737812,0.0,7050.703866496989,0.0,0.0,2221.9664176443966,954.6744885195869,2149.5282821037376,967.6550117295092,7.010634419184392,0.0,749.458488194987,0.0,0.0,0.0,0.0,7050.703866496989,8813.379833121237,0.0,0.0,7.22,7.22,0.0,0.0,60.598820015950096,0.07872135824742756,7.22,0.0,12.980283383593266,0.0007731546678289435,-18.002762481707272,15.999986822597371,0.3705044250126874,0.0007731546678289435,16.0,82.0,0.0,0.005609786121017913,0.0,7.22,0.0,-18.9,0.00621144618492455,0.0003672199091977502,11.5,-18.9,0.00621144618492455,0.0003672199091977502,4.5,3138625.99603023,1354960.257918031 
 01/07  02:00:00,-19.2125,0.0,0.0,0.0,0.0,0.0,13.370569045404416,-18.424174468709534,17.99985513523829,-18.613529768671647,18.000535672934987,-18.517730919574603,18.000838726098802,-18.624745183432395,17.999045297132696,-18.507619652062385,18.000093880708313,-18.811505313787443,13.370569045404416,7.820705369578816,1800.90031869275,0.0,17.99985513523829,5.710234123146854,2059.7488363940247,0.0,18.000535672934987,5.762148737067566,821.2294716555564,0.0,18.000838726098802,5.703806576632847,1998.3801407844398,0.0,17.999045297132696,5.768223490855436,820.5093847084145,0.0,18.000093880708313,5.603756378491506,0.0,131.8199825108939,0.0,7078.29453728075,0.0,0.0,2217.9564478841603,954.6706216359647,2148.2333460875043,967.6485504379558,25.238928880449357,0.0,797.3311912128104,0.0,0.0,0.0,0.0,7078.29453728075,8847.868171600938,0.0,0.0,7.22,7.22,0.0,0.0,61.01298515977606,0.08058022451354516,7.22,0.0,12.851704774054436,0.0007428977839998949,-18.41748314925594,15.999987569816838,0.3705044250126874,0.0007428977839998949,16.0,82.0,0.0,0.006069023478399214,0.0,7.22,0.0,-19.2125,0.00621144618492455,0.00035964438353411495,11.5,-19.2125,0.00621144618492455,0.00035964438353411495,4.5,3140382.5995773454,1354960.257918031 
 01/07  03:00:00,-19.775,0.0,0.0,0.0,0.0,0.0,13.271757377280476,-18.779679251740205,17.999205185514285,-18.940492663772694,17.99925757203097,-18.86031208831161,17.99974005815737,-18.950440069078375,17.999582554416016,-18.852279990708666,18.002035700660024,-19.125582161219057,13.271757377280476,7.6100843221201995,1837.5283032169518,0.0,17.999205185514285,5.535684123733343,2057.1299560196076,0.0,17.99925757203097,5.578072349876679,819.0638632246087,0.0,17.99974005815737,5.53025911866043,1993.3659780133094,0.0,17.999582554416016,5.58222659425468,819.7106104384414,0.0,18.002035700660024,5.437979055138795,0.0,152.34037624022653,0.0,7086.723092754033,0.0,0.0,2215.2706514058573,952.4118979007811,2143.121665274746,966.8810189217395,4.863172008122106,0.0,838.5165835820568,0.0,0.0,0.0,0.0,7086.723092754033,8858.403865942542,0.0,0.0,7.22,7.22,0.0,0.0,61.31873586724685,0.08186461955433369,7.22,0.0,12.741079578250723,0.0007168672893482589,-18.782258748249617,15.999992040879043,0.3705044250126874,0.0007168672893482589,16.0,82.0,0.0,0.006474045811357766,0.0,7.22,0.0,-19.775,0.00621144618492455,0.00035756053061770064,11.5,-19.775,0.00621144618492455,0.00035756053061770064,4.5,3141597.6504599266,1354960.257918031 
 01/07  04:00:00,-20.375,0.0,0.0,0.0,0.0,0.0,13.183387540623494,-19.09543206795132,18.000461923728306,-19.26010625105133,18.00053080487476,-19.190240294610007,17.999750843460074,-19.268823872642173,17.99967987981826,-19.182921924083992,17.99990906564233,-19.429042435017667,13.183387540623494,7.427543253618567,1870.625241946408,0.0,18.000461923728306,5.369276588519349,2148.6543729762843,0.0,18.00053080487476,5.405149322481234,856.8467250967765,0.0,17.999750843460074,5.365046414091005,2080.9946374791193,0.0,17.99967987981826,5.409210446968764,856.0147196463452,0.0,17.99990906564233,5.283543588608749,6.683737986755773,56.963806450935465,0.0,7489.616785686396,0.0,0.0,2306.885772033719,990.2746108879905,2230.7425262118595,1003.1867823466255,106.75354641545462,0.0,875.2466057364753,0.0,0.0,0.0,0.0,7489.616785686396,9362.020982107995,0.0,0.0,7.22,7.22,0.0,0.0,61.73846493271512,0.08832642804122913,7.22,0.0,12.642416141093133,0.0006946435416653403,-19.102291040542994,15.999993403907158,0.3705044250126874,0.0006946435416653403,16.0,82.0,0.0,0.006843224664371848,0.0,7.22,0.0,-20.375,0.00621144618492455,0.0003518301527884141,11.5,-20.375,0.00621144618492455,0.0003518301527884141,4.5,3147666.1550388504,1354960.257918031 
 01/07  05:00:00,-20.9125,0.0,0.0,0.0,0.0,0.0,13.09804417674383,-19.441585050476903,18.000352422857823,-19.60824895923868,17.999643667534514,-19.53066562952495,18.00028685256985,-19.617214044523262,18.00023660741801,-19.521836566138848,17.999744591578597,-19.77593598673656,13.09804417674383,7.2264777855203794,1902.3708542812483,0.0,18.000352422857823,5.193604102707947,2165.207743378657,0.0,17.999643667534514,5.232518581500673,862.7586687432934,0.0,18.00028685256985,5.189172236470535,2097.8588468404014,0.0,18.00023660741801,5.2367431571936685,863.3737386218199,0.0,17.999744591578597,5.111089080457624,0.0,59.09198155300328,0.0,7544.808535861019,0.0,0.0,2323.428636402229,996.12325790349,2247.6451806905343,1010.5819170438033,97.92186276805995,0.0,910.008415463695,0.0,0.0,0.0,0.0,7544.808535861019,9431.010669826273,0.0,0.0,7.22,7.22,0.0,0.0,62.07836911505085,0.09046703770911146,7.22,0.0,12.549025435008835,0.0006724858075900277,-19.437878914135567,15.999995171739254,0.3705044250126874,0.0006724858075900277,16.0,82.0,0.0,0.007199661300632078,0.0,7.22,0.0,-20.9125,0.00621144618492455,0.0003492148885847334,11.5,-20.9125,0.00621144618492455,0.0003492148885847334,4.5,3149686.1309180898,1354960.257918031 
 01/07  06:00:00,-21.787499999999998,0.0,0.0,0.0,0.0,0.0,13.013828902622716,-19.753600049341255,18.000021854927915,-19.89995480410545,17.99939020290948,-19.83390685480235,17.999722001333033,-19.908112603975685,18.00035231282076,-19.827225318742435,17.999954188627928,-20.05670681897978,13.013828902622716,7.052621704320428,1933.5850846888388,0.0,18.000021854927915,5.050599777803837,2183.355105643269,0.0,17.99939020290948,5.082897403302316,869.806702118685,0.0,17.999722001333033,5.046742601685004,2111.780282034602,0.0,18.00035231282076,5.08584157905353,869.831103693477,0.0,17.999954188627928,4.975212321026934,0.0,89.9146505171957,0.0,7605.019555121854,0.0,0.0,2341.535474771834,1003.1469100746688,2261.5103459792854,1017.0399914418093,67.10938409275188,0.0,946.3386510215878,0.0,0.0,0.0,0.0,7605.019555121854,9506.274443902317,0.0,0.0,7.22,7.22,0.0,0.0,62.368623879358765,0.0925445307313407,7.22,0.0,12.451418308917956,0.0006512143189840569,-19.766907928001775,15.999990072395383,0.3705044250126874,0.0006512143189840569,16.0,82.0,0.0,0.007579690644853842,0.0,7.22,0.0,-21.787499999999998,0.00621144618492455,0.0003267822065386074,11.5,-21.787499999999998,0.00621144618492455,0.0003267822065386074,4.5,3151645.731440656,1354960.257918031 
 01/07  07:00:00,-22.575,0.0,0.0,0.0,0.0,0.0,12.927578357151223,-20.680342454439895,18.00020459190409,-21.91900543498903,18.000916107137623,-22.924227265917967,18.000965680261544,-21.85254070988042,18.00062941410794,-23.091710508333538,18.00022542410138,-21.351838513560896,12.927578357151223,6.499783229234954,1965.7761108861262,0.0,18.00020459190409,4.171229814504477,2172.1603134836505,0.0,18.000916107137623,3.7969682335562474,866.0759125619023,0.0,18.000965680261544,4.196965491016975,2103.364367488432,0.0,18.00062941410794,3.7376848694213978,866.4058419494892,0.0,18.00022542410138,4.3974244217042955,0.0,170.07201863421636,0.0,18542.271710620564,0.0,0.0,2724.079169094594,1331.9897244652925,2625.899911235197,1380.551115147265,378.79890860408494,6370.043514434723,3622.4858399025698,0.0,0.0,0.0,0.0,18542.271710620564,23177.839638275702,0.0,0.0,7.22,7.22,0.0,0.0,67.93611154894951,0.31462233836499764,7.22,0.0,0.27281555436484417,0.00036188174443327006,-25.740844638008227,11.006668375006623,0.3705044250126874,0.00036188174443327006,16.0,82.0,0.1502968423430788,0.07658985085057779,0.0,7.22,0.0,-2.1748848876870364,0.31057230924622753,0.0003114194978363478,11.5,-2.1748848876870364,0.31057230924622753,0.0003114194978363478,4.5,3360586.0511662588,1354960.257918031 
 01/07  08:00:00,-22.1125,0.0,0.0,0.0,0.0,0.0,12.849739238481071,-23.55576791634803,17.999969679284,-24.445078538524463,18.000089731068098,-25.59860335925272,17.9993544022539,-24.333242994807613,18.000340997093808,-25.71004259919213,18.000285508107325,-23.232790169616074,12.849739238481071,4.935007677460868,1994.1562021571929,0.0,17.999969679284,3.243494363815543,2130.9015513185614,0.0,18.000089731068098,2.888599877047695,437.07737271741,0.0,17.9993544022539,3.2799255607453386,2073.6154952481647,0.0,18.000340997093808,2.8561360441082435,856.2346866438454,0.0,18.000285508107325,3.6562649113703314,0.0,122.36315650819051,0.0,17724.870790868114,0.0,0.0,2659.899393126159,883.4436105508947,2574.347682208855,1348.8069680688977,403.22909024179137,6352.135797677948,3611.607266976718,0.0,0.0,0.0,0.0,17724.870790868114,22156.08848858514,0.0,0.0,7.22,7.22,0.0,0.0,68.17265951092594,0.3058699878795616,7.22,0.0,0.5978095547798012,0.00034774005883645283,-26.13241362951294,11.302741541034642,0.3705044250126874,0.00034774005883645283,16.0,82.0,0.1502968423430788,0.07658985085057779,0.0,7.22,0.0,-1.7701267680858974,0.31057230924622753,0.000321858078697468,11.5,-1.7701267680858974,0.31057230924622753,0.000321858078697468,4.5,3352400.9482253287,1354960.257918031 
 01/07  09:00:00,-19.575,11.0,5.0,11.0,5.0,20.0,13.780707244629957,-21.72321603818026,20.19034086840682,-18.30964840402076,21.029786340674207,-18.687269209838462,20.06304378299747,-18.253867311839667,20.26054318376964,-19.2416969296168,20.70399454802352,-17.135255095456735,13.780707244629957,5.615189207969502,3756.724404842479,0.0,20.190340868406818,5.177677940051177,2563.215167288881,0.0,21.029786340674207,4.7725918583297124,310.3854225472706,144.35360637858219,20.063043782997468,5.247599637135589,2539.2465382681303,0.0,20.260543183769634,4.708466458332976,1200.8289358019151,0.0,20.703994548023516,5.626109367422375,1682.5444274047559,128.96636530398482,0.0,20497.211396616418,0.0,0.0,3121.317202226704,693.9854796055739,3057.969433877158,1726.2759221924684,2148.329162896834,6251.753255743975,3544.419735663814,0.0,0.0,0.0,0.0,20497.211396616418,25621.51424577052,0.0,0.0,7.219999999999999,7.219999999999999,0.0,0.0,71.07507306172505,0.45888348064410195,7.219999999999999,0.0,2.5845157846933198,0.00039430400788851915,-24.894697786329328,13.108194554258137,0.3705044250126873,0.00039430400788851915,16.0,82.0,0.15029684234307877,0.07658985085057776,0.0,7.219999999999999,0.0,0.44411267148985567,0.31057230924622753,0.000370347005718211,11.5,0.44411267148985567,0.31057230924622753,0.000370347005718211,4.5,33286070.004807353,1354960.257918031 
 01/07  10:00:00,-16.925000000000004,11.0,5.0,11.0,5.0,20.0,15.22327215877931,-13.435426643847721,22.001217848005208,-10.10341029307562,22.7175947340836,-11.764532771111213,22.00088664623043,-10.004202743337341,22.00161672287453,-12.52570310843187,22.00040237526131,-8.431068294008526,15.22327215877931,11.216588722582856,3981.759134764116,0.0,22.001217848005208,9.845734182260383,1390.77678685658,0.0,22.7175947340836,8.059164940598674,0.0,511.3763412430162,22.00088664623043,9.94030645918713,1886.7492812049204,0.0,22.00161672287453,7.877437481662784,815.3310362997605,0.0,22.00040237526131,11.44205772492717,70.19559387446205,127.19251756287085,0.0,15606.164805958222,0.0,0.0,1937.1815945400394,0.0,2402.8675733378063,1325.0584644550845,488.1050544607227,6143.705912219318,3470.4441502686677,0.0,0.0,0.0,0.0,15606.164805958222,19507.706007447774,0.0,0.0,7.22,7.22,0.0,0.0,69.16415360057803,0.2900689303750896,7.22,0.0,4.736920119222052,0.0005321956411739658,-21.868023696201014,15.059413076878798,0.3705044250126874,0.0005321956411739658,16.0,82.0,0.1502968423430788,0.07658985085057779,0.0,7.22,0.0,2.7459944725112533,0.31057230924622753,0.00042895878794916155,11.5,2.7459944725112533,0.31057230924622753,0.00042895878794916155,4.5,43477706.772997506,1354960.257918031 
 01/07  11:00:00,-15.0375,11.0,5.0,11.0,5.0,20.0,16.428237963386472,-7.994472992249765,22.001381147898293,-6.498525631591805,23.957037541933897,-8.714323787189818,22.002561384268486,-6.246547070947408,22.002732216757174,-10.236504738111533,22.14365475319138,-3.966780570302245,16.428237963386472,16.61344878616166,3709.590673386946,0.0,22.001381147898293,13.365753315589997,239.3710035763111,51.33432187963439,23.957037541933897,9.784669782401343,0.0,531.9792523678393,22.002561384268486,13.660067733233243,1214.3332393949222,0.0,22.002732216757174,9.624352973783255,494.35295088877547,0.0,22.14365475319138,16.466912211773185,0.0,484.41078473973414,0.0,12477.873482853776,0.0,0.0,662.4522008110681,0.0,1660.6497428406044,935.5879999564527,0.0,6026.030101907249,3277.9609514728036,0.0,0.0,0.0,0.0,12477.873482853776,15597.341853567217,0.0,0.0,7.22,7.22,0.0,0.0,69.56678935232935,0.23952800572773714,7.22,0.0,6.19317894170939,0.0006774020363562907,-19.321019003972165,15.996543531340514,0.3705044250126874,0.0006774020363562907,16.0,82.0,0.1470772233701101,0.0668605737491628,0.0,7.22,0.0,4.255703604501404,0.31057230924622753,0.0004573867325989208,11.5,4.255703604501404,0.31057230924622753,0.0004573867325989208,4.5,44780236.74426445,1354960.257918031 
 01/07  12:00:00,-14.4,8.8,4.0,8.8,4.0,16.0,17.50549494587426,-6.341488935626711,22.18147162288056,-6.019804665000394,23.96475007409129,-8.430108784055658,22.00256549824926,-5.69601718177854,22.002301917094826,-10.346575953930518,22.403218866798458,-2.6289701333386546,17.50549494587426,17.89437057984877,3275.1903390456982,0.0,22.18147162288056,13.768190127435425,0.0,438.1097296489131,23.96475007409129,10.022137154786547,0.0,532.3638991757072,22.00256549824926,14.309590720777589,959.5775541018937,0.0,22.002301917094826,9.528994962746534,365.3976730042481,0.0,22.403218866798458,18.120094816310957,0.0,504.92564886179815,0.0,11239.68395451631,0.0,0.0,52.05162822555355,0.0,1406.2077979877838,806.6248453178026,0.0,5903.076138842211,3138.713384229105,0.0,0.0,0.0,0.0,11239.68395451631,14049.604943145387,0.0,0.0,7.22,7.22,0.0,0.0,69.52987182606688,0.21500959509155204,7.22,0.0,6.571218279078883,0.0007372923530513498,-18.42047537505926,15.999973410987693,0.3705044250126874,0.0007372923530513498,16.0,82.0,0.1391149336049691,0.058947126920709844,0.0,7.22,0.0,4.499418105789966,0.31057230924622753,0.00046109527866439436,11.5,4.499418105789966,0.31057230924622753,0.00046109527866439436,4.5,43407172.10765056,1354960.257918031 
 01/07  13:00:00,-13.712500000000002,4.4,2.0,4.4,2.0,8.0,18.416285739399115,-7.0301312938152645,22.971925482183956,-7.731831710524199,22.907579231635076,-11.019168302663864,22.001944762498486,-7.51498170092306,22.00164184728802,-12.487957034903037,22.332714756519746,-3.650398692874571,18.416285739399115,15.953675252487631,2710.0682332237343,0.0,22.971925482183956,11.348646328116367,0.0,552.7079354038102,22.907579231635076,8.510801706868975,0.0,461.3980976263899,22.001944762498486,12.256322458283886,1062.8540500981676,0.0,22.00164184728802,7.882035457826149,396.63348324823096,0.0,22.332714756519746,16.716872764554587,0.0,499.1982358517121,0.0,10989.903453331954,0.0,0.0,0.0,0.0,1509.805727046416,837.9934515963574,0.0,5688.626268279239,3076.546421756804,0.0,0.0,0.0,0.0,10989.903453331954,13737.379316664941,0.0,0.0,7.22,7.22,0.0,0.0,68.86155247774623,0.19973573159236127,7.22,0.0,6.737910319695567,0.0007439534236467213,-18.325820679517335,15.999795571271987,0.3705044250126874,0.0007439534236467213,16.0,82.0,0.12555395323809102,0.055902762860213756,0.0,7.22,0.0,4.499806152976124,0.31057230924622753,0.00047679531934353655,11.5,4.499806152976124,0.31057230924622753,0.00047679531934353655,4.5,39342736.731987804,1354960.257918031 
 01/07  14:00:00,-12.9875,8.8,4.0,8.8,4.0,16.0,19.29992967756892,-8.35604485668225,24.243636924916018,-7.117249779251281,22.068733926909616,-11.025638114010746,22.002063787248026,-7.638834949647004,22.001553270628506,-11.769393285809526,22.79034607123276,-3.814477590965598,19.29992967756892,13.419553320444649,2579.497149884063,0.0,24.243636924916018,11.067346301028683,0.0,653.5401252055382,22.068733926909616,8.945770963086435,0.0,293.18646672277555,22.002063787248026,12.108575979157331,724.1841527283605,0.0,22.001553270628506,8.404811205044874,217.3341848100137,0.0,22.79034607123276,16.022229124978992,0.0,535.1419820646122,0.0,10341.871468952555,0.0,0.0,0.0,111.96064937882028,1171.9715082419602,658.8016172926139,0.0,5462.4605425122145,3026.159977800532,0.0,0.0,0.0,0.0,10341.871468952555,12927.339336190695,0.0,0.0,7.22,7.22,0.0,0.0,68.24431941602003,0.1794451880977129,7.22,0.0,6.872887309808562,0.0007163702491414686,-18.7231624059121,16.000085336350296,0.3705044250126874,0.0007163702491414686,16.0,82.0,0.11271920277696276,0.05357623246472222,0.0,7.22,0.0,4.499969154906296,0.31057230924622753,0.0005002619546841922,11.5,4.499969154906296,0.31057230924622753,0.0005002619546841922,4.5,42023600.81298218,1354960.257918031 
 01/07  15:00:00,-13.1125,11.0,5.0,11.0,5.0,20.0,20.077027574089982,-6.667805386233534,25.220820236851516,-4.078425058023793,22.00220363151064,-9.318729473955829,22.002455536667313,-5.6626341292659514,22.001317458587277,-9.867262806501094,23.259865167771856,-1.7583025977504212,20.077027574089982,14.82194975421259,2546.2848534695886,0.0,25.220820236851516,13.551133855461421,0.0,731.7244409264379,22.00220363151064,10.443424432156625,0.0,96.92172801270294,22.002455536667313,14.36395128426378,589.3474813055714,0.0,22.001317458587277,9.94925170601708,69.77574719600432,3.2805210994836216,23.259865167771856,18.520089287378944,0.0,572.6015170035556,0.0,10282.547702328999,0.0,0.0,0.0,303.5971219415094,1037.1916826019133,508.13026834710973,0.0,5501.202565191194,2980.248998627885,0.0,0.0,0.0,0.0,10282.547702328999,12853.18462791125,0.0,0.0,7.22,7.22,0.0,0.0,68.21321970313961,0.17798981569675387,7.22,0.0,6.996435048604915,0.0007463988886404552,-18.291316676113205,15.999979385233624,0.3705044250126874,0.0007463988886404552,16.0,82.0,0.11477823241139473,0.05155463239950338,0.0,7.22,0.0,4.499181566164364,0.31057230924622753,0.0004946063580335987,11.5,4.499181566164364,0.31057230924622753,0.0004946063580335987,4.5,42922229.91048262,1354960.257918031 
 01/07  16:00:00,-13.675,11.0,5.0,11.0,5.0,20.0,20.552375287496126,-4.758008887522937,25.21400597353408,-2.118789382239576,22.001796746389402,-8.424257674006,22.003090743834132,-4.390654597540415,22.00171709767902,-8.985872758583618,23.42190336692823,0.028314390548736787,20.552375287496126,16.954681346121205,2417.8414208554386,0.0,25.21400597353408,15.98057068457377,0.0,731.8764964960528,22.001796746389402,11.29270331470234,90.26233219195669,0.0,22.003090743834132,16.000447725064973,758.2856162594426,0.0,22.00171709767902,10.748792919301518,0.0,54.34046703005578,23.42190336692823,21.22076585433075,0.0,585.934694461446,0.0,10645.823518619802,0.0,0.0,0.0,490.4362977289996,1205.3607344057418,387.515476267688,0.0,5676.802565053487,2945.7514920708722,0.0,0.0,0.0,0.0,10645.823518619802,13307.27939827475,0.0,0.0,7.22,7.22,0.0,0.0,68.52174883815435,0.1884967788929169,7.22,0.0,7.090732513971379,0.0008133947125446935,-17.377334799889695,16.000640816845902,0.3705044250126874,0.0008133947125446935,16.0,82.0,0.12472967701809232,0.050092874717715466,0.0,7.22,0.0,4.4987324038215775,0.31057230924622753,0.0004980586809167969,11.5,4.4987324038215775,0.31057230924622753,0.0004980586809167969,4.5,41132135.40802279,1354960.257918031 
 01/07  17:00:00,-15.275,11.0,5.0,11.0,5.0,20.0,20.51485454066845,-3.9328094653019194,23.018247675232953,-1.98675572001077,22.00182543372013,-8.184298732314872,22.002583738802965,-4.016293897599707,22.00140342468368,-8.74631225020411,23.087820704394556,0.716721646434744,20.51485454066845,18.224460245291485,2249.66507729903,0.0,23.018247675232953,18.4352503704201,0.0,500.66305415304896,22.00182543372013,11.531902858896933,349.60913124111414,0.0,22.002583738802965,16.51586672600539,1196.8822219206656,0.0,22.00140342468368,10.977296615468497,224.55656757867786,0.0,23.087820704394556,22.787533721864595,0.0,559.8514438465991,0.0,12176.79314228104,0.0,0.0,56.69667208597287,749.2944540579736,1642.2945623177893,665.918182578697,0.0,6044.3993916754525,3072.9526845185806,0.0,0.0,0.0,0.0,12176.79314228104,15220.991427851295,0.0,0.0,7.219999999999999,7.219999999999999,0.0,0.0,69.25136786662321,0.22810095810467862,7.219999999999999,0.0,6.749791751745311,0.0008297157237562547,-17.159173116143705,16.000578141918485,0.3705044250126874,0.0008297157237562547,16.0,82.0,0.14777504776985814,0.05617510878849571,0.0,7.219999999999999,0.0,4.076587270150547,0.31057230924622753,0.00046950019303255454,11.5,4.076587270150547,0.31057230924622753,0.00046950019303255454,4.5,37569451.70409189,1354960.257918031 
 01/07  18:00:00,-16.474999999999998,11.0,5.0,11.0,5.0,20.0,20.14501965956272,-3.888233315511724,22.002921188187685,-3.086918057968587,22.00436004943723,-8.170203581763614,22.004449170391368,-3.845648292993736,22.00225591624949,-8.747213630083806,22.869485535602465,0.9857948719696905,20.14501965956272,18.714553424362016,2262.4855883003765,0.0,22.002921188187685,17.869995375057222,528.7306185318812,0.0,22.00436004943723,11.544384901135544,448.14034754304834,0.0,22.004449170391368,16.754926201167407,1280.141308236419,0.0,22.00225591624949,10.975873185513063,401.01681586149874,0.0,22.869485535602465,23.541639429008633,0.0,543.7132158964105,0.0,13828.071189066155,0.0,0.0,1002.5186651227891,848.6607909086674,1726.2772383085285,843.0803513147532,0.0,6125.071070042539,3380.518557477763,0.0,0.0,0.0,0.0,13828.071189066155,17285.088986332696,0.0,0.0,7.22,7.22,0.0,0.0,69.19681873211738,0.25768279903840924,7.22,0.0,5.911422255729613,0.0008131396762619629,-17.373239761411668,15.987374804933829,0.3705044250126874,0.0008131396762619629,16.0,82.0,0.1502968423430788,0.07296238623688767,0.0,7.22,0.0,3.13577534912286,0.31057230924622753,0.00044417570889520924,11.5,3.13577534912286,0.31057230924622753,0.00044417570889520924,4.5,37597259.27554492,1354960.257918031 
 01/07  19:00:00,-17.7,5.5,2.5,5.5,2.5,10.0,19.169976341337033,-4.5283990916497485,20.16910282009401,-5.134481230846631,20.102899806299188,-10.153080272713304,20.11180321525597,-5.246663572726729,20.101509937697475,-10.775855861525635,21.849014780221708,0.007943251666186896,19.169976341337033,18.833084461002553,1442.528136992525,0.0,20.16910282009401,16.833126392827193,343.4731948356905,130.70629325545363,20.102899806299188,10.92076255736773,183.1191386782923,66.23392570780548,20.11180321525597,16.729467656868714,653.7671689135243,70.01392540375183,20.101509937697475,10.332403273596878,166.31060078614644,73.53208236470785,21.849014780221708,23.28149393301124,0.0,526.9444698820848,0.0,12019.905149082975,0.0,0.0,607.0724151081085,445.33558181856995,951.5551210206747,455.18256380696664,0.0,6175.779999878916,3465.9387878441544,0.0,0.0,0.0,0.0,12019.905149082975,15024.88143635372,0.0,0.0,7.219999999999999,7.219999999999999,0.0,0.0,70.24202822165765,0.24313292075478998,7.219999999999999,0.0,4.871337945034609,0.0007813147784313145,-17.7924575742218,15.176992812294882,0.3705044250126874,0.0007813147784313145,16.0,82.0,0.1502968423430788,0.07658985085057778,0.0,7.219999999999999,0.0,2.0737912763357187,0.31057230924622753,0.00042613706529041196,11.5,2.0737912763357187,0.31057230924622753,0.00042613706529041196,4.5,23183712.58972536,1354960.257918031 
 01/07  20:00:00,-18.3,0.0,0.0,0.0,0.0,0.0,18.16147385543708,-7.453270244494411,20.973409982422474,-9.895431126992104,20.97599640068806,-15.201527394666307,20.959988947928796,-9.742754461081264,20.97696991444514,-15.75267731371039,21.010045268302246,-3.51982090563335,18.16147385543708,15.652595016100086,1336.4597640334805,0.0,20.973409982422474,10.694755841534816,2433.838259355529,0.0,20.97599640068806,6.615060393376756,1064.8723276355104,0.0,20.959988947928796,10.842822411933536,2523.34065295069,0.0,20.97696991444514,6.280505998600982,1055.5773819951257,0.0,21.010045268302246,18.427342506251108,443.16066538642895,31.71162844951718,0.0,19375.862237620066,0.0,0.0,2930.1536992893616,1486.9607687666721,2991.6663432610894,1521.6278047500618,910.341199369637,6200.40792788426,3486.715507206699,0.0,0.0,0.0,0.0,19375.862237620066,24219.827797025082,0.0,0.0,7.22,7.22,0.0,0.0,69.2145516736663,0.36497406272356386,7.22,0.0,4.27191098188443,0.0006953005910700702,-19.015988570232064,14.634937770624514,0.3705044250126874,0.0006953005910700702,16.0,82.0,0.1502968423430788,0.07658985085057779,0.0,7.22,0.0,1.5530058971871235,0.31057230924622753,0.0004163007392516686,11.5,1.5530058971871235,0.31057230924622753,0.0004163007392516686,4.5,12498173.899334783,1354960.257918031 
 01/07  21:00:00,-18.9875,0.0,0.0,0.0,0.0,0.0,17.524966017577178,-11.220001974162338,20.999744608102457,-12.273878069418007,20.997229114745515,-13.451496505738314,20.998551278490943,-12.162760921045415,20.996546492470657,-13.357611930265623,21.001030946647997,-7.3093660422924,17.524966017577178,11.64077960641507,1597.1636816652447,0.0,20.999744608102457,8.52467203850533,2730.366069891288,0.0,20.997229114745515,7.71359374492421,1150.6102146113267,0.0,20.998551278490943,8.610543865565576,2719.572337996061,0.0,20.996546492470657,7.786837888015364,1146.3980391418802,0.0,21.001030946647997,13.253084987341715,1171.8790855185327,0.0,0.0,9829.40528878901,0.0,0.0,2963.767224245894,1347.3675537236443,2940.4060813802735,1363.3672686763532,1401.3138159957384,0.0,0.0,0.0,0.0,0.0,0.0,9829.40528878901,12286.756610986264,0.0,0.0,7.22,7.22,0.0,0.0,65.36506859662869,0.14110825554687179,7.22,0.0,17.057146769381287,0.0014893180172160497,-10.796629928933207,18.065328517757187,0.3705044250126874,0.0014893180172160497,16.0,82.0,0.0,0.0,0.0,7.22,0.0,-18.9875,0.00621144618492455,0.00040288277601467,11.5,-18.9875,0.00621144618492455,0.00040288277601467,4.5,7247354.227130374,1354960.257918031 
 01/07  22:00:00,-19.775,0.0,0.0,0.0,0.0,0.0,16.93997306413378,-11.198693390196233,20.998868221720663,-12.010469662480109,21.00000599908631,-11.874738406670433,20.999886340621096,-11.996435642259067,21.000100638891684,-11.809194688145649,20.99986406794237,-9.321025439286446,16.93997306413378,12.097746428190781,1590.4100097300293,0.0,20.998868221720663,8.728387070854998,2967.0393878321247,0.0,21.00000599908631,8.835510976000688,1241.1533756659862,0.0,20.999886340621096,8.73887356838263,2916.3839852850856,0.0,21.000100638891684,8.88766853779402,1239.1681674074512,0.0,20.99986406794237,11.103213264812373,1474.234972307651,0.0,0.0,11169.594668600583,0.0,0.0,3246.6330951213845,1476.8081035414275,3181.1518227740225,1499.1745705185654,1750.516575513504,0.0,0.0,0.0,0.0,0.0,0.0,11169.594668600583,13961.993335750725,0.0,0.0,7.22,7.22,0.0,0.0,67.18376053422732,0.18027514228303948,7.22,0.0,16.465646319587066,0.0014100962166577655,-11.361024109599871,17.473975384261767,0.3705044250126874,0.0014100962166577655,16.0,82.0,0.0,0.0,0.0,7.22,0.0,-19.775,0.00621144618492455,0.00039279002872461184,11.5,-19.775,0.00621144618492455,0.00039279002872461184,4.5,3234280.50162701,1354960.257918031 
 01/07  23:00:00,-19.625,0.0,0.0,0.0,0.0,0.0,16.486706704765915,-11.447666762100706,21.00043947233013,-11.972334073269653,21.00100048158711,-11.735594503972008,20.999510308205995,-11.986005806799362,20.99930554673909,-11.70287757817167,20.999818635265832,-10.607362446269441,16.486706704765915,12.1760053924209,1759.585637652559,0.0,21.00043947233013,8.757581479364545,3040.2266444218967,0.0,21.00100048158711,8.945997153348818,1270.0701078383377,0.0,20.999510308205995,8.747296861479276,2968.9836834453445,0.0,20.99930554673909,8.973316334838515,1268.4427876999257,0.0,20.999818635265832,9.900943922450729,1564.1284752984222,0.0,0.0,11536.383575990543,0.0,0.0,3358.036910198743,1537.9215792869645,3269.8025518402887,1563.869804504284,1878.8565738089749,0.0,0.0,0.0,0.0,0.0,0.0,11536.383575990543,14420.479469988182,0.0,0.0,7.22,7.22,0.0,0.0,68.00658741082525,0.1967396959743861,7.22,0.0,15.982672670632574,0.0013895475130653989,-11.51989206483022,16.991039968401925,0.3705044250126874,0.0013895475130653989,16.0,82.0,0.0,0.0,0.0,7.22,0.0,-19.625,0.00621144618492455,0.00038104932715850293,11.5,-19.625,0.00621144618492455,0.00038104932715850293,4.5,3249828.548973307,1354960.257918031 
 01/07  24:00:00,-19.775,0.0,0.0,0.0,0.0,0.0,16.141873204888043,-11.731569288734981,21.000355675553976,-12.089798439590748,20.999657820373326,-11.918714135309356,20.999373612983767,-12.10690206324074,20.998735905305452,-11.902983372572816,20.999475355990786,-11.43486845784438,16.141873204888043,12.133069323999816,1888.1439003157316,0.0,21.000355675553976,8.665431418165628,3082.532354405053,0.0,20.999657820373326,8.800574164722738,1286.3947199046352,0.0,20.999373612983767,8.652590961361483,3003.447700006498,0.0,20.998735905305452,8.813567743643214,1285.7557515470148,0.0,20.999475355990786,9.193144059691885,1616.5261111482168,0.0,0.0,11857.963989944421,0.0,0.0,3429.1582360208367,1578.5336126711438,3331.542889016845,1608.050810654275,1960.2216143871842,0.0,0.0,0.0,0.0,0.0,0.0,11857.963989944421,14822.454987430525,0.0,0.0,7.22,7.22,0.0,0.0,68.42057108747949,0.20844190684827435,7.22,0.0,15.616720936666294,0.0013564144279011342,-11.794601754044992,16.625149888753203,0.3705044250126874,0.0013564144279011342,16.0,82.0,0.0,0.0,0.0,7.22,0.0,-19.775,0.00621144618492455,0.0003694999556482809,11.5,-19.775,0.00621144618492455,0.0003694999556482809,4.5,3260871.5519397613,1354960.257918031 
