Date/Time,Electricity:Facility [J](Hourly),Electricity:HVAC [J](Hourly),Electricity:Facility [J](Monthly),Electricity:Building [J](Monthly),InteriorLights:Electricity [J](Monthly),Electricity:HVAC [J](Monthly),Electricity:Plant [J](Monthly),NaturalGas:Facility [J](Monthly),NaturalGas:Plant [J](Monthly),Electricity:Facility [J](RunPeriod),Electricity:Building [J](RunPeriod),InteriorLights:Electricity [J](RunPeriod),Electricity:HVAC [J](RunPeriod),Electricity:Plant [J](RunPeriod),NaturalGas:Facility [J](RunPeriod),NaturalGas:Plant [J](RunPeriod),MYGENERALLIGHTS [J](Monthly),MYGENERALLIGHTS [J](RunPeriod),MYBUILDINGELECTRIC [J](Monthly),MYBUILDINGELECTRIC [J](RunPeriod),MYBUILDINGOTHER [J](Monthly),MYBUILDINGOTHER [J](RunPeriod) 
 01/01  01:00:00,3076767.385036532,1354960.257918031 
 01/01  02:00:00,3083383.7567515783,1354960.257918031 
 01/01  03:00:00,3085955.831775791,1354960.257918031 
 01/01  04:00:00,3088696.0441390513,1354960.257918031 
 01/01  05:00:00,3090691.413300097,1354960.257918031 
 01/01  06:00:00,3092176.4380369275,1354960.257918031 
 01/01  07:00:00,3239132.434523818,1354960.257918031 
 01/01  08:00:00,3224851.7138806055,1354960.257918031 
 01/01  09:00:00,33041113.388192356,1354960.257918031 
 01/01  10:00:00,43314228.00763847,1354960.257918031 
 01/01  11:00:00,44644110.95747973,1354960.257918031 
 01/01  12:00:00,43282305.11713354,1354960.257918031 
 01/01  13:00:00,39224345.174145274,1354960.257918031 
 01/01  14:00:00,41918982.7706693,1354960.257918031 
 01/01  15:00:00,42816257.39247866,1354960.257918031 
 01/01  16:00:00,41015417.82895167,1354960.257918031 
 01/01  17:00:00,37415117.1995382,1354960.257918031 
 01/01  18:00:00,37416530.92291251,1354960.257918031 
 01/01  19:00:00,23025428.22906857,1354960.257918031 
 01/01  20:00:00,12224967.912078848,1354960.257918031 
 01/01  21:00:00,7114960.257918031,1354960.257918031 
 01/01  22:00:00,3064960.257918031,1354960.257918031 
 01/01  23:00:00,3066210.7954201656,1354960.257918031 
 01/01  24:00:00,3069588.2937716944,1354960.257918031 
 01/02  01:00:00,3072369.050731705,1354960.257918031 
 01/02  02:00:00,3074555.873654371,1354960.257918031 
 01/02  03:00:00,3075791.9551353673,1354960.257918031 
 01/02  04:00:00,3076109.8484142683,1354960.257918031 
 01/02  05:00:00,3076297.9933273676,1354960.257918031 
 01/02  06:00:00,3076149.580680193,1354960.257918031 
 01/02  07:00:00,3153821.02896077,1354960.257918031 
 01/02  08:00:00,3147937.183984788,1354960.257918031 
 01/02  09:00:00,32969254.548453588,1354960.257918031 
 01/02  10:00:00,43270063.84266299,1354960.257918031 
 01/02  11:00:00,44614687.40291418,1354960.257918031 
 01/02  12:00:00,43261443.62913044,1354960.257918031 
 01/02  13:00:00,39209843.140622,1354960.257918031 
 01/02  14:00:00,41911426.93320425,1354960.257918031 
 01/02  15:00:00,42813024.44914281,1354960.257918031 
 01/02  16:00:00,41010615.35623132,1354960.257918031 
 01/02  17:00:00,37409228.42371429,1354960.257918031 
 01/02  18:00:00,37411959.53901539,1354960.257918031 
 01/02  19:00:00,23019060.74491886,1354960.257918031 
 01/02  20:00:00,12216962.917403653,1354960.257918031 
 01/02  21:00:00,7114960.257918031,1354960.257918031 
 01/02  22:00:00,3064960.257918031,1354960.257918031 
 01/02  23:00:00,3064960.257918031,1354960.257918031 
 01/02  24:00:00,3065541.0234620403,1354960.257918031 
 01/03  01:00:00,3067918.089220575,1354960.257918031 
 01/03  02:00:00,3070331.178883209,1354960.257918031 
 01/03  03:00:00,3072829.46059698,1354960.257918031 
 01/03  04:00:00,3074037.9020561003,1354960.257918031 
 01/03  05:00:00,3075042.903625722,1354960.257918031 
 01/03  06:00:00,3076912.865318598,1354960.257918031 
 01/03  07:00:00,3165016.338388327,1354960.257918031 
 01/03  08:00:00,3160933.08992605,1354960.257918031 
 01/03  09:00:00,32990159.050035983,1354960.257918031 
 01/03  10:00:00,43289731.07500171,1354960.257918031 
 01/03  11:00:00,44634180.599258706,1354960.257918031 
 01/03  12:00:00,43279693.51788091,1354960.257918031 
 01/03  13:00:00,39226085.94845171,1354960.257918031 
 01/03  14:00:00,41924269.343334496,1354960.257918031 
 01/03  15:00:00,42823060.62774546,1354960.257918031 
 01/03  16:00:00,41022176.663633004,1354960.257918031 
 01/03  17:00:00,37421836.75882738,1354960.257918031 
 01/03  18:00:00,37422215.2819605,1354960.257918031 
 01/03  19:00:00,23032583.62623839,1354960.257918031 
 01/03  20:00:00,12231322.877443828,1354960.257918031 
 01/03  21:00:00,7114960.257918031,1354960.257918031 
 01/03  22:00:00,3065572.4702114584,1354960.257918031 
 01/03  23:00:00,3070139.8721390655,1354960.257918031 
 01/03  24:00:00,3073328.3933701683,1354960.257918031 
 01/04  01:00:00,3075076.8192262286,1354960.257918031 
 01/04  02:00:00,3077056.926843236,1354960.257918031 
 01/04  03:00:00,3078786.069482142,1354960.257918031 
 01/04  04:00:00,3079766.491509966,1354960.257918031 
 01/04  05:00:00,3080028.340811624,1354960.257918031 
 01/04  06:00:00,3079941.695876583,1354960.257918031 
 01/04  07:00:00,3167279.9812965994,1354960.257918031 
 01/04  08:00:00,3160522.637404218,1354960.257918031 
 01/04  09:00:00,32983646.86438804,1354960.257918031 
 01/04  10:00:00,43279420.74774607,1354960.257918031 
 01/04  11:00:00,44624772.58027637,1354960.257918031 
 01/04  12:00:00,43271295.6344123,1354960.257918031 
 01/04  13:00:00,39217970.87008089,1354960.257918031 
 01/04  14:00:00,41916145.678994894,1354960.257918031 
 01/04  15:00:00,42815838.66671712,1354960.257918031 
 01/04  16:00:00,41015556.43552169,1354960.257918031 
 01/04  17:00:00,37419378.06603896,1354960.257918031 
 01/04  18:00:00,37427423.55296271,1354960.257918031 
 01/04  19:00:00,23050294.962156422,1354960.257918031 
 01/04  20:00:00,12245442.382483335,1354960.257918031 
 01/04  21:00:00,7116316.338534218,1354960.257918031 
 01/04  22:00:00,3074454.724610925,1354960.257918031 
 01/04  23:00:00,3079873.2263425607,1354960.257918031 
 01/04  24:00:00,3082668.984516763,1354960.257918031 
 01/05  01:00:00,6322168.159551414,1354960.257918031 
 01/05  02:00:00,6322905.495988469,1354960.257918031 
 01/05  03:00:00,6322217.268608192,1354960.257918031 
 01/05  04:00:00,6323934.452907534,1354960.257918031 
 01/05  05:00:00,6330392.707844705,1354960.257918031 
 01/05  06:00:00,6337101.605084885,1354960.257918031 
 01/05  07:00:00,6342450.551521881,1354960.257918031 
 01/05  08:00:00,6342905.286228901,1354960.257918031 
 01/05  09:00:00,6336264.749647727,1354960.257918031 
 01/05  10:00:00,6326229.32086912,1354960.257918031 
 01/05  11:00:00,6316927.688694967,1354960.257918031 
 01/05  12:00:00,6311774.052765818,1354960.257918031 
 01/05  13:00:00,6309136.167948757,1354960.257918031 
 01/05  14:00:00,6307433.133156683,1354960.257918031 
 01/05  15:00:00,6306574.621419422,1354960.257918031 
 01/05  16:00:00,6307208.536083246,1354960.257918031 
 01/05  17:00:00,6309340.345958178,1354960.257918031 
 01/05  18:00:00,6312190.832181703,1354960.257918031 
 01/05  19:00:00,6316962.426265433,1354960.257918031 
 01/05  20:00:00,6320840.817990479,1354960.257918031 
 01/05  21:00:00,6324277.014047794,1354960.257918031 
 01/05  22:00:00,6326183.890570263,1354960.257918031 
 01/05  23:00:00,6327406.916787091,1354960.257918031 
 01/05  24:00:00,6329463.131543745,1354960.257918031 
 01/06  01:00:00,6333170.520179553,1354960.257918031 
 01/06  02:00:00,6334911.353998893,1354960.257918031 
 01/06  03:00:00,6336273.391008517,1354960.257918031 
 01/06  04:00:00,6339076.210637926,1354960.257918031 
 01/06  05:00:00,6341694.136927592,1354960.257918031 
 01/06  06:00:00,6344243.527088759,1354960.257918031 
 01/06  07:00:00,6348338.667577776,1354960.257918031 
 01/06  08:00:00,6345194.660359373,1354960.257918031 
 01/06  09:00:00,6337746.341219351,1354960.257918031 
 01/06  10:00:00,6328162.876699498,1354960.257918031 
 01/06  11:00:00,6318773.674027967,1354960.257918031 
 01/06  12:00:00,6313555.095632881,1354960.257918031 
 01/06  13:00:00,6310216.061864527,1354960.257918031 
 01/06  14:00:00,6311650.568061752,1354960.257918031 
 01/06  15:00:00,6311173.704839289,1354960.257918031 
 01/06  16:00:00,6312450.947457537,1354960.257918031 
 01/06  17:00:00,6321860.002864659,1354960.257918031 
 01/06  18:00:00,6330836.790792502,1354960.257918031 
 01/06  19:00:00,6340588.463328112,1354960.257918031 
 01/06  20:00:00,6348366.363779997,1354960.257918031 
 01/06  21:00:00,6350458.329608757,1354960.257918031 
 01/06  22:00:00,6357204.608981392,1354960.257918031 
 01/06  23:00:00,6363128.207242741,1354960.257918031 
 01/06  24:00:00,6368464.1018105075,1354960.257918031 
 01/07  01:00:00,3138673.036884535,1354960.257918031 
 01/07  02:00:00,3140335.9788137637,1354960.257918031 
 01/07  03:00:00,3141583.6203600196,1354960.257918031 
 01/07  04:00:00,3147672.905324512,1354960.257918031 
 01/07  05:00:00,3149704.6510410327,1354960.257918031 
 01/07  06:00:00,3151665.0944128516,1354960.257918031 
 01/07  07:00:00,3360586.050885638,1354960.257918031 
 01/07  08:00:00,3352541.8747379147,1354960.257918031 
 01/07  09:00:00,33196598.625603706,1354960.257918031 
 01/07  10:00:00,43440647.41213055,1354960.257918031 
 01/07  11:00:00,44763905.574200004,1354960.257918031 
 01/07  12:00:00,43412371.87700422,1354960.257918031 
 01/07  13:00:00,39337795.61034085,1354960.257918031 
 01/07  14:00:00,42021633.437497176,1354960.257918031 
 01/07  15:00:00,42928469.55217838,1368298.9293077048 
 01/07  16:00:00,41128366.03133868,1354960.257918031 
 01/07  17:00:00,37559131.39767698,1354960.257918031 
 01/07  18:00:00,37578634.579590954,1354960.257918031 
 01/07  19:00:00,23206924.626982592,1354960.257918031 
 01/07  20:00:00,12389892.664629463,1354960.257918031 
 01/07  21:00:00,7131736.642757824,1354960.257918031 
 01/07  22:00:00,3096898.672166042,1354960.257918031 
 01/07  23:00:00,3104925.3734610416,1354960.257918031 
 01/07  24:00:00,3112283.876476779,1354960.257918031 
 01/08  01:00:00,3121114.4683318245,1354960.257918031 
 01/08  02:00:00,3127999.8670950527,1354960.257918031 
 01/08  03:00:00,3133268.456240924,1354960.257918031 
 01/08  04:00:00,3137468.1002176455,1354960.257918031 
 01/08  05:00:00,3141508.6067600218,1354960.257918031 
 01/08  06:00:00,3144901.653682769,1354960.257918031 
 01/08  07:00:00,3350063.3022466316,1354960.257918031 
 01/08  08:00:00,3342289.497376551,1354960.257918031 
 01/08  09:00:00,33169480.62530652,1354960.257918031 
 01/08  10:00:00,43425454.027977824,1354960.257918031 
 01/08  11:00:00,44729890.49046,1354960.257918031 
 01/08  12:00:00,43364015.77823554,1354960.257918031 
 01/08  13:00:00,39296864.25584,1354960.257918031 
 01/08  14:00:00,41983717.91572456,1354960.257918031 
 01/08  15:00:00,42873257.58737929,1354960.257918031 
 01/08  16:00:00,41065454.25628017,1354960.257918031 
 01/08  17:00:00,37477293.33722158,1354960.257918031 
 01/08  18:00:00,37477005.43856354,1354960.257918031 
 01/08  19:00:00,23094775.717244085,1354960.257918031 
 01/08  20:00:00,12282995.135903766,1354960.257918031 
 01/08  21:00:00,7119372.963032674,1354960.257918031 
 01/08  22:00:00,3079814.293624715,1354960.257918031 
 01/08  23:00:00,3088108.5976910065,1354960.257918031 
 01/08  24:00:00,3091824.9740749123,1354960.257918031 
 01/09  01:00:00,3093707.269709558,1354960.257918031 
 01/09  02:00:00,3097375.8120340356,1354960.257918031 
 01/09  03:00:00,3098317.2400912414,1354960.257918031 
 01/09  04:00:00,3098746.69236509,1354960.257918031 
 01/09  05:00:00,3099828.0721432986,1354960.257918031 
 01/09  06:00:00,3100585.392292938,1354960.257918031 
 01/09  07:00:00,3212250.7152913194,1354960.257918031 
 01/09  08:00:00,3206116.5792954657,1354960.257918031 
 01/09  09:00:00,33030833.987852674,1354960.257918031 
 01/09  10:00:00,43297628.69113639,1354960.257918031 
 01/09  11:00:00,44632394.86942011,1354960.257918031 
 01/09  12:00:00,43272687.13752417,1354960.257918031 
 01/09  13:00:00,39215315.63288319,1354960.257918031 
 01/09  14:00:00,41910081.14021583,1354960.257918031 
 01/09  15:00:00,42807108.40428004,1354960.257918031 
 01/09  16:00:00,41005809.60354684,1354960.257918031 
 01/09  17:00:00,37408220.89229667,1354960.257918031 
 01/09  18:00:00,37410424.601131275,1354960.257918031 
 01/09  19:00:00,23019149.388421994,1354960.257918031 
 01/09  20:00:00,12217398.696216598,1354960.257918031 
 01/09  21:00:00,7114960.257918031,1354960.257918031 
 01/09  22:00:00,3064960.257918031,1354960.257918031 
 01/09  23:00:00,3065807.8685002225,1354960.257918031 
 01/09  24:00:00,3069931.8431509766,1354960.257918031 
 01/10  01:00:00,3073493.9008787004,1354960.257918031 
 01/10  02:00:00,3073813.319353236,1354960.257918031 
 01/10  03:00:00,3073994.5658664675,1354960.257918031 
 01/10  04:00:00,3074350.276949458,1354960.257918031 
 01/10  05:00:00,3075052.0342000024,1354960.257918031 
 01/10  06:00:00,3075905.032353215,1354960.257918031 
 01/10  07:00:00,3161806.2394136223,1354960.257918031 
 01/10  08:00:00,3156609.5171955256,1354960.257918031 
 01/10  09:00:00,32968233.54461123,1354960.257918031 
 01/10  10:00:00,43271674.45496038,1354960.257918031 
 01/10  11:00:00,44619576.91569426,1362576.4368763003 
 01/10  12:00:00,43264014.95379838,1362258.503638758 
 01/10  13:00:00,39205844.57033344,1354960.257918031 
 01/10  14:00:00,41949777.53576894,1413453.644967644 
 01/10  15:00:00,42888281.80152517,1462907.46513956 
 01/10  16:00:00,41053119.469285436,1416677.3625074218 
 01/10  17:00:00,37407649.92005584,1354960.257918031 
 01/10  18:00:00,37414419.69113202,1354960.257918031 
 01/10  19:00:00,23027316.359118342,1354960.257918031 
 01/10  20:00:00,12235332.399320912,1354960.257918031 
 01/10  21:00:00,7114960.257918031,1354960.257918031 
 01/10  22:00:00,3065758.9381999327,1354960.257918031 
 01/10  23:00:00,3070774.0773319085,1354960.257918031 
 01/10  24:00:00,3075731.111687217,1354960.257918031 
 01/11  01:00:00,3078168.4433561787,1354960.257918031 
 01/11  02:00:00,3079912.731497249,1354960.257918031 
 01/11  03:00:00,3080479.1354496335,1354960.257918031 
 01/11  04:00:00,3078927.024036602,1354960.257918031 
 01/11  05:00:00,3079384.8690727204,1354960.257918031 
 01/11  06:00:00,3080462.134586018,1354960.257918031 
 01/11  07:00:00,3170662.75736661,1354960.257918031 
 01/11  08:00:00,3166584.079929186,1354960.257918031 
 01/11  09:00:00,32994739.73343836,1354960.257918031 
 01/11  10:00:00,43282783.40596315,1354960.257918031 
 01/11  11:00:00,44624255.38203139,1354960.257918031 
 01/11  12:00:00,43268023.22421764,1354960.257918031 
 01/11  13:00:00,39210875.38554978,1354960.257918031 
 01/11  14:00:00,41921112.01109046,1354960.257918031 
 01/11  15:00:00,42866164.60991138,1405490.1850162246 
 01/11  16:00:00,41076769.91994961,1405643.6067387692 
 01/11  17:00:00,37432475.208118945,1354960.257918031 
 01/11  18:00:00,37432651.094839066,1354960.257918031 
 01/11  19:00:00,23022346.27444986,1354960.257918031 
 01/11  20:00:00,12222505.354258943,1354960.257918031 
 01/11  21:00:00,7114960.257918031,1354960.257918031 
 01/11  22:00:00,3064960.257918031,1354960.257918031 
 01/11  23:00:00,3064960.257918031,1354960.257918031 
 01/11  24:00:00,3066835.6944676517,1354960.257918031 
 01/12  01:00:00,6307168.269817764,1354960.257918031 
 01/12  02:00:00,6308788.229089487,1354960.257918031 
 01/12  03:00:00,6309124.046192979,1354960.257918031 
 01/12  04:00:00,6308588.212287818,1354960.257918031 
 01/12  05:00:00,6308801.808548295,1354960.257918031 
 01/12  06:00:00,6309372.62129495,1354960.257918031 
 01/12  07:00:00,6309836.803910705,1354960.257918031 
 01/12  08:00:00,6309130.920082062,1354960.257918031 
 01/12  09:00:00,6306723.259006861,1354960.257918031 
 01/12  10:00:00,6306166.239897675,1354960.257918031 
 01/12  11:00:00,6305197.802062372,1354960.257918031 
 01/12  12:00:00,6304960.257918031,1354960.257918031 
 01/12  13:00:00,6304960.257918031,1354960.257918031 
 01/12  14:00:00,6304960.257918031,1354960.257918031 
 01/12  15:00:00,6304960.257918031,1354960.257918031 
 01/12  16:00:00,6304960.257918031,1354960.257918031 
 01/12  17:00:00,6305349.093634917,1354960.257918031 
 01/12  18:00:00,6309011.8085906925,1354960.257918031 
 01/12  19:00:00,6314545.804844445,1354960.257918031 
 01/12  20:00:00,6317951.981594101,1354960.257918031 
 01/12  21:00:00,6320034.743740959,1354960.257918031 
 01/12  22:00:00,6323771.9406766705,1354960.257918031 
 01/12  23:00:00,6326583.9624024555,1354960.257918031 
 01/12  24:00:00,6329129.554652581,1354960.257918031 
 01/13  01:00:00,6331315.30760215,1354960.257918031 
 01/13  02:00:00,6331475.738131698,1354960.257918031 
 01/13  03:00:00,6335192.202164974,1354960.257918031 
 01/13  04:00:00,6340489.917865572,1354960.257918031 
 01/13  05:00:00,6341651.15087132,1354960.257918031 
 01/13  06:00:00,6341057.872465296,1354960.257918031 
 01/13  07:00:00,6340042.171886452,1354960.257918031 
 01/13  08:00:00,6338651.172794723,1354960.257918031 
 01/13  09:00:00,6330364.51055753,1354960.257918031 
 01/13  10:00:00,6319048.456992926,1354960.257918031 
 01/13  11:00:00,6311160.781527583,1354960.257918031 
 01/13  12:00:00,6307031.564799734,1354960.257918031 
 01/13  13:00:00,6305227.258589623,1354960.257918031 
 01/13  14:00:00,6304960.257918031,1354960.257918031 
 01/13  15:00:00,6305155.193522759,1354960.257918031 
 01/13  16:00:00,6307152.651107615,1354960.257918031 
 01/13  17:00:00,6310057.582651157,1354960.257918031 
 01/13  18:00:00,6314745.7093712995,1354960.257918031 
 01/13  19:00:00,6316015.122959666,1354960.257918031 
 01/13  20:00:00,6318404.190565583,1354960.257918031 
 01/13  21:00:00,6320653.264559917,1354960.257918031 
 01/13  22:00:00,6321180.042777958,1354960.257918031 
 01/13  23:00:00,6321443.93107876,1354960.257918031 
 01/13  24:00:00,6321706.825340596,1354960.257918031 
 01/14  01:00:00,3087910.6137960916,1354960.257918031 
 01/14  02:00:00,3089822.488050569,1354960.257918031 
 01/14  03:00:00,3086506.864558491,1354960.257918031 
 01/14  04:00:00,3084321.400445503,1354960.257918031 
 01/14  05:00:00,3082579.092390524,1354960.257918031 
 01/14  06:00:00,3083359.228054981,1354960.257918031 
 01/14  07:00:00,3188582.613139133,1354960.257918031 
 01/14  08:00:00,3176477.5221004775,1354960.257918031 
 01/14  09:00:00,33009240.45532704,1354960.257918031 
 01/14  10:00:00,43296969.92378411,1354960.257918031 
 01/14  11:00:00,44637696.38591003,1354960.257918031 
 01/14  12:00:00,43283876.933116175,1354960.257918031 
 01/14  13:00:00,39232289.811975196,1354960.257918031 
 01/14  14:00:00,41928070.09419337,1354960.257918031 
 01/14  15:00:00,42823743.96767741,1354960.257918031 
 01/14  16:00:00,41030689.22433972,1363776.8502405034 
 01/14  17:00:00,37430944.64700443,1354960.257918031 
 01/14  18:00:00,37440789.74531468,1354960.257918031 
 01/14  19:00:00,23059096.459046263,1354960.257918031 
 01/14  20:00:00,12257442.650227033,1354960.257918031 
 01/14  21:00:00,7115721.132080158,1354960.257918031 
 01/14  22:00:00,3072475.956378053,1354960.257918031 
 01/14  23:00:00,3079578.8973367275,1354960.257918031 
 01/14  24:00:00,3086764.416406878,1354960.257918031 
 01/15  01:00:00,3092083.6304659504,1354960.257918031 
 01/15  02:00:00,3095529.026817487,1354960.257918031 
 01/15  03:00:00,3099676.169896916,1354960.257918031 
 01/15  04:00:00,3099289.8969274233,1354960.257918031 
 01/15  05:00:00,3101654.5861310065,1354960.257918031 
 01/15  06:00:00,3104416.73220973,1354960.257918031 
 01/15  07:00:00,3243683.032948938,1354960.257918031 
 01/15  08:00:00,3215696.8994999793,1354960.257918031 
 01/15  09:00:00,33027488.273186237,1354960.257918031 
 01/15  10:00:00,43300289.67828688,1354960.257918031 
 01/15  11:00:00,44633350.28139601,1354960.257918031 
 01/15  12:00:00,43273105.7648108,1354960.257918031 
 01/15  13:00:00,39214850.01318684,1354960.257918031 
 01/15  14:00:00,41916894.39465955,1366415.3562655025 
 01/15  15:00:00,42809309.283898704,1354960.257918031 
 01/15  16:00:00,41026241.230734676,1354960.257918031 
 01/15  17:00:00,37423308.85816105,1354960.257918031 
 01/15  18:00:00,37408772.752318114,1354960.257918031 
 01/15  19:00:00,23019617.32865741,1354960.257918031 
 01/15  20:00:00,12225190.642518805,1354960.257918031 
 01/15  21:00:00,7114960.257918031,1354960.257918031 
 01/15  22:00:00,3064960.257918031,1354960.257918031 
 01/15  23:00:00,3066932.4751989893,1354960.257918031 
 01/15  24:00:00,3071392.8344958895,1354960.257918031 
 01/16  01:00:00,3074871.925539808,1354960.257918031 
 01/16  02:00:00,3078093.4710857356,1354960.257918031 
 01/16  03:00:00,3080429.032099693,1354960.257918031 
 01/16  04:00:00,3081444.754999052,1354960.257918031 
 01/16  05:00:00,3081741.0418566093,1354960.257918031 
 01/16  06:00:00,3081988.190977418,1354960.257918031 
 01/16  07:00:00,3177763.6081081443,1354960.257918031 
 01/16  08:00:00,3167575.3050781265,1354960.257918031 
 01/16  09:00:00,32978305.95781134,1354960.257918031 
 01/16  10:00:00,43271509.733309604,1354960.257918031 
 01/16  11:00:00,44613251.04338731,1354960.257918031 
 01/16  12:00:00,43272679.33841233,1354960.257918031 
 01/16  13:00:00,39195776.426589064,1354960.257918031 
 01/16  14:00:00,41885593.45459792,1371416.9894867311 
 01/16  15:00:00,42781355.61938949,1372922.194562886 
 01/16  16:00:00,40970311.86714664,1362506.2198793855 
 01/16  17:00:00,37367228.01204202,1354960.257918031 
 01/16  18:00:00,37369932.445736475,1354960.257918031 
 01/16  19:00:00,22971597.537966598,1354960.257918031 
 01/16  20:00:00,12174448.268451534,1354960.257918031 
 01/16  21:00:00,7114960.257918031,1354960.257918031 
 01/16  22:00:00,3064960.257918031,1354960.257918031 
 01/16  23:00:00,3064960.257918031,1354960.257918031 
 01/16  24:00:00,3064960.257918031,1354960.257918031 
 01/17  01:00:00,3064960.257918031,1354960.257918031 
 01/17  02:00:00,3064960.257918031,1354960.257918031 
 01/17  03:00:00,3064960.257918031,1354960.257918031 
 01/17  04:00:00,3064960.257918031,1354960.257918031 
 01/17  05:00:00,3065307.130271105,1354960.257918031 
 01/17  06:00:00,3066695.991474215,1354960.257918031 
 01/17  07:00:00,3140369.527951425,1354960.257918031 
 01/17  08:00:00,3130346.4788911976,1354960.257918031 
 01/17  09:00:00,32941210.501107335,1354960.257918031 
 01/17  10:00:00,43256069.93771363,1354960.257918031 
 01/17  11:00:00,44594667.777107455,1374630.7997963699 
 01/17  12:00:00,43245333.78872014,1386224.7657963778 
 01/17  13:00:00,39868393.8938271,1395228.356218578 
 01/17  14:00:00,43298558.309340864,1404221.0621438222 
 01/17  15:00:00,43024852.129757755,1374528.2286999067 
 01/17  16:00:00,40961950.23296347,1354960.257918031 
 01/17  17:00:00,37366526.40533602,1354960.257918031 
 01/17  18:00:00,37372649.90351489,1354960.257918031 
 01/17  19:00:00,22977482.177334554,1354960.257918031 
 01/17  20:00:00,12185202.225296423,1354960.257918031 
 01/17  21:00:00,7114960.257918031,1354960.257918031 
 01/17  22:00:00,3064960.257918031,1354960.257918031 
 01/17  23:00:00,3064960.257918031,1354960.257918031 
 01/17  24:00:00,3064960.257918031,1354960.257918031 
 01/18  01:00:00,3064960.257918031,1354960.257918031 
 01/18  02:00:00,3064960.257918031,1354960.257918031 
 01/18  03:00:00,3064960.257918031,1354960.257918031 
 01/18  04:00:00,3064960.257918031,1354960.257918031 
 01/18  05:00:00,3064960.257918031,1354960.257918031 
 01/18  06:00:00,3064960.257918031,1354960.257918031 
 01/18  07:00:00,3100987.8749072384,1354960.257918031 
 01/18  08:00:00,3104411.2441874663,1354960.257918031 
 01/18  09:00:00,32916947.976159163,1354960.257918031 
 01/18  10:00:00,43241160.40764267,1354960.257918031 
 01/18  11:00:00,44590232.84321285,1354960.257918031 
 01/18  12:00:00,43243834.76070851,1354960.257918031 
 01/18  13:00:00,39198761.99750091,1354960.257918031 
 01/18  14:00:00,41928527.68336444,1354960.257918031 
 01/18  15:00:00,42830716.743817374,1354960.257918031 
 01/18  16:00:00,41032164.7775822,1354960.257918031 
 01/18  17:00:00,37426982.64647996,1354960.257918031 
 01/18  18:00:00,37408590.35911937,1354960.257918031 
 01/18  19:00:00,23012677.690543182,1354960.257918031 
 01/18  20:00:00,12215516.39969113,1354960.257918031 
 01/18  21:00:00,7114960.257918031,1354960.257918031 
 01/18  22:00:00,3064960.257918031,1354960.257918031 
 01/18  23:00:00,3064960.257918031,1354960.257918031 
 01/18  24:00:00,3065681.00641439,1354960.257918031 
 01/19  01:00:00,6305516.524719991,1354960.257918031 
 01/19  02:00:00,6306300.382684528,1354960.257918031 
 01/19  03:00:00,6306720.653215952,1354960.257918031 
 01/19  04:00:00,6307423.772915403,1354960.257918031 
 01/19  05:00:00,6308035.618785945,1354960.257918031 
 01/19  06:00:00,6308501.4319774145,1354960.257918031 
 01/19  07:00:00,6308894.2066155095,1354960.257918031 
 01/19  08:00:00,6308552.403670884,1354960.257918031 
 01/19  09:00:00,6306782.649871404,1354960.257918031 
 01/19  10:00:00,6305257.403922552,1354960.257918031 
 01/19  11:00:00,6304960.257918031,1354960.257918031 
 01/19  12:00:00,6304960.257918031,1354960.257918031 
 01/19  13:00:00,6304960.257918031,1354960.257918031 
 01/19  14:00:00,6304960.257918031,1354960.257918031 
 01/19  15:00:00,6304960.257918031,1354960.257918031 
 01/19  16:00:00,6304960.257918031,1354960.257918031 
 01/19  17:00:00,6305478.727356225,1354960.257918031 
 01/19  18:00:00,6308126.308303295,1354960.257918031 
 01/19  19:00:00,6309608.443501796,1354960.257918031 
 01/19  20:00:00,6311005.658143521,1354960.257918031 
 01/19  21:00:00,6311638.3800728265,1354960.257918031 
 01/19  22:00:00,6312189.228358973,1354960.257918031 
 01/19  23:00:00,6312834.072792377,1354960.257918031 
 01/19  24:00:00,6312912.312065301,1354960.257918031 
 01/20  01:00:00,6313839.856043014,1354960.257918031 
 01/20  02:00:00,6314791.139481603,1354960.257918031 
 01/20  03:00:00,6315754.176389463,1354960.257918031 
 01/20  04:00:00,6315807.836727879,1354960.257918031 
 01/20  05:00:00,6315350.877866097,1354960.257918031 
 01/20  06:00:00,6315018.537505373,1354960.257918031 
 01/20  07:00:00,6314611.646492666,1354960.257918031 
 01/20  08:00:00,6313287.964215039,1354960.257918031 
 01/20  09:00:00,6310031.407504476,1354960.257918031 
 01/20  10:00:00,6306643.718885435,1354960.257918031 
 01/20  11:00:00,6305220.566400185,1354960.257918031 
 01/20  12:00:00,6304960.257918031,1354960.257918031 
 01/20  13:00:00,6304960.257918031,1354960.257918031 
 01/20  14:00:00,6304960.257918031,1354960.257918031 
 01/20  15:00:00,6304960.257918031,1354960.257918031 
 01/20  16:00:00,6304960.257918031,1354960.257918031 
 01/20  17:00:00,6304960.257918031,1354960.257918031 
 01/20  18:00:00,6304960.257918031,1354960.257918031 
 01/20  19:00:00,6305050.124446023,1354960.257918031 
 01/20  20:00:00,6305677.851715943,1354960.257918031 
 01/20  21:00:00,6306608.7580378875,1354960.257918031 
 01/20  22:00:00,6308679.028364064,1354960.257918031 
 01/20  23:00:00,6310346.871037363,1354960.257918031 
 01/20  24:00:00,6311990.359400384,1354960.257918031 
 01/21  01:00:00,3074491.189849388,1354960.257918031 
 01/21  02:00:00,3074565.2271858137,1354960.257918031 
 01/21  03:00:00,3075374.316167962,1354960.257918031 
 01/21  04:00:00,3075744.023693285,1354960.257918031 
 01/21  05:00:00,3076178.586412858,1354960.257918031 
 01/21  06:00:00,3076476.3418479823,1354960.257918031 
 01/21  07:00:00,3155758.0458737616,1354960.257918031 
 01/21  08:00:00,3146815.993927525,1354960.257918031 
 01/21  09:00:00,32959991.057336107,1354960.257918031 
 01/21  10:00:00,43260778.338280916,1354960.257918031 
 01/21  11:00:00,44593301.56334278,1354960.257918031 
 01/21  12:00:00,43226143.999008924,1354960.257918031 
 01/21  13:00:00,39168669.24489285,1354960.257918031 
 01/21  14:00:00,41863599.9306259,1354960.257918031 
 01/21  15:00:00,43699589.47305019,1354960.257918031 
 01/21  16:00:00,41917460.556547225,1354960.257918031 
 01/21  17:00:00,38307720.85233915,1354960.257918031 
 01/21  18:00:00,37371295.2217284,1354960.257918031 
 01/21  19:00:00,23013713.801766433,1354960.257918031 
 01/21  20:00:00,12221121.462433109,1354960.257918031 
 01/21  21:00:00,7114960.257918031,1354960.257918031 
 01/21  22:00:00,3064960.257918031,1354960.257918031 
 01/21  23:00:00,3064971.949908742,1354960.257918031 
 01/21  24:00:00,3066253.536902192,1354960.257918031 
 01/22  01:00:00,3068712.8921636967,1354960.257918031 
 01/22  02:00:00,3069833.8784157317,1354960.257918031 
 01/22  03:00:00,3070827.491448166,1354960.257918031 
 01/22  04:00:00,3071729.2185961884,1354960.257918031 
 01/22  05:00:00,3072303.948170419,1354960.257918031 
 01/22  06:00:00,3072855.6570095806,1354960.257918031 
 01/22  07:00:00,3150419.385024716,1354960.257918031 
 01/22  08:00:00,3143723.772155473,1354960.257918031 
 01/22  09:00:00,32967854.95753011,1354960.257918031 
 01/22  10:00:00,43268137.81647019,1354960.257918031 
 01/22  11:00:00,44614124.069725364,1354960.257918031 
 01/22  12:00:00,43260023.65354544,1354960.257918031 
 01/22  13:00:00,39206548.48700345,1354960.257918031 
 01/22  14:00:00,41922466.71275373,1372536.903136246 
 01/22  15:00:00,42859537.129329816,1415523.0526196612 
 01/22  16:00:00,41061508.50180857,1415589.255036723 
 01/22  17:00:00,37434289.35887124,1364800.3092349751 
 01/22  18:00:00,37410831.54409991,1354960.257918031 
 01/22  19:00:00,23020845.62503407,1354960.257918031 
 01/22  20:00:00,12228635.520017697,1354960.257918031 
 01/22  21:00:00,7114960.257918031,1354960.257918031 
 01/22  22:00:00,3065091.0656276364,1354960.257918031 
 01/22  23:00:00,3068592.9478583946,1354960.257918031 
 01/22  24:00:00,3073196.5693289107,1354960.257918031 
 01/23  01:00:00,3075906.3139420403,1354960.257918031 
 01/23  02:00:00,3077627.8220223263,1354960.257918031 
 01/23  03:00:00,3079010.5725069037,1354960.257918031 
 01/23  04:00:00,3080681.5874897037,1354960.257918031 
 01/23  05:00:00,3082446.2574136043,1354960.257918031 
 01/23  06:00:00,3082295.4052385543,1354960.257918031 
 01/23  07:00:00,3205404.7963683233,1354960.257918031 
 01/23  08:00:00,3193678.2141845874,1354960.257918031 
 01/23  09:00:00,32994828.545465503,1354960.257918031 
 01/23  10:00:00,43282028.40902694,1354960.257918031 
 01/23  11:00:00,44620652.895220645,1354960.257918031 
 01/23  12:00:00,43263494.91506081,1354960.257918031 
 01/23  13:00:00,39207949.07738228,1354960.257918031 
 01/23  14:00:00,41923701.30133366,1374197.6399456258 
 01/23  15:00:00,42856987.16653456,1410552.1965442766 
 01/23  16:00:00,41043354.51353003,1381017.1023898334 
 01/23  17:00:00,37438726.02069945,1364632.020120345 
 01/23  18:00:00,37416804.17873797,1354960.257918031 
 01/23  19:00:00,23016531.087671056,1354960.257918031 
 01/23  20:00:00,12222500.937962405,1354960.257918031 
 01/23  21:00:00,7114960.257918031,1354960.257918031 
 01/23  22:00:00,3064960.257918031,1354960.257918031 
 01/23  23:00:00,3065655.7600756786,1354960.257918031 
 01/23  24:00:00,3068892.408288881,1354960.257918031 
 01/24  01:00:00,3072237.542995774,1354960.257918031 
 01/24  02:00:00,3074470.9488297254,1354960.257918031 
 01/24  03:00:00,3075326.476477064,1354960.257918031 
 01/24  04:00:00,3075446.134366827,1354960.257918031 
 01/24  05:00:00,3075648.5489609186,1354960.257918031 
 01/24  06:00:00,3075629.8131644093,1354960.257918031 
 01/24  07:00:00,3156668.595230316,1354960.257918031 
 01/24  08:00:00,3149895.3129076157,1354960.257918031 
 01/24  09:00:00,32974475.652913004,1354960.257918031 
 01/24  10:00:00,43271170.641549766,1354960.257918031 
 01/24  11:00:00,44614861.598089315,1354960.257918031 
 01/24  12:00:00,43261682.59153838,1354960.257918031 
 01/24  13:00:00,39210816.884292014,1354960.257918031 
 01/24  14:00:00,41926616.622591,1354960.257918031 
 01/24  15:00:00,42823280.07681725,1354960.257918031 
 01/24  16:00:00,41019018.549706325,1354960.257918031 
 01/24  17:00:00,37421405.15880302,1354960.257918031 
 01/24  18:00:00,37430922.26572582,1354960.257918031 
 01/24  19:00:00,23026942.3066111,1354960.257918031 
 01/24  20:00:00,12220243.213489305,1354960.257918031 
 01/24  21:00:00,7114960.257918031,1354960.257918031 
 01/24  22:00:00,3064992.456946915,1354960.257918031 
 01/24  23:00:00,3066803.320698698,1354960.257918031 
 01/24  24:00:00,3068251.222160831,1354960.257918031 
 01/25  01:00:00,3068990.8327727183,1354960.257918031 
 01/25  02:00:00,3069108.3613231843,1354960.257918031 
 01/25  03:00:00,3070222.116956428,1354960.257918031 
 01/25  04:00:00,3071548.8808239093,1354960.257918031 
 01/25  05:00:00,3073473.322662934,1354960.257918031 
 01/25  06:00:00,3075307.658525858,1354960.257918031 
 01/25  07:00:00,3155503.699983804,1354960.257918031 
 01/25  08:00:00,3150031.208220036,1354960.257918031 
 01/25  09:00:00,32978189.35914995,1354960.257918031 
 01/25  10:00:00,43276283.66204688,1354960.257918031 
 01/25  11:00:00,44622689.10259791,1354960.257918031 
 01/25  12:00:00,43271698.543841116,1354960.257918031 
 01/25  13:00:00,39220189.529753566,1354960.257918031 
 01/25  14:00:00,41918051.43982865,1354960.257918031 
 01/25  15:00:00,42816718.63887496,1354960.257918031 
 01/25  16:00:00,41016755.83838422,1354960.257918031 
 01/25  17:00:00,37420025.054381765,1354960.257918031 
 01/25  18:00:00,37430198.09403002,1354960.257918031 
 01/25  19:00:00,23049378.11036301,1354960.257918031 
 01/25  20:00:00,12244693.889727797,1354960.257918031 
 01/25  21:00:00,7116515.959348368,1354960.257918031 
 01/25  22:00:00,3073300.420603581,1354960.257918031 
 01/25  23:00:00,3078397.0584547194,1354960.257918031 
 01/25  24:00:00,3082195.331950008,1354960.257918031 
 01/26  01:00:00,6322148.0621384345,1354960.257918031 
 01/26  02:00:00,6322049.521642179,1354960.257918031 
 01/26  03:00:00,6321718.4892625045,1354960.257918031 
 01/26  04:00:00,6323857.017150112,1354960.257918031 
 01/26  05:00:00,6325154.309754338,1354960.257918031 
 01/26  06:00:00,6324997.783504005,1354960.257918031 
 01/26  07:00:00,6328043.018025298,1354960.257918031 
 01/26  08:00:00,6328651.973517813,1354960.257918031 
 01/26  09:00:00,6327650.178231083,1354960.257918031 
 01/26  10:00:00,6325563.321332267,1354960.257918031 
 01/26  11:00:00,6323010.507816913,1354960.257918031 
 01/26  12:00:00,6323978.43446799,1354960.257918031 
 01/26  13:00:00,6321944.319468885,1354960.257918031 
 01/26  14:00:00,6317302.116913811,1354960.257918031 
 01/26  15:00:00,6320557.525837705,1354960.257918031 
 01/26  16:00:00,6325704.027359515,1354960.257918031 
 01/26  17:00:00,6335839.342544759,1354960.257918031 
 01/26  18:00:00,6353897.145490738,1354960.257918031 
 01/26  19:00:00,6367548.558769034,1354960.257918031 
 01/26  20:00:00,6381328.17947358,1354960.257918031 
 01/26  21:00:00,6390516.531052971,1354960.257918031 
 01/26  22:00:00,6395861.486743418,1354960.257918031 
 01/26  23:00:00,6403569.773426543,1354960.257918031 
 01/26  24:00:00,6399572.953936106,1354960.257918031 
 01/27  01:00:00,6406257.362741333,1354960.257918031 
 01/27  02:00:00,6412135.513729999,1354960.257918031 
 01/27  03:00:00,6401608.167506103,1354960.257918031 
 01/27  04:00:00,6399028.422782527,1354960.257918031 
 01/27  05:00:00,6406011.198148397,1354960.257918031 
 01/27  06:00:00,6408125.000517053,1354960.257918031 
 01/27  07:00:00,6413277.281232804,1354960.257918031 
 01/27  08:00:00,6410276.6340425555,1354960.257918031 
 01/27  09:00:00,6390080.200966729,1354960.257918031 
 01/27  10:00:00,6367083.017839206,1354960.257918031 
 01/27  11:00:00,6347790.749307465,1354960.257918031 
 01/27  12:00:00,6332960.702537129,1354960.257918031 
 01/27  13:00:00,6323880.703023861,1354960.257918031 
 01/27  14:00:00,6317500.206916729,1354960.257918031 
 01/27  15:00:00,6316831.471306802,1354960.257918031 
 01/27  16:00:00,6318421.7074360205,1354960.257918031 
 01/27  17:00:00,6323888.816468828,1354960.257918031 
 01/27  18:00:00,6334491.389313631,1354960.257918031 
 01/27  19:00:00,6345039.747198071,1354960.257918031 
 01/27  20:00:00,6349395.16945641,1354960.257918031 
 01/27  21:00:00,6351168.512422472,1354960.257918031 
 01/27  22:00:00,6354824.437092982,1354960.257918031 
 01/27  23:00:00,6360208.094685119,1354960.257918031 
 01/27  24:00:00,6363721.014976788,1354960.257918031 
 01/28  01:00:00,3130697.9226864283,1354960.257918031 
 01/28  02:00:00,3131829.012518216,1354960.257918031 
 01/28  03:00:00,3135559.3926122217,1354960.257918031 
 01/28  04:00:00,3134993.7287738533,1354960.257918031 
 01/28  05:00:00,3131114.80059471,1354960.257918031 
 01/28  06:00:00,3130755.739314012,1354960.257918031 
 01/28  07:00:00,3328694.750898061,1354960.257918031 
 01/28  08:00:00,3326769.4424621193,1354960.257918031 
 01/28  09:00:00,33170712.536245618,1354960.257918031 
 01/28  10:00:00,43404180.471150756,1354960.257918031 
 01/28  11:00:00,44725648.81753144,1354960.257918031 
 01/28  12:00:00,43356606.837271646,1354960.257918031 
 01/28  13:00:00,39295709.65914141,1354960.257918031 
 01/28  14:00:00,41977411.47798828,1354960.257918031 
 01/28  15:00:00,42867580.3454963,1354960.257918031 
 01/28  16:00:00,41066062.95950846,1354960.257918031 
 01/28  17:00:00,37467010.679012105,1354960.257918031 
 01/28  18:00:00,37467409.77300644,1354960.257918031 
 01/28  19:00:00,23083759.60243336,1354960.257918031 
 01/28  20:00:00,12269245.824905457,1354960.257918031 
 01/28  21:00:00,7119609.833672968,1354960.257918031 
 01/28  22:00:00,3078881.3302706596,1354960.257918031 
 01/28  23:00:00,3084123.881749998,1354960.257918031 
 01/28  24:00:00,3085066.890513404,1354960.257918031 
 01/29  01:00:00,3085173.9208572367,1354960.257918031 
 01/29  02:00:00,3082946.8452661643,1354960.257918031 
 01/29  03:00:00,3081693.1055042823,1354960.257918031 
 01/29  04:00:00,3081988.253511155,1354960.257918031 
 01/29  05:00:00,3084255.40688649,1354960.257918031 
 01/29  06:00:00,3089034.5805973182,1354960.257918031 
 01/29  07:00:00,3203340.194721209,1354960.257918031 
 01/29  08:00:00,3201131.7242454765,1354960.257918031 
 01/29  09:00:00,33049880.69307544,1354960.257918031 
 01/29  10:00:00,43332853.47356267,1354960.257918031 
 01/29  11:00:00,44670883.219953135,1354960.257918031 
 01/29  12:00:00,43314245.89551431,1354960.257918031 
 01/29  13:00:00,39262151.947440766,1354960.257918031 
 01/29  14:00:00,41956040.17550606,1354960.257918031 
 01/29  15:00:00,42855179.02158801,1354960.257918031 
 01/29  16:00:00,41058854.71510551,1354960.257918031 
 01/29  17:00:00,37474629.127053514,1354960.257918031 
 01/29  18:00:00,37485151.25225099,1354960.257918031 
 01/29  19:00:00,23111531.896647625,1354960.257918031 
 01/29  20:00:00,12306709.191491695,1354960.257918031 
 01/29  21:00:00,7123199.710496087,1354960.257918031 
 01/29  22:00:00,3084649.0945928763,1354960.257918031 
 01/29  23:00:00,3094741.182350577,1354960.257918031 
 01/29  24:00:00,3098492.9565790156,1354960.257918031 
 01/30  01:00:00,3099634.623970293,1354960.257918031 
 01/30  02:00:00,3104017.033375441,1354960.257918031 
 01/30  03:00:00,3109365.4377360195,1354960.257918031 
 01/30  04:00:00,3113844.100326478,1354960.257918031 
 01/30  05:00:00,3117466.4681765726,1354960.257918031 
 01/30  06:00:00,3120549.081190807,1354960.257918031 
 01/30  07:00:00,3319186.5345198587,1354960.257918031 
 01/30  08:00:00,3304403.884078175,1354960.257918031 
 01/30  09:00:00,33122519.04335769,1354960.257918031 
 01/30  10:00:00,43373541.290719464,1354960.257918031 
 01/30  11:00:00,44696931.29709599,1354960.257918031 
 01/30  12:00:00,43332311.264591984,1354960.257918031 
 01/30  13:00:00,39274660.245289415,1354960.257918031 
 01/30  14:00:00,41963657.88116215,1354960.257918031 
 01/30  15:00:00,42854177.70345986,1354960.257918031 
 01/30  16:00:00,41050142.41364014,1354960.257918031 
 01/30  17:00:00,37447266.278484106,1354960.257918031 
 01/30  18:00:00,37446023.90799483,1354960.257918031 
 01/30  19:00:00,23065118.743655305,1354960.257918031 
 01/30  20:00:00,12257707.231207699,1354960.257918031 
 01/30  21:00:00,7114960.257918031,1354960.257918031 
 01/30  22:00:00,3069321.8909668573,1354960.257918031 
 01/30  23:00:00,3075005.1695375345,1354960.257918031 
 01/30  24:00:00,3076979.786079245,1354960.257918031 
 01/31  01:00:00,3078048.6366596026,1354960.257918031 
 01/31  02:00:00,3078902.3395054983,1354960.257918031 
 01/31  03:00:00,3082217.884461591,1354960.257918031 
 01/31  04:00:00,3084180.8755128765,1354960.257918031 
 01/31  05:00:00,3084975.2769146245,1354960.257918031 
 01/31  06:00:00,3085327.931532169,1354960.257918031 
 01/31  07:00:00,3187740.332161772,1354960.257918031 
 01/31  08:00:00,3176581.8021304985,1354960.257918031 
 01/31  09:00:00,32996700.52603218,1354960.257918031 
 01/31  10:00:00,43286925.59786174,1354960.257918031 
 01/31  11:00:00,44628986.15434304,1354960.257918031 
 01/31  12:00:00,43273767.52173816,1354960.257918031 
 01/31  13:00:00,39219954.44837538,1354960.257918031 
 01/31  14:00:00,41917724.03276279,1354960.257918031 
 01/31  15:00:00,42817721.932184204,1354960.257918031 
 01/31  16:00:00,41017918.53398623,1354960.257918031 
 01/31  17:00:00,37418219.16629975,1354960.257918031 
 01/31  18:00:00,37420805.4152932,1354960.257918031 
 01/31  19:00:00,23034593.029913794,1354960.257918031 
 01/31  20:00:00,12228986.135908403,1354960.257918031 
 01/31  21:00:00,7114960.257918031,1354960.257918031 
 01/31  22:00:00,3067592.495658342,1354960.257918031 
 01/31  23:00:00,3073508.791939885,1354960.257918031 
 01/31  24:00:00,3078260.927703659,1354960.257918031,12275412482.432426,11223810000.0,7121250000.0,1008929490.6214203,42672991.81088929,13860497548.93811,13860497548.93811,,,,,,,,7121250000.0,,11223810000.0,,4102560000.0 
 02/01  01:00:00,3082732.1644028174,1354960.257918031 
 02/01  02:00:00,3087205.595629453,1354960.257918031 
 02/01  03:00:00,3091711.039788818,1354960.257918031 
 02/01  04:00:00,3096500.8373685586,1354960.257918031 
 02/01  05:00:00,3102129.370116913,1354960.257918031 
 02/01  06:00:00,3108110.258072612,1354960.257918031 
 02/01  07:00:00,3290694.566024158,1354960.257918031 
 02/01  08:00:00,3289805.5161482906,1354960.257918031 
 02/01  09:00:00,33106002.873210035,1354960.257918031 
 02/01  10:00:00,43357074.062665,1354960.257918031 
 02/01  11:00:00,44676792.53250441,1354960.257918031 
 02/01  12:00:00,43310269.64697151,1354960.257918031 
 02/01  13:00:00,39249257.95648003,1354960.257918031 
 02/01  14:00:00,41941488.75996515,1354960.257918031 
 02/01  15:00:00,42850077.50735277,1374327.69696987 
 02/01  16:00:00,41061351.3976533,1395033.5735789426 
 02/01  17:00:00,37433673.05683862,1354960.257918031 
 02/01  18:00:00,37445719.17082912,1354960.257918031 
 02/01  19:00:00,23082072.47242865,1354960.257918031 
 02/01  20:00:00,12297445.474483721,1354960.257918031 
 02/01  21:00:00,7116660.851329632,1354960.257918031 
 02/01  22:00:00,3077712.9388534427,1354960.257918031 
 02/01  23:00:00,3085505.6174389087,1354960.257918031 
 02/01  24:00:00,3091079.015302337,1354960.257918031 
 02/02  01:00:00,6330386.043445287,1354960.257918031 
 02/02  02:00:00,6332395.00629069,1354960.257918031 
 02/02  03:00:00,6335187.8406006815,1354960.257918031 
 02/02  04:00:00,6339297.760919962,1354960.257918031 
 02/02  05:00:00,6341519.942570796,1354960.257918031 
 02/02  06:00:00,6344587.624727738,1354960.257918031 
 02/02  07:00:00,6346983.121851466,1354960.257918031 
 02/02  08:00:00,6340597.465334099,1354960.257918031 
 02/02  09:00:00,6332807.073149851,1354960.257918031 
 02/02  10:00:00,6324785.9928004565,1354960.257918031 
 02/02  11:00:00,6315595.555640645,1354960.257918031 
 02/02  12:00:00,6307867.081450926,1354960.257918031 
 02/02  13:00:00,6305134.303994727,1354960.257918031 
 02/02  14:00:00,6304960.257918031,1354960.257918031 
 02/02  15:00:00,6304960.257918031,1354960.257918031 
 02/02  16:00:00,6305463.883541063,1354960.257918031 
 02/02  17:00:00,6307699.294733055,1354960.257918031 
 02/02  18:00:00,6311417.423957547,1354960.257918031 
 02/02  19:00:00,6314339.60004352,1354960.257918031 
 02/02  20:00:00,6316274.131756861,1354960.257918031 
 02/02  21:00:00,6316868.851492511,1354960.257918031 
 02/02  22:00:00,6317143.314465462,1354960.257918031 
 02/02  23:00:00,6317101.247232504,1354960.257918031 
 02/02  24:00:00,6317375.263015581,1354960.257918031 
 02/03  01:00:00,6316817.646127136,1354960.257918031 
 02/03  02:00:00,6316387.996180031,1354960.257918031 
 02/03  03:00:00,6316375.682623221,1354960.257918031 
 02/03  04:00:00,6316639.472093198,1354960.257918031 
 02/03  05:00:00,6317122.755404411,1354960.257918031 
 02/03  06:00:00,6317702.2920817835,1354960.257918031 
 02/03  07:00:00,6317993.987016997,1354960.257918031 
 02/03  08:00:00,6315498.724188028,1354960.257918031 
 02/03  09:00:00,6311828.307246464,1354960.257918031 
 02/03  10:00:00,6308838.135429995,1354960.257918031 
 02/03  11:00:00,6306772.280774292,1354960.257918031 
 02/03  12:00:00,6304960.257918031,1354960.257918031 
 02/03  13:00:00,6304960.257918031,1354960.257918031 
 02/03  14:00:00,6304960.257918031,1354960.257918031 
 02/03  15:00:00,6304960.257918031,1354960.257918031 
 02/03  16:00:00,6304960.257918031,1354960.257918031 
 02/03  17:00:00,6305097.186447428,1354960.257918031 
 02/03  18:00:00,6306341.994020017,1354960.257918031 
 02/03  19:00:00,6309411.115302235,1354960.257918031 
 02/03  20:00:00,6310345.459119308,1354960.257918031 
 02/03  21:00:00,6310534.626567865,1354960.257918031 
 02/03  22:00:00,6311898.6395165445,1354960.257918031 
 02/03  23:00:00,6311949.663033413,1354960.257918031 
 02/03  24:00:00,6311635.961670467,1354960.257918031 
 02/04  01:00:00,3074417.2026704755,1354960.257918031 
 02/04  02:00:00,3075192.3573484165,1354960.257918031 
 02/04  03:00:00,3075721.6811379315,1354960.257918031 
 02/04  04:00:00,3075109.990458005,1354960.257918031 
 02/04  05:00:00,3075562.8454134287,1354960.257918031 
 02/04  06:00:00,3075966.0695010084,1354960.257918031 
 02/04  07:00:00,3157960.074677143,1354960.257918031 
 02/04  08:00:00,3151094.273561962,1354960.257918031 
 02/04  09:00:00,32971381.587491572,1354960.257918031 
 02/04  10:00:00,43275019.49215427,1354960.257918031 
 02/04  11:00:00,44621629.293103024,1354960.257918031 
 02/04  12:00:00,43268304.77275072,1354960.257918031 
 02/04  13:00:00,39216202.237909704,1354960.257918031 
 02/04  14:00:00,41916221.487950206,1354960.257918031 
 02/04  15:00:00,42818232.16413903,1354960.257918031 
 02/04  16:00:00,41021907.04831911,1354960.257918031 
 02/04  17:00:00,37429675.88618368,1354960.257918031 
 02/04  18:00:00,37439659.607569516,1354960.257918031 
 02/04  19:00:00,23062460.512341734,1354960.257918031 
 02/04  20:00:00,12254235.702802734,1354960.257918031 
 02/04  21:00:00,7117901.809618298,1354960.257918031 
 02/04  22:00:00,3076541.692254255,1354960.257918031 
 02/04  23:00:00,3082953.54883274,1354960.257918031 
 02/04  24:00:00,3089187.487254449,1354960.257918031 
 02/05  01:00:00,3094544.12993014,1354960.257918031 
 02/05  02:00:00,3097457.9810684095,1354960.257918031 
 02/05  03:00:00,3101439.5678552305,1354960.257918031 
 02/05  04:00:00,3109291.529920483,1354960.257918031 
 02/05  05:00:00,3116624.934554722,1354960.257918031 
 02/05  06:00:00,3120224.9116678806,1354960.257918031 
 02/05  07:00:00,3325462.8142428314,1354960.257918031 
 02/05  08:00:00,3318756.935584154,1354960.257918031 
 02/05  09:00:00,33145371.040437832,1354960.257918031 
 02/05  10:00:00,43409088.96210373,1354960.257918031 
 02/05  11:00:00,44734029.56688739,1354960.257918031 
 02/05  12:00:00,43371145.88438907,1354960.257918031 
 02/05  13:00:00,39312193.70981301,1354960.257918031 
 02/05  14:00:00,42003968.26513215,1354960.257918031 
 02/05  15:00:00,42903076.08035854,1354960.257918031 
 02/05  16:00:00,41105072.01791703,1354960.257918031 
 02/05  17:00:00,37523035.21298548,1354960.257918031 
 02/05  18:00:00,37542411.8487021,1354960.257918031 
 02/05  19:00:00,23192089.488542654,1354960.257918031 
 02/05  20:00:00,12385616.145754214,1354960.257918031 
 02/05  21:00:00,7129585.050765936,1354960.257918031 
 02/05  22:00:00,3092901.183266064,1354960.257918031 
 02/05  23:00:00,3099556.509743914,1354960.257918031 
 02/05  24:00:00,3108630.059866512,1354960.257918031 
 02/06  01:00:00,3118188.018033304,1354960.257918031 
 02/06  02:00:00,3122059.3030084413,1354960.257918031 
 02/06  03:00:00,3128674.2497888776,1354960.257918031 
 02/06  04:00:00,3136830.5066413246,1354960.257918031 
 02/06  05:00:00,3143044.4815251245,1354960.257918031 
 02/06  06:00:00,3146770.2041438995,1354960.257918031 
 02/06  07:00:00,3355791.082915075,1354960.257918031 
 02/06  08:00:00,3339751.7840439696,1354960.257918031 
 02/06  09:00:00,33171653.42660768,1354960.257918031 
 02/06  10:00:00,43432975.508843966,1354960.257918031 
 02/06  11:00:00,44752566.5303969,1354960.257918031 
 02/06  12:00:00,43364436.27280826,1354960.257918031 
 02/06  13:00:00,39293909.406234026,1354960.257918031 
 02/06  14:00:00,41972353.30277628,1354960.257918031 
 02/06  15:00:00,42880122.036650136,1369576.0353259088 
 02/06  16:00:00,41078423.54421076,1360959.4884561938 
 02/06  17:00:00,37487677.13859834,1354960.257918031 
 02/06  18:00:00,37523930.33929649,1354960.257918031 
 02/06  19:00:00,23166960.05173598,1354960.257918031 
 02/06  20:00:00,12375191.95054864,1354960.257918031 
 02/06  21:00:00,7126524.6195689365,1354960.257918031 
 02/06  22:00:00,3090786.197837286,1354960.257918031 
 02/06  23:00:00,3100763.591281593,1354960.257918031 
 02/06  24:00:00,3107201.7173724025,1354960.257918031 
 02/07  01:00:00,3113064.869174902,1354960.257918031 
 02/07  02:00:00,3124101.468215017,1354960.257918031 
 02/07  03:00:00,3131022.8189704004,1354960.257918031 
 02/07  04:00:00,3132958.914721463,1354960.257918031 
 02/07  05:00:00,3135374.8852582006,1354960.257918031 
 02/07  06:00:00,3131426.228862442,1354960.257918031 
 02/07  07:00:00,3338878.319098591,1354960.257918031 
 02/07  08:00:00,3332703.9740848327,1354960.257918031 
 02/07  09:00:00,33158465.63789975,1354960.257918031 
 02/07  10:00:00,43419666.47545675,1354960.257918031 
 02/07  11:00:00,44732413.18308121,1362308.838519047 
 02/07  12:00:00,43348293.49821009,1366275.7686049547 
 02/07  13:00:00,39271255.95196952,1354960.257918031 
 02/07  14:00:00,41962881.973181054,1354960.257918031 
 02/07  15:00:00,42890084.35670231,1396956.714517073 
 02/07  16:00:00,41098242.971605495,1404778.909620796 
 02/07  17:00:00,37478893.71343906,1363274.9031801757 
 02/07  18:00:00,37495958.09962507,1354960.257918031 
 02/07  19:00:00,23126837.511550795,1354960.257918031 
 02/07  20:00:00,12316001.812728297,1354960.257918031 
 02/07  21:00:00,7118901.951946698,1354960.257918031 
 02/07  22:00:00,3079114.7475158162,1354960.257918031 
 02/07  23:00:00,3085490.8679589657,1354960.257918031 
 02/07  24:00:00,3088713.589141737,1354960.257918031 
 02/08  01:00:00,3091902.6819243706,1354960.257918031 
 02/08  02:00:00,3093251.3150838097,1354960.257918031 
 02/08  03:00:00,3093915.598319573,1354960.257918031 
 02/08  04:00:00,3096583.6547262575,1354960.257918031 
 02/08  05:00:00,3098984.381062027,1354960.257918031 
 02/08  06:00:00,3101695.6012626165,1354960.257918031 
 02/08  07:00:00,3242419.0996610634,1354960.257918031 
 02/08  08:00:00,3237644.047058981,1354960.257918031 
 02/08  09:00:00,33069923.133970346,1354960.257918031 
 02/08  10:00:00,43340766.65822877,1354960.257918031 
 02/08  11:00:00,44665164.76117449,1354960.257918031 
 02/08  12:00:00,43301273.343172565,1354960.257918031 
 02/08  13:00:00,39241740.811132774,1354960.257918031 
 02/08  14:00:00,41935052.470156685,1354960.257918031 
 02/08  15:00:00,42842497.88103385,1372000.9446737804 
 02/08  16:00:00,41038577.89066878,1371218.7737995132 
 02/08  17:00:00,37425854.46125269,1354960.257918031 
 02/08  18:00:00,37429554.91986957,1354960.257918031 
 02/08  19:00:00,23045386.85914283,1354960.257918031 
 02/08  20:00:00,12243489.647302711,1354960.257918031 
 02/08  21:00:00,7115256.064424959,1354960.257918031 
 02/08  22:00:00,3072594.2739022635,1354960.257918031 
 02/08  23:00:00,3078908.9478382603,1354960.257918031 
 02/08  24:00:00,3081787.4054106837,1354960.257918031 
 02/09  01:00:00,6320490.033689712,1354960.257918031 
 02/09  02:00:00,6321858.87817,1354960.257918031 
 02/09  03:00:00,6320666.908330434,1354960.257918031 
 02/09  04:00:00,6318746.344815461,1354960.257918031 
 02/09  05:00:00,6319930.84579288,1354960.257918031 
 02/09  06:00:00,6320598.504472671,1354960.257918031 
 02/09  07:00:00,6318899.261702072,1354960.257918031 
 02/09  08:00:00,6313728.53430272,1354960.257918031 
 02/09  09:00:00,6309633.531581329,1354960.257918031 
 02/09  10:00:00,6306493.250064421,1354960.257918031 
 02/09  11:00:00,6304960.257918031,1354960.257918031 
 02/09  12:00:00,6304960.257918031,1354960.257918031 
 02/09  13:00:00,6304960.257918031,1354960.257918031 
 02/09  14:00:00,6304960.257918031,1354960.257918031 
 02/09  15:00:00,6304960.257918031,1354960.257918031 
 02/09  16:00:00,6304960.257918031,1354960.257918031 
 02/09  17:00:00,6304960.257918031,1354960.257918031 
 02/09  18:00:00,6304960.257918031,1354960.257918031 
 02/09  19:00:00,6304960.257918031,1354960.257918031 
 02/09  20:00:00,6304960.257918031,1354960.257918031 
 02/09  21:00:00,6304960.257918031,1354960.257918031 
 02/09  22:00:00,6304960.257918031,1354960.257918031 
 02/09  23:00:00,6304960.257918031,1354960.257918031 
 02/09  24:00:00,6305192.542053818,1354960.257918031 
 02/10  01:00:00,6306348.694515929,1354960.257918031 
 02/10  02:00:00,6308090.089178144,1354960.257918031 
 02/10  03:00:00,6309513.77844299,1354960.257918031 
 02/10  04:00:00,6310844.204517956,1354960.257918031 
 02/10  05:00:00,6312114.547523669,1354960.257918031 
 02/10  06:00:00,6312668.261013649,1354960.257918031 
 02/10  07:00:00,6313011.583279808,1354960.257918031 
 02/10  08:00:00,6310228.1700894805,1354960.257918031 
 02/10  09:00:00,6306406.88092024,1354960.257918031 
 02/10  10:00:00,6304960.257918031,1354960.257918031 
 02/10  11:00:00,6304960.257918031,1354960.257918031 
 02/10  12:00:00,6304960.257918031,1354960.257918031 
 02/10  13:00:00,6304960.257918031,1354960.257918031 
 02/10  14:00:00,6304960.257918031,1354960.257918031 
 02/10  15:00:00,6304960.257918031,1354960.257918031 
 02/10  16:00:00,6304960.257918031,1354960.257918031 
 02/10  17:00:00,6304960.257918031,1354960.257918031 
 02/10  18:00:00,6304960.257918031,1354960.257918031 
 02/10  19:00:00,6304960.257918031,1354960.257918031 
 02/10  20:00:00,6304960.257918031,1354960.257918031 
 02/10  21:00:00,6304960.257918031,1354960.257918031 
 02/10  22:00:00,6304960.257918031,1354960.257918031 
 02/10  23:00:00,6304960.257918031,1354960.257918031 
 02/10  24:00:00,6304960.257918031,1354960.257918031 
 02/11  01:00:00,3065237.8377979356,1354960.257918031 
 02/11  02:00:00,3066278.043929194,1354960.257918031 
 02/11  03:00:00,3067075.1076684874,1354960.257918031 
 02/11  04:00:00,3067907.6972488924,1354960.257918031 
 02/11  05:00:00,3068572.7073607827,1354960.257918031 
 02/11  06:00:00,3069177.0289984024,1354960.257918031 
 02/11  07:00:00,3146636.3840238005,1354960.257918031 
 02/11  08:00:00,3134202.498214975,1354960.257918031 
 02/11  09:00:00,32941623.59315473,1354960.257918031 
 02/11  10:00:00,43262903.7335302,1354960.257918031 
 02/11  11:00:00,44591592.793282375,1364080.066123045 
 02/11  12:00:00,43240151.688348256,1375836.9463289962 
 02/11  13:00:00,39169907.67503273,1361591.55546339 
 02/11  14:00:00,42183541.87693857,1376060.4312337788 
 02/11  15:00:00,45354943.01803238,1465598.527050008 
 02/11  16:00:00,43648290.85892083,1497891.1211951983 
 02/11  17:00:00,38524352.54539293,1438614.0553414703 
 02/11  18:00:00,37370235.01309212,1354960.257918031 
 02/11  19:00:00,22981490.808413304,1354960.257918031 
 02/11  20:00:00,12195552.168876968,1354960.257918031 
 02/11  21:00:00,7114960.257918031,1354960.257918031 
 02/11  22:00:00,3064960.257918031,1354960.257918031 
 02/11  23:00:00,3064960.257918031,1354960.257918031 
 02/11  24:00:00,3064960.257918031,1354960.257918031 
 02/12  01:00:00,3064960.257918031,1354960.257918031 
 02/12  02:00:00,3064960.257918031,1354960.257918031 
 02/12  03:00:00,3064960.257918031,1354960.257918031 
 02/12  04:00:00,3064960.257918031,1354960.257918031 
 02/12  05:00:00,3064960.257918031,1354960.257918031 
 02/12  06:00:00,3064960.257918031,1354960.257918031 
 02/12  07:00:00,3128543.6287805974,1354960.257918031 
 02/12  08:00:00,3120088.7508054813,1354960.257918031 
 02/12  09:00:00,32926222.70505498,1354960.257918031 
 02/12  10:00:00,43249662.94273376,1354960.257918031 
 02/12  11:00:00,44585309.222966485,1354960.257918031 
 02/12  12:00:00,43235108.57469672,1354960.257918031 
 02/12  13:00:00,39195704.98530912,1354960.257918031 
 02/12  14:00:00,41928530.443675496,1354960.257918031 
 02/12  15:00:00,42827687.40753523,1354960.257918031 
 02/12  16:00:00,41002056.44458157,1354960.257918031 
 02/12  17:00:00,37394644.789558366,1354960.257918031 
 02/12  18:00:00,37426406.560649335,1354960.257918031 
 02/12  19:00:00,23036982.230003335,1354960.257918031 
 02/12  20:00:00,12228723.325938372,1354960.257918031 
 02/12  21:00:00,7114960.257918031,1354960.257918031 
 02/12  22:00:00,3064960.257918031,1354960.257918031 
 02/12  23:00:00,3064960.257918031,1354960.257918031 
 02/12  24:00:00,3065724.8977009254,1354960.257918031 
 02/13  01:00:00,3068784.8954073437,1354960.257918031 
 02/13  02:00:00,3069883.2278217226,1354960.257918031 
 02/13  03:00:00,3071667.88665017,1354960.257918031 
 02/13  04:00:00,3072637.3763639494,1354960.257918031 
 02/13  05:00:00,3072631.984037135,1354960.257918031 
 02/13  06:00:00,3073615.233294643,1354960.257918031 
 02/13  07:00:00,3145858.6192593807,1354960.257918031 
 02/13  08:00:00,3139321.272831917,1354960.257918031 
 02/13  09:00:00,32962952.420214802,1354960.257918031 
 02/13  10:00:00,43264823.45511618,1354960.257918031 
 02/13  11:00:00,44611575.90856525,1354960.257918031 
 02/13  12:00:00,43260493.146109425,1354960.257918031 
 02/13  13:00:00,39208546.905887455,1354960.257918031 
 02/13  14:00:00,41907504.228352465,1354960.257918031 
 02/13  15:00:00,42805777.71490721,1354960.257918031 
 02/13  16:00:00,41008816.11255979,1354960.257918031 
 02/13  17:00:00,37408822.1943773,1354960.257918031 
 02/13  18:00:00,37405433.67538526,1354960.257918031 
 02/13  19:00:00,23012098.71803164,1354960.257918031 
 02/13  20:00:00,12219872.902219322,1354960.257918031 
 02/13  21:00:00,7114960.257918031,1354960.257918031 
 02/13  22:00:00,3064960.257918031,1354960.257918031 
 02/13  23:00:00,3065212.763227019,1354960.257918031 
 02/13  24:00:00,3067644.4723173026,1354960.257918031 
 02/14  01:00:00,3070402.052239938,1354960.257918031 
 02/14  02:00:00,3072698.6208832273,1354960.257918031 
 02/14  03:00:00,3074003.728076367,1354960.257918031 
 02/14  04:00:00,3074739.7067449084,1354960.257918031 
 02/14  05:00:00,3074849.435248316,1354960.257918031 
 02/14  06:00:00,3075786.73385329,1354960.257918031 
 02/14  07:00:00,3162112.1738428297,1354960.257918031 
 02/14  08:00:00,3156810.5917286295,1354960.257918031 
 02/14  09:00:00,32983656.782740824,1354960.257918031 
 02/14  10:00:00,43277523.00051321,1354960.257918031 
 02/14  11:00:00,44622536.19427283,1354960.257918031 
 02/14  12:00:00,43269651.03748571,1354960.257918031 
 02/14  13:00:00,39218230.018324256,1354960.257918031 
 02/14  14:00:00,41917312.144065715,1354960.257918031 
 02/14  15:00:00,42818776.56849359,1354960.257918031 
 02/14  16:00:00,41019544.69156024,1354960.257918031 
 02/14  17:00:00,37421019.72554151,1354960.257918031 
 02/14  18:00:00,37425581.96477998,1354960.257918031 
 02/14  19:00:00,23042269.073160887,1354960.257918031 
 02/14  20:00:00,12239261.890130598,1354960.257918031 
 02/14  21:00:00,7114969.037876464,1354960.257918031 
 02/14  22:00:00,3068896.1247219616,1354960.257918031 
 02/14  23:00:00,3075293.737671016,1354960.257918031 
 02/14  24:00:00,3080304.369004966,1354960.257918031 
 02/15  01:00:00,3084122.6226211507,1354960.257918031 
 02/15  02:00:00,3087567.88518044,1354960.257918031 
 02/15  03:00:00,3089960.259876156,1354960.257918031 
 02/15  04:00:00,3092269.247707937,1354960.257918031 
 02/15  05:00:00,3093633.284904261,1354960.257918031 
 02/15  06:00:00,3096789.3987844544,1354960.257918031 
 02/15  07:00:00,3242040.275731372,1354960.257918031 
 02/15  08:00:00,3224059.7884442103,1354960.257918031 
 02/15  09:00:00,33046245.523151793,1354960.257918031 
 02/15  10:00:00,43316395.343396485,1354960.257918031 
 02/15  11:00:00,44653039.309383534,1361845.8244109468 
 02/15  12:00:00,43293308.5429435,1359070.3470426858 
 02/15  13:00:00,39232992.35818259,1354960.257918031 
 02/15  14:00:00,41928713.375392735,1354960.257918031 
 02/15  15:00:00,42826871.566156775,1354960.257918031 
 02/15  16:00:00,41051347.00957082,1390234.3220874749 
 02/15  17:00:00,37441443.16748856,1371090.7781734094 
 02/15  18:00:00,37437780.87634998,1354960.257918031 
 02/15  19:00:00,23060375.07035122,1354960.257918031 
 02/15  20:00:00,12258890.262265954,1354960.257918031 
 02/15  21:00:00,7115639.707138423,1354960.257918031 
 02/15  22:00:00,3073141.845494241,1354960.257918031 
 02/15  23:00:00,3079843.3159758034,1354960.257918031 
 02/15  24:00:00,3084121.681264535,1354960.257918031 
 02/16  01:00:00,6324336.532808777,1354960.257918031 
 02/16  02:00:00,6325986.336365004,1354960.257918031 
 02/16  03:00:00,6328501.085509103,1354960.257918031 
 02/16  04:00:00,6330782.944023321,1354960.257918031 
 02/16  05:00:00,6331753.098577108,1354960.257918031 
 02/16  06:00:00,6333665.0555773135,1354960.257918031 
 02/16  07:00:00,6334385.161075348,1354960.257918031 
 02/16  08:00:00,6327549.742334302,1354960.257918031 
 02/16  09:00:00,6322277.584661443,1354960.257918031 
 02/16  10:00:00,6313802.534494005,1354960.257918031 
 02/16  11:00:00,6307033.439779028,1354960.257918031 
 02/16  12:00:00,6305406.196469398,1354960.257918031 
 02/16  13:00:00,6304960.257918031,1354960.257918031 
 02/16  14:00:00,6304960.257918031,1354960.257918031 
 02/16  15:00:00,6304960.257918031,1354960.257918031 
 02/16  16:00:00,6304960.257918031,1354960.257918031 
 02/16  17:00:00,6304960.257918031,1354960.257918031 
 02/16  18:00:00,6305124.148004655,1354960.257918031 
 02/16  19:00:00,6305697.077803218,1354960.257918031 
 02/16  20:00:00,6306478.47762054,1354960.257918031 
 02/16  21:00:00,6310318.918376154,1354960.257918031 
 02/16  22:00:00,6314910.5875556655,1354960.257918031 
 02/16  23:00:00,6318656.864151117,1354960.257918031 
 02/16  24:00:00,6321953.5117936665,1354960.257918031 
 02/17  01:00:00,6323630.963751637,1354960.257918031 
 02/17  02:00:00,6324887.017713671,1354960.257918031 
 02/17  03:00:00,6325309.597778758,1354960.257918031 
 02/17  04:00:00,6326690.337589389,1354960.257918031 
 02/17  05:00:00,6327821.443426226,1354960.257918031 
 02/17  06:00:00,6328551.097200042,1354960.257918031 
 02/17  07:00:00,6328020.382721074,1354960.257918031 
 02/17  08:00:00,6325310.391933309,1354960.257918031 
 02/17  09:00:00,6320660.542480898,1354960.257918031 
 02/17  10:00:00,6315561.7166550895,1354960.257918031 
 02/17  11:00:00,6307836.91303974,1354960.257918031 
 02/17  12:00:00,6305232.087624974,1354960.257918031 
 02/17  13:00:00,6304960.257918031,1354960.257918031 
 02/17  14:00:00,6304960.257918031,1354960.257918031 
 02/17  15:00:00,6304960.257918031,1354960.257918031 
 02/17  16:00:00,6304960.257918031,1354960.257918031 
 02/17  17:00:00,6304960.257918031,1354960.257918031 
 02/17  18:00:00,6305303.191182899,1354960.257918031 
 02/17  19:00:00,6307117.075988083,1354960.257918031 
 02/17  20:00:00,6308755.1362161115,1354960.257918031 
 02/17  21:00:00,6309184.332668279,1354960.257918031 
 02/17  22:00:00,6309219.175388667,1354960.257918031 
 02/17  23:00:00,6308982.080375866,1354960.257918031 
 02/17  24:00:00,6309081.193347231,1354960.257918031 
 02/18  01:00:00,3072206.53110344,1354960.257918031 
 02/18  02:00:00,3071586.368199173,1354960.257918031 
 02/18  03:00:00,3071361.1551098065,1354960.257918031 
 02/18  04:00:00,3071960.6787265795,1354960.257918031 
 02/18  05:00:00,3073016.118559506,1354960.257918031 
 02/18  06:00:00,3074000.6617077026,1354960.257918031 
 02/18  07:00:00,3154697.301573028,1354960.257918031 
 02/18  08:00:00,3145992.8370293304,1354960.257918031 
 02/18  09:00:00,32963254.957822643,1354960.257918031 
 02/18  10:00:00,43266901.20180079,1354960.257918031 
 02/18  11:00:00,44621561.78325,1354960.257918031 
 02/18  12:00:00,43252989.49702937,1354960.257918031 
 02/18  13:00:00,39186592.69689106,1354960.257918031 
 02/18  14:00:00,41883858.91666155,1354960.257918031 
 02/18  15:00:00,42780286.05641785,1354960.257918031 
 02/18  16:00:00,40989684.77686988,1366502.4285426904 
 02/18  17:00:00,37387118.96876187,1354960.257918031 
 02/18  18:00:00,37423049.91104347,1354960.257918031 
 02/18  19:00:00,23021583.78823803,1354960.257918031 
 02/18  20:00:00,12208282.806948109,1354960.257918031 
 02/18  21:00:00,7114960.257918031,1354960.257918031 
 02/18  22:00:00,3064960.257918031,1354960.257918031 
 02/18  23:00:00,3064960.257918031,1354960.257918031 
 02/18  24:00:00,3065547.7721004067,1354960.257918031 
 02/19  01:00:00,3068339.136314742,1354960.257918031 
 02/19  02:00:00,3071400.524689791,1354960.257918031 
 02/19  03:00:00,3073283.4402141403,1354960.257918031 
 02/19  04:00:00,3072693.802240448,1354960.257918031 
 02/19  05:00:00,3073040.750383648,1354960.257918031 
 02/19  06:00:00,3074044.784124045,1354960.257918031 
 02/19  07:00:00,3151096.1663357634,1354960.257918031 
 02/19  08:00:00,3143807.2814587858,1354960.257918031 
 02/19  09:00:00,32967321.604538925,1354960.257918031 
 02/19  10:00:00,43270453.99450814,1354960.257918031 
 02/19  11:00:00,44618856.50530492,1354960.257918031 
 02/19  12:00:00,43268538.891946346,1354960.257918031 
 02/19  13:00:00,39216859.744415924,1354960.257918031 
 02/19  14:00:00,41916289.484025285,1354960.257918031 
 02/19  15:00:00,42817118.102204636,1354960.257918031 
 02/19  16:00:00,41018322.92502971,1354960.257918031 
 02/19  17:00:00,37418809.02310692,1354960.257918031 
 02/19  18:00:00,37420615.57806076,1354960.257918031 
 02/19  19:00:00,23043935.465324543,1354960.257918031 
 02/19  20:00:00,12250671.154087719,1354960.257918031 
 02/19  21:00:00,7114960.257918031,1354960.257918031 
 02/19  22:00:00,3067363.8649720587,1354960.257918031 
 02/19  23:00:00,3072251.117098751,1354960.257918031 
 02/19  24:00:00,3074872.461700397,1354960.257918031 
 02/20  01:00:00,3077069.2853748393,1354960.257918031 
 02/20  02:00:00,3078625.6325693293,1354960.257918031 
 02/20  03:00:00,3079974.9047371615,1354960.257918031 
 02/20  04:00:00,3080286.1731772325,1354960.257918031 
 02/20  05:00:00,3082756.7659185785,1354960.257918031 
 02/20  06:00:00,3085628.4192769667,1354960.257918031 
 02/20  07:00:00,3221859.1531405607,1354960.257918031 
 02/20  08:00:00,3197757.2170605445,1354960.257918031 
 02/20  09:00:00,32998593.75931997,1354960.257918031 
 02/20  10:00:00,43292951.027496345,1362374.8786226984 
 02/20  11:00:00,44630527.45640236,1362858.7438218321 
 02/20  12:00:00,43269335.692528404,1356485.141595178 
 02/20  13:00:00,39214961.26326895,1354960.257918031 
 02/20  14:00:00,41913364.06642917,1354960.257918031 
 02/20  15:00:00,42813484.152187474,1354960.257918031 
 02/20  16:00:00,41016031.91870069,1354960.257918031 
 02/20  17:00:00,37418965.26795434,1354960.257918031 
 02/20  18:00:00,37421647.891264044,1354960.257918031 
 02/20  19:00:00,23034858.175180595,1354960.257918031 
 02/20  20:00:00,12235141.222251039,1354960.257918031 
 02/20  21:00:00,7114960.257918031,1354960.257918031 
 02/20  22:00:00,3066654.4346135487,1354960.257918031 
 02/20  23:00:00,3072403.0706647197,1354960.257918031 
 02/20  24:00:00,3075641.3438638095,1354960.257918031 
 02/21  01:00:00,3077452.3686761134,1354960.257918031 
 02/21  02:00:00,3078880.1127924137,1354960.257918031 
 02/21  03:00:00,3080682.599633885,1354960.257918031 
 02/21  04:00:00,3082384.119293614,1354960.257918031 
 02/21  05:00:00,3084782.4180159345,1354960.257918031 
 02/21  06:00:00,3086633.4817110533,1354960.257918031 
 02/21  07:00:00,3223371.5907285055,1354960.257918031 
 02/21  08:00:00,3193568.8371393816,1354960.257918031 
 02/21  09:00:00,33001807.205581814,1354960.257918031 
 02/21  10:00:00,43287300.107574314,1354960.257918031 
 02/21  11:00:00,44624809.385661095,1354960.257918031 
 02/21  12:00:00,43268204.47265054,1354960.257918031 
 02/21  13:00:00,39214253.471002065,1354960.257918031 
 02/21  14:00:00,41910612.781643085,1354960.257918031 
 02/21  15:00:00,42807435.218762636,1354960.257918031 
 02/21  16:00:00,41005180.865397036,1354960.257918031 
 02/21  17:00:00,37407457.99473302,1354960.257918031 
 02/21  18:00:00,37408638.428175196,1354960.257918031 
 02/21  19:00:00,23014455.447154894,1354960.257918031 
 02/21  20:00:00,12216682.610996362,1354960.257918031 
 02/21  21:00:00,7114960.257918031,1354960.257918031 
 02/21  22:00:00,3065066.012484521,1354960.257918031 
 02/21  23:00:00,3067113.1012645066,1354960.257918031 
 02/21  24:00:00,3069423.6860841177,1354960.257918031 
 02/22  01:00:00,3070772.7913335194,1354960.257918031 
 02/22  02:00:00,3071600.416280561,1354960.257918031 
 02/22  03:00:00,3071643.44525278,1354960.257918031 
 02/22  04:00:00,3071763.9408447095,1354960.257918031 
 02/22  05:00:00,3071911.706163565,1354960.257918031 
 02/22  06:00:00,3072031.740505808,1354960.257918031 
 02/22  07:00:00,3148359.023162896,1354960.257918031 
 02/22  08:00:00,3134934.233367147,1354960.257918031 
 02/22  09:00:00,32938272.305320255,1354960.257918031 
 02/22  10:00:00,43247238.245237365,1354960.257918031 
 02/22  11:00:00,44574618.924189396,1354960.257918031 
 02/22  12:00:00,43217566.287479945,1354960.257918031 
 02/22  13:00:00,39670744.04347561,1354960.257918031 
 02/22  14:00:00,41864989.64854915,1354960.257918031 
 02/22  15:00:00,42776296.52420321,1354960.257918031 
 02/22  16:00:00,40996881.52595647,1354960.257918031 
 02/22  17:00:00,37429962.71762871,1354960.257918031 
 02/22  18:00:00,37432148.42191015,1354960.257918031 
 02/22  19:00:00,23023720.069898494,1354960.257918031 
 02/22  20:00:00,12215713.407453582,1354960.257918031 
 02/22  21:00:00,7114960.257918031,1354960.257918031 
 02/22  22:00:00,3064960.257918031,1354960.257918031 
 02/22  23:00:00,3064960.257918031,1354960.257918031 
 02/22  24:00:00,3064960.257918031,1354960.257918031 
 02/23  01:00:00,6304960.257918031,1354960.257918031 
 02/23  02:00:00,6304960.257918031,1354960.257918031 
 02/23  03:00:00,6304960.257918031,1354960.257918031 
 02/23  04:00:00,6304960.257918031,1354960.257918031 
 02/23  05:00:00,6304960.257918031,1354960.257918031 
 02/23  06:00:00,6304960.257918031,1354960.257918031 
 02/23  07:00:00,6304960.257918031,1354960.257918031 
 02/23  08:00:00,6304960.257918031,1354960.257918031 
 02/23  09:00:00,6304960.257918031,1354960.257918031 
 02/23  10:00:00,6304960.257918031,1354960.257918031 
 02/23  11:00:00,6304960.257918031,1354960.257918031 
 02/23  12:00:00,6304960.257918031,1354960.257918031 
 02/23  13:00:00,6304960.257918031,1354960.257918031 
 02/23  14:00:00,6304960.257918031,1354960.257918031 
 02/23  15:00:00,6304960.257918031,1354960.257918031 
 02/23  16:00:00,6304960.257918031,1354960.257918031 
 02/23  17:00:00,6304960.257918031,1354960.257918031 
 02/23  18:00:00,6304960.257918031,1354960.257918031 
 02/23  19:00:00,6304960.257918031,1354960.257918031 
 02/23  20:00:00,6304960.257918031,1354960.257918031 
 02/23  21:00:00,6304960.257918031,1354960.257918031 
 02/23  22:00:00,6304960.257918031,1354960.257918031 
 02/23  23:00:00,6304960.257918031,1354960.257918031 
 02/23  24:00:00,6304960.257918031,1354960.257918031 
 02/24  01:00:00,6304960.257918031,1354960.257918031 
 02/24  02:00:00,6304960.257918031,1354960.257918031 
 02/24  03:00:00,6304960.257918031,1354960.257918031 
 02/24  04:00:00,6304960.257918031,1354960.257918031 
 02/24  05:00:00,6304960.257918031,1354960.257918031 
 02/24  06:00:00,6304960.257918031,1354960.257918031 
 02/24  07:00:00,6304960.257918031,1354960.257918031 
 02/24  08:00:00,6304960.257918031,1354960.257918031 
 02/24  09:00:00,6304960.257918031,1354960.257918031 
 02/24  10:00:00,6304960.257918031,1354960.257918031 
 02/24  11:00:00,6304960.257918031,1354960.257918031 
 02/24  12:00:00,6304960.257918031,1354960.257918031 
 02/24  13:00:00,6304960.257918031,1354960.257918031 
 02/24  14:00:00,6304960.257918031,1354960.257918031 
 02/24  15:00:00,6304960.257918031,1354960.257918031 
 02/24  16:00:00,6304960.257918031,1354960.257918031 
 02/24  17:00:00,6305023.518098447,1354960.257918031 
 02/24  18:00:00,6307104.623258931,1354960.257918031 
 02/24  19:00:00,6309640.225906805,1354960.257918031 
 02/24  20:00:00,6310869.565247604,1354960.257918031 
 02/24  21:00:00,6312038.83039391,1354960.257918031 
 02/24  22:00:00,6312296.674910448,1354960.257918031 
 02/24  23:00:00,6311527.713384211,1354960.257918031 
 02/24  24:00:00,6311295.208962526,1354960.257918031 
 02/25  01:00:00,3074200.9901736183,1354960.257918031 
 02/25  02:00:00,3074151.9831033954,1354960.257918031 
 02/25  03:00:00,3074725.349755564,1354960.257918031 
 02/25  04:00:00,3076277.8341758074,1354960.257918031 
 02/25  05:00:00,3076113.703236208,1354960.257918031 
 02/25  06:00:00,3077004.1760516316,1354960.257918031 
 02/25  07:00:00,3149439.4646486444,1354960.257918031 
 02/25  08:00:00,3143601.487063668,1354960.257918031 
 02/25  09:00:00,32972436.418584216,1354960.257918031 
 02/25  10:00:00,43266199.445701405,1354960.257918031 
 02/25  11:00:00,44617617.17162415,1354960.257918031 
 02/25  12:00:00,43279842.386198275,1354960.257918031 
 02/25  13:00:00,39229659.810139544,1354960.257918031 
 02/25  14:00:00,41928661.58186278,1354960.257918031 
 02/25  15:00:00,42828123.543258,1354960.257918031 
 02/25  16:00:00,41027014.14757587,1354960.257918031 
 02/25  17:00:00,37427377.09326732,1354960.257918031 
 02/25  18:00:00,37436112.165293366,1354960.257918031 
 02/25  19:00:00,23039794.58283771,1354960.257918031 
 02/25  20:00:00,12224923.747580543,1354960.257918031 
 02/25  21:00:00,7114960.257918031,1354960.257918031 
 02/25  22:00:00,3064960.257918031,1354960.257918031 
 02/25  23:00:00,3064960.257918031,1354960.257918031 
 02/25  24:00:00,3065214.6136342958,1354960.257918031 
 02/26  01:00:00,3067587.327066993,1354960.257918031 
 02/26  02:00:00,3069996.6315345187,1354960.257918031 
 02/26  03:00:00,3070788.863152924,1354960.257918031 
 02/26  04:00:00,3072350.5196076147,1354960.257918031 
 02/26  05:00:00,3073712.341208796,1354960.257918031 
 02/26  06:00:00,3074532.193844678,1354960.257918031 
 02/26  07:00:00,3169796.8847991843,1354960.257918031 
 02/26  08:00:00,3152284.213697049,1354960.257918031 
 02/26  09:00:00,32962900.212141965,1354960.257918031 
 02/26  10:00:00,43267894.1094004,1354960.257918031 
 02/26  11:00:00,44614694.625942856,1354960.257918031 
 02/26  12:00:00,43261451.29410825,1354960.257918031 
 02/26  13:00:00,39209267.15950523,1354960.257918031 
 02/26  14:00:00,41908043.91034724,1354960.257918031 
 02/26  15:00:00,42808483.581731334,1354960.257918031 
 02/26  16:00:00,41009760.813048795,1354960.257918031 
 02/26  17:00:00,37411309.73402175,1354960.257918031 
 02/26  18:00:00,37413392.81665534,1354960.257918031 
 02/26  19:00:00,23026631.06159945,1354960.257918031 
 02/26  20:00:00,12224352.859841391,1354960.257918031 
 02/26  21:00:00,7114960.257918031,1354960.257918031 
 02/26  22:00:00,3066600.5095718545,1354960.257918031 
 02/26  23:00:00,3072034.3980967943,1354960.257918031 
 02/26  24:00:00,3076213.052776008,1354960.257918031 
 02/27  01:00:00,3077195.6442570956,1354960.257918031 
 02/27  02:00:00,3077549.778894428,1354960.257918031 
 02/27  03:00:00,3078518.8151615104,1354960.257918031 
 02/27  04:00:00,3079547.57804724,1354960.257918031 
 02/27  05:00:00,3080497.78649108,1354960.257918031 
 02/27  06:00:00,3080547.188160642,1354960.257918031 
 02/27  07:00:00,3167351.774458227,1354960.257918031 
 02/27  08:00:00,3160185.45707777,1354960.257918031 
 02/27  09:00:00,32983180.857570212,1354960.257918031 
 02/27  10:00:00,43279609.401585504,1354960.257918031 
 02/27  11:00:00,44623069.678020686,1354960.257918031 
 02/27  12:00:00,43268240.81432311,1354960.257918031 
 02/27  13:00:00,39216363.369544186,1354960.257918031 
 02/27  14:00:00,41914354.34519415,1354960.257918031 
 02/27  15:00:00,42812478.07931101,1354960.257918031 
 02/27  16:00:00,41011548.24890101,1354960.257918031 
 02/27  17:00:00,37411168.40976974,1354960.257918031 
 02/27  18:00:00,37411217.5998946,1354960.257918031 
 02/27  19:00:00,23020126.69411756,1354960.257918031 
 02/27  20:00:00,12221444.900187295,1354960.257918031 
 02/27  21:00:00,7114960.257918031,1354960.257918031 
 02/27  22:00:00,3064960.257918031,1354960.257918031 
 02/27  23:00:00,3066932.3205790124,1354960.257918031 
 02/27  24:00:00,3070026.9289220273,1354960.257918031 
 02/28  01:00:00,3072240.3845621496,1354960.257918031 
 02/28  02:00:00,3074679.5174140865,1354960.257918031 
 02/28  03:00:00,3076784.6519813663,1354960.257918031 
 02/28  04:00:00,3078146.063798117,1354960.257918031 
 02/28  05:00:00,3077746.094747333,1354960.257918031 
 02/28  06:00:00,3079010.6721418407,1354960.257918031 
 02/28  07:00:00,3184627.7578379945,1354960.257918031 
 02/28  08:00:00,3166212.184346627,1354960.257918031 
 02/28  09:00:00,32974053.199091725,1354960.257918031 
 02/28  10:00:00,43276319.108250394,1354960.257918031 
 02/28  11:00:00,44616806.82360034,1354960.257918031 
 02/28  12:00:00,43266993.299924105,1364721.7686993957 
 02/28  13:00:00,39206319.0849372,1354960.257918031 
 02/28  14:00:00,41910561.03948735,1354960.257918031 
 02/28  15:00:00,42838724.24603097,1389104.5470760097 
 02/28  16:00:00,41044397.87313468,1397505.5669099253 
 02/28  17:00:00,37428780.13335356,1354960.257918031 
 02/28  18:00:00,37411812.53139874,1354960.257918031 
 02/28  19:00:00,23009868.01251205,1354960.257918031 
 02/28  20:00:00,12217948.027107507,1354960.257918031 
 02/28  21:00:00,7114960.257918031,1354960.257918031 
 02/28  22:00:00,3064960.257918031,1354960.257918031 
 02/28  23:00:00,3065206.791877597,1354960.257918031 
 02/28  24:00:00,3067355.317832681,1354960.257918031,10831994699.82667,9883800000.0,6226200000.0,911337624.5382328,36857075.28833304,10536103379.168474,10536103379.168474,,,,,,,,6226200000.0,,9883800000.0,,3657600000.0 
 03/01  01:00:00,3069396.851370214,1354960.257918031 
 03/01  02:00:00,3070150.627641212,1354960.257918031 
 03/01  03:00:00,3070209.945022219,1354960.257918031 
 03/01  04:00:00,3069849.2330452055,1354960.257918031 
 03/01  05:00:00,3069774.8870641068,1354960.257918031 
 03/01  06:00:00,3069673.776736853,1354960.257918031 
 03/01  07:00:00,3140399.94806113,1354960.257918031 
 03/01  08:00:00,3132030.146820259,1354960.257918031 
 03/01  09:00:00,32952139.788475063,1354960.257918031 
 03/01  10:00:00,43266755.434002444,1354960.257918031 
 03/01  11:00:00,44628974.04162075,1354960.257918031 
 03/01  12:00:00,43278640.747060046,1354960.257918031 
 03/01  13:00:00,39228219.53208778,1354960.257918031 
 03/01  14:00:00,41927015.79645884,1354960.257918031 
 03/01  15:00:00,42807204.54227485,1354960.257918031 
 03/01  16:00:00,40988347.6204944,1354960.257918031 
 03/01  17:00:00,37386590.196774326,1354960.257918031 
 03/01  18:00:00,37394537.09773828,1354960.257918031 
 03/01  19:00:00,23031648.10547287,1354960.257918031 
 03/01  20:00:00,12223676.297704477,1354960.257918031 
 03/01  21:00:00,7114960.257918031,1354960.257918031 
 03/01  22:00:00,3064960.257918031,1354960.257918031 
 03/01  23:00:00,3064960.257918031,1354960.257918031 
 03/01  24:00:00,3064960.257918031,1354960.257918031 
 03/02  01:00:00,6304960.257918031,1354960.257918031 
 03/02  02:00:00,6305754.5711141005,1354960.257918031 
 03/02  03:00:00,6308079.782108602,1354960.257918031 
 03/02  04:00:00,6309920.021123676,1354960.257918031 
 03/02  05:00:00,6311462.976830609,1354960.257918031 
 03/02  06:00:00,6311432.741043028,1354960.257918031 
 03/02  07:00:00,6310196.907600462,1354960.257918031 
 03/02  08:00:00,6306521.0283183735,1354960.257918031 
 03/02  09:00:00,6304960.257918031,1354960.257918031 
 03/02  10:00:00,6304960.257918031,1354960.257918031 
 03/02  11:00:00,6304960.257918031,1354960.257918031 
 03/02  12:00:00,6304960.257918031,1354960.257918031 
 03/02  13:00:00,6304960.257918031,1354960.257918031 
 03/02  14:00:00,6304960.257918031,1354960.257918031 
 03/02  15:00:00,6304960.257918031,1354960.257918031 
 03/02  16:00:00,6304960.257918031,1354960.257918031 
 03/02  17:00:00,6304960.257918031,1354960.257918031 
 03/02  18:00:00,6304960.257918031,1354960.257918031 
 03/02  19:00:00,6304960.257918031,1354960.257918031 
 03/02  20:00:00,6304960.257918031,1354960.257918031 
 03/02  21:00:00,6305780.68776817,1354960.257918031 
 03/02  22:00:00,6307758.648161095,1354960.257918031 
 03/02  23:00:00,6308639.695042606,1354960.257918031 
 03/02  24:00:00,6309898.4206159515,1354960.257918031 
 03/03  01:00:00,6310463.276594458,1354960.257918031 
 03/03  02:00:00,6310282.33171623,1354960.257918031 
 03/03  03:00:00,6310604.93341396,1354960.257918031 
 03/03  04:00:00,6310939.692989091,1354960.257918031 
 03/03  05:00:00,6310828.013534828,1354960.257918031 
 03/03  06:00:00,6312678.981789507,1354960.257918031 
 03/03  07:00:00,6313086.503766962,1354960.257918031 
 03/03  08:00:00,6310526.16072953,1354960.257918031 
 03/03  09:00:00,6306274.699212468,1354960.257918031 
 03/03  10:00:00,6305346.611701957,1354960.257918031 
 03/03  11:00:00,6304960.257918031,1354960.257918031 
 03/03  12:00:00,6304960.257918031,1354960.257918031 
 03/03  13:00:00,6304960.257918031,1354960.257918031 
 03/03  14:00:00,6304960.257918031,1354960.257918031 
 03/03  15:00:00,6304994.348001205,1354960.257918031 
 03/03  16:00:00,6305628.450731807,1354960.257918031 
 03/03  17:00:00,6307145.635874963,1354960.257918031 
 03/03  18:00:00,6310278.657092173,1354960.257918031 
 03/03  19:00:00,6312721.267051567,1354960.257918031 
 03/03  20:00:00,6315563.890361066,1354960.257918031 
 03/03  21:00:00,6317826.958691801,1354960.257918031 
 03/03  22:00:00,6316312.312693164,1354960.257918031 
 03/03  23:00:00,6313714.933750447,1354960.257918031 
 03/03  24:00:00,6313299.704305259,1354960.257918031 
 03/04  01:00:00,3075316.5935749304,1354960.257918031 
 03/04  02:00:00,3073997.066453579,1354960.257918031 
 03/04  03:00:00,3075175.427473403,1354960.257918031 
 03/04  04:00:00,3075856.9215274,1354960.257918031 
 03/04  05:00:00,3074745.3837583857,1354960.257918031 
 03/04  06:00:00,3073845.8823044244,1354960.257918031 
 03/04  07:00:00,3149128.322676686,1354960.257918031 
 03/04  08:00:00,3139416.5181320766,1354960.257918031 
 03/04  09:00:00,32952378.15154882,1354960.257918031 
 03/04  10:00:00,43262873.72656764,1354960.257918031 
 03/04  11:00:00,44580185.74303753,1354960.257918031 
 03/04  12:00:00,43218557.49385591,1354960.257918031 
 03/04  13:00:00,39172852.944422364,1354960.257918031 
 03/04  14:00:00,41872332.87543787,1354960.257918031 
 03/04  15:00:00,42778075.64893791,1354960.257918031 
 03/04  16:00:00,41000041.878515996,1354960.257918031 
 03/04  17:00:00,37431145.305180185,1354960.257918031 
 03/04  18:00:00,37408099.59280257,1354960.257918031 
 03/04  19:00:00,23022417.136476513,1354960.257918031 
 03/04  20:00:00,12224882.224580498,1354960.257918031 
 03/04  21:00:00,7114960.257918031,1354960.257918031 
 03/04  22:00:00,3068764.0386834405,1354960.257918031 
 03/04  23:00:00,3077241.0264110006,1354960.257918031 
 03/04  24:00:00,3081729.5342225353,1354960.257918031 
 03/05  01:00:00,3084797.1536303414,1354960.257918031 
 03/05  02:00:00,3085824.2746140854,1354960.257918031 
 03/05  03:00:00,3085164.8985943757,1354960.257918031 
 03/05  04:00:00,3086703.019501087,1354960.257918031 
 03/05  05:00:00,3090102.770438686,1354960.257918031 
 03/05  06:00:00,3090830.58543688,1354960.257918031 
 03/05  07:00:00,3177989.7724364726,1354960.257918031 
 03/05  08:00:00,3168834.2454117546,1354960.257918031 
 03/05  09:00:00,33001439.437956575,1354960.257918031 
 03/05  10:00:00,43286429.59488819,1354960.257918031 
 03/05  11:00:00,44629451.93213798,1354960.257918031 
 03/05  12:00:00,43276275.1638451,1354960.257918031 
 03/05  13:00:00,39223609.00986712,1354960.257918031 
 03/05  14:00:00,41920886.226270884,1354960.257918031 
 03/05  15:00:00,42818631.87540335,1354960.257918031 
 03/05  16:00:00,41020524.73741096,1354960.257918031 
 03/05  17:00:00,37425289.06721715,1354960.257918031 
 03/05  18:00:00,37430947.35845246,1354960.257918031 
 03/05  19:00:00,23050746.848751713,1354960.257918031 
 03/05  20:00:00,12248436.671598012,1354960.257918031 
 03/05  21:00:00,7115246.300057287,1354960.257918031 
 03/05  22:00:00,3070414.7994540143,1354960.257918031 
 03/05  23:00:00,3075016.413101165,1354960.257918031 
 03/05  24:00:00,3076505.203057854,1354960.257918031 
 03/06  01:00:00,3077223.054858344,1354960.257918031 
 03/06  02:00:00,3077605.527427566,1354960.257918031 
 03/06  03:00:00,3078656.8741947915,1354960.257918031 
 03/06  04:00:00,3077410.1177459215,1354960.257918031 
 03/06  05:00:00,3076074.298994084,1354960.257918031 
 03/06  06:00:00,3077211.361883683,1354960.257918031 
 03/06  07:00:00,3168094.474636531,1354960.257918031 
 03/06  08:00:00,3154201.436679679,1354960.257918031 
 03/06  09:00:00,32966568.08584944,1354960.257918031 
 03/06  10:00:00,43274945.74931106,1354960.257918031 
 03/06  11:00:00,44617601.14425976,1354960.257918031 
 03/06  12:00:00,43261807.75388663,1354960.257918031 
 03/06  13:00:00,39207668.06915908,1354960.257918031 
 03/06  14:00:00,41905087.56876092,1354960.257918031 
 03/06  15:00:00,42802358.25300958,1354960.257918031 
 03/06  16:00:00,41000517.66318244,1354960.257918031 
 03/06  17:00:00,37403005.42441212,1354960.257918031 
 03/06  18:00:00,37405490.549739435,1354960.257918031 
 03/06  19:00:00,23008839.536139876,1354960.257918031 
 03/06  20:00:00,12214855.22022898,1354960.257918031 
 03/06  21:00:00,7114960.257918031,1354960.257918031 
 03/06  22:00:00,3064960.257918031,1354960.257918031 
 03/06  23:00:00,3065412.115992953,1354960.257918031 
 03/06  24:00:00,3067670.6704249973,1354960.257918031 
 03/07  01:00:00,3070081.993831238,1354960.257918031 
 03/07  02:00:00,3071011.6867359793,1354960.257918031 
 03/07  03:00:00,3071483.7938419967,1354960.257918031 
 03/07  04:00:00,3070723.488287949,1354960.257918031 
 03/07  05:00:00,3070456.4963326114,1354960.257918031 
 03/07  06:00:00,3071431.490842988,1354960.257918031 
 03/07  07:00:00,3148564.6807324775,1354960.257918031 
 03/07  08:00:00,3137453.75935766,1354960.257918031 
 03/07  09:00:00,32961182.83723406,1354960.257918031 
 03/07  10:00:00,43266528.678288214,1354960.257918031 
 03/07  11:00:00,44613978.91955736,1354960.257918031 
 03/07  12:00:00,43271213.64612098,1354960.257918031 
 03/07  13:00:00,39197416.75857095,1354960.257918031 
 03/07  14:00:00,41895713.80797045,1354960.257918031 
 03/07  15:00:00,42790697.881953,1354960.257918031 
 03/07  16:00:00,40987743.83520083,1354960.257918031 
 03/07  17:00:00,37387272.21704516,1354960.257918031 
 03/07  18:00:00,37387311.7007976,1354960.257918031 
 03/07  19:00:00,22992122.359838456,1354960.257918031 
 03/07  20:00:00,12198735.915132707,1354960.257918031 
 03/07  21:00:00,7114960.257918031,1354960.257918031 
 03/07  22:00:00,3064960.257918031,1354960.257918031 
 03/07  23:00:00,3064960.257918031,1354960.257918031 
 03/07  24:00:00,3064960.257918031,1354960.257918031 
 03/08  01:00:00,3064960.257918031,1354960.257918031 
 03/08  02:00:00,3064960.257918031,1354960.257918031 
 03/08  03:00:00,3064960.257918031,1354960.257918031 
 03/08  04:00:00,3064960.257918031,1354960.257918031 
 03/08  05:00:00,3065809.7158123464,1354960.257918031 
 03/08  06:00:00,3067539.483863646,1354960.257918031 
 03/08  07:00:00,3142652.174839315,1354960.257918031 
 03/08  08:00:00,3130613.2875543847,1354960.257918031 
 03/08  09:00:00,32922871.213082843,1354960.257918031 
 03/08  10:00:00,43286073.06163042,1367720.7166500976 
 03/08  11:00:00,44630331.02353725,1393664.3094198755 
 03/08  12:00:00,43252157.33887412,1388684.0131643235 
 03/08  13:00:00,39173214.55030413,1364549.4258614723 
 03/08  14:00:00,42152448.644981205,1382032.8123191532 
 03/08  15:00:00,44230184.09203136,1468788.685329841 
 03/08  16:00:00,43168232.15726784,1501096.8418465515 
 03/08  17:00:00,38954312.55427161,1466974.4290390196 
 03/08  18:00:00,37660094.86860921,1368736.3961717447 
 03/08  19:00:00,22978267.618061487,1354960.257918031 
 03/08  20:00:00,12189388.64436416,1354960.257918031 
 03/08  21:00:00,7114960.257918031,1354960.257918031 
 03/08  22:00:00,3064960.257918031,1354960.257918031 
 03/08  23:00:00,3064960.257918031,1354960.257918031 
 03/08  24:00:00,3064960.257918031,1354960.257918031 
 03/09  01:00:00,6304960.257918031,1354960.257918031 
 03/09  02:00:00,6304960.257918031,1354960.257918031 
 03/09  03:00:00,6304960.257918031,1354960.257918031 
 03/09  04:00:00,6304977.207233005,1354960.257918031 
 03/09  05:00:00,6305925.9058785,1354960.257918031 
 03/09  06:00:00,6307437.01302862,1354960.257918031 
 03/09  07:00:00,6306591.249073017,1354960.257918031 
 03/09  08:00:00,6305056.2561850445,1354960.257918031 
 03/09  09:00:00,6304960.257918031,1354960.257918031 
 03/09  10:00:00,6304960.257918031,1354960.257918031 
 03/09  11:00:00,6304960.257918031,1354960.257918031 
 03/09  12:00:00,6304960.257918031,1354960.257918031 
 03/09  13:00:00,6304960.257918031,1354960.257918031 
 03/09  14:00:00,6304960.257918031,1354960.257918031 
 03/09  15:00:00,6304960.257918031,1354960.257918031 
 03/09  16:00:00,6304960.257918031,1354960.257918031 
 03/09  17:00:00,6304960.257918031,1354960.257918031 
 03/09  18:00:00,6304960.257918031,1354960.257918031 
 03/09  19:00:00,6304960.257918031,1354960.257918031 
 03/09  20:00:00,6304960.257918031,1354960.257918031 
 03/09  21:00:00,6304960.257918031,1354960.257918031 
 03/09  22:00:00,6304960.257918031,1354960.257918031 
 03/09  23:00:00,6304960.257918031,1354960.257918031 
 03/09  24:00:00,6304960.257918031,1354960.257918031 
 03/10  01:00:00,6304960.257918031,1354960.257918031 
 03/10  02:00:00,6304960.257918031,1354960.257918031 
 03/10  03:00:00,6304960.257918031,1354960.257918031 
 03/10  04:00:00,6304960.257918031,1354960.257918031 
 03/10  05:00:00,6305672.476296989,1354960.257918031 
 03/10  06:00:00,6306385.516507287,1354960.257918031 
 03/10  07:00:00,6305460.564259997,1354960.257918031 
 03/10  08:00:00,6304960.257918031,1354960.257918031 
 03/10  09:00:00,6304960.257918031,1354960.257918031 
 03/10  10:00:00,6304960.257918031,1354960.257918031 
 03/10  11:00:00,6304960.257918031,1354960.257918031 
 03/10  12:00:00,6304960.257918031,1354960.257918031 
 03/10  13:00:00,6304960.257918031,1354960.257918031 
 03/10  14:00:00,6304960.257918031,1354960.257918031 
 03/10  15:00:00,6304960.257918031,1354960.257918031 
 03/10  16:00:00,6304960.257918031,1354960.257918031 
 03/10  17:00:00,6304960.257918031,1354960.257918031 
 03/10  18:00:00,6304960.257918031,1354960.257918031 
 03/10  19:00:00,6304960.257918031,1354960.257918031 
 03/10  20:00:00,6304960.257918031,1354960.257918031 
 03/10  21:00:00,6304960.257918031,1354960.257918031 
 03/10  22:00:00,6304960.257918031,1354960.257918031 
 03/10  23:00:00,6304960.257918031,1354960.257918031 
 03/10  24:00:00,6304960.257918031,1354960.257918031 
 03/11  01:00:00,3064960.257918031,1354960.257918031 
 03/11  02:00:00,3064960.257918031,1354960.257918031 
 03/11  03:00:00,3064960.257918031,1354960.257918031 
 03/11  04:00:00,3064960.257918031,1354960.257918031 
 03/11  05:00:00,3064960.257918031,1354960.257918031 
 03/11  06:00:00,3064960.257918031,1354960.257918031 
 03/11  07:00:00,3097983.7259785803,1354960.257918031 
 03/11  08:00:00,3128623.9331386173,1354960.257918031 
 03/11  09:00:00,32903206.693902113,1354960.257918031 
 03/11  10:00:00,43231081.1844292,1354960.257918031 
 03/11  11:00:00,44575686.93025972,1354960.257918031 
 03/11  12:00:00,43222646.15412655,1354960.257918031 
 03/11  13:00:00,39167940.41471032,1354960.257918031 
 03/11  14:00:00,41864437.72591649,1354960.257918031 
 03/11  15:00:00,42763224.77773553,1354960.257918031 
 03/11  16:00:00,40964211.540261604,1354960.257918031 
 03/11  17:00:00,37363598.939348,1354960.257918031 
 03/11  18:00:00,37362921.539852284,1354960.257918031 
 03/11  19:00:00,22962114.83148728,1354960.257918031 
 03/11  20:00:00,12173483.597963301,1354960.257918031 
 03/11  21:00:00,7114960.257918031,1354960.257918031 
 03/11  22:00:00,3064960.257918031,1354960.257918031 
 03/11  23:00:00,3064960.257918031,1354960.257918031 
 03/11  24:00:00,3064963.175185996,1354960.257918031 
 03/12  01:00:00,3066543.2171714394,1354960.257918031 
 03/12  02:00:00,3069883.91588761,1354960.257918031 
 03/12  03:00:00,3071583.568039884,1354960.257918031 
 03/12  04:00:00,3073421.939962233,1354960.257918031 
 03/12  05:00:00,3073929.114842565,1354960.257918031 
 03/12  06:00:00,3073767.572406833,1354960.257918031 
 03/12  07:00:00,3146256.5454636468,1354960.257918031 
 03/12  08:00:00,3133375.3612862504,1354960.257918031 
 03/12  09:00:00,32926461.82608114,1354960.257918031 
 03/12  10:00:00,43264623.58590624,1365873.1469817306 
 03/12  11:00:00,44611358.83034888,1386753.9672891402 
 03/12  12:00:00,43248124.083756834,1380957.2091989547 
 03/12  13:00:00,39175697.69920868,1360171.3418049328 
 03/12  14:00:00,41866757.32592559,1354960.257918031 
 03/12  15:00:00,43358343.75659375,1422546.7746187858 
 03/12  16:00:00,41648463.91520525,1435030.6135325101 
 03/12  17:00:00,37372161.376505546,1354960.257918031 
 03/12  18:00:00,37384721.266435474,1354960.257918031 
 03/12  19:00:00,23027799.514349896,1354960.257918031 
 03/12  20:00:00,12234002.613472106,1354960.257918031 
 03/12  21:00:00,7114960.257918031,1354960.257918031 
 03/12  22:00:00,3064960.257918031,1354960.257918031 
 03/12  23:00:00,3064960.257918031,1354960.257918031 
 03/12  24:00:00,3064960.257918031,1354960.257918031 
 03/13  01:00:00,3064986.2704990963,1354960.257918031 
 03/13  02:00:00,3066352.928703923,1354960.257918031 
 03/13  03:00:00,3068183.559895149,1354960.257918031 
 03/13  04:00:00,3069103.300510629,1354960.257918031 
 03/13  05:00:00,3069955.8793667513,1354960.257918031 
 03/13  06:00:00,3070934.7077613836,1354960.257918031 
 03/13  07:00:00,3151053.65828389,1354960.257918031 
 03/13  08:00:00,3140359.9409981016,1354960.257918031 
 03/13  09:00:00,32957446.669421814,1354960.257918031 
 03/13  10:00:00,43269522.340683855,1354960.257918031 
 03/13  11:00:00,44615289.33047871,1354960.257918031 
 03/13  12:00:00,43262238.71830753,1354960.257918031 
 03/13  13:00:00,39210118.04080501,1354960.257918031 
 03/13  14:00:00,41908737.65250926,1354960.257918031 
 03/13  15:00:00,42808163.74132882,1354960.257918031 
 03/13  16:00:00,41026019.50942546,1354960.257918031 
 03/13  17:00:00,37429973.5533711,1354960.257918031 
 03/13  18:00:00,37429705.58529156,1354960.257918031 
 03/13  19:00:00,23034956.968148477,1354960.257918031 
 03/13  20:00:00,12227647.478210403,1354960.257918031 
 03/13  21:00:00,7114960.257918031,1354960.257918031 
 03/13  22:00:00,3064960.257918031,1354960.257918031 
 03/13  23:00:00,3064960.257918031,1354960.257918031 
 03/13  24:00:00,3065650.947366627,1354960.257918031 
 03/14  01:00:00,3068748.9029763136,1354960.257918031 
 03/14  02:00:00,3071000.853505126,1354960.257918031 
 03/14  03:00:00,3072210.9756054594,1354960.257918031 
 03/14  04:00:00,3073343.912165138,1354960.257918031 
 03/14  05:00:00,3074596.3502571383,1354960.257918031 
 03/14  06:00:00,3075544.5399471545,1354960.257918031 
 03/14  07:00:00,3154768.073211427,1354960.257918031 
 03/14  08:00:00,3138545.6536777024,1354960.257918031 
 03/14  09:00:00,32937527.273909178,1354960.257918031 
 03/14  10:00:00,43280144.0312469,1382586.9687571193 
 03/14  11:00:00,44620483.19383124,1390111.165037818 
 03/14  12:00:00,43252121.718388036,1380450.4892425784 
 03/14  13:00:00,39170693.02552808,1354960.257918031 
 03/14  14:00:00,41871862.53341521,1354960.257918031 
 03/14  15:00:00,42774372.41005474,1354960.257918031 
 03/14  16:00:00,41279318.8912693,1376551.5197315093 
 03/14  17:00:00,37391455.47584363,1378143.6506211369 
 03/14  18:00:00,37377590.22147168,1354960.257918031 
 03/14  19:00:00,23001096.94786047,1354960.257918031 
 03/14  20:00:00,12230753.317243297,1354960.257918031 
 03/14  21:00:00,7114960.257918031,1354960.257918031 
 03/14  22:00:00,3064960.257918031,1354960.257918031 
 03/14  23:00:00,3064960.257918031,1354960.257918031 
 03/14  24:00:00,3064960.257918031,1354960.257918031 
 03/15  01:00:00,3065802.218234621,1354960.257918031 
 03/15  02:00:00,3070092.637363021,1354960.257918031 
 03/15  03:00:00,3072299.09948459,1354960.257918031 
 03/15  04:00:00,3072852.126426606,1354960.257918031 
 03/15  05:00:00,3073602.8290469907,1354960.257918031 
 03/15  06:00:00,3074246.376265766,1354960.257918031 
 03/15  07:00:00,3161997.7141612275,1354960.257918031 
 03/15  08:00:00,3139785.3074530363,1354960.257918031 
 03/15  09:00:00,32923877.851433303,1354960.257918031 
 03/15  10:00:00,43286694.625129834,1395952.4817591314 
 03/15  11:00:00,44632625.59373109,1409878.6077977887 
 03/15  12:00:00,43260384.10887215,1389964.725967367 
 03/15  13:00:00,39178155.35253161,1359451.1375594586 
 03/15  14:00:00,42185549.90890399,1391732.4522012118 
 03/15  15:00:00,44130735.876933336,1484996.057088058 
 03/15  16:00:00,42794237.0879111,1518019.611699799 
 03/15  17:00:00,38945711.209926516,1500554.0780435444 
 03/15  18:00:00,37739019.326035455,1399651.7011611306 
 03/15  19:00:00,22998538.09188282,1354960.257918031 
 03/15  20:00:00,12230494.250225125,1354960.257918031 
 03/15  21:00:00,7114960.257918031,1354960.257918031 
 03/15  22:00:00,3064960.257918031,1354960.257918031 
 03/15  23:00:00,3064960.257918031,1354960.257918031 
 03/15  24:00:00,3064960.257918031,1354960.257918031 
 03/16  01:00:00,6304960.257918031,1354960.257918031 
 03/16  02:00:00,6304960.257918031,1354960.257918031 
 03/16  03:00:00,6304960.257918031,1354960.257918031 
 03/16  04:00:00,6305297.993504587,1354960.257918031 
 03/16  05:00:00,6306898.091258367,1354960.257918031 
 03/16  06:00:00,6308039.351070743,1354960.257918031 
 03/16  07:00:00,6306088.176158826,1354960.257918031 
 03/16  08:00:00,6304960.257918031,1354960.257918031 
 03/16  09:00:00,6304960.257918031,1354960.257918031 
 03/16  10:00:00,6304960.257918031,1354960.257918031 
 03/16  11:00:00,6304960.257918031,1354960.257918031 
 03/16  12:00:00,6304960.257918031,1354960.257918031 
 03/16  13:00:00,6304960.257918031,1354960.257918031 
 03/16  14:00:00,6304960.257918031,1354960.257918031 
 03/16  15:00:00,6304960.257918031,1354960.257918031 
 03/16  16:00:00,6304960.257918031,1354960.257918031 
 03/16  17:00:00,6304960.257918031,1354960.257918031 
 03/16  18:00:00,6304960.257918031,1354960.257918031 
 03/16  19:00:00,6304960.257918031,1354960.257918031 
 03/16  20:00:00,6304960.257918031,1354960.257918031 
 03/16  21:00:00,6304960.257918031,1354960.257918031 
 03/16  22:00:00,6304960.257918031,1354960.257918031 
 03/16  23:00:00,6305096.566302982,1354960.257918031 
 03/16  24:00:00,6306537.865565738,1354960.257918031 
 03/17  01:00:00,6307896.703014501,1354960.257918031 
 03/17  02:00:00,6308741.10783148,1354960.257918031 
 03/17  03:00:00,6309455.02936279,1354960.257918031 
 03/17  04:00:00,6309965.3791027,1354960.257918031 
 03/17  05:00:00,6310239.843357917,1354960.257918031 
 03/17  06:00:00,6311219.890518615,1354960.257918031 
 03/17  07:00:00,6308305.4419078175,1354960.257918031 
 03/17  08:00:00,6305518.467866331,1354960.257918031 
 03/17  09:00:00,6304960.257918031,1354960.257918031 
 03/17  10:00:00,6304960.257918031,1354960.257918031 
 03/17  11:00:00,6304960.257918031,1354960.257918031 
 03/17  12:00:00,6304960.257918031,1354960.257918031 
 03/17  13:00:00,6304960.257918031,1354960.257918031 
 03/17  14:00:00,6304960.257918031,1354960.257918031 
 03/17  15:00:00,6304960.257918031,1354960.257918031 
 03/17  16:00:00,6304960.257918031,1354960.257918031 
 03/17  17:00:00,6304960.257918031,1354960.257918031 
 03/17  18:00:00,6304960.257918031,1354960.257918031 
 03/17  19:00:00,6305151.184719994,1354960.257918031 
 03/17  20:00:00,6306083.849916445,1354960.257918031 
 03/17  21:00:00,6307602.634852853,1354960.257918031 
 03/17  22:00:00,6310368.486298663,1354960.257918031 
 03/17  23:00:00,6311995.387805804,1354960.257918031 
 03/17  24:00:00,6313776.898526961,1354960.257918031 
 03/18  01:00:00,3078262.5090186037,1354960.257918031 
 03/18  02:00:00,3078604.6099717026,1354960.257918031 
 03/18  03:00:00,3081556.4304923755,1354960.257918031 
 03/18  04:00:00,3081537.7240395993,1354960.257918031 
 03/18  05:00:00,3080862.606094179,1354960.257918031 
 03/18  06:00:00,3082846.051292941,1354960.257918031 
 03/18  07:00:00,3187044.4931745273,1354960.257918031 
 03/18  08:00:00,3158573.421915349,1354960.257918031 
 03/18  09:00:00,32955486.208956886,1354960.257918031 
 03/18  10:00:00,43275587.16289423,1366774.2670994727 
 03/18  11:00:00,44642361.05897476,1390767.509896046 
 03/18  12:00:00,43290297.64982385,1383445.8387776902 
 03/18  13:00:00,39194618.71448327,1361511.3770681238 
 03/18  14:00:00,41880782.07558891,1354960.257918031 
 03/18  15:00:00,43129760.0428639,1418796.0636562945 
 03/18  16:00:00,41607377.39739534,1431372.8855309985 
 03/18  17:00:00,37394311.351071775,1375545.0643664426 
 03/18  18:00:00,37389142.93988321,1354960.257918031 
 03/18  19:00:00,23028267.812073633,1354960.257918031 
 03/18  20:00:00,12232587.004176892,1354960.257918031 
 03/18  21:00:00,7114960.257918031,1354960.257918031 
 03/18  22:00:00,3064960.257918031,1354960.257918031 
 03/18  23:00:00,3064960.257918031,1354960.257918031 
 03/18  24:00:00,3064960.257918031,1354960.257918031 
 03/19  01:00:00,3064960.257918031,1354960.257918031 
 03/19  02:00:00,3065504.025378408,1354960.257918031 
 03/19  03:00:00,3067987.3327739425,1354960.257918031 
 03/19  04:00:00,3068981.0572264977,1354960.257918031 
 03/19  05:00:00,3068248.1146949553,1354960.257918031 
 03/19  06:00:00,3067869.013745797,1354960.257918031 
 03/19  07:00:00,3126720.024200496,1354960.257918031 
 03/19  08:00:00,3096005.537119584,1354960.257918031 
 03/19  09:00:00,32879443.189063545,1354960.257918031 
 03/19  10:00:00,43218096.48176668,1354960.257918031 
 03/19  11:00:00,45044620.49863958,1363689.365104362 
 03/19  12:00:00,45345410.251259975,1376249.6216891324 
 03/19  13:00:00,41731167.71930737,1359320.487614924 
 03/19  14:00:00,45059396.9134407,1420369.278785861 
 03/19  15:00:00,46966598.23765367,1553989.5154430838 
 03/19  16:00:00,45844741.93395573,1594566.0212153194 
 03/19  17:00:00,41967338.29608521,1539908.661128323 
 03/19  18:00:00,40843652.168198034,1449767.563044811 
 03/19  19:00:00,25274656.239438806,1354960.257918031 
 03/19  20:00:00,12159735.997904401,1354960.257918031 
 03/19  21:00:00,7114960.257918031,1354960.257918031 
 03/19  22:00:00,3064960.257918031,1354960.257918031 
 03/19  23:00:00,3064960.257918031,1354960.257918031 
 03/19  24:00:00,3064960.257918031,1354960.257918031 
 03/20  01:00:00,3064960.257918031,1354960.257918031 
 03/20  02:00:00,3064960.257918031,1354960.257918031 
 03/20  03:00:00,3064960.257918031,1354960.257918031 
 03/20  04:00:00,3064982.906797343,1354960.257918031 
 03/20  05:00:00,3066218.7535371883,1354960.257918031 
 03/20  06:00:00,3067944.1306151175,1354960.257918031 
 03/20  07:00:00,3140193.7317123264,1354960.257918031 
 03/20  08:00:00,3122240.4000509265,1354960.257918031 
 03/20  09:00:00,32905061.550818,1354960.257918031 
 03/20  10:00:00,43268303.4949886,1381807.732501908 
 03/20  11:00:00,44617783.337701626,1390810.9835155704 
 03/20  12:00:00,43255997.45760822,1378931.5404599798 
 03/20  13:00:00,39189888.07391979,1354960.257918031 
 03/20  14:00:00,41894026.11588714,1354960.257918031 
 03/20  15:00:00,42825097.226768434,1354960.257918031 
 03/20  16:00:00,41034123.96873214,1365058.5423240345 
 03/20  17:00:00,37412732.33992471,1354960.257918031 
 03/20  18:00:00,37402952.64410268,1354960.257918031 
 03/20  19:00:00,23010698.234843165,1354960.257918031 
 03/20  20:00:00,12218057.151875855,1354960.257918031 
 03/20  21:00:00,7114960.257918031,1354960.257918031 
 03/20  22:00:00,3064960.257918031,1354960.257918031 
 03/20  23:00:00,3065666.8733179197,1354960.257918031 
 03/20  24:00:00,3068700.3226164076,1354960.257918031 
 03/21  01:00:00,3071767.3197721033,1354960.257918031 
 03/21  02:00:00,3073705.18547016,1354960.257918031 
 03/21  03:00:00,3075146.5972353397,1354960.257918031 
 03/21  04:00:00,3074796.70751717,1354960.257918031 
 03/21  05:00:00,3074976.2343292222,1354960.257918031 
 03/21  06:00:00,3076218.968861582,1354960.257918031 
 03/21  07:00:00,3151288.1678206357,1354960.257918031 
 03/21  08:00:00,3136596.5443914747,1354960.257918031 
 03/21  09:00:00,32929655.7684702,1354960.257918031 
 03/21  10:00:00,43286943.41714643,1383355.2423154279 
 03/21  11:00:00,44648431.22136308,1391139.3990079851 
 03/21  12:00:00,43256065.762881726,1380259.3532274803 
 03/21  13:00:00,39177179.55615273,1354960.257918031 
 03/21  14:00:00,41871407.34885075,1354960.257918031 
 03/21  15:00:00,43281960.50906906,1415799.5727161146 
 03/21  16:00:00,40974037.69919549,1354960.257918031 
 03/21  17:00:00,37378256.03312108,1354960.257918031 
 03/21  18:00:00,37407266.54292685,1354960.257918031 
 03/21  19:00:00,23025735.115186658,1354960.257918031 
 03/21  20:00:00,12209898.666215714,1354960.257918031 
 03/21  21:00:00,7114960.257918031,1354960.257918031 
 03/21  22:00:00,3064960.257918031,1354960.257918031 
 03/21  23:00:00,3064960.257918031,1354960.257918031 
 03/21  24:00:00,3064960.257918031,1354960.257918031 
 03/22  01:00:00,3065593.396569957,1354960.257918031 
 03/22  02:00:00,3067745.1416310556,1354960.257918031 
 03/22  03:00:00,3069662.605951718,1354960.257918031 
 03/22  04:00:00,3071730.9834495173,1354960.257918031 
 03/22  05:00:00,3073603.957472691,1354960.257918031 
 03/22  06:00:00,3074216.1865643435,1354960.257918031 
 03/22  07:00:00,3152398.720223695,1354960.257918031 
 03/22  08:00:00,3134125.747234489,1354960.257918031 
 03/22  09:00:00,32921883.654747617,1354960.257918031 
 03/22  10:00:00,43258922.52306031,1366067.4099563728 
 03/22  11:00:00,44603621.030625746,1379027.394061217 
 03/22  12:00:00,43232554.685311325,1360521.3347879515 
 03/22  13:00:00,39177670.53119561,1354960.257918031 
 03/22  14:00:00,41876208.57390626,1354960.257918031 
 03/22  15:00:00,42774512.68029682,1354960.257918031 
 03/22  16:00:00,40974285.70730631,1354960.257918031 
 03/22  17:00:00,37376147.002212614,1354960.257918031 
 03/22  18:00:00,37382226.30004562,1354960.257918031 
 03/22  19:00:00,22986490.231046177,1354960.257918031 
 03/22  20:00:00,12194455.338471161,1354960.257918031 
 03/22  21:00:00,7114960.257918031,1354960.257918031 
 03/22  22:00:00,3064960.257918031,1354960.257918031 
 03/22  23:00:00,3064960.257918031,1354960.257918031 
 03/22  24:00:00,3064960.257918031,1354960.257918031 
 03/23  01:00:00,6304960.257918031,1354960.257918031 
 03/23  02:00:00,6304960.257918031,1354960.257918031 
 03/23  03:00:00,6304960.257918031,1354960.257918031 
 03/23  04:00:00,6304960.257918031,1354960.257918031 
 03/23  05:00:00,6304960.257918031,1354960.257918031 
 03/23  06:00:00,6304960.257918031,1354960.257918031 
 03/23  07:00:00,6304960.257918031,1354960.257918031 
 03/23  08:00:00,6304960.257918031,1354960.257918031 
 03/23  09:00:00,6304960.257918031,1354960.257918031 
 03/23  10:00:00,6304960.257918031,1354960.257918031 
 03/23  11:00:00,6304960.257918031,1354960.257918031 
 03/23  12:00:00,6304960.257918031,1354960.257918031 
 03/23  13:00:00,6304960.257918031,1354960.257918031 
 03/23  14:00:00,6304960.257918031,1354960.257918031 
 03/23  15:00:00,6304960.257918031,1354960.257918031 
 03/23  16:00:00,6304960.257918031,1354960.257918031 
 03/23  17:00:00,6304960.257918031,1354960.257918031 
 03/23  18:00:00,6304960.257918031,1354960.257918031 
 03/23  19:00:00,6304960.257918031,1354960.257918031 
 03/23  20:00:00,6304960.257918031,1354960.257918031 
 03/23  21:00:00,6304960.257918031,1354960.257918031 
 03/23  22:00:00,6304960.257918031,1354960.257918031 
 03/23  23:00:00,6304960.257918031,1354960.257918031 
 03/23  24:00:00,6304960.257918031,1354960.257918031 
 03/24  01:00:00,6304960.257918031,1354960.257918031 
 03/24  02:00:00,6304960.257918031,1354960.257918031 
 03/24  03:00:00,6304960.257918031,1354960.257918031 
 03/24  04:00:00,6304960.257918031,1354960.257918031 
 03/24  05:00:00,6304960.257918031,1354960.257918031 
 03/24  06:00:00,6304960.257918031,1354960.257918031 
 03/24  07:00:00,6304960.257918031,1354960.257918031 
 03/24  08:00:00,6304960.257918031,1354960.257918031 
 03/24  09:00:00,6304960.257918031,1354960.257918031 
 03/24  10:00:00,6304960.257918031,1354960.257918031 
 03/24  11:00:00,6304960.257918031,1354960.257918031 
 03/24  12:00:00,6304960.257918031,1354960.257918031 
 03/24  13:00:00,6304960.257918031,1354960.257918031 
 03/24  14:00:00,6304960.257918031,1354960.257918031 
 03/24  15:00:00,6304960.257918031,1354960.257918031 
 03/24  16:00:00,6304960.257918031,1354960.257918031 
 03/24  17:00:00,6304960.257918031,1354960.257918031 
 03/24  18:00:00,6304960.257918031,1354960.257918031 
 03/24  19:00:00,6304960.257918031,1354960.257918031 
 03/24  20:00:00,6304960.257918031,1354960.257918031 
 03/24  21:00:00,6305146.974875124,1354960.257918031 
 03/24  22:00:00,6306152.08727034,1354960.257918031 
 03/24  23:00:00,6307014.055985788,1354960.257918031 
 03/24  24:00:00,6307744.002045302,1354960.257918031 
 03/25  01:00:00,3070682.8550926475,1354960.257918031 
 03/25  02:00:00,3071331.2884987453,1354960.257918031 
 03/25  03:00:00,3071636.4981428096,1354960.257918031 
 03/25  04:00:00,3071566.6714241793,1354960.257918031 
 03/25  05:00:00,3071116.4613920986,1354960.257918031 
 03/25  06:00:00,3070775.1447002403,1354960.257918031 
 03/25  07:00:00,3143447.6095397836,1354960.257918031 
 03/25  08:00:00,3129699.9918598076,1354960.257918031 
 03/25  09:00:00,32921608.205534995,1354960.257918031 
 03/25  10:00:00,43268924.0798163,1354960.257918031 
 03/25  11:00:00,44620736.81493964,1354960.257918031 
 03/25  12:00:00,43242738.54852111,1354960.257918031 
 03/25  13:00:00,39185969.62234711,1354960.257918031 
 03/25  14:00:00,41883322.984101474,1354960.257918031 
 03/25  15:00:00,42779609.96687427,1354960.257918031 
 03/25  16:00:00,40977438.54310472,1354960.257918031 
 03/25  17:00:00,37379523.242447376,1354960.257918031 
 03/25  18:00:00,37383361.84312378,1354960.257918031 
 03/25  19:00:00,23002857.660139207,1354960.257918031 
 03/25  20:00:00,12231879.384571837,1354960.257918031 
 03/25  21:00:00,7114960.257918031,1354960.257918031 
 03/25  22:00:00,3064960.257918031,1354960.257918031 
 03/25  23:00:00,3064960.257918031,1354960.257918031 
 03/25  24:00:00,3064960.257918031,1354960.257918031 
 03/26  01:00:00,3064974.436572768,1354960.257918031 
 03/26  02:00:00,3066774.8529137615,1354960.257918031 
 03/26  03:00:00,3069510.843251329,1354960.257918031 
 03/26  04:00:00,3070454.2759350305,1354960.257918031 
 03/26  05:00:00,3070760.076697746,1354960.257918031 
 03/26  06:00:00,3070656.8804121185,1354960.257918031 
 03/26  07:00:00,3142396.075227136,1354960.257918031 
 03/26  08:00:00,3117693.8618698083,1354960.257918031 
 03/26  09:00:00,32885425.959893167,1354960.257918031 
 03/26  10:00:00,43245497.88313948,1384076.8620557075 
 03/26  11:00:00,46410678.67067337,1394405.7513606923 
 03/26  12:00:00,45517791.68609759,1389659.1262792652 
 03/26  13:00:00,41857644.65247889,1362652.967024412 
 03/26  14:00:00,44781296.56117614,1354960.257918031 
 03/26  15:00:00,47408320.798674084,1539591.2801146759 
 03/26  16:00:00,45980502.88229315,1593279.9696808038 
 03/26  17:00:00,41947484.717553616,1531212.9420302112 
 03/26  18:00:00,40805704.85672075,1395819.2391798045 
 03/26  19:00:00,25839383.01681848,1354960.257918031 
 03/26  20:00:00,14748933.492350942,1354960.257918031 
 03/26  21:00:00,7114960.257918031,1354960.257918031 
 03/26  22:00:00,3064960.257918031,1354960.257918031 
 03/26  23:00:00,3064960.257918031,1354960.257918031 
 03/26  24:00:00,3064960.257918031,1354960.257918031 
 03/27  01:00:00,3064960.257918031,1354960.257918031 
 03/27  02:00:00,3064960.257918031,1354960.257918031 
 03/27  03:00:00,3064960.257918031,1354960.257918031 
 03/27  04:00:00,3064960.257918031,1354960.257918031 
 03/27  05:00:00,3064960.257918031,1354960.257918031 
 03/27  06:00:00,3064960.257918031,1354960.257918031 
 03/27  07:00:00,5000317.457258872,1354960.257918031 
 03/27  08:00:00,5087219.823867061,1354960.257918031 
 03/27  09:00:00,34923876.40661055,1354960.257918031 
 03/27  10:00:00,45380519.99844329,1354960.257918031 
 03/27  11:00:00,47074342.756726824,1354960.257918031 
 03/27  12:00:00,46525982.0781167,1354960.257918031 
 03/27  13:00:00,42772828.50669459,1354960.257918031 
 03/27  14:00:00,45917298.7938017,1409509.288893634 
 03/27  15:00:00,47342557.04636381,1425293.3837585764 
 03/27  16:00:00,45736786.83405125,1485732.5396873453 
 03/27  17:00:00,41233082.059246615,1384022.6159257768 
 03/27  18:00:00,40586590.48335108,1373362.338764576 
 03/27  19:00:00,25551426.380522385,1354960.257918031 
 03/27  20:00:00,14391442.576431349,1354960.257918031 
 03/27  21:00:00,7114960.257918031,1354960.257918031 
 03/27  22:00:00,3064960.257918031,1354960.257918031 
 03/27  23:00:00,3064960.257918031,1354960.257918031 
 03/27  24:00:00,3064960.257918031,1354960.257918031 
 03/28  01:00:00,3064960.257918031,1354960.257918031 
 03/28  02:00:00,3064960.257918031,1354960.257918031 
 03/28  03:00:00,3064960.257918031,1354960.257918031 
 03/28  04:00:00,3064960.257918031,1354960.257918031 
 03/28  05:00:00,3064960.257918031,1354960.257918031 
 03/28  06:00:00,3064960.257918031,1354960.257918031 
 03/28  07:00:00,3099932.18765044,1354960.257918031 
 03/28  08:00:00,3094826.4012604393,1354960.257918031 
 03/28  09:00:00,32888960.615452316,1354960.257918031 
 03/28  10:00:00,43225656.56245902,1354960.257918031 
 03/28  11:00:00,44580572.53713021,1354960.257918031 
 03/28  12:00:00,43235089.02517166,1354960.257918031 
 03/28  13:00:00,39189847.7951837,1354960.257918031 
 03/28  14:00:00,41889378.03651454,1354960.257918031 
 03/28  15:00:00,42786776.764593296,1354960.257918031 
 03/28  16:00:00,40981393.09386179,1354960.257918031 
 03/28  17:00:00,37376641.93173326,1354960.257918031 
 03/28  18:00:00,37375669.329581276,1354960.257918031 
 03/28  19:00:00,22974177.1321392,1354960.257918031 
 03/28  20:00:00,12177775.539822223,1354960.257918031 
 03/28  21:00:00,7114960.257918031,1354960.257918031 
 03/28  22:00:00,3064960.257918031,1354960.257918031 
 03/28  23:00:00,3064960.257918031,1354960.257918031 
 03/28  24:00:00,3064960.257918031,1354960.257918031 
 03/29  01:00:00,3064960.257918031,1354960.257918031 
 03/29  02:00:00,3064960.257918031,1354960.257918031 
 03/29  03:00:00,3064960.257918031,1354960.257918031 
 03/29  04:00:00,3064960.257918031,1354960.257918031 
 03/29  05:00:00,3064960.257918031,1354960.257918031 
 03/29  06:00:00,3064960.257918031,1354960.257918031 
 03/29  07:00:00,3126835.703483444,1354960.257918031 
 03/29  08:00:00,3126445.2500006617,1354960.257918031 
 03/29  09:00:00,32876249.70724941,1354960.257918031 
 03/29  10:00:00,43217725.58079149,1354960.257918031 
 03/29  11:00:00,45035079.167318426,1354960.257918031 
 03/29  12:00:00,45171315.92010085,1354960.257918031 
 03/29  13:00:00,41332316.21693367,1354960.257918031 
 03/29  14:00:00,44156656.95775155,1354960.257918031 
 03/29  15:00:00,44153266.04021616,1381347.0023704465 
 03/29  16:00:00,40968039.385896906,1354960.257918031 
 03/29  17:00:00,37379583.53278558,1354960.257918031 
 03/29  18:00:00,37387207.556071416,1354960.257918031 
 03/29  19:00:00,22994261.73806429,1354960.257918031 
 03/29  20:00:00,12224621.198394358,1354960.257918031 
 03/29  21:00:00,7114960.257918031,1354960.257918031 
 03/29  22:00:00,3064960.257918031,1354960.257918031 
 03/29  23:00:00,3064960.257918031,1354960.257918031 
 03/29  24:00:00,3064960.257918031,1354960.257918031 
 03/30  01:00:00,6304960.257918031,1354960.257918031 
 03/30  02:00:00,6305518.862169346,1354960.257918031 
 03/30  03:00:00,6307299.776160991,1354960.257918031 
 03/30  04:00:00,6309804.008587858,1354960.257918031 
 03/30  05:00:00,6310553.57776865,1354960.257918031 
 03/30  06:00:00,6309641.47867968,1354960.257918031 
 03/30  07:00:00,6307434.961841606,1354960.257918031 
 03/30  08:00:00,6305358.421309608,1354960.257918031 
 03/30  09:00:00,6304960.257918031,1354960.257918031 
 03/30  10:00:00,6304960.257918031,1354960.257918031 
 03/30  11:00:00,6304960.257918031,1354960.257918031 
 03/30  12:00:00,6304960.257918031,1354960.257918031 
 03/30  13:00:00,6304960.257918031,1354960.257918031 
 03/30  14:00:00,6304960.257918031,1354960.257918031 
 03/30  15:00:00,6304960.257918031,1354960.257918031 
 03/30  16:00:00,6304960.257918031,1354960.257918031 
 03/30  17:00:00,6304960.257918031,1354960.257918031 
 03/30  18:00:00,6304960.257918031,1354960.257918031 
 03/30  19:00:00,6304960.257918031,1354960.257918031 
 03/30  20:00:00,6305028.438076582,1354960.257918031 
 03/30  21:00:00,6306204.774819007,1354960.257918031 
 03/30  22:00:00,6307144.736277636,1354960.257918031 
 03/30  23:00:00,6307789.616373657,1354960.257918031 
 03/30  24:00:00,6308440.82553678,1354960.257918031 
 03/31  01:00:00,6309219.464373912,1354960.257918031 
 03/31  02:00:00,6309977.949103826,1354960.257918031 
 03/31  03:00:00,6310380.193369894,1354960.257918031 
 03/31  04:00:00,6310928.419142694,1354960.257918031 
 03/31  05:00:00,6310281.912842592,1354960.257918031 
 03/31  06:00:00,6309463.518543939,1354960.257918031 
 03/31  07:00:00,6307308.462907823,1354960.257918031 
 03/31  08:00:00,6305115.427611842,1354960.257918031 
 03/31  09:00:00,6304960.257918031,1354960.257918031 
 03/31  10:00:00,6304960.257918031,1354960.257918031 
 03/31  11:00:00,6304960.257918031,1354960.257918031 
 03/31  12:00:00,6304960.257918031,1354960.257918031 
 03/31  13:00:00,6304960.257918031,1354960.257918031 
 03/31  14:00:00,6304960.257918031,1354960.257918031 
 03/31  15:00:00,6304960.257918031,1354960.257918031 
 03/31  16:00:00,6304960.257918031,1354960.257918031 
 03/31  17:00:00,6304960.257918031,1354960.257918031 
 03/31  18:00:00,6304960.257918031,1354960.257918031 
 03/31  19:00:00,6306457.289937489,1354960.257918031 
 03/31  20:00:00,6308736.227710841,1354960.257918031 
 03/31  21:00:00,6310602.68606643,1354960.257918031 
 03/31  22:00:00,6311825.003308139,1354960.257918031 
 03/31  23:00:00,6312238.575466252,1354960.257918031 
 03/31  24:00:00,6312377.083035414,1354960.257918031,11716934320.69232,10568070000.0,6589350000.0,1012038616.756954,136825703.93515262,4775313115.155828,4775313115.155828,,,,,,,,6589350000.0,,10568070000.0,,3978720000.0 
 04/01  01:00:00,1710000.0,0.0 
 04/01  02:00:00,1710000.0,0.0 
 04/01  03:00:00,1710000.0,0.0 
 04/01  04:00:00,1710000.0,0.0 
 04/01  05:00:00,1710000.0,0.0 
 04/01  06:00:00,1710000.0,0.0 
 04/01  07:00:00,3112115.344658551,1354960.257918031 
 04/01  08:00:00,3099418.992357698,1354960.257918031 
 04/01  09:00:00,32888946.105011508,1354960.257918031 
 04/01  10:00:00,43232725.74696684,1358198.9280978795 
 04/01  11:00:00,44597160.24691959,1354960.257918031 
 04/01  12:00:00,43270613.687878884,1354960.257918031 
 04/01  13:00:00,39226257.38958182,1354960.257918031 
 04/01  14:00:00,41925772.966899544,1354960.257918031 
 04/01  15:00:00,42784933.526040226,1354960.257918031 
 04/01  16:00:00,40979404.58857146,1354960.257918031 
 04/01  17:00:00,37379394.81647121,1354960.257918031 
 04/01  18:00:00,37380113.997963846,1354960.257918031 
 04/01  19:00:00,22987772.855695397,1354960.257918031 
 04/01  20:00:00,12185173.6078538,1354960.257918031 
 04/01  21:00:00,5760000.0,0.0 
 04/01  22:00:00,1710000.0,0.0 
 04/01  23:00:00,1710000.0,0.0 
 04/01  24:00:00,1710000.0,0.0 
 04/02  01:00:00,1710000.0,0.0 
 04/02  02:00:00,1710000.0,0.0 
 04/02  03:00:00,1710000.0,0.0 
 04/02  04:00:00,1710000.0,0.0 
 04/02  05:00:00,1710000.0,0.0 
 04/02  06:00:00,1710000.0,0.0 
 04/02  07:00:00,3096498.6749269,1354960.257918031 
 04/02  08:00:00,3092514.776352261,1354960.257918031 
 04/02  09:00:00,32892437.733982366,1354960.257918031 
 04/02  10:00:00,43227006.429875016,1354960.257918031 
 04/02  11:00:00,44567439.734118424,1354960.257918031 
 04/02  12:00:00,43215508.55132788,1354960.257918031 
 04/02  13:00:00,39164947.8731312,1354960.257918031 
 04/02  14:00:00,41863366.39859968,1354960.257918031 
 04/02  15:00:00,42763524.22344008,1354960.257918031 
 04/02  16:00:00,40966543.22306596,1354960.257918031 
 04/02  17:00:00,37373950.57401929,1354960.257918031 
 04/02  18:00:00,37391643.81814072,1354960.257918031 
 04/02  19:00:00,22995180.287900373,1354960.257918031 
 04/02  20:00:00,12181990.641560761,1354960.257918031 
 04/02  21:00:00,5760000.0,0.0 
 04/02  22:00:00,1710000.0,0.0 
 04/02  23:00:00,1710000.0,0.0 
 04/02  24:00:00,1710000.0,0.0 
 04/03  01:00:00,1710000.0,0.0 
 04/03  02:00:00,1710000.0,0.0 
 04/03  03:00:00,1710000.0,0.0 
 04/03  04:00:00,1710000.0,0.0 
 04/03  05:00:00,1710000.0,0.0 
 04/03  06:00:00,1710000.0,0.0 
 04/03  07:00:00,3107244.7242678646,1354960.257918031 
 04/03  08:00:00,3098933.6877655094,1354960.257918031 
 04/03  09:00:00,32910316.58951444,1354960.257918031 
 04/03  10:00:00,43229407.42886579,1354960.257918031 
 04/03  11:00:00,44578373.00533569,1354960.257918031 
 04/03  12:00:00,43234476.86469621,1354960.257918031 
 04/03  13:00:00,39195038.712066665,1354960.257918031 
 04/03  14:00:00,41925993.671324335,1354960.257918031 
 04/03  15:00:00,42805813.28059201,1354960.257918031 
 04/03  16:00:00,41006686.08529982,1354960.257918031 
 04/03  17:00:00,37387260.87595539,1354960.257918031 
 04/03  18:00:00,37375345.088013224,1354960.257918031 
 04/03  19:00:00,22975432.174198724,1354960.257918031 
 04/03  20:00:00,12178639.637152582,1354960.257918031 
 04/03  21:00:00,5760000.0,0.0 
 04/03  22:00:00,1710000.0,0.0 
 04/03  23:00:00,1710000.0,0.0 
 04/03  24:00:00,1710000.0,0.0 
 04/04  01:00:00,1710000.0,0.0 
 04/04  02:00:00,1710000.0,0.0 
 04/04  03:00:00,1710000.0,0.0 
 04/04  04:00:00,1710000.0,0.0 
 04/04  05:00:00,1710000.0,0.0 
 04/04  06:00:00,1710000.0,0.0 
 04/04  07:00:00,3104759.1077717817,1354960.257918031 
 04/04  08:00:00,3100153.3148218244,1354960.257918031 
 04/04  09:00:00,32894654.236906834,1354960.257918031 
 04/04  10:00:00,43231724.151605725,1354960.257918031 
 04/04  11:00:00,44578052.8534707,1354960.257918031 
 04/04  12:00:00,43226203.41311355,1354960.257918031 
 04/04  13:00:00,39176565.56635024,1354960.257918031 
 04/04  14:00:00,41876889.70677086,1354960.257918031 
 04/04  15:00:00,42777648.73469963,1354960.257918031 
 04/04  16:00:00,40978990.740193605,1354960.257918031 
 04/04  17:00:00,37380630.56071688,1354960.257918031 
 04/04  18:00:00,37381466.02733934,1354960.257918031 
 04/04  19:00:00,22987091.892795917,1354960.257918031 
 04/04  20:00:00,12188458.212538494,1354960.257918031 
 04/04  21:00:00,5760000.0,0.0 
 04/04  22:00:00,1710000.0,0.0 
 04/04  23:00:00,1710000.0,0.0 
 04/04  24:00:00,1710000.0,0.0 
 04/05  01:00:00,1710000.0,0.0 
 04/05  02:00:00,1710000.0,0.0 
 04/05  03:00:00,1710000.0,0.0 
 04/05  04:00:00,1710000.0,0.0 
 04/05  05:00:00,1710000.0,0.0 
 04/05  06:00:00,1710000.0,0.0 
 04/05  07:00:00,3118772.0357385636,1354960.257918031 
 04/05  08:00:00,3103774.9085714603,1354960.257918031 
 04/05  09:00:00,32894048.69709938,1354960.257918031 
 04/05  10:00:00,43229443.10202648,1354960.257918031 
 04/05  11:00:00,44583893.96772241,1354960.257918031 
 04/05  12:00:00,43233016.0894101,1354960.257918031 
 04/05  13:00:00,39190698.093164295,1354960.257918031 
 04/05  14:00:00,41881668.63972822,1354960.257918031 
 04/05  15:00:00,42770211.67609249,1354960.257918031 
 04/05  16:00:00,40971372.53622721,1354960.257918031 
 04/05  17:00:00,37378919.520677395,1354960.257918031 
 04/05  18:00:00,37379729.00564034,1354960.257918031 
 04/05  19:00:00,22976682.06459026,1354960.257918031 
 04/05  20:00:00,12181191.190850224,1354960.257918031 
 04/05  21:00:00,5760000.0,0.0 
 04/05  22:00:00,1710000.0,0.0 
 04/05  23:00:00,1710000.0,0.0 
 04/05  24:00:00,1710000.0,0.0 
 04/06  01:00:00,4950000.0,0.0 
 04/06  02:00:00,4950000.0,0.0 
 04/06  03:00:00,4950000.0,0.0 
 04/06  04:00:00,4950000.0,0.0 
 04/06  05:00:00,4950000.0,0.0 
 04/06  06:00:00,4950000.0,0.0 
 04/06  07:00:00,4950000.0,0.0 
 04/06  08:00:00,4950000.0,0.0 
 04/06  09:00:00,4950000.0,0.0 
 04/06  10:00:00,4950000.0,0.0 
 04/06  11:00:00,4950000.0,0.0 
 04/06  12:00:00,4950000.0,0.0 
 04/06  13:00:00,4950000.0,0.0 
 04/06  14:00:00,4950000.0,0.0 
 04/06  15:00:00,4950000.0,0.0 
 04/06  16:00:00,4950000.0,0.0 
 04/06  17:00:00,4950000.0,0.0 
 04/06  18:00:00,4950000.0,0.0 
 04/06  19:00:00,4950000.0,0.0 
 04/06  20:00:00,4950000.0,0.0 
 04/06  21:00:00,4950000.0,0.0 
 04/06  22:00:00,4950000.0,0.0 
 04/06  23:00:00,4950000.0,0.0 
 04/06  24:00:00,4950000.0,0.0 
 04/07  01:00:00,4950000.0,0.0 
 04/07  02:00:00,4950000.0,0.0 
 04/07  03:00:00,4950000.0,0.0 
 04/07  04:00:00,4950000.0,0.0 
 04/07  05:00:00,4950000.0,0.0 
 04/07  06:00:00,4950000.0,0.0 
 04/07  07:00:00,4950000.0,0.0 
 04/07  08:00:00,4950000.0,0.0 
 04/07  09:00:00,4950000.0,0.0 
 04/07  10:00:00,4950000.0,0.0 
 04/07  11:00:00,4950000.0,0.0 
 04/07  12:00:00,4950000.0,0.0 
 04/07  13:00:00,4950000.0,0.0 
 04/07  14:00:00,4950000.0,0.0 
 04/07  15:00:00,4950000.0,0.0 
 04/07  16:00:00,4950000.0,0.0 
 04/07  17:00:00,4950000.0,0.0 
 04/07  18:00:00,4950000.0,0.0 
 04/07  19:00:00,4950000.0,0.0 
 04/07  20:00:00,4950000.0,0.0 
 04/07  21:00:00,4950000.0,0.0 
 04/07  22:00:00,4950000.0,0.0 
 04/07  23:00:00,4950000.0,0.0 
 04/07  24:00:00,4950000.0,0.0 
 04/08  01:00:00,1710000.0,0.0 
 04/08  02:00:00,1710000.0,0.0 
 04/08  03:00:00,1710000.0,0.0 
 04/08  04:00:00,1710000.0,0.0 
 04/08  05:00:00,1710000.0,0.0 
 04/08  06:00:00,1710000.0,0.0 
 04/08  07:00:00,3069917.608282905,1354960.257918031 
 04/08  08:00:00,3069261.4981452683,1354960.257918031 
 04/08  09:00:00,32865626.55017983,1354960.257918031 
 04/08  10:00:00,43206498.59079132,1354960.257918031 
 04/08  11:00:00,45592986.12962699,1354960.257918031 
 04/08  12:00:00,45293589.018164456,1354960.257918031 
 04/08  13:00:00,41425160.028109565,1354960.257918031 
 04/08  14:00:00,44193939.6183711,1354960.257918031 
 04/08  15:00:00,45161223.79865024,1354960.257918031 
 04/08  16:00:00,43410827.92382178,1354960.257918031 
 04/08  17:00:00,39845139.547596194,1354960.257918031 
 04/08  18:00:00,39875770.95993817,1354960.257918031 
 04/08  19:00:00,23565660.06817446,1354960.257918031 
 04/08  20:00:00,12160321.887103098,1354960.257918031 
 04/08  21:00:00,5760000.0,0.0 
 04/08  22:00:00,1710000.0,0.0 
 04/08  23:00:00,1710000.0,0.0 
 04/08  24:00:00,1710000.0,0.0 
 04/09  01:00:00,1710000.0,0.0 
 04/09  02:00:00,1710000.0,0.0 
 04/09  03:00:00,1710000.0,0.0 
 04/09  04:00:00,1710000.0,0.0 
 04/09  05:00:00,1710000.0,0.0 
 04/09  06:00:00,1710000.0,0.0 
 04/09  07:00:00,3078600.214699679,1354960.257918031 
 04/09  08:00:00,3097842.4754683343,1354960.257918031 
 04/09  09:00:00,32884497.67953446,1354960.257918031 
 04/09  10:00:00,43225032.14061883,1354960.257918031 
 04/09  11:00:00,44566639.53614166,1354960.257918031 
 04/09  12:00:00,43215026.48780511,1354960.257918031 
 04/09  13:00:00,39161834.576635756,1354960.257918031 
 04/09  14:00:00,41858769.67482969,1354960.257918031 
 04/09  15:00:00,42756932.1577775,1354960.257918031 
 04/09  16:00:00,43461257.481483676,1419999.0143250325 
 04/09  17:00:00,38433417.44932366,1372401.0571055727 
 04/09  18:00:00,37357399.65687092,1354960.257918031 
 04/09  19:00:00,22960871.445759878,1354960.257918031 
 04/09  20:00:00,12170954.31819166,1354960.257918031 
 04/09  21:00:00,5760000.0,0.0 
 04/09  22:00:00,1710000.0,0.0 
 04/09  23:00:00,1710000.0,0.0 
 04/09  24:00:00,1710000.0,0.0 
 04/10  01:00:00,1710000.0,0.0 
 04/10  02:00:00,1710000.0,0.0 
 04/10  03:00:00,1710000.0,0.0 
 04/10  04:00:00,1710000.0,0.0 
 04/10  05:00:00,1710000.0,0.0 
 04/10  06:00:00,1710000.0,0.0 
 04/10  07:00:00,3106016.5316295433,1354960.257918031 
 04/10  08:00:00,3093902.264190894,1354960.257918031 
 04/10  09:00:00,32860397.118869357,1354960.257918031 
 04/10  10:00:00,44970038.89816393,1382746.144023432 
 04/10  11:00:00,47868034.591318145,1394235.4750414647 
 04/10  12:00:00,46998099.70129949,1393526.2225031587 
 04/10  13:00:00,42944345.2931471,1354960.257918031 
 04/10  14:00:00,46162731.64111905,1398739.580085996 
 04/10  15:00:00,48260351.40512077,1496312.664566769 
 04/10  16:00:00,47318829.9156124,1530582.6210035537 
 04/10  17:00:00,43106097.53304474,1472727.0156002399 
 04/10  18:00:00,41916068.40270286,1397614.9669773965 
 04/10  19:00:00,26406309.27370603,1354960.257918031 
 04/10  20:00:00,14997333.565096177,1354960.257918031 
 04/10  21:00:00,5760000.0,0.0 
 04/10  22:00:00,1710000.0,0.0 
 04/10  23:00:00,1710000.0,0.0 
 04/10  24:00:00,1710000.0,0.0 
 04/11  01:00:00,1710000.0,0.0 
 04/11  02:00:00,1710000.0,0.0 
 04/11  03:00:00,1710000.0,0.0 
 04/11  04:00:00,1710000.0,0.0 
 04/11  05:00:00,1710000.0,0.0 
 04/11  06:00:00,1710000.0,0.0 
 04/11  07:00:00,4576396.135935491,1354960.257918031 
 04/11  08:00:00,5480805.773757603,1354960.257918031 
 04/11  09:00:00,35833345.24270914,1354960.257918031 
 04/11  10:00:00,47468768.81612089,1381528.898307445 
 04/11  11:00:00,50086319.61289123,1447046.1246804493 
 04/11  12:00:00,48868411.51412325,1399120.6986001418 
 04/11  13:00:00,44609890.90579392,1370221.8327881345 
 04/11  14:00:00,48625079.62156807,1429352.444548999 
 04/11  15:00:00,50653994.34788125,1474979.4918085588 
 04/11  16:00:00,49197430.07652316,1492710.596308164 
 04/11  17:00:00,44917386.80743978,1446259.743427137 
 04/11  18:00:00,44095318.132990465,1407832.7968200927 
 04/11  19:00:00,28387898.05533722,1354960.257918031 
 04/11  20:00:00,17222559.320628073,1354960.257918031 
 04/11  21:00:00,5760000.0,0.0 
 04/11  22:00:00,1710000.0,0.0 
 04/11  23:00:00,1710000.0,0.0 
 04/11  24:00:00,1710000.0,0.0 
 04/12  01:00:00,1710000.0,0.0 
 04/12  02:00:00,1710000.0,0.0 
 04/12  03:00:00,1710000.0,0.0 
 04/12  04:00:00,1710000.0,0.0 
 04/12  05:00:00,1710000.0,0.0 
 04/12  06:00:00,1710000.0,0.0 
 04/12  07:00:00,6815398.647251606,1354960.257918031 
 04/12  08:00:00,6892467.684366266,1354960.257918031 
 04/12  09:00:00,36917276.6665193,1354960.257918031 
 04/12  10:00:00,47388152.372395284,1354960.257918031 
 04/12  11:00:00,48797753.75003863,1354960.257918031 
 04/12  12:00:00,47521120.80442368,1354960.257918031 
 04/12  13:00:00,42729181.9099657,1354960.257918031 
 04/12  14:00:00,44874244.79717212,1354960.257918031 
 04/12  15:00:00,45743149.29135488,1369833.6360130208 
 04/12  16:00:00,43718125.81428383,1354960.257918031 
 04/12  17:00:00,39949630.31827332,1354960.257918031 
 04/12  18:00:00,38580468.85591756,1354960.257918031 
 04/12  19:00:00,22957240.777247354,1354960.257918031 
 04/12  20:00:00,12159670.414713945,1354960.257918031 
 04/12  21:00:00,5760000.0,0.0 
 04/12  22:00:00,1710000.0,0.0 
 04/12  23:00:00,1710000.0,0.0 
 04/12  24:00:00,1710000.0,0.0 
 04/13  01:00:00,4950000.0,0.0 
 04/13  02:00:00,4950000.0,0.0 
 04/13  03:00:00,4950000.0,0.0 
 04/13  04:00:00,4950000.0,0.0 
 04/13  05:00:00,4950000.0,0.0 
 04/13  06:00:00,4950000.0,0.0 
 04/13  07:00:00,4950000.0,0.0 
 04/13  08:00:00,4950000.0,0.0 
 04/13  09:00:00,4950000.0,0.0 
 04/13  10:00:00,4950000.0,0.0 
 04/13  11:00:00,4950000.0,0.0 
 04/13  12:00:00,4950000.0,0.0 
 04/13  13:00:00,4950000.0,0.0 
 04/13  14:00:00,4950000.0,0.0 
 04/13  15:00:00,4950000.0,0.0 
 04/13  16:00:00,4950000.0,0.0 
 04/13  17:00:00,4950000.0,0.0 
 04/13  18:00:00,4950000.0,0.0 
 04/13  19:00:00,4950000.0,0.0 
 04/13  20:00:00,4950000.0,0.0 
 04/13  21:00:00,4950000.0,0.0 
 04/13  22:00:00,4950000.0,0.0 
 04/13  23:00:00,4950000.0,0.0 
 04/13  24:00:00,4950000.0,0.0 
 04/14  01:00:00,4950000.0,0.0 
 04/14  02:00:00,4950000.0,0.0 
 04/14  03:00:00,4950000.0,0.0 
 04/14  04:00:00,4950000.0,0.0 
 04/14  05:00:00,4950000.0,0.0 
 04/14  06:00:00,4950000.0,0.0 
 04/14  07:00:00,4950000.0,0.0 
 04/14  08:00:00,4950000.0,0.0 
 04/14  09:00:00,4950000.0,0.0 
 04/14  10:00:00,4950000.0,0.0 
 04/14  11:00:00,4950000.0,0.0 
 04/14  12:00:00,4950000.0,0.0 
 04/14  13:00:00,4950000.0,0.0 
 04/14  14:00:00,4950000.0,0.0 
 04/14  15:00:00,4950000.0,0.0 
 04/14  16:00:00,4950000.0,0.0 
 04/14  17:00:00,4950000.0,0.0 
 04/14  18:00:00,4950000.0,0.0 
 04/14  19:00:00,4950000.0,0.0 
 04/14  20:00:00,4950000.0,0.0 
 04/14  21:00:00,4950000.0,0.0 
 04/14  22:00:00,4950000.0,0.0 
 04/14  23:00:00,4950000.0,0.0 
 04/14  24:00:00,4950000.0,0.0 
 04/15  01:00:00,1710000.0,0.0 
 04/15  02:00:00,1710000.0,0.0 
 04/15  03:00:00,1710000.0,0.0 
 04/15  04:00:00,1710000.0,0.0 
 04/15  05:00:00,1710000.0,0.0 
 04/15  06:00:00,1710000.0,0.0 
 04/15  07:00:00,8148418.624781017,1354960.257918031 
 04/15  08:00:00,8743700.617101675,1354960.257918031 
 04/15  09:00:00,39663170.71993608,1362811.9483912745 
 04/15  10:00:00,52035069.31699356,1406293.3743768279 
 04/15  11:00:00,56213793.63531484,1483343.2989062588 
 04/15  12:00:00,56369642.029844195,1506566.347376876 
 04/15  13:00:00,51456008.38065569,1444276.0724151393 
 04/15  14:00:00,55111378.50896876,1525703.0021433146 
 04/15  15:00:00,57155233.609817445,1606130.4345817673 
 04/15  16:00:00,55511507.05912205,1612167.4571951614 
 04/15  17:00:00,50441432.34597226,1536809.5087297738 
 04/15  18:00:00,48904415.1959798,1476292.6859654088 
 04/15  19:00:00,31529837.679381154,1354960.257918031 
 04/15  20:00:00,20785819.234843526,1354960.257918031 
 04/15  21:00:00,5760000.0,0.0 
 04/15  22:00:00,1710000.0,0.0 
 04/15  23:00:00,1710000.0,0.0 
 04/15  24:00:00,1710000.0,0.0 
 04/16  01:00:00,1710000.0,0.0 
 04/16  02:00:00,1710000.0,0.0 
 04/16  03:00:00,1710000.0,0.0 
 04/16  04:00:00,1710000.0,0.0 
 04/16  05:00:00,1710000.0,0.0 
 04/16  06:00:00,1710000.0,0.0 
 04/16  07:00:00,10109665.341182414,1354960.257918031 
 04/16  08:00:00,10778679.016323164,1354960.257918031 
 04/16  09:00:00,41494479.50832148,1374209.2420336367 
 04/16  10:00:00,53628177.845476046,1429389.8526419986 
 04/16  11:00:00,57666338.54011929,1519530.8694482406 
 04/16  12:00:00,57083120.14118815,1532529.2726083475 
 04/16  13:00:00,51737092.42245563,1452140.55826932 
 04/16  14:00:00,55781501.40413827,1529583.242556936 
 04/16  15:00:00,57599881.65429248,1606166.5691780387 
 04/16  16:00:00,54805298.45030228,1568524.8707555681 
 04/16  17:00:00,48693322.80603726,1444565.7454397231 
 04/16  18:00:00,47328022.75267036,1402470.2054715205 
 04/16  19:00:00,31341432.426567957,1354960.257918031 
 04/16  20:00:00,20503819.981115423,1354960.257918031 
 04/16  21:00:00,5760000.0,0.0 
 04/16  22:00:00,1710000.0,0.0 
 04/16  23:00:00,1710000.0,0.0 
 04/16  24:00:00,1710000.0,0.0 
 04/17  01:00:00,1710000.0,0.0 
 04/17  02:00:00,1710000.0,0.0 
 04/17  03:00:00,1710000.0,0.0 
 04/17  04:00:00,1710000.0,0.0 
 04/17  05:00:00,1710000.0,0.0 
 04/17  06:00:00,1710000.0,0.0 
 04/17  07:00:00,9513765.402664972,1354960.257918031 
 04/17  08:00:00,9883665.90885644,1354960.257918031 
 04/17  09:00:00,40675639.93807324,1354960.257918031 
 04/17  10:00:00,52456571.38287465,1384088.427988571 
 04/17  11:00:00,55669167.64857452,1454442.7826819213 
 04/17  12:00:00,55464972.09872566,1488053.87920272 
 04/17  13:00:00,50064192.76798167,1424742.9932263985 
 04/17  14:00:00,54538723.5302203,1499356.2527591288 
 04/17  15:00:00,56675883.4173241,1577716.0253521984 
 04/17  16:00:00,54416852.650573954,1591907.199963751 
 04/17  17:00:00,48982944.26559915,1528001.919817169 
 04/17  18:00:00,47292326.35575197,1474566.0926304627 
 04/17  19:00:00,29847430.882607624,1354960.257918031 
 04/17  20:00:00,18423307.01654818,1354960.257918031 
 04/17  21:00:00,5760000.0,0.0 
 04/17  22:00:00,1710000.0,0.0 
 04/17  23:00:00,1710000.0,0.0 
 04/17  24:00:00,1710000.0,0.0 
 04/18  01:00:00,1710000.0,0.0 
 04/18  02:00:00,1710000.0,0.0 
 04/18  03:00:00,1710000.0,0.0 
 04/18  04:00:00,1710000.0,0.0 
 04/18  05:00:00,1710000.0,0.0 
 04/18  06:00:00,1710000.0,0.0 
 04/18  07:00:00,10194450.29128879,1354960.257918031 
 04/18  08:00:00,11149351.845142977,1354960.257918031 
 04/18  09:00:00,41873883.46117072,1354960.257918031 
 04/18  10:00:00,53222303.74108122,1386965.3902133564 
 04/18  11:00:00,57407988.94853307,1488774.438367342 
 04/18  12:00:00,57422591.187836334,1523060.6089139134 
 04/18  13:00:00,52754513.82278643,1457973.9799537086 
 04/18  14:00:00,56875448.784672566,1545318.1483553601 
 04/18  15:00:00,58587236.29689312,1616346.630443011 
 04/18  16:00:00,54566813.17215957,1527299.6492213886 
 04/18  17:00:00,48485673.21036054,1428672.5881094723 
 04/18  18:00:00,48366365.86517578,1421737.6091123754 
 04/18  19:00:00,32773695.969977424,1354960.257918031 
 04/18  20:00:00,22156915.84548775,1354960.257918031 
 04/18  21:00:00,5760000.0,0.0 
 04/18  22:00:00,1710000.0,0.0 
 04/18  23:00:00,1710000.0,0.0 
 04/18  24:00:00,1710000.0,0.0 
 04/19  01:00:00,1710000.0,0.0 
 04/19  02:00:00,1710000.0,0.0 
 04/19  03:00:00,1710000.0,0.0 
 04/19  04:00:00,1710000.0,0.0 
 04/19  05:00:00,1710000.0,0.0 
 04/19  06:00:00,1710000.0,0.0 
 04/19  07:00:00,6896687.89370371,1354960.257918031 
 04/19  08:00:00,6688198.396552952,1354960.257918031 
 04/19  09:00:00,36616959.14408153,1354960.257918031 
 04/19  10:00:00,46982986.87362188,1361990.8114312366 
 04/19  11:00:00,48897809.97289858,1425412.3021496874 
 04/19  12:00:00,48114322.01808691,1453901.7142408455 
 04/19  13:00:00,42656318.85721194,1354960.257918031 
 04/19  14:00:00,45463234.181471385,1386132.4676620914 
 04/19  15:00:00,47144709.19602646,1457896.448682217 
 04/19  16:00:00,44685992.928760454,1404797.1675414287 
 04/19  17:00:00,40512165.02520005,1377656.1617227728 
 04/19  18:00:00,40193510.18613531,1369935.8936186067 
 04/19  19:00:00,24184869.779640857,1354960.257918031 
 04/19  20:00:00,12157285.025057344,1354960.257918031 
 04/19  21:00:00,5760000.0,0.0 
 04/19  22:00:00,1710000.0,0.0 
 04/19  23:00:00,1710000.0,0.0 
 04/19  24:00:00,1710000.0,0.0 
 04/20  01:00:00,4950000.0,0.0 
 04/20  02:00:00,4950000.0,0.0 
 04/20  03:00:00,4950000.0,0.0 
 04/20  04:00:00,4950000.0,0.0 
 04/20  05:00:00,4950000.0,0.0 
 04/20  06:00:00,4950000.0,0.0 
 04/20  07:00:00,4950000.0,0.0 
 04/20  08:00:00,4950000.0,0.0 
 04/20  09:00:00,4950000.0,0.0 
 04/20  10:00:00,4950000.0,0.0 
 04/20  11:00:00,4950000.0,0.0 
 04/20  12:00:00,4950000.0,0.0 
 04/20  13:00:00,4950000.0,0.0 
 04/20  14:00:00,4950000.0,0.0 
 04/20  15:00:00,4950000.0,0.0 
 04/20  16:00:00,4950000.0,0.0 
 04/20  17:00:00,4950000.0,0.0 
 04/20  18:00:00,4950000.0,0.0 
 04/20  19:00:00,4950000.0,0.0 
 04/20  20:00:00,4950000.0,0.0 
 04/20  21:00:00,4950000.0,0.0 
 04/20  22:00:00,4950000.0,0.0 
 04/20  23:00:00,4950000.0,0.0 
 04/20  24:00:00,4950000.0,0.0 
 04/21  01:00:00,4950000.0,0.0 
 04/21  02:00:00,4950000.0,0.0 
 04/21  03:00:00,4950000.0,0.0 
 04/21  04:00:00,4950000.0,0.0 
 04/21  05:00:00,4950000.0,0.0 
 04/21  06:00:00,4950000.0,0.0 
 04/21  07:00:00,4950000.0,0.0 
 04/21  08:00:00,4950000.0,0.0 
 04/21  09:00:00,4950000.0,0.0 
 04/21  10:00:00,4950000.0,0.0 
 04/21  11:00:00,4950000.0,0.0 
 04/21  12:00:00,4950000.0,0.0 
 04/21  13:00:00,4950000.0,0.0 
 04/21  14:00:00,4950000.0,0.0 
 04/21  15:00:00,4950000.0,0.0 
 04/21  16:00:00,4950000.0,0.0 
 04/21  17:00:00,4950000.0,0.0 
 04/21  18:00:00,4950000.0,0.0 
 04/21  19:00:00,4950000.0,0.0 
 04/21  20:00:00,4950000.0,0.0 
 04/21  21:00:00,4950000.0,0.0 
 04/21  22:00:00,4950000.0,0.0 
 04/21  23:00:00,4950000.0,0.0 
 04/21  24:00:00,4950000.0,0.0 
 04/22  01:00:00,1710000.0,0.0 
 04/22  02:00:00,1710000.0,0.0 
 04/22  03:00:00,1710000.0,0.0 
 04/22  04:00:00,1710000.0,0.0 
 04/22  05:00:00,1710000.0,0.0 
 04/22  06:00:00,1710000.0,0.0 
 04/22  07:00:00,3099028.3039713167,1354960.257918031 
 04/22  08:00:00,3094287.302141351,1354960.257918031 
 04/22  09:00:00,32903226.79744161,1354960.257918031 
 04/22  10:00:00,43238197.957074925,1354960.257918031 
 04/22  11:00:00,44617207.124324754,1354960.257918031 
 04/22  12:00:00,43276281.32188319,1354960.257918031 
 04/22  13:00:00,39183021.153857715,1354960.257918031 
 04/22  14:00:00,41866562.05064899,1354960.257918031 
 04/22  15:00:00,42766139.951195925,1354960.257918031 
 04/22  16:00:00,40966548.46001531,1354960.257918031 
 04/22  17:00:00,37386077.1494691,1376334.1241186303 
 04/22  18:00:00,37391180.913183,1375024.9468553825 
 04/22  19:00:00,22988678.65495643,1354960.257918031 
 04/22  20:00:00,12196812.890320485,1354960.257918031 
 04/22  21:00:00,5760000.0,0.0 
 04/22  22:00:00,1710000.0,0.0 
 04/22  23:00:00,1710000.0,0.0 
 04/22  24:00:00,1710000.0,0.0 
 04/23  01:00:00,1710000.0,0.0 
 04/23  02:00:00,1710000.0,0.0 
 04/23  03:00:00,1710000.0,0.0 
 04/23  04:00:00,1710000.0,0.0 
 04/23  05:00:00,1710000.0,0.0 
 04/23  06:00:00,1710000.0,0.0 
 04/23  07:00:00,3118995.930420228,1354960.257918031 
 04/23  08:00:00,3116332.496169836,1354960.257918031 
 04/23  09:00:00,32866183.93431258,1354960.257918031 
 04/23  10:00:00,43555354.29681096,1378952.8146678996 
 04/23  11:00:00,45703561.96809691,1385408.1970211428 
 04/23  12:00:00,45678582.089974165,1382699.4553033924 
 04/23  13:00:00,41883600.00574762,1363588.9460282712 
 04/23  14:00:00,45161344.36109961,1381314.061119846 
 04/23  15:00:00,46925399.98340927,1398037.7950723993 
 04/23  16:00:00,46343177.611866884,1495462.3736008173 
 04/23  17:00:00,42348335.74621541,1460906.9860424362 
 04/23  18:00:00,41607151.33399493,1425186.553964257 
 04/23  19:00:00,26014340.986884475,1354960.257918031 
 04/23  20:00:00,14164618.718298523,1354960.257918031 
 04/23  21:00:00,5760000.0,0.0 
 04/23  22:00:00,1710000.0,0.0 
 04/23  23:00:00,1710000.0,0.0 
 04/23  24:00:00,1710000.0,0.0 
 04/24  01:00:00,1710000.0,0.0 
 04/24  02:00:00,1710000.0,0.0 
 04/24  03:00:00,1710000.0,0.0 
 04/24  04:00:00,1710000.0,0.0 
 04/24  05:00:00,1710000.0,0.0 
 04/24  06:00:00,1710000.0,0.0 
 04/24  07:00:00,5369218.341354445,1354960.257918031 
 04/24  08:00:00,5717055.241592193,1354960.257918031 
 04/24  09:00:00,36402371.48189576,1362547.812228432 
 04/24  10:00:00,47872915.05759609,1391577.1970550583 
 04/24  11:00:00,50423342.096828766,1424110.078779499 
 04/24  12:00:00,49700216.33378897,1429917.990899546 
 04/24  13:00:00,45100237.10355315,1379063.0490138931 
 04/24  14:00:00,48001131.37518895,1399216.8037449338 
 04/24  15:00:00,49452581.092348695,1418510.3302517855 
 04/24  16:00:00,47228543.88940847,1376642.821769678 
 04/24  17:00:00,43247498.92522161,1354960.257918031 
 04/24  18:00:00,41213491.2010708,1354960.257918031 
 04/24  19:00:00,25626964.424730532,1354960.257918031 
 04/24  20:00:00,14379010.343367387,1354960.257918031 
 04/24  21:00:00,5760000.0,0.0 
 04/24  22:00:00,1710000.0,0.0 
 04/24  23:00:00,1710000.0,0.0 
 04/24  24:00:00,1710000.0,0.0 
 04/25  01:00:00,1710000.0,0.0 
 04/25  02:00:00,1710000.0,0.0 
 04/25  03:00:00,1710000.0,0.0 
 04/25  04:00:00,1710000.0,0.0 
 04/25  05:00:00,1710000.0,0.0 
 04/25  06:00:00,1710000.0,0.0 
 04/25  07:00:00,3106718.9502506163,1354960.257918031 
 04/25  08:00:00,3086454.8817817904,1354960.257918031 
 04/25  09:00:00,32860719.68046465,1354960.257918031 
 04/25  10:00:00,43915109.943895474,1376450.8390178175 
 04/25  11:00:00,46317569.147355735,1380764.8248524012 
 04/25  12:00:00,45580980.29626491,1365377.9108517596 
 04/25  13:00:00,41645533.82699434,1360358.718654849 
 04/25  14:00:00,44460073.86121548,1354960.257918031 
 04/25  15:00:00,45741346.98352572,1376468.42183856 
 04/25  16:00:00,44509204.20256058,1430000.5835015522 
 04/25  17:00:00,40851319.169797376,1416575.0251527508 
 04/25  18:00:00,40213577.173939325,1378300.9038009369 
 04/25  19:00:00,25269304.97622735,1354960.257918031 
 04/25  20:00:00,12511535.629932553,1354960.257918031 
 04/25  21:00:00,5760000.0,0.0 
 04/25  22:00:00,1710000.0,0.0 
 04/25  23:00:00,1710000.0,0.0 
 04/25  24:00:00,1710000.0,0.0 
 04/26  01:00:00,1710000.0,0.0 
 04/26  02:00:00,1710000.0,0.0 
 04/26  03:00:00,1710000.0,0.0 
 04/26  04:00:00,1710000.0,0.0 
 04/26  05:00:00,1710000.0,0.0 
 04/26  06:00:00,1710000.0,0.0 
 04/26  07:00:00,3105342.5191025008,1354960.257918031 
 04/26  08:00:00,3107314.8455585754,1354960.257918031 
 04/26  09:00:00,32870296.58360202,1354960.257918031 
 04/26  10:00:00,43392963.4110617,1378170.8190186888 
 04/26  11:00:00,45506221.78206381,1388613.3953395807 
 04/26  12:00:00,44347707.70598543,1388959.5133891334 
 04/26  13:00:00,40803844.937108,1354960.257918031 
 04/26  14:00:00,44526333.386870585,1376210.2342369251 
 04/26  15:00:00,45741634.47773413,1395565.7234003674 
 04/26  16:00:00,44627220.102457434,1458837.2715310364 
 04/26  17:00:00,39991952.71845816,1434890.752379299 
 04/26  18:00:00,38682589.09677705,1403097.0509938959 
 04/26  19:00:00,22959387.795492593,1354960.257918031 
 04/26  20:00:00,12162623.089628238,1354960.257918031 
 04/26  21:00:00,5760000.0,0.0 
 04/26  22:00:00,1710000.0,0.0 
 04/26  23:00:00,1710000.0,0.0 
 04/26  24:00:00,1710000.0,0.0 
 04/27  01:00:00,4950000.0,0.0 
 04/27  02:00:00,4950000.0,0.0 
 04/27  03:00:00,4950000.0,0.0 
 04/27  04:00:00,4950000.0,0.0 
 04/27  05:00:00,4950000.0,0.0 
 04/27  06:00:00,4950000.0,0.0 
 04/27  07:00:00,4950000.0,0.0 
 04/27  08:00:00,4950000.0,0.0 
 04/27  09:00:00,4950000.0,0.0 
 04/27  10:00:00,4950000.0,0.0 
 04/27  11:00:00,4950000.0,0.0 
 04/27  12:00:00,4950000.0,0.0 
 04/27  13:00:00,4950000.0,0.0 
 04/27  14:00:00,4950000.0,0.0 
 04/27  15:00:00,4950000.0,0.0 
 04/27  16:00:00,4950000.0,0.0 
 04/27  17:00:00,4950000.0,0.0 
 04/27  18:00:00,4950000.0,0.0 
 04/27  19:00:00,4950000.0,0.0 
 04/27  20:00:00,4950000.0,0.0 
 04/27  21:00:00,4950000.0,0.0 
 04/27  22:00:00,4950000.0,0.0 
 04/27  23:00:00,4950000.0,0.0 
 04/27  24:00:00,4950000.0,0.0 
 04/28  01:00:00,4950000.0,0.0 
 04/28  02:00:00,4950000.0,0.0 
 04/28  03:00:00,4950000.0,0.0 
 04/28  04:00:00,4950000.0,0.0 
 04/28  05:00:00,4950000.0,0.0 
 04/28  06:00:00,4950000.0,0.0 
 04/28  07:00:00,4950000.0,0.0 
 04/28  08:00:00,4950000.0,0.0 
 04/28  09:00:00,4950000.0,0.0 
 04/28  10:00:00,4950000.0,0.0 
 04/28  11:00:00,4950000.0,0.0 
 04/28  12:00:00,4950000.0,0.0 
 04/28  13:00:00,4950000.0,0.0 
 04/28  14:00:00,4950000.0,0.0 
 04/28  15:00:00,4950000.0,0.0 
 04/28  16:00:00,4950000.0,0.0 
 04/28  17:00:00,4950000.0,0.0 
 04/28  18:00:00,4950000.0,0.0 
 04/28  19:00:00,4950000.0,0.0 
 04/28  20:00:00,4950000.0,0.0 
 04/28  21:00:00,4950000.0,0.0 
 04/28  22:00:00,4950000.0,0.0 
 04/28  23:00:00,4950000.0,0.0 
 04/28  24:00:00,4950000.0,0.0 
 04/29  01:00:00,1710000.0,0.0 
 04/29  02:00:00,1710000.0,0.0 
 04/29  03:00:00,1710000.0,0.0 
 04/29  04:00:00,1710000.0,0.0 
 04/29  05:00:00,1710000.0,0.0 
 04/29  06:00:00,1710000.0,0.0 
 04/29  07:00:00,3079600.478893066,1354960.257918031 
 04/29  08:00:00,3082230.8968939474,1354960.257918031 
 04/29  09:00:00,32864865.020000797,1354960.257918031 
 04/29  10:00:00,43208498.18564823,1354960.257918031 
 04/29  11:00:00,44555786.653839946,1354960.257918031 
 04/29  12:00:00,44817523.6857781,1354960.257918031 
 04/29  13:00:00,41734430.54779293,1354960.257918031 
 04/29  14:00:00,45001749.04449593,1354960.257918031 
 04/29  15:00:00,46629262.982979916,1381157.7557747574 
 04/29  16:00:00,45789920.933472015,1461901.8790129242 
 04/29  17:00:00,42223104.64219453,1435905.8073722254 
 04/29  18:00:00,41749037.38606672,1390834.5087754235 
 04/29  19:00:00,26751952.760554276,1359524.170403519 
 04/29  20:00:00,15323099.778734513,1354960.257918031 
 04/29  21:00:00,5760000.0,0.0 
 04/29  22:00:00,1710000.0,0.0 
 04/29  23:00:00,1710000.0,0.0 
 04/29  24:00:00,1710000.0,0.0 
 04/30  01:00:00,1710000.0,0.0 
 04/30  02:00:00,1710000.0,0.0 
 04/30  03:00:00,1710000.0,0.0 
 04/30  04:00:00,1710000.0,0.0 
 04/30  05:00:00,1710000.0,0.0 
 04/30  06:00:00,1710000.0,0.0 
 04/30  07:00:00,4957136.51567625,1354960.257918031 
 04/30  08:00:00,5038818.227084806,1354960.257918031 
 04/30  09:00:00,35031133.480795,1354960.257918031 
 04/30  10:00:00,45544370.78075542,1354960.257918031 
 04/30  11:00:00,47051724.09289924,1354960.257918031 
 04/30  12:00:00,45907148.484509684,1354960.257918031 
 04/30  13:00:00,41966751.57087328,1354960.257918031 
 04/30  14:00:00,44866034.74669786,1354960.257918031 
 04/30  15:00:00,46252822.5432104,1383346.055035964 
 04/30  16:00:00,44570777.93358703,1380439.3306375146 
 04/30  17:00:00,40774805.3037527,1354960.257918031 
 04/30  18:00:00,40665558.85521196,1368348.0125853745 
 04/30  19:00:00,25697427.161556497,1354960.257918031 
 04/30  20:00:00,14578482.160167266,1354960.257918031 
 04/30  21:00:00,5760000.0,0.0 
 04/30  22:00:00,1710000.0,0.0 
 04/30  23:00:00,1710000.0,0.0 
 04/30  24:00:00,1710000.0,0.0,12242730796.67799,10777140000.0,6822900000.0,426068955.00735134,1039521841.6706443,1212604041.1914337,1212604041.1914337,,,,,,,,6822900000.0,,10777140000.0,,3954240000.0 
 05/01  01:00:00,1710000.0,0.0 
 05/01  02:00:00,1710000.0,0.0 
 05/01  03:00:00,1710000.0,0.0 
 05/01  04:00:00,1710000.0,0.0 
 05/01  05:00:00,1710000.0,0.0 
 05/01  06:00:00,1710000.0,0.0 
 05/01  07:00:00,4175003.642208338,1354960.257918031 
 05/01  08:00:00,5535739.224924777,1354960.257918031 
 05/01  09:00:00,35640299.05266359,1354960.257918031 
 05/01  10:00:00,46226894.37987085,1354960.257918031 
 05/01  11:00:00,47916826.61230312,1354960.257918031 
 05/01  12:00:00,47077944.24883954,1371122.3000031675 
 05/01  13:00:00,43133528.0575982,1371291.8017480266 
 05/01  14:00:00,46101592.54995355,1406997.869566 
 05/01  15:00:00,47147250.24174908,1392682.6719460695 
 05/01  16:00:00,45450338.41503769,1385368.8686176306 
 05/01  17:00:00,41861093.61274345,1377550.3665667712 
 05/01  18:00:00,41697926.69416541,1368385.4898501048 
 05/01  19:00:00,26680059.50124413,1354960.257918031 
 05/01  20:00:00,15208241.35950641,1354960.257918031 
 05/01  21:00:00,5760000.0,0.0 
 05/01  22:00:00,1710000.0,0.0 
 05/01  23:00:00,1710000.0,0.0 
 05/01  24:00:00,1710000.0,0.0 
 05/02  01:00:00,1710000.0,0.0 
 05/02  02:00:00,1710000.0,0.0 
 05/02  03:00:00,1710000.0,0.0 
 05/02  04:00:00,1710000.0,0.0 
 05/02  05:00:00,1710000.0,0.0 
 05/02  06:00:00,1710000.0,0.0 
 05/02  07:00:00,3072138.424119884,1354960.257918031 
 05/02  08:00:00,4054786.1225911863,1354960.257918031 
 05/02  09:00:00,35516374.60185357,1354960.257918031 
 05/02  10:00:00,46963139.15533841,1363480.0075955298 
 05/02  11:00:00,49592893.144612804,1384803.3853978568 
 05/02  12:00:00,49311734.46973419,1406286.7190304878 
 05/02  13:00:00,45479766.179873556,1386569.7747929618 
 05/02  14:00:00,49637550.54317528,1467279.3598830802 
 05/02  15:00:00,51369416.302240916,1510454.0494144652 
 05/02  16:00:00,49094236.08769408,1477036.495367533 
 05/02  17:00:00,44446149.31196509,1423257.304883773 
 05/02  18:00:00,43222616.97404206,1413683.7526158444 
 05/02  19:00:00,27376876.997506037,1354960.257918031 
 05/02  20:00:00,15900204.38895257,1354960.257918031 
 05/02  21:00:00,5760000.0,0.0 
 05/02  22:00:00,1710000.0,0.0 
 05/02  23:00:00,1710000.0,0.0 
 05/02  24:00:00,1710000.0,0.0 
 05/03  01:00:00,1710000.0,0.0 
 05/03  02:00:00,1710000.0,0.0 
 05/03  03:00:00,1710000.0,0.0 
 05/03  04:00:00,1710000.0,0.0 
 05/03  05:00:00,1710000.0,0.0 
 05/03  06:00:00,1710000.0,0.0 
 05/03  07:00:00,4794632.118529063,1354960.257918031 
 05/03  08:00:00,6254645.073958811,1354960.257918031 
 05/03  09:00:00,37103187.52806989,1372997.1070597735 
 05/03  10:00:00,48611798.657901265,1406895.8750899988 
 05/03  11:00:00,51402841.2168564,1439389.8848395017 
 05/03  12:00:00,50927653.62352235,1454457.0604139061 
 05/03  13:00:00,46153930.72741259,1396272.0501881782 
 05/03  14:00:00,49653917.59243478,1457921.0605728268 
 05/03  15:00:00,51443877.688721806,1509295.6586685656 
 05/03  16:00:00,49894301.38545237,1527055.120310174 
 05/03  17:00:00,45498622.66595799,1483536.2936004268 
 05/03  18:00:00,44513483.92928043,1446417.7070758694 
 05/03  19:00:00,27968478.104889244,1358150.6644865493 
 05/03  20:00:00,16326406.666197183,1354960.257918031 
 05/03  21:00:00,5760000.0,0.0 
 05/03  22:00:00,1710000.0,0.0 
 05/03  23:00:00,1710000.0,0.0 
 05/03  24:00:00,1710000.0,0.0 
 05/04  01:00:00,4950000.0,0.0 
 05/04  02:00:00,4950000.0,0.0 
 05/04  03:00:00,4950000.0,0.0 
 05/04  04:00:00,4950000.0,0.0 
 05/04  05:00:00,4950000.0,0.0 
 05/04  06:00:00,4950000.0,0.0 
 05/04  07:00:00,4950000.0,0.0 
 05/04  08:00:00,4950000.0,0.0 
 05/04  09:00:00,4950000.0,0.0 
 05/04  10:00:00,4950000.0,0.0 
 05/04  11:00:00,4950000.0,0.0 
 05/04  12:00:00,4950000.0,0.0 
 05/04  13:00:00,4950000.0,0.0 
 05/04  14:00:00,4950000.0,0.0 
 05/04  15:00:00,4950000.0,0.0 
 05/04  16:00:00,4950000.0,0.0 
 05/04  17:00:00,4950000.0,0.0 
 05/04  18:00:00,4950000.0,0.0 
 05/04  19:00:00,4950000.0,0.0 
 05/04  20:00:00,4950000.0,0.0 
 05/04  21:00:00,4950000.0,0.0 
 05/04  22:00:00,4950000.0,0.0 
 05/04  23:00:00,4950000.0,0.0 
 05/04  24:00:00,4950000.0,0.0 
 05/05  01:00:00,4950000.0,0.0 
 05/05  02:00:00,4950000.0,0.0 
 05/05  03:00:00,4950000.0,0.0 
 05/05  04:00:00,4950000.0,0.0 
 05/05  05:00:00,4950000.0,0.0 
 05/05  06:00:00,4950000.0,0.0 
 05/05  07:00:00,4950000.0,0.0 
 05/05  08:00:00,4950000.0,0.0 
 05/05  09:00:00,4950000.0,0.0 
 05/05  10:00:00,4950000.0,0.0 
 05/05  11:00:00,4950000.0,0.0 
 05/05  12:00:00,4950000.0,0.0 
 05/05  13:00:00,4950000.0,0.0 
 05/05  14:00:00,4950000.0,0.0 
 05/05  15:00:00,4950000.0,0.0 
 05/05  16:00:00,4950000.0,0.0 
 05/05  17:00:00,4950000.0,0.0 
 05/05  18:00:00,4950000.0,0.0 
 05/05  19:00:00,4950000.0,0.0 
 05/05  20:00:00,4950000.0,0.0 
 05/05  21:00:00,4950000.0,0.0 
 05/05  22:00:00,4950000.0,0.0 
 05/05  23:00:00,4950000.0,0.0 
 05/05  24:00:00,4950000.0,0.0 
 05/06  01:00:00,1710000.0,0.0 
 05/06  02:00:00,1710000.0,0.0 
 05/06  03:00:00,1710000.0,0.0 
 05/06  04:00:00,1710000.0,0.0 
 05/06  05:00:00,1710000.0,0.0 
 05/06  06:00:00,1710000.0,0.0 
 05/06  07:00:00,4616963.029437287,1354960.257918031 
 05/06  08:00:00,5798084.844821744,1354960.257918031 
 05/06  09:00:00,36328442.64670764,1370015.39865063 
 05/06  10:00:00,47641244.88489315,1408467.6884107948 
 05/06  11:00:00,50018342.33334343,1441266.099936736 
 05/06  12:00:00,49206055.80914169,1422867.487324762 
 05/06  13:00:00,44765003.17895794,1379495.4727968315 
 05/06  14:00:00,48662766.243119895,1445095.0727237975 
 05/06  15:00:00,49844741.547419295,1461522.1669931 
 05/06  16:00:00,47665207.69797495,1446179.4525142545 
 05/06  17:00:00,43149924.60404361,1426150.5643713346 
 05/06  18:00:00,42375255.03730817,1379926.1052548154 
 05/06  19:00:00,27200878.810606886,1354960.257918031 
 05/06  20:00:00,15799423.511622233,1354960.257918031 
 05/06  21:00:00,5760000.0,0.0 
 05/06  22:00:00,1710000.0,0.0 
 05/06  23:00:00,1710000.0,0.0 
 05/06  24:00:00,1710000.0,0.0 
 05/07  01:00:00,1710000.0,0.0 
 05/07  02:00:00,1710000.0,0.0 
 05/07  03:00:00,1710000.0,0.0 
 05/07  04:00:00,1710000.0,0.0 
 05/07  05:00:00,1710000.0,0.0 
 05/07  06:00:00,1710000.0,0.0 
 05/07  07:00:00,3077060.347345209,1354960.257918031 
 05/07  08:00:00,3070394.7342707734,1354960.257918031 
 05/07  09:00:00,32856760.76727762,1354960.257918031 
 05/07  10:00:00,44844708.98837177,1366889.5619035852 
 05/07  11:00:00,46612106.79063287,1354960.257918031 
 05/07  12:00:00,45344847.40725201,1354960.257918031 
 05/07  13:00:00,41596221.58207446,1354960.257918031 
 05/07  14:00:00,44850773.65349114,1377009.7978998094 
 05/07  15:00:00,45880901.10487955,1381647.304991723 
 05/07  16:00:00,43888470.17606369,1376700.2313577998 
 05/07  17:00:00,40108025.57663202,1369022.0724702924 
 05/07  18:00:00,39747012.83826278,1354960.257918031 
 05/07  19:00:00,23506561.079781573,1354960.257918031 
 05/07  20:00:00,12158424.702193547,1354960.257918031 
 05/07  21:00:00,5760000.0,0.0 
 05/07  22:00:00,1710000.0,0.0 
 05/07  23:00:00,1710000.0,0.0 
 05/07  24:00:00,1710000.0,0.0 
 05/08  01:00:00,1710000.0,0.0 
 05/08  02:00:00,1710000.0,0.0 
 05/08  03:00:00,1710000.0,0.0 
 05/08  04:00:00,1710000.0,0.0 
 05/08  05:00:00,1710000.0,0.0 
 05/08  06:00:00,1710000.0,0.0 
 05/08  07:00:00,3077061.234499888,1354960.257918031 
 05/08  08:00:00,3071127.0074883234,1354960.257918031 
 05/08  09:00:00,33317401.18529771,1354960.257918031 
 05/08  10:00:00,43515381.583775885,1354960.257918031 
 05/08  11:00:00,46331288.39686449,1354960.257918031 
 05/08  12:00:00,45298736.1847845,1354960.257918031 
 05/08  13:00:00,41380357.493724845,1354960.257918031 
 05/08  14:00:00,44161633.215577856,1354960.257918031 
 05/08  15:00:00,45507899.534181036,1378034.1074464065 
 05/08  16:00:00,43861050.20294147,1378101.9298749436 
 05/08  17:00:00,40154639.83135961,1368213.5484772688 
 05/08  18:00:00,39925833.11090806,1354960.257918031 
 05/08  19:00:00,25351136.745477874,1354960.257918031 
 05/08  20:00:00,12970611.395071222,1354960.257918031 
 05/08  21:00:00,5760000.0,0.0 
 05/08  22:00:00,1710000.0,0.0 
 05/08  23:00:00,1710000.0,0.0 
 05/08  24:00:00,1710000.0,0.0 
 05/09  01:00:00,1710000.0,0.0 
 05/09  02:00:00,1710000.0,0.0 
 05/09  03:00:00,1710000.0,0.0 
 05/09  04:00:00,1710000.0,0.0 
 05/09  05:00:00,1710000.0,0.0 
 05/09  06:00:00,1710000.0,0.0 
 05/09  07:00:00,3078320.0180612295,1354960.257918031 
 05/09  08:00:00,3066970.6674680924,1354960.257918031 
 05/09  09:00:00,34871865.586194344,1361872.6980711333 
 05/09  10:00:00,45933344.45381898,1384231.6075910449 
 05/09  11:00:00,48149278.937676154,1422346.515036525 
 05/09  12:00:00,46883648.452191696,1385130.577546101 
 05/09  13:00:00,42807341.02298433,1354960.257918031 
 05/09  14:00:00,46132496.39932901,1397209.925928591 
 05/09  15:00:00,48284034.18850393,1491358.5298311561 
 05/09  16:00:00,47123771.57259958,1541941.9393927439 
 05/09  17:00:00,43247820.568760276,1508142.06005231 
 05/09  18:00:00,42673983.55861487,1465107.496754517 
 05/09  19:00:00,26766226.003993157,1373348.0196315171 
 05/09  20:00:00,15164673.093070399,1354960.257918031 
 05/09  21:00:00,5760000.0,0.0 
 05/09  22:00:00,1710000.0,0.0 
 05/09  23:00:00,1710000.0,0.0 
 05/09  24:00:00,1710000.0,0.0 
 05/10  01:00:00,1710000.0,0.0 
 05/10  02:00:00,1710000.0,0.0 
 05/10  03:00:00,1710000.0,0.0 
 05/10  04:00:00,1710000.0,0.0 
 05/10  05:00:00,1710000.0,0.0 
 05/10  06:00:00,1710000.0,0.0 
 05/10  07:00:00,5074292.2686446,1354960.257918031 
 05/10  08:00:00,5251928.09688822,1354960.257918031 
 05/10  09:00:00,35433181.675062165,1354960.257918031 
 05/10  10:00:00,46262733.22620328,1354960.257918031 
 05/10  11:00:00,48701011.32592626,1354960.257918031 
 05/10  12:00:00,48115969.18579249,1374440.8653064398 
 05/10  13:00:00,44405517.66056275,1356958.1316143034 
 05/10  14:00:00,47620636.820956126,1382076.9772827867 
 05/10  15:00:00,48689006.43111392,1432099.652319587 
 05/10  16:00:00,46141771.345588304,1394411.617885747 
 05/10  17:00:00,42171391.31773657,1374905.255620791 
 05/10  18:00:00,41435214.77398479,1367452.1375064997 
 05/10  19:00:00,26288471.481354095,1354960.257918031 
 05/10  20:00:00,15337756.797842849,1354960.257918031 
 05/10  21:00:00,5760000.0,0.0 
 05/10  22:00:00,1710000.0,0.0 
 05/10  23:00:00,1710000.0,0.0 
 05/10  24:00:00,1710000.0,0.0 
 05/11  01:00:00,4950000.0,0.0 
 05/11  02:00:00,4950000.0,0.0 
 05/11  03:00:00,4950000.0,0.0 
 05/11  04:00:00,4950000.0,0.0 
 05/11  05:00:00,4950000.0,0.0 
 05/11  06:00:00,4950000.0,0.0 
 05/11  07:00:00,4950000.0,0.0 
 05/11  08:00:00,4950000.0,0.0 
 05/11  09:00:00,4950000.0,0.0 
 05/11  10:00:00,4950000.0,0.0 
 05/11  11:00:00,4950000.0,0.0 
 05/11  12:00:00,4950000.0,0.0 
 05/11  13:00:00,4950000.0,0.0 
 05/11  14:00:00,4950000.0,0.0 
 05/11  15:00:00,4950000.0,0.0 
 05/11  16:00:00,4950000.0,0.0 
 05/11  17:00:00,4950000.0,0.0 
 05/11  18:00:00,4950000.0,0.0 
 05/11  19:00:00,4950000.0,0.0 
 05/11  20:00:00,4950000.0,0.0 
 05/11  21:00:00,4950000.0,0.0 
 05/11  22:00:00,4950000.0,0.0 
 05/11  23:00:00,4950000.0,0.0 
 05/11  24:00:00,4950000.0,0.0 
 05/12  01:00:00,4950000.0,0.0 
 05/12  02:00:00,4950000.0,0.0 
 05/12  03:00:00,4950000.0,0.0 
 05/12  04:00:00,4950000.0,0.0 
 05/12  05:00:00,4950000.0,0.0 
 05/12  06:00:00,4950000.0,0.0 
 05/12  07:00:00,4950000.0,0.0 
 05/12  08:00:00,4950000.0,0.0 
 05/12  09:00:00,4950000.0,0.0 
 05/12  10:00:00,4950000.0,0.0 
 05/12  11:00:00,4950000.0,0.0 
 05/12  12:00:00,4950000.0,0.0 
 05/12  13:00:00,4950000.0,0.0 
 05/12  14:00:00,4950000.0,0.0 
 05/12  15:00:00,4950000.0,0.0 
 05/12  16:00:00,4950000.0,0.0 
 05/12  17:00:00,4950000.0,0.0 
 05/12  18:00:00,4950000.0,0.0 
 05/12  19:00:00,4950000.0,0.0 
 05/12  20:00:00,4950000.0,0.0 
 05/12  21:00:00,4950000.0,0.0 
 05/12  22:00:00,4950000.0,0.0 
 05/12  23:00:00,4950000.0,0.0 
 05/12  24:00:00,4950000.0,0.0 
 05/13  01:00:00,1710000.0,0.0 
 05/13  02:00:00,1710000.0,0.0 
 05/13  03:00:00,1710000.0,0.0 
 05/13  04:00:00,1710000.0,0.0 
 05/13  05:00:00,1710000.0,0.0 
 05/13  06:00:00,1710000.0,0.0 
 05/13  07:00:00,3069845.637931382,1354960.257918031 
 05/13  08:00:00,3067212.12471053,1354960.257918031 
 05/13  09:00:00,34519583.03558961,1354960.257918031 
 05/13  10:00:00,45521134.07835191,1354960.257918031 
 05/13  11:00:00,47601958.46727715,1354960.257918031 
 05/13  12:00:00,47736474.488719486,1354960.257918031 
 05/13  13:00:00,44021790.33283332,1354960.257918031 
 05/13  14:00:00,46616711.81499508,1378212.0457245545 
 05/13  15:00:00,47736591.25258577,1436555.6980724032 
 05/13  16:00:00,44565790.48193005,1381858.8975058366 
 05/13  17:00:00,40215718.54554076,1368947.0362872626 
 05/13  18:00:00,37974995.98956707,1354960.257918031 
 05/13  19:00:00,22957152.969488554,1354960.257918031 
 05/13  20:00:00,12159525.40505245,1354960.257918031 
 05/13  21:00:00,5760000.0,0.0 
 05/13  22:00:00,1710000.0,0.0 
 05/13  23:00:00,1710000.0,0.0 
 05/13  24:00:00,1710000.0,0.0 
 05/14  01:00:00,1710000.0,0.0 
 05/14  02:00:00,1710000.0,0.0 
 05/14  03:00:00,1710000.0,0.0 
 05/14  04:00:00,1710000.0,0.0 
 05/14  05:00:00,1710000.0,0.0 
 05/14  06:00:00,1710000.0,0.0 
 05/14  07:00:00,3070464.0387794254,1354960.257918031 
 05/14  08:00:00,4013552.732516278,1354960.257918031 
 05/14  09:00:00,35202216.4497858,1367501.449533324 
 05/14  10:00:00,46446183.7321043,1390177.0942929015 
 05/14  11:00:00,49057335.81855364,1445053.297969042 
 05/14  12:00:00,47641871.143478066,1436450.8692928972 
 05/14  13:00:00,42730946.027675316,1354960.257918031 
 05/14  14:00:00,46034872.94163464,1393986.2894867659 
 05/14  15:00:00,47930883.37291088,1493488.1334601932 
 05/14  16:00:00,46131370.817190394,1479522.4122156352 
 05/14  17:00:00,41905756.31079565,1426855.6438777747 
 05/14  18:00:00,41600262.12531203,1418732.8992608532 
 05/14  19:00:00,25984278.314664416,1354960.257918031 
 05/14  20:00:00,13321841.526420575,1354960.257918031 
 05/14  21:00:00,5760000.0,0.0 
 05/14  22:00:00,1710000.0,0.0 
 05/14  23:00:00,1710000.0,0.0 
 05/14  24:00:00,1710000.0,0.0 
 05/15  01:00:00,1710000.0,0.0 
 05/15  02:00:00,1710000.0,0.0 
 05/15  03:00:00,1710000.0,0.0 
 05/15  04:00:00,1710000.0,0.0 
 05/15  05:00:00,1710000.0,0.0 
 05/15  06:00:00,1710000.0,0.0 
 05/15  07:00:00,3069188.142860364,1354960.257918031 
 05/15  08:00:00,3532213.982379667,1354960.257918031 
 05/15  09:00:00,35228187.43790957,1354960.257918031 
 05/15  10:00:00,46384811.340350986,1373652.3263082653 
 05/15  11:00:00,48432914.99681832,1397251.5343495968 
 05/15  12:00:00,47478855.06743051,1404652.1388650164 
 05/15  13:00:00,42946005.94361973,1354960.257918031 
 05/15  14:00:00,46187212.45964435,1392905.2131019835 
 05/15  15:00:00,47377390.68153096,1413135.1110687864 
 05/15  16:00:00,46587740.682897404,1519156.0089434972 
 05/15  17:00:00,42546591.92496538,1478498.1225603945 
 05/15  18:00:00,41992686.641167834,1447617.9850277945 
 05/15  19:00:00,26247124.941586,1372333.1321055645 
 05/15  20:00:00,14178501.425660102,1354960.257918031 
 05/15  21:00:00,5760000.0,0.0 
 05/15  22:00:00,1710000.0,0.0 
 05/15  23:00:00,1710000.0,0.0 
 05/15  24:00:00,1710000.0,0.0 
 05/16  01:00:00,1710000.0,0.0 
 05/16  02:00:00,1710000.0,0.0 
 05/16  03:00:00,1710000.0,0.0 
 05/16  04:00:00,1710000.0,0.0 
 05/16  05:00:00,1710000.0,0.0 
 05/16  06:00:00,1710000.0,0.0 
 05/16  07:00:00,3987133.8166462127,1354960.257918031 
 05/16  08:00:00,5317952.730140949,1354960.257918031 
 05/16  09:00:00,35871218.536294594,1354960.257918031 
 05/16  10:00:00,46894175.50540598,1384368.6171713031 
 05/16  11:00:00,49071758.300822146,1448630.5264281873 
 05/16  12:00:00,47983336.13694591,1454645.7451688433 
 05/16  13:00:00,43228512.1783769,1376934.4787528533 
 05/16  14:00:00,46809661.27033769,1453045.0796285109 
 05/16  15:00:00,47055441.93813925,1398050.4887865535 
 05/16  16:00:00,45039853.06396207,1386416.560942262 
 05/16  17:00:00,41105348.75928,1375590.5344329723 
 05/16  18:00:00,40536643.60925425,1354960.257918031 
 05/16  19:00:00,25733788.794719428,1354960.257918031 
 05/16  20:00:00,14620354.741830267,1354960.257918031 
 05/16  21:00:00,5760000.0,0.0 
 05/16  22:00:00,1710000.0,0.0 
 05/16  23:00:00,1710000.0,0.0 
 05/16  24:00:00,1710000.0,0.0 
 05/17  01:00:00,1710000.0,0.0 
 05/17  02:00:00,1710000.0,0.0 
 05/17  03:00:00,1710000.0,0.0 
 05/17  04:00:00,1710000.0,0.0 
 05/17  05:00:00,1710000.0,0.0 
 05/17  06:00:00,1710000.0,0.0 
 05/17  07:00:00,3065555.295905553,1354960.257918031 
 05/17  08:00:00,5020945.049773638,1354960.257918031 
 05/17  09:00:00,35047187.79869282,1354960.257918031 
 05/17  10:00:00,45770494.02648282,1354960.257918031 
 05/17  11:00:00,47633834.94858083,1354960.257918031 
 05/17  12:00:00,46817416.05966717,1374392.245838331 
 05/17  13:00:00,42835479.49228733,1354960.257918031 
 05/17  14:00:00,45937631.170331456,1378591.620117439 
 05/17  15:00:00,47319445.59119346,1411347.7205308739 
 05/17  16:00:00,44919602.838184856,1373365.0723864045 
 05/17  17:00:00,40722943.84312984,1354960.257918031 
 05/17  18:00:00,40525555.43126858,1354960.257918031 
 05/17  19:00:00,25953263.77870408,1354960.257918031 
 05/17  20:00:00,14948191.806568366,1354960.257918031 
 05/17  21:00:00,5760000.0,0.0 
 05/17  22:00:00,1710000.0,0.0 
 05/17  23:00:00,1710000.0,0.0 
 05/17  24:00:00,1710000.0,0.0 
 05/18  01:00:00,4950000.0,0.0 
 05/18  02:00:00,4950000.0,0.0 
 05/18  03:00:00,4950000.0,0.0 
 05/18  04:00:00,4950000.0,0.0 
 05/18  05:00:00,4950000.0,0.0 
 05/18  06:00:00,4950000.0,0.0 
 05/18  07:00:00,4950000.0,0.0 
 05/18  08:00:00,4950000.0,0.0 
 05/18  09:00:00,4950000.0,0.0 
 05/18  10:00:00,4950000.0,0.0 
 05/18  11:00:00,4950000.0,0.0 
 05/18  12:00:00,4950000.0,0.0 
 05/18  13:00:00,4950000.0,0.0 
 05/18  14:00:00,4950000.0,0.0 
 05/18  15:00:00,4950000.0,0.0 
 05/18  16:00:00,4950000.0,0.0 
 05/18  17:00:00,4950000.0,0.0 
 05/18  18:00:00,4950000.0,0.0 
 05/18  19:00:00,4950000.0,0.0 
 05/18  20:00:00,4950000.0,0.0 
 05/18  21:00:00,4950000.0,0.0 
 05/18  22:00:00,4950000.0,0.0 
 05/18  23:00:00,4950000.0,0.0 
 05/18  24:00:00,4950000.0,0.0 
 05/19  01:00:00,4950000.0,0.0 
 05/19  02:00:00,4950000.0,0.0 
 05/19  03:00:00,4950000.0,0.0 
 05/19  04:00:00,4950000.0,0.0 
 05/19  05:00:00,4950000.0,0.0 
 05/19  06:00:00,4950000.0,0.0 
 05/19  07:00:00,4950000.0,0.0 
 05/19  08:00:00,4950000.0,0.0 
 05/19  09:00:00,4950000.0,0.0 
 05/19  10:00:00,4950000.0,0.0 
 05/19  11:00:00,4950000.0,0.0 
 05/19  12:00:00,4950000.0,0.0 
 05/19  13:00:00,4950000.0,0.0 
 05/19  14:00:00,4950000.0,0.0 
 05/19  15:00:00,4950000.0,0.0 
 05/19  16:00:00,4950000.0,0.0 
 05/19  17:00:00,4950000.0,0.0 
 05/19  18:00:00,4950000.0,0.0 
 05/19  19:00:00,4950000.0,0.0 
 05/19  20:00:00,4950000.0,0.0 
 05/19  21:00:00,4950000.0,0.0 
 05/19  22:00:00,4950000.0,0.0 
 05/19  23:00:00,4950000.0,0.0 
 05/19  24:00:00,4950000.0,0.0 
 05/20  01:00:00,1710000.0,0.0 
 05/20  02:00:00,1710000.0,0.0 
 05/20  03:00:00,1710000.0,0.0 
 05/20  04:00:00,1710000.0,0.0 
 05/20  05:00:00,1710000.0,0.0 
 05/20  06:00:00,1710000.0,0.0 
 05/20  07:00:00,5308604.013325996,1354960.257918031 
 05/20  08:00:00,5948064.981965,1354960.257918031 
 05/20  09:00:00,36593128.50604257,1362675.1355394744 
 05/20  10:00:00,47976056.61327102,1403305.664226625 
 05/20  11:00:00,50197009.10572131,1413133.6908860672 
 05/20  12:00:00,49879892.28926499,1438265.8890826623 
 05/20  13:00:00,45625615.72231461,1391985.4476427736 
 05/20  14:00:00,49728165.36661759,1467695.4297823487 
 05/20  15:00:00,51718001.27123532,1525227.952043589 
 05/20  16:00:00,49715953.969277516,1518147.601442404 
 05/20  17:00:00,44680466.48275414,1449089.602188372 
 05/20  18:00:00,43387942.14038239,1389879.7158886557 
 05/20  19:00:00,27704628.350438718,1354960.257918031 
 05/20  20:00:00,16128647.603973627,1354960.257918031 
 05/20  21:00:00,5760000.0,0.0 
 05/20  22:00:00,1710000.0,0.0 
 05/20  23:00:00,1710000.0,0.0 
 05/20  24:00:00,1710000.0,0.0 
 05/21  01:00:00,1710000.0,0.0 
 05/21  02:00:00,1710000.0,0.0 
 05/21  03:00:00,1710000.0,0.0 
 05/21  04:00:00,1710000.0,0.0 
 05/21  05:00:00,1710000.0,0.0 
 05/21  06:00:00,1710000.0,0.0 
 05/21  07:00:00,5424843.301997036,1354960.257918031 
 05/21  08:00:00,6258281.920486588,1354960.257918031 
 05/21  09:00:00,37086002.76047708,1363599.1462272007 
 05/21  10:00:00,49246210.6675006,1412674.8803334306 
 05/21  11:00:00,52351472.99491656,1461250.705974804 
 05/21  12:00:00,52318487.51473201,1488416.155912404 
 05/21  13:00:00,47792534.05745017,1428711.0404179532 
 05/21  14:00:00,51414236.30497647,1506782.2806158382 
 05/21  15:00:00,53354523.02629746,1568750.2125462587 
 05/21  16:00:00,51670128.64185341,1573286.9416042329 
 05/21  17:00:00,47298425.7768746,1519732.946997721 
 05/21  18:00:00,45775622.7572767,1467223.1698674117 
 05/21  19:00:00,28681221.667655386,1359851.6185617342 
 05/21  20:00:00,16880025.70253158,1354960.257918031 
 05/21  21:00:00,5760000.0,0.0 
 05/21  22:00:00,1710000.0,0.0 
 05/21  23:00:00,1710000.0,0.0 
 05/21  24:00:00,1710000.0,0.0 
 05/22  01:00:00,1710000.0,0.0 
 05/22  02:00:00,1710000.0,0.0 
 05/22  03:00:00,1710000.0,0.0 
 05/22  04:00:00,1710000.0,0.0 
 05/22  05:00:00,1710000.0,0.0 
 05/22  06:00:00,1710000.0,0.0 
 05/22  07:00:00,6312903.660202108,1354960.257918031 
 05/22  08:00:00,7359994.772657577,1354960.257918031 
 05/22  09:00:00,38439102.42197416,1386257.2255216297 
 05/22  10:00:00,50376066.39738144,1442204.5809786364 
 05/22  11:00:00,53306476.50776802,1504121.6153645208 
 05/22  12:00:00,52147786.29890244,1506286.9441179757 
 05/22  13:00:00,47728893.084987685,1437583.7373133826 
 05/22  14:00:00,52017481.307326004,1512942.6622302358 
 05/22  15:00:00,53779869.523415945,1575411.1541105746 
 05/22  16:00:00,52126423.86175682,1582201.8503040145 
 05/22  17:00:00,47514239.680936664,1524061.0120556704 
 05/22  18:00:00,46219755.05962502,1472672.5104190013 
 05/22  19:00:00,29208967.955204062,1360402.508812888 
 05/22  20:00:00,17533873.63676231,1354960.257918031 
 05/22  21:00:00,5760000.0,0.0 
 05/22  22:00:00,1710000.0,0.0 
 05/22  23:00:00,1710000.0,0.0 
 05/22  24:00:00,1710000.0,0.0 
 05/23  01:00:00,1710000.0,0.0 
 05/23  02:00:00,1710000.0,0.0 
 05/23  03:00:00,1710000.0,0.0 
 05/23  04:00:00,1710000.0,0.0 
 05/23  05:00:00,1710000.0,0.0 
 05/23  06:00:00,1710000.0,0.0 
 05/23  07:00:00,6461041.754548289,1354960.257918031 
 05/23  08:00:00,7174688.498071053,1354960.257918031 
 05/23  09:00:00,37579081.42831847,1354960.257918031 
 05/23  10:00:00,48812613.48311449,1374033.1223031478 
 05/23  11:00:00,50827471.781042114,1400061.1088383307 
 05/23  12:00:00,49293388.98688635,1409666.7613732377 
 05/23  13:00:00,44576991.11930965,1384000.9598355852 
 05/23  14:00:00,48243043.18293667,1469510.7711351626 
 05/23  15:00:00,49654035.13236995,1495976.6313670203 
 05/23  16:00:00,47029393.95072393,1388602.4862628074 
 05/23  17:00:00,44113937.74410364,1366522.149492678 
 05/23  18:00:00,43472489.57261781,1360801.729735875 
 05/23  19:00:00,28023851.147740144,1361336.9036751138 
 05/23  20:00:00,16292964.418420576,1354960.257918031 
 05/23  21:00:00,5760000.0,0.0 
 05/23  22:00:00,1710000.0,0.0 
 05/23  23:00:00,1710000.0,0.0 
 05/23  24:00:00,1710000.0,0.0 
 05/24  01:00:00,1710000.0,0.0 
 05/24  02:00:00,1710000.0,0.0 
 05/24  03:00:00,1710000.0,0.0 
 05/24  04:00:00,1710000.0,0.0 
 05/24  05:00:00,1710000.0,0.0 
 05/24  06:00:00,1710000.0,0.0 
 05/24  07:00:00,6927686.076777372,1354960.257918031 
 05/24  08:00:00,7446548.841683605,1354960.257918031 
 05/24  09:00:00,37865883.62610403,1354960.257918031 
 05/24  10:00:00,48984109.59848813,1354960.257918031 
 05/24  11:00:00,51969993.224574685,1393065.099199037 
 05/24  12:00:00,52210225.00596594,1404738.0511391954 
 05/24  13:00:00,48340096.320378594,1380885.0517908437 
 05/24  14:00:00,52645380.10477466,1454665.606271582 
 05/24  15:00:00,54372398.018414326,1499500.3459471157 
 05/24  16:00:00,52231854.10912575,1498600.496684714 
 05/24  17:00:00,47397573.149475366,1447327.7439106645 
 05/24  18:00:00,45538811.412245065,1387849.6246072424 
 05/24  19:00:00,29450599.333121624,1370758.3745978735 
 05/24  20:00:00,17182491.624989532,1354960.257918031 
 05/24  21:00:00,5760000.0,0.0 
 05/24  22:00:00,1710000.0,0.0 
 05/24  23:00:00,1710000.0,0.0 
 05/24  24:00:00,1710000.0,0.0 
 05/25  01:00:00,4950000.0,0.0 
 05/25  02:00:00,4950000.0,0.0 
 05/25  03:00:00,4950000.0,0.0 
 05/25  04:00:00,4950000.0,0.0 
 05/25  05:00:00,4950000.0,0.0 
 05/25  06:00:00,4950000.0,0.0 
 05/25  07:00:00,4950000.0,0.0 
 05/25  08:00:00,4950000.0,0.0 
 05/25  09:00:00,4950000.0,0.0 
 05/25  10:00:00,4950000.0,0.0 
 05/25  11:00:00,4950000.0,0.0 
 05/25  12:00:00,4950000.0,0.0 
 05/25  13:00:00,4950000.0,0.0 
 05/25  14:00:00,4950000.0,0.0 
 05/25  15:00:00,4950000.0,0.0 
 05/25  16:00:00,4950000.0,0.0 
 05/25  17:00:00,4950000.0,0.0 
 05/25  18:00:00,4950000.0,0.0 
 05/25  19:00:00,4950000.0,0.0 
 05/25  20:00:00,4950000.0,0.0 
 05/25  21:00:00,4950000.0,0.0 
 05/25  22:00:00,4950000.0,0.0 
 05/25  23:00:00,4950000.0,0.0 
 05/25  24:00:00,4950000.0,0.0 
 05/26  01:00:00,4950000.0,0.0 
 05/26  02:00:00,4950000.0,0.0 
 05/26  03:00:00,4950000.0,0.0 
 05/26  04:00:00,4950000.0,0.0 
 05/26  05:00:00,4950000.0,0.0 
 05/26  06:00:00,4950000.0,0.0 
 05/26  07:00:00,4950000.0,0.0 
 05/26  08:00:00,4950000.0,0.0 
 05/26  09:00:00,4950000.0,0.0 
 05/26  10:00:00,4950000.0,0.0 
 05/26  11:00:00,4950000.0,0.0 
 05/26  12:00:00,4950000.0,0.0 
 05/26  13:00:00,4950000.0,0.0 
 05/26  14:00:00,4950000.0,0.0 
 05/26  15:00:00,4950000.0,0.0 
 05/26  16:00:00,4950000.0,0.0 
 05/26  17:00:00,4950000.0,0.0 
 05/26  18:00:00,4950000.0,0.0 
 05/26  19:00:00,4950000.0,0.0 
 05/26  20:00:00,4950000.0,0.0 
 05/26  21:00:00,4950000.0,0.0 
 05/26  22:00:00,4950000.0,0.0 
 05/26  23:00:00,4950000.0,0.0 
 05/26  24:00:00,4950000.0,0.0 
 05/27  01:00:00,1710000.0,0.0 
 05/27  02:00:00,1710000.0,0.0 
 05/27  03:00:00,1710000.0,0.0 
 05/27  04:00:00,1710000.0,0.0 
 05/27  05:00:00,1710000.0,0.0 
 05/27  06:00:00,1710000.0,0.0 
 05/27  07:00:00,5847733.5091533065,1354960.257918031 
 05/27  08:00:00,6825245.404202495,1354960.257918031 
 05/27  09:00:00,37455040.499976285,1354960.257918031 
 05/27  10:00:00,49077749.40093185,1397771.098760393 
 05/27  11:00:00,51742842.86049042,1441004.908400369 
 05/27  12:00:00,51668506.116524786,1464932.8190825297 
 05/27  13:00:00,47512432.55539179,1414871.6165833985 
 05/27  14:00:00,51538998.7206865,1503778.2432593151 
 05/27  15:00:00,54574495.41090599,1601967.7068514132 
 05/27  16:00:00,52943782.81876516,1618098.8864742802 
 05/27  17:00:00,48918871.16081059,1554526.4162642055 
 05/27  18:00:00,47808986.41707096,1496680.4539185145 
 05/27  19:00:00,29679770.944453835,1359458.6456969157 
 05/27  20:00:00,17699016.8922173,1354960.257918031 
 05/27  21:00:00,5760000.0,0.0 
 05/27  22:00:00,1710000.0,0.0 
 05/27  23:00:00,1710000.0,0.0 
 05/27  24:00:00,1710000.0,0.0 
 05/28  01:00:00,1710000.0,0.0 
 05/28  02:00:00,1710000.0,0.0 
 05/28  03:00:00,1710000.0,0.0 
 05/28  04:00:00,1710000.0,0.0 
 05/28  05:00:00,1710000.0,0.0 
 05/28  06:00:00,1710000.0,0.0 
 05/28  07:00:00,7939436.715337379,1354960.257918031 
 05/28  08:00:00,8612085.991151825,1354960.257918031 
 05/28  09:00:00,39378032.05464065,1378653.8159802728 
 05/28  10:00:00,52160015.11170796,1434682.1386594672 
 05/28  11:00:00,56542320.61228657,1525206.7017038222 
 05/28  12:00:00,56415499.75540599,1526864.238931576 
 05/28  13:00:00,50257596.406926095,1418712.3893570967 
 05/28  14:00:00,53960444.24854286,1477863.8116419953 
 05/28  15:00:00,55327551.027081065,1523934.2237237315 
 05/28  16:00:00,50563042.295495585,1420133.744550716 
 05/28  17:00:00,46056225.56312871,1403983.0084950658 
 05/28  18:00:00,45862916.35515707,1374643.5286742817 
 05/28  19:00:00,30886089.953564517,1354960.257918031 
 05/28  20:00:00,19684925.81183932,1354960.257918031 
 05/28  21:00:00,5760000.0,0.0 
 05/28  22:00:00,1710000.0,0.0 
 05/28  23:00:00,1710000.0,0.0 
 05/28  24:00:00,1710000.0,0.0 
 05/29  01:00:00,1710000.0,0.0 
 05/29  02:00:00,1710000.0,0.0 
 05/29  03:00:00,1710000.0,0.0 
 05/29  04:00:00,1710000.0,0.0 
 05/29  05:00:00,1710000.0,0.0 
 05/29  06:00:00,1710000.0,0.0 
 05/29  07:00:00,9458119.004722867,1354960.257918031 
 05/29  08:00:00,10005848.162892777,1354960.257918031 
 05/29  09:00:00,40208535.881413095,1354960.257918031 
 05/29  10:00:00,51850472.4913518,1362359.60664995 
 05/29  11:00:00,55790668.22352218,1429188.934487924 
 05/29  12:00:00,56719765.26443555,1471676.959075931 
 05/29  13:00:00,52449294.41919957,1427825.2905988537 
 05/29  14:00:00,52839884.48657348,1447093.0514303963 
 05/29  15:00:00,52471540.503368564,1505678.651089866 
 05/29  16:00:00,50489373.67767056,1465622.9611464278 
 05/29  17:00:00,45455840.89667756,1376980.9314588723 
 05/29  18:00:00,45652987.98661656,1374623.557412163 
 05/29  19:00:00,30492955.169539493,1354960.257918031 
 05/29  20:00:00,19222843.20381908,1354960.257918031 
 05/29  21:00:00,5760000.0,0.0 
 05/29  22:00:00,1710000.0,0.0 
 05/29  23:00:00,1710000.0,0.0 
 05/29  24:00:00,1710000.0,0.0 
 05/30  01:00:00,1710000.0,0.0 
 05/30  02:00:00,1710000.0,0.0 
 05/30  03:00:00,1710000.0,0.0 
 05/30  04:00:00,1710000.0,0.0 
 05/30  05:00:00,1710000.0,0.0 
 05/30  06:00:00,1710000.0,0.0 
 05/30  07:00:00,11072330.888051476,1354960.257918031 
 05/30  08:00:00,11423408.395392833,1354960.257918031 
 05/30  09:00:00,42349274.25879958,1354960.257918031 
 05/30  10:00:00,53501969.26225445,1359284.4472161555 
 05/30  11:00:00,54261616.84333604,1377559.3638336142 
 05/30  12:00:00,52887085.45158817,1409610.9555100752 
 05/30  13:00:00,49818999.49006288,1385887.7699288493 
 05/30  14:00:00,55322139.76478542,1465749.0136232127 
 05/30  15:00:00,57337941.32580901,1517881.0311688515 
 05/30  16:00:00,56231427.071222946,1507363.7600612203 
 05/30  17:00:00,51960909.75380017,1451185.6926838935 
 05/30  18:00:00,49649697.254333995,1429645.5288936198 
 05/30  19:00:00,31068885.20609481,1355639.607790194 
 05/30  20:00:00,18900978.218368948,1354960.257918031 
 05/30  21:00:00,5760000.0,0.0 
 05/30  22:00:00,1710000.0,0.0 
 05/30  23:00:00,1710000.0,0.0 
 05/30  24:00:00,1710000.0,0.0 
 05/31  01:00:00,1710000.0,0.0 
 05/31  02:00:00,1710000.0,0.0 
 05/31  03:00:00,1710000.0,0.0 
 05/31  04:00:00,1710000.0,0.0 
 05/31  05:00:00,1710000.0,0.0 
 05/31  06:00:00,1710000.0,0.0 
 05/31  07:00:00,7926511.149710416,1354960.257918031 
 05/31  08:00:00,8374803.864282906,1354960.257918031 
 05/31  09:00:00,38677396.98507696,1374504.501249718 
 05/31  10:00:00,50420231.321122706,1426813.9989565765 
 05/31  11:00:00,53127305.22665544,1484846.4776569856 
 05/31  12:00:00,52103162.49287999,1486195.0429222 
 05/31  13:00:00,47162190.72737736,1417653.0805286756 
 05/31  14:00:00,51300552.682528175,1495283.8362412828 
 05/31  15:00:00,53232794.586767025,1563953.1928496188 
 05/31  16:00:00,51581108.18557993,1567176.3141359086 
 05/31  17:00:00,46613497.14135736,1485539.9217529725 
 05/31  18:00:00,45156141.438768685,1408205.5958171913 
 05/31  19:00:00,28702968.347835146,1354960.257918031 
 05/31  20:00:00,17398438.231334306,1354960.257918031 
 05/31  21:00:00,5760000.0,0.0 
 05/31  22:00:00,1710000.0,0.0 
 05/31  23:00:00,1710000.0,0.0 
 05/31  24:00:00,1710000.0,0.0,13406684507.29228,11223810000.0,7121250000.0,451135722.8178841,1731738784.4744158,62998149.90336587,62998149.90336587,,,,,,,,7121250000.0,,11223810000.0,,4102560000.0 
 06/01  01:00:00,4950000.0,0.0 
 06/01  02:00:00,4950000.0,0.0 
 06/01  03:00:00,4950000.0,0.0 
 06/01  04:00:00,4950000.0,0.0 
 06/01  05:00:00,4950000.0,0.0 
 06/01  06:00:00,4950000.0,0.0 
 06/01  07:00:00,4950000.0,0.0 
 06/01  08:00:00,4950000.0,0.0 
 06/01  09:00:00,4950000.0,0.0 
 06/01  10:00:00,4950000.0,0.0 
 06/01  11:00:00,4950000.0,0.0 
 06/01  12:00:00,4950000.0,0.0 
 06/01  13:00:00,4950000.0,0.0 
 06/01  14:00:00,4950000.0,0.0 
 06/01  15:00:00,4950000.0,0.0 
 06/01  16:00:00,4950000.0,0.0 
 06/01  17:00:00,4950000.0,0.0 
 06/01  18:00:00,4950000.0,0.0 
 06/01  19:00:00,4950000.0,0.0 
 06/01  20:00:00,4950000.0,0.0 
 06/01  21:00:00,4950000.0,0.0 
 06/01  22:00:00,4950000.0,0.0 
 06/01  23:00:00,4950000.0,0.0 
 06/01  24:00:00,4950000.0,0.0 
 06/02  01:00:00,4950000.0,0.0 
 06/02  02:00:00,4950000.0,0.0 
 06/02  03:00:00,4950000.0,0.0 
 06/02  04:00:00,4950000.0,0.0 
 06/02  05:00:00,4950000.0,0.0 
 06/02  06:00:00,4950000.0,0.0 
 06/02  07:00:00,4950000.0,0.0 
 06/02  08:00:00,4950000.0,0.0 
 06/02  09:00:00,4950000.0,0.0 
 06/02  10:00:00,4950000.0,0.0 
 06/02  11:00:00,4950000.0,0.0 
 06/02  12:00:00,4950000.0,0.0 
 06/02  13:00:00,4950000.0,0.0 
 06/02  14:00:00,4950000.0,0.0 
 06/02  15:00:00,4950000.0,0.0 
 06/02  16:00:00,4950000.0,0.0 
 06/02  17:00:00,4950000.0,0.0 
 06/02  18:00:00,4950000.0,0.0 
 06/02  19:00:00,4950000.0,0.0 
 06/02  20:00:00,4950000.0,0.0 
 06/02  21:00:00,4950000.0,0.0 
 06/02  22:00:00,4950000.0,0.0 
 06/02  23:00:00,4950000.0,0.0 
 06/02  24:00:00,4950000.0,0.0 
 06/03  01:00:00,1710000.0,0.0 
 06/03  02:00:00,1710000.0,0.0 
 06/03  03:00:00,1710000.0,0.0 
 06/03  04:00:00,1710000.0,0.0 
 06/03  05:00:00,1710000.0,0.0 
 06/03  06:00:00,1710000.0,0.0 
 06/03  07:00:00,6579277.651883467,1354960.257918031 
 06/03  08:00:00,7318929.621420465,1354960.257918031 
 06/03  09:00:00,38318425.287315235,1380728.3704932823 
 06/03  10:00:00,50190945.92644623,1431822.2655542484 
 06/03  11:00:00,53220914.96119238,1491164.6066526454 
 06/03  12:00:00,52769501.43962489,1497101.2011735034 
 06/03  13:00:00,48506337.8392516,1439975.6174702705 
 06/03  14:00:00,52307406.5758802,1527394.2291285344 
 06/03  15:00:00,53212764.89424545,1564749.9153847103 
 06/03  16:00:00,50227285.51909752,1537915.3248876713 
 06/03  17:00:00,45972032.82816288,1488516.1784027407 
 06/03  18:00:00,45586129.76722766,1456941.57389674 
 06/03  19:00:00,29063815.017864525,1363450.9160208113 
 06/03  20:00:00,17284189.205764376,1354960.257918031 
 06/03  21:00:00,5760000.0,0.0 
 06/03  22:00:00,1710000.0,0.0 
 06/03  23:00:00,1710000.0,0.0 
 06/03  24:00:00,1710000.0,0.0 
 06/04  01:00:00,1710000.0,0.0 
 06/04  02:00:00,1710000.0,0.0 
 06/04  03:00:00,1710000.0,0.0 
 06/04  04:00:00,1710000.0,0.0 
 06/04  05:00:00,1710000.0,0.0 
 06/04  06:00:00,1710000.0,0.0 
 06/04  07:00:00,7544263.514808935,1354960.257918031 
 06/04  08:00:00,8115348.160790694,1354960.257918031 
 06/04  09:00:00,39536413.72100633,1388643.3764314582 
 06/04  10:00:00,52044309.45946166,1460369.0447553815 
 06/04  11:00:00,55910216.322807744,1576361.0565770024 
 06/04  12:00:00,55144548.372656874,1576551.7212318953 
 06/04  13:00:00,49452242.97360462,1474194.7369066088 
 06/04  14:00:00,53268874.39691204,1551339.108211529 
 06/04  15:00:00,54910269.86400334,1609802.1552665061 
 06/04  16:00:00,52732507.37204903,1569940.6195683018 
 06/04  17:00:00,47024039.33777247,1451602.4613403191 
 06/04  18:00:00,45593839.005629525,1409934.0342946528 
 06/04  19:00:00,30232862.65608099,1354960.257918031 
 06/04  20:00:00,18673216.063697703,1354960.257918031 
 06/04  21:00:00,5760000.0,0.0 
 06/04  22:00:00,1710000.0,0.0 
 06/04  23:00:00,1710000.0,0.0 
 06/04  24:00:00,1710000.0,0.0 
 06/05  01:00:00,1710000.0,0.0 
 06/05  02:00:00,1710000.0,0.0 
 06/05  03:00:00,1710000.0,0.0 
 06/05  04:00:00,1710000.0,0.0 
 06/05  05:00:00,1710000.0,0.0 
 06/05  06:00:00,1710000.0,0.0 
 06/05  07:00:00,7421190.70427873,1354960.257918031 
 06/05  08:00:00,7134472.917685978,1354960.257918031 
 06/05  09:00:00,37120468.94568747,1362597.7117595782 
 06/05  10:00:00,48497880.86441793,1421733.9666605522 
 06/05  11:00:00,51775454.099308126,1506539.271241664 
 06/05  12:00:00,51208976.15909763,1468365.6407685499 
 06/05  13:00:00,45792340.82981802,1373050.5010409767 
 06/05  14:00:00,49293280.385504454,1420064.0562035386 
 06/05  15:00:00,50837413.499303415,1450381.7778763436 
 06/05  16:00:00,49012713.740218654,1466032.0317183738 
 06/05  17:00:00,44543144.2196107,1487758.8398973069 
 06/05  18:00:00,43760397.8638802,1480483.1306983456 
 06/05  19:00:00,27283810.723488167,1366433.5780531946 
 06/05  20:00:00,15780179.12902047,1354960.257918031 
 06/05  21:00:00,5760000.0,0.0 
 06/05  22:00:00,1710000.0,0.0 
 06/05  23:00:00,1710000.0,0.0 
 06/05  24:00:00,1710000.0,0.0 
 06/06  01:00:00,1710000.0,0.0 
 06/06  02:00:00,1710000.0,0.0 
 06/06  03:00:00,1710000.0,0.0 
 06/06  04:00:00,1710000.0,0.0 
 06/06  05:00:00,1710000.0,0.0 
 06/06  06:00:00,1710000.0,0.0 
 06/06  07:00:00,5991838.192034887,1354960.257918031 
 06/06  08:00:00,7258647.281447437,1354960.257918031 
 06/06  09:00:00,39382549.63488471,1384587.5984306438 
 06/06  10:00:00,52042633.4055079,1437999.1701050077 
 06/06  11:00:00,56104761.7617289,1503848.885400685 
 06/06  12:00:00,56499124.70663029,1534756.7832167172 
 06/06  13:00:00,52150341.18883523,1465871.9979766763 
 06/06  14:00:00,57077668.47246887,1562259.9857568205 
 06/06  15:00:00,59647063.608973145,1646398.600761068 
 06/06  16:00:00,58174974.04498645,1662210.4233027005 
 06/06  17:00:00,53038363.23900238,1587886.8604095725 
 06/06  18:00:00,50988552.168179214,1532480.8254021504 
 06/06  19:00:00,31880831.657341972,1369280.0520304576 
 06/06  20:00:00,20169068.329096537,1354960.257918031 
 06/06  21:00:00,5760000.0,0.0 
 06/06  22:00:00,1710000.0,0.0 
 06/06  23:00:00,1710000.0,0.0 
 06/06  24:00:00,1710000.0,0.0 
 06/07  01:00:00,1710000.0,0.0 
 06/07  02:00:00,1710000.0,0.0 
 06/07  03:00:00,1710000.0,0.0 
 06/07  04:00:00,1710000.0,0.0 
 06/07  05:00:00,1710000.0,0.0 
 06/07  06:00:00,1710000.0,0.0 
 06/07  07:00:00,12751939.977414204,1354960.257918031 
 06/07  08:00:00,13422644.3674179,1354960.257918031 
 06/07  09:00:00,43240829.201717675,1354960.257918031 
 06/07  10:00:00,54202940.20132009,1361506.1438867706 
 06/07  11:00:00,54680469.23810808,1384624.0592234186 
 06/07  12:00:00,52665474.70146874,1386433.7965165067 
 06/07  13:00:00,49169898.99235972,1368181.029100773 
 06/07  14:00:00,54091027.89416059,1407772.0613373336 
 06/07  15:00:00,55891442.883495405,1433483.5298737986 
 06/07  16:00:00,55110102.1354139,1447894.376195903 
 06/07  17:00:00,51291008.52999438,1429822.83738449 
 06/07  18:00:00,51066977.0532023,1416282.9445009064 
 06/07  19:00:00,34402813.144285776,1354960.257918031 
 06/07  20:00:00,22883415.65950646,1354960.257918031 
 06/07  21:00:00,5760000.0,0.0 
 06/07  22:00:00,1710000.0,0.0 
 06/07  23:00:00,1710000.0,0.0 
 06/07  24:00:00,1710000.0,0.0 
 06/08  01:00:00,4950000.0,0.0 
 06/08  02:00:00,4950000.0,0.0 
 06/08  03:00:00,4950000.0,0.0 
 06/08  04:00:00,4950000.0,0.0 
 06/08  05:00:00,4950000.0,0.0 
 06/08  06:00:00,4950000.0,0.0 
 06/08  07:00:00,4950000.0,0.0 
 06/08  08:00:00,4950000.0,0.0 
 06/08  09:00:00,4950000.0,0.0 
 06/08  10:00:00,4950000.0,0.0 
 06/08  11:00:00,4950000.0,0.0 
 06/08  12:00:00,4950000.0,0.0 
 06/08  13:00:00,4950000.0,0.0 
 06/08  14:00:00,4950000.0,0.0 
 06/08  15:00:00,4950000.0,0.0 
 06/08  16:00:00,4950000.0,0.0 
 06/08  17:00:00,4950000.0,0.0 
 06/08  18:00:00,4950000.0,0.0 
 06/08  19:00:00,4950000.0,0.0 
 06/08  20:00:00,4950000.0,0.0 
 06/08  21:00:00,4950000.0,0.0 
 06/08  22:00:00,4950000.0,0.0 
 06/08  23:00:00,4950000.0,0.0 
 06/08  24:00:00,4950000.0,0.0 
 06/09  01:00:00,4950000.0,0.0 
 06/09  02:00:00,4950000.0,0.0 
 06/09  03:00:00,4950000.0,0.0 
 06/09  04:00:00,4950000.0,0.0 
 06/09  05:00:00,4950000.0,0.0 
 06/09  06:00:00,4950000.0,0.0 
 06/09  07:00:00,4950000.0,0.0 
 06/09  08:00:00,4950000.0,0.0 
 06/09  09:00:00,4950000.0,0.0 
 06/09  10:00:00,4950000.0,0.0 
 06/09  11:00:00,4950000.0,0.0 
 06/09  12:00:00,4950000.0,0.0 
 06/09  13:00:00,4950000.0,0.0 
 06/09  14:00:00,4950000.0,0.0 
 06/09  15:00:00,4950000.0,0.0 
 06/09  16:00:00,4950000.0,0.0 
 06/09  17:00:00,4950000.0,0.0 
 06/09  18:00:00,4950000.0,0.0 
 06/09  19:00:00,4950000.0,0.0 
 06/09  20:00:00,4950000.0,0.0 
 06/09  21:00:00,4950000.0,0.0 
 06/09  22:00:00,4950000.0,0.0 
 06/09  23:00:00,4950000.0,0.0 
 06/09  24:00:00,4950000.0,0.0 
 06/10  01:00:00,1710000.0,0.0 
 06/10  02:00:00,1710000.0,0.0 
 06/10  03:00:00,1710000.0,0.0 
 06/10  04:00:00,1710000.0,0.0 
 06/10  05:00:00,1710000.0,0.0 
 06/10  06:00:00,1710000.0,0.0 
 06/10  07:00:00,13622946.997133013,1354960.257918031 
 06/10  08:00:00,11427139.895959355,1354960.257918031 
 06/10  09:00:00,38967947.557094604,1354960.257918031 
 06/10  10:00:00,47859411.40801956,1354960.257918031 
 06/10  11:00:00,48962007.26382791,1387861.4651919587 
 06/10  12:00:00,47700744.292188466,1386321.5816137814 
 06/10  13:00:00,43463786.47320702,1372793.6231173389 
 06/10  14:00:00,46298205.19416026,1392141.028197061 
 06/10  15:00:00,48128854.15296388,1455086.733990561 
 06/10  16:00:00,45501899.118828245,1388018.4146913674 
 06/10  17:00:00,41783867.27924477,1378176.2196043977 
 06/10  18:00:00,41620405.42360513,1368865.754189494 
 06/10  19:00:00,27014302.851190798,1354960.257918031 
 06/10  20:00:00,15953944.183696296,1354960.257918031 
 06/10  21:00:00,5760000.0,0.0 
 06/10  22:00:00,1710000.0,0.0 
 06/10  23:00:00,1710000.0,0.0 
 06/10  24:00:00,1710000.0,0.0 
 06/11  01:00:00,1710000.0,0.0 
 06/11  02:00:00,1710000.0,0.0 
 06/11  03:00:00,1710000.0,0.0 
 06/11  04:00:00,1710000.0,0.0 
 06/11  05:00:00,1710000.0,0.0 
 06/11  06:00:00,1710000.0,0.0 
 06/11  07:00:00,6406412.514112199,1354960.257918031 
 06/11  08:00:00,7001473.405296006,1354960.257918031 
 06/11  09:00:00,37893862.061888285,1367822.398279169 
 06/11  10:00:00,49833176.08151845,1422324.1957439259 
 06/11  11:00:00,52825582.8750783,1475406.4616969908 
 06/11  12:00:00,52122151.224918865,1487420.5674139527 
 06/11  13:00:00,46891448.88140084,1423521.8167277272 
 06/11  14:00:00,51556281.57583023,1513147.4294713154 
 06/11  15:00:00,53980582.85233065,1576274.8348780158 
 06/11  16:00:00,51290512.887548745,1531213.839602436 
 06/11  17:00:00,46022985.638103314,1451626.5464782089 
 06/11  18:00:00,44970723.08167268,1407182.3475652211 
 06/11  19:00:00,29092931.34603083,1354960.257918031 
 06/11  20:00:00,17604531.96657704,1354960.257918031 
 06/11  21:00:00,5760000.0,0.0 
 06/11  22:00:00,1710000.0,0.0 
 06/11  23:00:00,1710000.0,0.0 
 06/11  24:00:00,1710000.0,0.0 
 06/12  01:00:00,1710000.0,0.0 
 06/12  02:00:00,1710000.0,0.0 
 06/12  03:00:00,1710000.0,0.0 
 06/12  04:00:00,1710000.0,0.0 
 06/12  05:00:00,1710000.0,0.0 
 06/12  06:00:00,1710000.0,0.0 
 06/12  07:00:00,6213603.058068417,1354960.257918031 
 06/12  08:00:00,6845260.872810159,1354960.257918031 
 06/12  09:00:00,37414485.2101191,1378246.0728595674 
 06/12  10:00:00,48922876.282839604,1421133.8361147023 
 06/12  11:00:00,51106804.20473196,1460098.9037573913 
 06/12  12:00:00,50422352.74260563,1555604.4570725197 
 06/12  13:00:00,44711534.96339551,1411566.8297529814 
 06/12  14:00:00,49139448.98052658,1511156.210116023 
 06/12  15:00:00,50896858.81919766,1507403.9885803983 
 06/12  16:00:00,49301408.246050626,1511608.717827659 
 06/12  17:00:00,44078373.8822847,1426672.2647447605 
 06/12  18:00:00,43140851.39681714,1406871.839426408 
 06/12  19:00:00,27613642.24320045,1354960.257918031 
 06/12  20:00:00,16537481.654809456,1354960.257918031 
 06/12  21:00:00,5760000.0,0.0 
 06/12  22:00:00,1710000.0,0.0 
 06/12  23:00:00,1710000.0,0.0 
 06/12  24:00:00,1710000.0,0.0 
 06/13  01:00:00,1710000.0,0.0 
 06/13  02:00:00,1710000.0,0.0 
 06/13  03:00:00,1710000.0,0.0 
 06/13  04:00:00,1710000.0,0.0 
 06/13  05:00:00,1710000.0,0.0 
 06/13  06:00:00,1710000.0,0.0 
 06/13  07:00:00,6908231.815194642,1354960.257918031 
 06/13  08:00:00,7862341.154973255,1354960.257918031 
 06/13  09:00:00,38906420.749598674,1354960.257918031 
 06/13  10:00:00,50664081.953972764,1392917.4561845255 
 06/13  11:00:00,53186705.722579986,1423100.1466830312 
 06/13  12:00:00,52571109.84679385,1437480.58194472 
 06/13  13:00:00,47802491.82695135,1386296.8356016427 
 06/13  14:00:00,50887022.34864636,1429933.522306994 
 06/13  15:00:00,52500229.577710725,1459879.474448671 
 06/13  16:00:00,51246833.595979236,1459437.183120239 
 06/13  17:00:00,47001337.30899326,1421371.9868431 
 06/13  18:00:00,46528407.2286636,1405865.553576645 
 06/13  19:00:00,30390967.62196069,1356767.1033482316 
 06/13  20:00:00,19028583.476406496,1354960.257918031 
 06/13  21:00:00,5760000.0,0.0 
 06/13  22:00:00,1710000.0,0.0 
 06/13  23:00:00,1710000.0,0.0 
 06/13  24:00:00,1710000.0,0.0 
 06/14  01:00:00,1710000.0,0.0 
 06/14  02:00:00,1710000.0,0.0 
 06/14  03:00:00,1710000.0,0.0 
 06/14  04:00:00,1710000.0,0.0 
 06/14  05:00:00,1710000.0,0.0 
 06/14  06:00:00,1710000.0,0.0 
 06/14  07:00:00,9280339.853265977,1354960.257918031 
 06/14  08:00:00,10083979.350265827,1354960.257918031 
 06/14  09:00:00,41034018.83763254,1354960.257918031 
 06/14  10:00:00,53238232.50084783,1393255.485098712 
 06/14  11:00:00,56992993.59483964,1461753.664263146 
 06/14  12:00:00,56846858.041878834,1495176.8420422266 
 06/14  13:00:00,52227092.17686698,1433468.0931626721 
 06/14  14:00:00,57657037.58176782,1550259.8420998806 
 06/14  15:00:00,59756971.10278104,1643301.2447921236 
 06/14  16:00:00,57301791.7913177,1632132.214142058 
 06/14  17:00:00,51964664.39453379,1534126.680169045 
 06/14  18:00:00,50654958.25822735,1481262.6416437041 
 06/14  19:00:00,32489755.653285366,1355319.384539528 
 06/14  20:00:00,20848853.267651852,1354960.257918031 
 06/14  21:00:00,5760000.0,0.0 
 06/14  22:00:00,1710000.0,0.0 
 06/14  23:00:00,1710000.0,0.0 
 06/14  24:00:00,1710000.0,0.0 
 06/15  01:00:00,4950000.0,0.0 
 06/15  02:00:00,4950000.0,0.0 
 06/15  03:00:00,4950000.0,0.0 
 06/15  04:00:00,4950000.0,0.0 
 06/15  05:00:00,4950000.0,0.0 
 06/15  06:00:00,4950000.0,0.0 
 06/15  07:00:00,4950000.0,0.0 
 06/15  08:00:00,4950000.0,0.0 
 06/15  09:00:00,4950000.0,0.0 
 06/15  10:00:00,4950000.0,0.0 
 06/15  11:00:00,4950000.0,0.0 
 06/15  12:00:00,4950000.0,0.0 
 06/15  13:00:00,4950000.0,0.0 
 06/15  14:00:00,4950000.0,0.0 
 06/15  15:00:00,4950000.0,0.0 
 06/15  16:00:00,4950000.0,0.0 
 06/15  17:00:00,4950000.0,0.0 
 06/15  18:00:00,4950000.0,0.0 
 06/15  19:00:00,4950000.0,0.0 
 06/15  20:00:00,4950000.0,0.0 
 06/15  21:00:00,4950000.0,0.0 
 06/15  22:00:00,4950000.0,0.0 
 06/15  23:00:00,4950000.0,0.0 
 06/15  24:00:00,4950000.0,0.0 
 06/16  01:00:00,4950000.0,0.0 
 06/16  02:00:00,4950000.0,0.0 
 06/16  03:00:00,4950000.0,0.0 
 06/16  04:00:00,4950000.0,0.0 
 06/16  05:00:00,4950000.0,0.0 
 06/16  06:00:00,4950000.0,0.0 
 06/16  07:00:00,4950000.0,0.0 
 06/16  08:00:00,4950000.0,0.0 
 06/16  09:00:00,4950000.0,0.0 
 06/16  10:00:00,4950000.0,0.0 
 06/16  11:00:00,4950000.0,0.0 
 06/16  12:00:00,4950000.0,0.0 
 06/16  13:00:00,4950000.0,0.0 
 06/16  14:00:00,4950000.0,0.0 
 06/16  15:00:00,4950000.0,0.0 
 06/16  16:00:00,4950000.0,0.0 
 06/16  17:00:00,4950000.0,0.0 
 06/16  18:00:00,4950000.0,0.0 
 06/16  19:00:00,4950000.0,0.0 
 06/16  20:00:00,4950000.0,0.0 
 06/16  21:00:00,4950000.0,0.0 
 06/16  22:00:00,4950000.0,0.0 
 06/16  23:00:00,4950000.0,0.0 
 06/16  24:00:00,4950000.0,0.0 
 06/17  01:00:00,1710000.0,0.0 
 06/17  02:00:00,1710000.0,0.0 
 06/17  03:00:00,1710000.0,0.0 
 06/17  04:00:00,1710000.0,0.0 
 06/17  05:00:00,1710000.0,0.0 
 06/17  06:00:00,1710000.0,0.0 
 06/17  07:00:00,11098759.145532727,1354960.257918031 
 06/17  08:00:00,10967072.59618137,1354960.257918031 
 06/17  09:00:00,41215165.36455649,1357876.5240271133 
 06/17  10:00:00,51199152.17286733,1410064.2997823865 
 06/17  11:00:00,53577211.84092325,1464603.8607009551 
 06/17  12:00:00,51966735.315365136,1433342.9589846558 
 06/17  13:00:00,46599996.91955492,1384018.318994091 
 06/17  14:00:00,50772849.0815332,1452511.498557492 
 06/17  15:00:00,52343867.21296165,1501068.4586775333 
 06/17  16:00:00,49599010.45027057,1473252.1213805748 
 06/17  17:00:00,43734905.39652418,1401496.4321456323 
 06/17  18:00:00,43673188.10819591,1414403.2161986576 
 06/17  19:00:00,27539278.89885604,1354960.257918031 
 06/17  20:00:00,16153811.034150232,1354960.257918031 
 06/17  21:00:00,5760000.0,0.0 
 06/17  22:00:00,1710000.0,0.0 
 06/17  23:00:00,1710000.0,0.0 
 06/17  24:00:00,1710000.0,0.0 
 06/18  01:00:00,1710000.0,0.0 
 06/18  02:00:00,1710000.0,0.0 
 06/18  03:00:00,1710000.0,0.0 
 06/18  04:00:00,1710000.0,0.0 
 06/18  05:00:00,1710000.0,0.0 
 06/18  06:00:00,1710000.0,0.0 
 06/18  07:00:00,5982251.529933109,1354960.257918031 
 06/18  08:00:00,6453712.594099473,1354960.257918031 
 06/18  09:00:00,36583516.29516935,1354960.257918031 
 06/18  10:00:00,47185052.91467782,1354960.257918031 
 06/18  11:00:00,48406988.14323787,1354960.257918031 
 06/18  12:00:00,47012307.295304336,1354960.257918031 
 06/18  13:00:00,43439630.94127936,1354960.257918031 
 06/18  14:00:00,47048386.42450331,1388979.9393080568 
 06/18  15:00:00,49471002.960884705,1482412.0995407095 
 06/18  16:00:00,48350910.37599238,1521686.6391954618 
 06/18  17:00:00,42971052.026864536,1410904.823163333 
 06/18  18:00:00,42222820.004676595,1378331.6836337475 
 06/18  19:00:00,27080297.162579037,1354960.257918031 
 06/18  20:00:00,15698151.432675261,1354960.257918031 
 06/18  21:00:00,5760000.0,0.0 
 06/18  22:00:00,1710000.0,0.0 
 06/18  23:00:00,1710000.0,0.0 
 06/18  24:00:00,1710000.0,0.0 
 06/19  01:00:00,1710000.0,0.0 
 06/19  02:00:00,1710000.0,0.0 
 06/19  03:00:00,1710000.0,0.0 
 06/19  04:00:00,1710000.0,0.0 
 06/19  05:00:00,1710000.0,0.0 
 06/19  06:00:00,1710000.0,0.0 
 06/19  07:00:00,6996308.590089049,1354960.257918031 
 06/19  08:00:00,7961704.587338726,1354960.257918031 
 06/19  09:00:00,39153998.61585402,1354960.257918031 
 06/19  10:00:00,51466532.505109444,1396566.8649165952 
 06/19  11:00:00,54282238.43184118,1456896.8646128455 
 06/19  12:00:00,54415295.02117264,1477761.085648783 
 06/19  13:00:00,51978245.11356694,1439481.868587091 
 06/19  14:00:00,57949374.63237984,1539178.682734052 
 06/19  15:00:00,60768536.90423149,1603149.4305219748 
 06/19  16:00:00,59481000.60873492,1590860.4853116553 
 06/19  17:00:00,53738801.59622292,1466097.9556605087 
 06/19  18:00:00,52430546.08085899,1430136.0943765535 
 06/19  19:00:00,34992115.92904733,1354960.257918031 
 06/19  20:00:00,23600742.909076456,1354960.257918031 
 06/19  21:00:00,5760000.0,0.0 
 06/19  22:00:00,1710000.0,0.0 
 06/19  23:00:00,1710000.0,0.0 
 06/19  24:00:00,1710000.0,0.0 
 06/20  01:00:00,1710000.0,0.0 
 06/20  02:00:00,1710000.0,0.0 
 06/20  03:00:00,1710000.0,0.0 
 06/20  04:00:00,1710000.0,0.0 
 06/20  05:00:00,1710000.0,0.0 
 06/20  06:00:00,1710000.0,0.0 
 06/20  07:00:00,13841005.356941823,1354960.257918031 
 06/20  08:00:00,13996034.186549433,1354960.257918031 
 06/20  09:00:00,44702526.08456248,1358587.6181930425 
 06/20  10:00:00,57398191.95199856,1445432.407363432 
 06/20  11:00:00,62179687.03145964,1571465.979952321 
 06/20  12:00:00,61811860.55391347,1577239.282005796 
 06/20  13:00:00,56903207.805969,1491163.5594430533 
 06/20  14:00:00,62494675.05031538,1614954.1112475174 
 06/20  15:00:00,65039735.63479209,1687230.9232454114 
 06/20  16:00:00,60397047.10693329,1613612.920011316 
 06/20  17:00:00,53043897.49110678,1500257.0646433765 
 06/20  18:00:00,50837197.58664849,1448867.8782085811 
 06/20  19:00:00,32934107.968587942,1354960.257918031 
 06/20  20:00:00,20755901.985562954,1354960.257918031 
 06/20  21:00:00,5760000.0,0.0 
 06/20  22:00:00,1710000.0,0.0 
 06/20  23:00:00,1710000.0,0.0 
 06/20  24:00:00,1710000.0,0.0 
 06/21  01:00:00,1710000.0,0.0 
 06/21  02:00:00,1710000.0,0.0 
 06/21  03:00:00,1710000.0,0.0 
 06/21  04:00:00,1710000.0,0.0 
 06/21  05:00:00,1710000.0,0.0 
 06/21  06:00:00,1710000.0,0.0 
 06/21  07:00:00,10699301.44721872,1354960.257918031 
 06/21  08:00:00,11243994.539609807,1354960.257918031 
 06/21  09:00:00,42667321.79903749,1407497.488676576 
 06/21  10:00:00,55087695.04366231,1491955.5324905426 
 06/21  11:00:00,58970548.22127569,1592181.3646932426 
 06/21  12:00:00,57197698.569540024,1565557.6876834345 
 06/21  13:00:00,51115800.82773861,1472450.7573070084 
 06/21  14:00:00,55693979.84882653,1568384.6168960538 
 06/21  15:00:00,57869503.21344276,1644799.3254418382 
 06/21  16:00:00,55665677.10841262,1637266.7499314612 
 06/21  17:00:00,50198503.327975094,1548011.2294315975 
 06/21  18:00:00,49038809.78485145,1492079.8279531784 
 06/21  19:00:00,31386246.71550794,1358647.959699439 
 06/21  20:00:00,20005273.990460765,1354960.257918031 
 06/21  21:00:00,5760000.0,0.0 
 06/21  22:00:00,1710000.0,0.0 
 06/21  23:00:00,1710000.0,0.0 
 06/21  24:00:00,1710000.0,0.0 
 06/22  01:00:00,4950000.0,0.0 
 06/22  02:00:00,4950000.0,0.0 
 06/22  03:00:00,4950000.0,0.0 
 06/22  04:00:00,4950000.0,0.0 
 06/22  05:00:00,4950000.0,0.0 
 06/22  06:00:00,4950000.0,0.0 
 06/22  07:00:00,4950000.0,0.0 
 06/22  08:00:00,4950000.0,0.0 
 06/22  09:00:00,4950000.0,0.0 
 06/22  10:00:00,4950000.0,0.0 
 06/22  11:00:00,4950000.0,0.0 
 06/22  12:00:00,4950000.0,0.0 
 06/22  13:00:00,4950000.0,0.0 
 06/22  14:00:00,4950000.0,0.0 
 06/22  15:00:00,4950000.0,0.0 
 06/22  16:00:00,4950000.0,0.0 
 06/22  17:00:00,4950000.0,0.0 
 06/22  18:00:00,4950000.0,0.0 
 06/22  19:00:00,4950000.0,0.0 
 06/22  20:00:00,4950000.0,0.0 
 06/22  21:00:00,4950000.0,0.0 
 06/22  22:00:00,4950000.0,0.0 
 06/22  23:00:00,4950000.0,0.0 
 06/22  24:00:00,4950000.0,0.0 
 06/23  01:00:00,4950000.0,0.0 
 06/23  02:00:00,4950000.0,0.0 
 06/23  03:00:00,4950000.0,0.0 
 06/23  04:00:00,4950000.0,0.0 
 06/23  05:00:00,4950000.0,0.0 
 06/23  06:00:00,4950000.0,0.0 
 06/23  07:00:00,4950000.0,0.0 
 06/23  08:00:00,4950000.0,0.0 
 06/23  09:00:00,4950000.0,0.0 
 06/23  10:00:00,4950000.0,0.0 
 06/23  11:00:00,4950000.0,0.0 
 06/23  12:00:00,4950000.0,0.0 
 06/23  13:00:00,4950000.0,0.0 
 06/23  14:00:00,4950000.0,0.0 
 06/23  15:00:00,4950000.0,0.0 
 06/23  16:00:00,4950000.0,0.0 
 06/23  17:00:00,4950000.0,0.0 
 06/23  18:00:00,4950000.0,0.0 
 06/23  19:00:00,4950000.0,0.0 
 06/23  20:00:00,4950000.0,0.0 
 06/23  21:00:00,4950000.0,0.0 
 06/23  22:00:00,4950000.0,0.0 
 06/23  23:00:00,4950000.0,0.0 
 06/23  24:00:00,4950000.0,0.0 
 06/24  01:00:00,1710000.0,0.0 
 06/24  02:00:00,1710000.0,0.0 
 06/24  03:00:00,1710000.0,0.0 
 06/24  04:00:00,1710000.0,0.0 
 06/24  05:00:00,1710000.0,0.0 
 06/24  06:00:00,1710000.0,0.0 
 06/24  07:00:00,5646195.306229664,1354960.257918031 
 06/24  08:00:00,6074564.137588991,1354960.257918031 
 06/24  09:00:00,36694590.83118327,1370264.512011074 
 06/24  10:00:00,48596593.46250415,1423645.8327618868 
 06/24  11:00:00,51329616.046722084,1491062.9847865687 
 06/24  12:00:00,50202983.784559086,1459345.7216871222 
 06/24  13:00:00,44665239.58502022,1364162.2496920987 
 06/24  14:00:00,48279719.64139818,1420275.8993970996 
 06/24  15:00:00,50005991.376511715,1464285.2269830757 
 06/24  16:00:00,48568078.17725077,1486017.9783201534 
 06/24  17:00:00,44609876.555563115,1457446.0565969916 
 06/24  18:00:00,44094602.462802194,1437157.9110417655 
 06/24  19:00:00,28147565.331920777,1376723.268984646 
 06/24  20:00:00,16160620.62142659,1354960.257918031 
 06/24  21:00:00,5760000.0,0.0 
 06/24  22:00:00,1710000.0,0.0 
 06/24  23:00:00,1710000.0,0.0 
 06/24  24:00:00,1710000.0,0.0 
 06/25  01:00:00,1710000.0,0.0 
 06/25  02:00:00,1710000.0,0.0 
 06/25  03:00:00,1710000.0,0.0 
 06/25  04:00:00,1710000.0,0.0 
 06/25  05:00:00,1710000.0,0.0 
 06/25  06:00:00,1710000.0,0.0 
 06/25  07:00:00,5852913.085706269,1354960.257918031 
 06/25  08:00:00,7377208.750286715,1354960.257918031 
 06/25  09:00:00,38825966.292942196,1383655.4301066888 
 06/25  10:00:00,50682549.59489497,1436257.1695507504 
 06/25  11:00:00,53874566.83456741,1493490.1061704862 
 06/25  12:00:00,53466008.8611734,1505676.7340486627 
 06/25  13:00:00,47669176.576627746,1433679.4868930937 
 06/25  14:00:00,51137080.14174546,1495554.5584231436 
 06/25  15:00:00,53183375.84318222,1552317.8155530659 
 06/25  16:00:00,51435550.30557067,1558648.2379126004 
 06/25  17:00:00,46994493.89963803,1517815.9586565515 
 06/25  18:00:00,45994926.95591841,1486049.899546516 
 06/25  19:00:00,29230378.866655886,1375040.1732720658 
 06/25  20:00:00,17280516.35802956,1354960.257918031 
 06/25  21:00:00,5760000.0,0.0 
 06/25  22:00:00,1710000.0,0.0 
 06/25  23:00:00,1710000.0,0.0 
 06/25  24:00:00,1710000.0,0.0 
 06/26  01:00:00,1710000.0,0.0 
 06/26  02:00:00,1710000.0,0.0 
 06/26  03:00:00,1710000.0,0.0 
 06/26  04:00:00,1710000.0,0.0 
 06/26  05:00:00,1710000.0,0.0 
 06/26  06:00:00,1710000.0,0.0 
 06/26  07:00:00,6819204.117922671,1354960.257918031 
 06/26  08:00:00,8013381.651743034,1354960.257918031 
 06/26  09:00:00,38610582.35128852,1376626.524210552 
 06/26  10:00:00,50784473.304766506,1426843.516669834 
 06/26  11:00:00,54409023.818518594,1486688.5985427327 
 06/26  12:00:00,54186902.635686286,1500595.3128523473 
 06/26  13:00:00,49356741.50697917,1433899.2331477406 
 06/26  14:00:00,53967817.59984634,1519810.4461241863 
 06/26  15:00:00,56329780.96126291,1592186.0471255793 
 06/26  16:00:00,55162917.860283494,1620628.1565376776 
 06/26  17:00:00,50577977.63547627,1555648.6100215034 
 06/26  18:00:00,49147552.04234427,1512270.3803863497 
 06/26  19:00:00,30697973.90126042,1359937.4597511496 
 06/26  20:00:00,18660966.54604717,1354960.257918031 
 06/26  21:00:00,5760000.0,0.0 
 06/26  22:00:00,1710000.0,0.0 
 06/26  23:00:00,1710000.0,0.0 
 06/26  24:00:00,1710000.0,0.0 
 06/27  01:00:00,1710000.0,0.0 
 06/27  02:00:00,1710000.0,0.0 
 06/27  03:00:00,1710000.0,0.0 
 06/27  04:00:00,1710000.0,0.0 
 06/27  05:00:00,1710000.0,0.0 
 06/27  06:00:00,1710000.0,0.0 
 06/27  07:00:00,7571796.956878005,1354960.257918031 
 06/27  08:00:00,8673542.469116908,1354960.257918031 
 06/27  09:00:00,39728417.71229645,1354960.257918031 
 06/27  10:00:00,52331263.48108968,1375598.5532101083 
 06/27  11:00:00,56831863.48782747,1472650.9155228098 
 06/27  12:00:00,56939291.18817693,1499965.5456337743 
 06/27  13:00:00,52976922.771808386,1447754.0108017533 
 06/27  14:00:00,57870545.17767369,1560788.371208237 
 06/27  15:00:00,59983965.61124783,1634644.0501338365 
 06/27  16:00:00,57631831.47758026,1618052.3867499684 
 06/27  17:00:00,51562075.990757585,1508312.7964138405 
 06/27  18:00:00,50781501.670538224,1469256.2538672553 
 06/27  19:00:00,33178459.327217918,1354960.257918031 
 06/27  20:00:00,21252126.851882525,1354960.257918031 
 06/27  21:00:00,5760000.0,0.0 
 06/27  22:00:00,1710000.0,0.0 
 06/27  23:00:00,1710000.0,0.0 
 06/27  24:00:00,1710000.0,0.0 
 06/28  01:00:00,1710000.0,0.0 
 06/28  02:00:00,1710000.0,0.0 
 06/28  03:00:00,1710000.0,0.0 
 06/28  04:00:00,1710000.0,0.0 
 06/28  05:00:00,1710000.0,0.0 
 06/28  06:00:00,1710000.0,0.0 
 06/28  07:00:00,10718886.74359113,1354960.257918031 
 06/28  08:00:00,12815369.035419509,1354960.257918031 
 06/28  09:00:00,44791814.32733214,1416412.258378312 
 06/28  10:00:00,57611370.61895241,1494783.3764681914 
 06/28  11:00:00,61152242.65835254,1605299.1634054997 
 06/28  12:00:00,59451345.292874016,1593850.4962163703 
 06/28  13:00:00,54512433.502036065,1489545.64994608 
 06/28  14:00:00,59460015.343704835,1589759.2056065626 
 06/28  15:00:00,60311243.60352419,1656814.4411846502 
 06/28  16:00:00,58100533.97653298,1628131.9173752689 
 06/28  17:00:00,53282697.46509181,1538710.8061700612 
 06/28  18:00:00,51485116.50736537,1497427.8793789193 
 06/28  19:00:00,32189264.26445004,1357575.7111953935 
 06/28  20:00:00,20395697.746820703,1354960.257918031 
 06/28  21:00:00,5760000.0,0.0 
 06/28  22:00:00,1710000.0,0.0 
 06/28  23:00:00,1710000.0,0.0 
 06/28  24:00:00,1710000.0,0.0 
 06/29  01:00:00,4950000.0,0.0 
 06/29  02:00:00,4950000.0,0.0 
 06/29  03:00:00,4950000.0,0.0 
 06/29  04:00:00,4950000.0,0.0 
 06/29  05:00:00,4950000.0,0.0 
 06/29  06:00:00,4950000.0,0.0 
 06/29  07:00:00,4950000.0,0.0 
 06/29  08:00:00,4950000.0,0.0 
 06/29  09:00:00,4950000.0,0.0 
 06/29  10:00:00,4950000.0,0.0 
 06/29  11:00:00,4950000.0,0.0 
 06/29  12:00:00,4950000.0,0.0 
 06/29  13:00:00,4950000.0,0.0 
 06/29  14:00:00,4950000.0,0.0 
 06/29  15:00:00,4950000.0,0.0 
 06/29  16:00:00,4950000.0,0.0 
 06/29  17:00:00,4950000.0,0.0 
 06/29  18:00:00,4950000.0,0.0 
 06/29  19:00:00,4950000.0,0.0 
 06/29  20:00:00,4950000.0,0.0 
 06/29  21:00:00,4950000.0,0.0 
 06/29  22:00:00,4950000.0,0.0 
 06/29  23:00:00,4950000.0,0.0 
 06/29  24:00:00,4950000.0,0.0 
 06/30  01:00:00,4950000.0,0.0 
 06/30  02:00:00,4950000.0,0.0 
 06/30  03:00:00,4950000.0,0.0 
 06/30  04:00:00,4950000.0,0.0 
 06/30  05:00:00,4950000.0,0.0 
 06/30  06:00:00,4950000.0,0.0 
 06/30  07:00:00,4950000.0,0.0 
 06/30  08:00:00,4950000.0,0.0 
 06/30  09:00:00,4950000.0,0.0 
 06/30  10:00:00,4950000.0,0.0 
 06/30  11:00:00,4950000.0,0.0 
 06/30  12:00:00,4950000.0,0.0 
 06/30  13:00:00,4950000.0,0.0 
 06/30  14:00:00,4950000.0,0.0 
 06/30  15:00:00,4950000.0,0.0 
 06/30  16:00:00,4950000.0,0.0 
 06/30  17:00:00,4950000.0,0.0 
 06/30  18:00:00,4950000.0,0.0 
 06/30  19:00:00,4950000.0,0.0 
 06/30  20:00:00,4950000.0,0.0 
 06/30  21:00:00,4950000.0,0.0 
 06/30  22:00:00,4950000.0,0.0 
 06/30  23:00:00,4950000.0,0.0 
 06/30  24:00:00,4950000.0,0.0,13051621281.462387,10121400000.0,6291000000.0,402802704.22218716,2527418577.240208,0.0,0.0,,,,,,,,6291000000.0,,10121400000.0,,3830400000.0 
 07/01  01:00:00,1710000.0,0.0 
 07/01  02:00:00,1710000.0,0.0 
 07/01  03:00:00,1710000.0,0.0 
 07/01  04:00:00,1710000.0,0.0 
 07/01  05:00:00,1710000.0,0.0 
 07/01  06:00:00,1710000.0,0.0 
 07/01  07:00:00,7798974.202687236,1354960.257918031 
 07/01  08:00:00,7984707.943748448,1354960.257918031 
 07/01  09:00:00,38109474.06130955,1354960.257918031 
 07/01  10:00:00,48888479.80124818,1354960.257918031 
 07/01  11:00:00,51815932.01631599,1428957.0683850837 
 07/01  12:00:00,51446790.985477716,1475838.8730943664 
 07/01  13:00:00,47061191.41381645,1431855.6299503003 
 07/01  14:00:00,50457993.703044795,1508119.2942308402 
 07/01  15:00:00,51706198.890723914,1527553.8041653263 
 07/01  16:00:00,48646890.78227778,1451805.552716583 
 07/01  17:00:00,43416817.92331348,1371325.6838118788 
 07/01  18:00:00,43597910.78749138,1372181.8202560232 
 07/01  19:00:00,28960801.808245823,1354960.257918031 
 07/01  20:00:00,17993074.101204712,1354960.257918031 
 07/01  21:00:00,5760000.0,0.0 
 07/01  22:00:00,1710000.0,0.0 
 07/01  23:00:00,1710000.0,0.0 
 07/01  24:00:00,1710000.0,0.0 
 07/02  01:00:00,1710000.0,0.0 
 07/02  02:00:00,1710000.0,0.0 
 07/02  03:00:00,1710000.0,0.0 
 07/02  04:00:00,1710000.0,0.0 
 07/02  05:00:00,1710000.0,0.0 
 07/02  06:00:00,1710000.0,0.0 
 07/02  07:00:00,8512594.0844612,1354960.257918031 
 07/02  08:00:00,8418202.710908378,1354960.257918031 
 07/02  09:00:00,38458137.91097854,1354960.257918031 
 07/02  10:00:00,49207023.376728445,1356577.507237035 
 07/02  11:00:00,51547559.6152234,1381789.2386562368 
 07/02  12:00:00,51628701.416610524,1410911.59759362 
 07/02  13:00:00,47585519.19370662,1388250.225759821 
 07/02  14:00:00,52004182.499008745,1459495.3263999862 
 07/02  15:00:00,53851387.20493418,1506531.5998769894 
 07/02  16:00:00,51942175.53185701,1499803.9998009042 
 07/02  17:00:00,47515005.49259813,1455712.043584451 
 07/02  18:00:00,46682726.90309782,1416886.8020867263 
 07/02  19:00:00,29881223.769082572,1356394.10861275 
 07/02  20:00:00,17481698.82160764,1354960.257918031 
 07/02  21:00:00,5760000.0,0.0 
 07/02  22:00:00,1710000.0,0.0 
 07/02  23:00:00,1710000.0,0.0 
 07/02  24:00:00,1710000.0,0.0 
 07/03  01:00:00,1710000.0,0.0 
 07/03  02:00:00,1710000.0,0.0 
 07/03  03:00:00,1710000.0,0.0 
 07/03  04:00:00,1710000.0,0.0 
 07/03  05:00:00,1710000.0,0.0 
 07/03  06:00:00,1710000.0,0.0 
 07/03  07:00:00,6177384.618583955,1354960.257918031 
 07/03  08:00:00,6506815.457435701,1354960.257918031 
 07/03  09:00:00,36862684.371093184,1370766.6864410473 
 07/03  10:00:00,48777475.21376217,1454138.0671659806 
 07/03  11:00:00,51606776.497809745,1468509.5942594348 
 07/03  12:00:00,51206116.151725434,1489516.9294916815 
 07/03  13:00:00,46662822.738368526,1426583.2738839763 
 07/03  14:00:00,50803838.84027067,1507900.5711692397 
 07/03  15:00:00,52921749.44618937,1562949.6835928436 
 07/03  16:00:00,51435890.66514,1557420.8550788485 
 07/03  17:00:00,47031792.32909207,1497212.2227059323 
 07/03  18:00:00,46580000.00286891,1456087.5907645326 
 07/03  19:00:00,29850412.126719166,1357028.189557432 
 07/03  20:00:00,18693105.550405093,1354960.257918031 
 07/03  21:00:00,5760000.0,0.0 
 07/03  22:00:00,1710000.0,0.0 
 07/03  23:00:00,1710000.0,0.0 
 07/03  24:00:00,1710000.0,0.0 
 07/04  01:00:00,1710000.0,0.0 
 07/04  02:00:00,1710000.0,0.0 
 07/04  03:00:00,1710000.0,0.0 
 07/04  04:00:00,1710000.0,0.0 
 07/04  05:00:00,1710000.0,0.0 
 07/04  06:00:00,1710000.0,0.0 
 07/04  07:00:00,9695765.815821137,1354960.257918031 
 07/04  08:00:00,10514084.129174938,1354960.257918031 
 07/04  09:00:00,41627915.64595401,1354960.257918031 
 07/04  10:00:00,54899050.02528235,1446060.6953824903 
 07/04  11:00:00,58681610.17205682,1509327.7012210973 
 07/04  12:00:00,58376514.77457708,1517653.820914245 
 07/04  13:00:00,54048214.47185709,1445872.2911281558 
 07/04  14:00:00,59348627.97769669,1542092.949548964 
 07/04  15:00:00,62164760.340219036,1628656.1121745757 
 07/04  16:00:00,60675181.332989186,1631452.2334222829 
 07/04  17:00:00,55679522.592830524,1554251.7914072245 
 07/04  18:00:00,54513684.57716125,1496680.5978739352 
 07/04  19:00:00,36300369.786963,1356168.6588275558 
 07/04  20:00:00,25345696.966154538,1354960.257918031 
 07/04  21:00:00,5760000.0,0.0 
 07/04  22:00:00,1710000.0,0.0 
 07/04  23:00:00,1710000.0,0.0 
 07/04  24:00:00,1710000.0,0.0 
 07/05  01:00:00,1710000.0,0.0 
 07/05  02:00:00,1710000.0,0.0 
 07/05  03:00:00,1710000.0,0.0 
 07/05  04:00:00,1710000.0,0.0 
 07/05  05:00:00,1710000.0,0.0 
 07/05  06:00:00,1710000.0,0.0 
 07/05  07:00:00,13883255.871048179,1354960.257918031 
 07/05  08:00:00,14762035.51405119,1354960.257918031 
 07/05  09:00:00,46487967.58397177,1424800.421326445 
 07/05  10:00:00,59819340.63616208,1532350.355869607 
 07/05  11:00:00,64466352.4265766,1637259.0825250638 
 07/05  12:00:00,62925124.3138011,1592783.7485199664 
 07/05  13:00:00,57291648.90763818,1493013.1783676774 
 07/05  14:00:00,62337509.192103684,1601167.8063915048 
 07/05  15:00:00,64986566.751337446,1702029.019918161 
 07/05  16:00:00,63114928.718980804,1695286.0943001057 
 07/05  17:00:00,57970490.51865681,1599033.328564808 
 07/05  18:00:00,56510690.95558846,1557855.252473096 
 07/05  19:00:00,37278470.84500207,1375083.26602683 
 07/05  20:00:00,25426663.478322648,1354960.257918031 
 07/05  21:00:00,5760000.0,0.0 
 07/05  22:00:00,1710000.0,0.0 
 07/05  23:00:00,1710000.0,0.0 
 07/05  24:00:00,1710000.0,0.0 
 07/06  01:00:00,4950000.0,0.0 
 07/06  02:00:00,4950000.0,0.0 
 07/06  03:00:00,4950000.0,0.0 
 07/06  04:00:00,4950000.0,0.0 
 07/06  05:00:00,4950000.0,0.0 
 07/06  06:00:00,4950000.0,0.0 
 07/06  07:00:00,4950000.0,0.0 
 07/06  08:00:00,4950000.0,0.0 
 07/06  09:00:00,4950000.0,0.0 
 07/06  10:00:00,4950000.0,0.0 
 07/06  11:00:00,4950000.0,0.0 
 07/06  12:00:00,4950000.0,0.0 
 07/06  13:00:00,4950000.0,0.0 
 07/06  14:00:00,4950000.0,0.0 
 07/06  15:00:00,4950000.0,0.0 
 07/06  16:00:00,4950000.0,0.0 
 07/06  17:00:00,4950000.0,0.0 
 07/06  18:00:00,4950000.0,0.0 
 07/06  19:00:00,4950000.0,0.0 
 07/06  20:00:00,4950000.0,0.0 
 07/06  21:00:00,4950000.0,0.0 
 07/06  22:00:00,4950000.0,0.0 
 07/06  23:00:00,4950000.0,0.0 
 07/06  24:00:00,4950000.0,0.0 
 07/07  01:00:00,4950000.0,0.0 
 07/07  02:00:00,4950000.0,0.0 
 07/07  03:00:00,4950000.0,0.0 
 07/07  04:00:00,4950000.0,0.0 
 07/07  05:00:00,4950000.0,0.0 
 07/07  06:00:00,4950000.0,0.0 
 07/07  07:00:00,4950000.0,0.0 
 07/07  08:00:00,4950000.0,0.0 
 07/07  09:00:00,4950000.0,0.0 
 07/07  10:00:00,4950000.0,0.0 
 07/07  11:00:00,4950000.0,0.0 
 07/07  12:00:00,4950000.0,0.0 
 07/07  13:00:00,4950000.0,0.0 
 07/07  14:00:00,4950000.0,0.0 
 07/07  15:00:00,4950000.0,0.0 
 07/07  16:00:00,4950000.0,0.0 
 07/07  17:00:00,4950000.0,0.0 
 07/07  18:00:00,4950000.0,0.0 
 07/07  19:00:00,4950000.0,0.0 
 07/07  20:00:00,4950000.0,0.0 
 07/07  21:00:00,4950000.0,0.0 
 07/07  22:00:00,4950000.0,0.0 
 07/07  23:00:00,4950000.0,0.0 
 07/07  24:00:00,4950000.0,0.0 
 07/08  01:00:00,1710000.0,0.0 
 07/08  02:00:00,1710000.0,0.0 
 07/08  03:00:00,1710000.0,0.0 
 07/08  04:00:00,1710000.0,0.0 
 07/08  05:00:00,1710000.0,0.0 
 07/08  06:00:00,1710000.0,0.0 
 07/08  07:00:00,11925326.40441032,1354960.257918031 
 07/08  08:00:00,12581358.698231444,1354960.257918031 
 07/08  09:00:00,44519657.35396193,1354960.257918031 
 07/08  10:00:00,56664446.1979659,1377708.088535866 
 07/08  11:00:00,60830975.8354089,1474101.2747942205 
 07/08  12:00:00,60857128.690437555,1505439.2318347201 
 07/08  13:00:00,54754985.33453414,1405844.4314239114 
 07/08  14:00:00,58537569.50507316,1448907.9382108133 
 07/08  15:00:00,61149408.11281608,1500075.2859047386 
 07/08  16:00:00,59445640.455987796,1490728.4608778367 
 07/08  17:00:00,55112567.269086525,1461532.5400874778 
 07/08  18:00:00,53909599.83599355,1420982.485162732 
 07/08  19:00:00,35736114.46655576,1354960.257918031 
 07/08  20:00:00,24568149.87244001,1354960.257918031 
 07/08  21:00:00,5760000.0,0.0 
 07/08  22:00:00,1710000.0,0.0 
 07/08  23:00:00,1710000.0,0.0 
 07/08  24:00:00,1710000.0,0.0 
 07/09  01:00:00,1710000.0,0.0 
 07/09  02:00:00,1710000.0,0.0 
 07/09  03:00:00,1710000.0,0.0 
 07/09  04:00:00,1710000.0,0.0 
 07/09  05:00:00,1710000.0,0.0 
 07/09  06:00:00,1710000.0,0.0 
 07/09  07:00:00,12376688.856227942,1354960.257918031 
 07/09  08:00:00,12172603.32487492,1354960.257918031 
 07/09  09:00:00,40578280.037125394,1354960.257918031 
 07/09  10:00:00,50476809.37138095,1359561.022662337 
 07/09  11:00:00,53092063.89993531,1401269.3959456454 
 07/09  12:00:00,52674211.23769173,1428694.5574441138 
 07/09  13:00:00,48011400.083613545,1395986.8474997247 
 07/09  14:00:00,52257040.17359962,1470448.006647101 
 07/09  15:00:00,54108847.4373364,1531871.9339268613 
 07/09  16:00:00,51903313.47961592,1522593.1506804645 
 07/09  17:00:00,46727131.88579009,1461085.3123690956 
 07/09  18:00:00,44864918.876755126,1422412.9961041636 
 07/09  19:00:00,28283306.763896838,1354960.257918031 
 07/09  20:00:00,17048632.892027453,1354960.257918031 
 07/09  21:00:00,5760000.0,0.0 
 07/09  22:00:00,1710000.0,0.0 
 07/09  23:00:00,1710000.0,0.0 
 07/09  24:00:00,1710000.0,0.0 
 07/10  01:00:00,1710000.0,0.0 
 07/10  02:00:00,1710000.0,0.0 
 07/10  03:00:00,1710000.0,0.0 
 07/10  04:00:00,1710000.0,0.0 
 07/10  05:00:00,1710000.0,0.0 
 07/10  06:00:00,1710000.0,0.0 
 07/10  07:00:00,8766977.994086014,1354960.257918031 
 07/10  08:00:00,9928545.260482948,1354960.257918031 
 07/10  09:00:00,40959992.58522666,1354960.257918031 
 07/10  10:00:00,52528924.7322784,1358612.7502294788 
 07/10  11:00:00,54750493.260150105,1387868.8359746395 
 07/10  12:00:00,54002959.196848825,1398855.2087906422 
 07/10  13:00:00,50450487.19924988,1379790.7957052859 
 07/10  14:00:00,54862613.55008917,1453669.2351348333 
 07/10  15:00:00,56299943.844709344,1457615.0710455847 
 07/10  16:00:00,53103557.018028244,1421058.922796001 
 07/10  17:00:00,47385903.64970766,1380987.8928081424 
 07/10  18:00:00,46578735.03023047,1370199.4058049312 
 07/10  19:00:00,31741236.819452904,1354960.257918031 
 07/10  20:00:00,21161486.392980196,1354960.257918031 
 07/10  21:00:00,5760000.0,0.0 
 07/10  22:00:00,1710000.0,0.0 
 07/10  23:00:00,1710000.0,0.0 
 07/10  24:00:00,1710000.0,0.0 
 07/11  01:00:00,1710000.0,0.0 
 07/11  02:00:00,1710000.0,0.0 
 07/11  03:00:00,1710000.0,0.0 
 07/11  04:00:00,1710000.0,0.0 
 07/11  05:00:00,1710000.0,0.0 
 07/11  06:00:00,1710000.0,0.0 
 07/11  07:00:00,11949637.036499903,1354960.257918031 
 07/11  08:00:00,12291675.269089848,1354960.257918031 
 07/11  09:00:00,42410933.52374601,1354960.257918031 
 07/11  10:00:00,53086526.06487758,1354960.257918031 
 07/11  11:00:00,55455272.66362173,1372924.2568716947 
 07/11  12:00:00,55433455.53072497,1409834.9195866394 
 07/11  13:00:00,51302524.103683785,1388151.8303636373 
 07/11  14:00:00,55803291.388047576,1457456.9024949204 
 07/11  15:00:00,57776078.56171767,1490942.7367687789 
 07/11  16:00:00,56786395.76651772,1501548.4698290923 
 07/11  17:00:00,52385809.87095352,1460194.0588156164 
 07/11  18:00:00,51585598.65630305,1427473.461980049 
 07/11  19:00:00,35022599.89016356,1354960.257918031 
 07/11  20:00:00,23528354.606741857,1354960.257918031 
 07/11  21:00:00,5760000.0,0.0 
 07/11  22:00:00,1710000.0,0.0 
 07/11  23:00:00,1710000.0,0.0 
 07/11  24:00:00,1710000.0,0.0 
 07/12  01:00:00,1710000.0,0.0 
 07/12  02:00:00,1710000.0,0.0 
 07/12  03:00:00,1710000.0,0.0 
 07/12  04:00:00,1710000.0,0.0 
 07/12  05:00:00,1710000.0,0.0 
 07/12  06:00:00,1710000.0,0.0 
 07/12  07:00:00,12090118.763225954,1354960.257918031 
 07/12  08:00:00,13091123.381927993,1354960.257918031 
 07/12  09:00:00,43094252.47991791,1354960.257918031 
 07/12  10:00:00,54538229.57923263,1360770.8871528655 
 07/12  11:00:00,57049158.6909765,1404148.3313826737 
 07/12  12:00:00,56258691.81718825,1436465.9881201398 
 07/12  13:00:00,51970666.00038677,1416316.9198353528 
 07/12  14:00:00,57000435.542759195,1511765.2328571905 
 07/12  15:00:00,59911388.01471952,1582389.6548349678 
 07/12  16:00:00,56646160.284236774,1494493.1427396114 
 07/12  17:00:00,51805587.08341904,1449902.7383944222 
 07/12  18:00:00,50800477.16146985,1419971.2875537719 
 07/12  19:00:00,34378542.695570335,1354960.257918031 
 07/12  20:00:00,23610930.318282343,1354960.257918031 
 07/12  21:00:00,5760000.0,0.0 
 07/12  22:00:00,1710000.0,0.0 
 07/12  23:00:00,1710000.0,0.0 
 07/12  24:00:00,1710000.0,0.0 
 07/13  01:00:00,4950000.0,0.0 
 07/13  02:00:00,4950000.0,0.0 
 07/13  03:00:00,4950000.0,0.0 
 07/13  04:00:00,4950000.0,0.0 
 07/13  05:00:00,4950000.0,0.0 
 07/13  06:00:00,4950000.0,0.0 
 07/13  07:00:00,4950000.0,0.0 
 07/13  08:00:00,4950000.0,0.0 
 07/13  09:00:00,4950000.0,0.0 
 07/13  10:00:00,4950000.0,0.0 
 07/13  11:00:00,4950000.0,0.0 
 07/13  12:00:00,4950000.0,0.0 
 07/13  13:00:00,4950000.0,0.0 
 07/13  14:00:00,4950000.0,0.0 
 07/13  15:00:00,4950000.0,0.0 
 07/13  16:00:00,4950000.0,0.0 
 07/13  17:00:00,4950000.0,0.0 
 07/13  18:00:00,4950000.0,0.0 
 07/13  19:00:00,4950000.0,0.0 
 07/13  20:00:00,4950000.0,0.0 
 07/13  21:00:00,4950000.0,0.0 
 07/13  22:00:00,4950000.0,0.0 
 07/13  23:00:00,4950000.0,0.0 
 07/13  24:00:00,4950000.0,0.0 
 07/14  01:00:00,4950000.0,0.0 
 07/14  02:00:00,4950000.0,0.0 
 07/14  03:00:00,4950000.0,0.0 
 07/14  04:00:00,4950000.0,0.0 
 07/14  05:00:00,4950000.0,0.0 
 07/14  06:00:00,4950000.0,0.0 
 07/14  07:00:00,4950000.0,0.0 
 07/14  08:00:00,4950000.0,0.0 
 07/14  09:00:00,4950000.0,0.0 
 07/14  10:00:00,4950000.0,0.0 
 07/14  11:00:00,4950000.0,0.0 
 07/14  12:00:00,4950000.0,0.0 
 07/14  13:00:00,4950000.0,0.0 
 07/14  14:00:00,4950000.0,0.0 
 07/14  15:00:00,4950000.0,0.0 
 07/14  16:00:00,4950000.0,0.0 
 07/14  17:00:00,4950000.0,0.0 
 07/14  18:00:00,4950000.0,0.0 
 07/14  19:00:00,4950000.0,0.0 
 07/14  20:00:00,4950000.0,0.0 
 07/14  21:00:00,4950000.0,0.0 
 07/14  22:00:00,4950000.0,0.0 
 07/14  23:00:00,4950000.0,0.0 
 07/14  24:00:00,4950000.0,0.0 
 07/15  01:00:00,1710000.0,0.0 
 07/15  02:00:00,1710000.0,0.0 
 07/15  03:00:00,1710000.0,0.0 
 07/15  04:00:00,1710000.0,0.0 
 07/15  05:00:00,1710000.0,0.0 
 07/15  06:00:00,1710000.0,0.0 
 07/15  07:00:00,11110798.343091898,1354960.257918031 
 07/15  08:00:00,12411993.145613473,1354960.257918031 
 07/15  09:00:00,44057707.64171547,1354960.257918031 
 07/15  10:00:00,58087734.96596953,1447172.0712076575 
 07/15  11:00:00,62712162.94088376,1568036.0862016643 
 07/15  12:00:00,62894094.71166217,1592859.0801674172 
 07/15  13:00:00,58606847.91067446,1514816.8869435047 
 07/15  14:00:00,64151400.84174581,1642982.0573143351 
 07/15  15:00:00,66732343.823856406,1721671.4278528166 
 07/15  16:00:00,65112755.20627094,1686135.6706789257 
 07/15  17:00:00,58818329.603012554,1531560.6726629278 
 07/15  18:00:00,55671047.15805748,1446964.3703384765 
 07/15  19:00:00,38123769.26178704,1354960.257918031 
 07/15  20:00:00,24038393.101053998,1354960.257918031 
 07/15  21:00:00,5760000.0,0.0 
 07/15  22:00:00,1710000.0,0.0 
 07/15  23:00:00,1710000.0,0.0 
 07/15  24:00:00,1710000.0,0.0 
 07/16  01:00:00,1710000.0,0.0 
 07/16  02:00:00,1710000.0,0.0 
 07/16  03:00:00,1710000.0,0.0 
 07/16  04:00:00,1710000.0,0.0 
 07/16  05:00:00,1710000.0,0.0 
 07/16  06:00:00,1710000.0,0.0 
 07/16  07:00:00,16118397.64510059,1354960.257918031 
 07/16  08:00:00,16693968.651091702,1354960.257918031 
 07/16  09:00:00,48553037.57665612,1428805.743445517 
 07/16  10:00:00,62345825.068213545,1552074.8684818922 
 07/16  11:00:00,66777306.430616856,1660088.5016835064 
 07/16  12:00:00,65516234.82134715,1623745.9506131825 
 07/16  13:00:00,60253253.67987068,1526227.987389986 
 07/16  14:00:00,65685451.341341056,1660776.0946317294 
 07/16  15:00:00,68048315.51342066,1757490.1555899659 
 07/16  16:00:00,65767978.12276768,1729796.9535177613 
 07/16  17:00:00,60935402.78941942,1630275.0750477514 
 07/16  18:00:00,59347886.02043709,1571455.6125808521 
 07/16  19:00:00,39494849.90528272,1371630.5439885294 
 07/16  20:00:00,28168857.914697573,1354960.257918031 
 07/16  21:00:00,5760000.0,0.0 
 07/16  22:00:00,1710000.0,0.0 
 07/16  23:00:00,1710000.0,0.0 
 07/16  24:00:00,1710000.0,0.0 
 07/17  01:00:00,1710000.0,0.0 
 07/17  02:00:00,1710000.0,0.0 
 07/17  03:00:00,1710000.0,0.0 
 07/17  04:00:00,1710000.0,0.0 
 07/17  05:00:00,1710000.0,0.0 
 07/17  06:00:00,1710000.0,0.0 
 07/17  07:00:00,16472534.51163045,1354960.257918031 
 07/17  08:00:00,17584037.00277146,1354960.257918031 
 07/17  09:00:00,48982964.98072362,1408200.8552988525 
 07/17  10:00:00,62710674.19679125,1550759.5580685039 
 07/17  11:00:00,67325863.28839625,1689599.8023443012 
 07/17  12:00:00,66855111.77797775,1694640.3980029034 
 07/17  13:00:00,60762412.72014691,1578294.7569148152 
 07/17  14:00:00,64874218.577921644,1709836.436585158 
 07/17  15:00:00,68076827.56167091,1803230.379824631 
 07/17  16:00:00,65622332.03935124,1758464.3668700005 
 07/17  17:00:00,59141389.71376087,1608759.83972177 
 07/17  18:00:00,56885960.2335259,1519221.0247961476 
 07/17  19:00:00,37813601.927994646,1355933.6971438983 
 07/17  20:00:00,26417947.266403325,1354960.257918031 
 07/17  21:00:00,5760000.0,0.0 
 07/17  22:00:00,1710000.0,0.0 
 07/17  23:00:00,1710000.0,0.0 
 07/17  24:00:00,1710000.0,0.0 
 07/18  01:00:00,1710000.0,0.0 
 07/18  02:00:00,1710000.0,0.0 
 07/18  03:00:00,1710000.0,0.0 
 07/18  04:00:00,1710000.0,0.0 
 07/18  05:00:00,1710000.0,0.0 
 07/18  06:00:00,1710000.0,0.0 
 07/18  07:00:00,15810259.757031802,1354960.257918031 
 07/18  08:00:00,16428289.265542883,1354960.257918031 
 07/18  09:00:00,47897696.109196045,1411634.2294950597 
 07/18  10:00:00,61951862.76505224,1549424.7084487989 
 07/18  11:00:00,66981480.37804277,1683350.7394946343 
 07/18  12:00:00,66406232.1777012,1663748.1781151316 
 07/18  13:00:00,60530445.96556444,1544905.621049664 
 07/18  14:00:00,65642652.23968855,1670745.5394782624 
 07/18  15:00:00,67334591.42515247,1757225.9204445165 
 07/18  16:00:00,65686703.82092643,1746331.6398509494 
 07/18  17:00:00,60416670.0734155,1627917.9799345213 
 07/18  18:00:00,58528328.76990855,1547256.124322776 
 07/18  19:00:00,38864854.535413176,1360099.9948696515 
 07/18  20:00:00,27196593.041602377,1354960.257918031 
 07/18  21:00:00,5760000.0,0.0 
 07/18  22:00:00,1710000.0,0.0 
 07/18  23:00:00,1710000.0,0.0 
 07/18  24:00:00,1710000.0,0.0 
 07/19  01:00:00,1710000.0,0.0 
 07/19  02:00:00,1710000.0,0.0 
 07/19  03:00:00,1710000.0,0.0 
 07/19  04:00:00,1710000.0,0.0 
 07/19  05:00:00,1710000.0,0.0 
 07/19  06:00:00,1710000.0,0.0 
 07/19  07:00:00,15695954.886319086,1354960.257918031 
 07/19  08:00:00,16607894.716874588,1354960.257918031 
 07/19  09:00:00,48051213.4870937,1388237.682611133 
 07/19  10:00:00,61536238.94892592,1503286.2318442077 
 07/19  11:00:00,67293383.7464331,1663227.3884877914 
 07/19  12:00:00,67284386.68147635,1663896.0142423725 
 07/19  13:00:00,60784569.99729525,1559836.2063536143 
 07/19  14:00:00,64829297.76199643,1680561.6309143365 
 07/19  15:00:00,67714915.81172891,1769521.5929239849 
 07/19  16:00:00,66589636.926137775,1719752.1711115064 
 07/19  17:00:00,61856844.989397705,1592369.95492185 
 07/19  18:00:00,59498803.7361806,1498107.5953175991 
 07/19  19:00:00,40540892.58021642,1355423.3187682852 
 07/19  20:00:00,26257046.324461848,1354960.257918031 
 07/19  21:00:00,5760000.0,0.0 
 07/19  22:00:00,1710000.0,0.0 
 07/19  23:00:00,1710000.0,0.0 
 07/19  24:00:00,1710000.0,0.0 
 07/20  01:00:00,4950000.0,0.0 
 07/20  02:00:00,4950000.0,0.0 
 07/20  03:00:00,4950000.0,0.0 
 07/20  04:00:00,4950000.0,0.0 
 07/20  05:00:00,4950000.0,0.0 
 07/20  06:00:00,4950000.0,0.0 
 07/20  07:00:00,4950000.0,0.0 
 07/20  08:00:00,4950000.0,0.0 
 07/20  09:00:00,4950000.0,0.0 
 07/20  10:00:00,4950000.0,0.0 
 07/20  11:00:00,4950000.0,0.0 
 07/20  12:00:00,4950000.0,0.0 
 07/20  13:00:00,4950000.0,0.0 
 07/20  14:00:00,4950000.0,0.0 
 07/20  15:00:00,4950000.0,0.0 
 07/20  16:00:00,4950000.0,0.0 
 07/20  17:00:00,4950000.0,0.0 
 07/20  18:00:00,4950000.0,0.0 
 07/20  19:00:00,4950000.0,0.0 
 07/20  20:00:00,4950000.0,0.0 
 07/20  21:00:00,4950000.0,0.0 
 07/20  22:00:00,4950000.0,0.0 
 07/20  23:00:00,4950000.0,0.0 
 07/20  24:00:00,4950000.0,0.0 
 07/21  01:00:00,4950000.0,0.0 
 07/21  02:00:00,4950000.0,0.0 
 07/21  03:00:00,4950000.0,0.0 
 07/21  04:00:00,4950000.0,0.0 
 07/21  05:00:00,4950000.0,0.0 
 07/21  06:00:00,4950000.0,0.0 
 07/21  07:00:00,4950000.0,0.0 
 07/21  08:00:00,4950000.0,0.0 
 07/21  09:00:00,4950000.0,0.0 
 07/21  10:00:00,4950000.0,0.0 
 07/21  11:00:00,4950000.0,0.0 
 07/21  12:00:00,4950000.0,0.0 
 07/21  13:00:00,4950000.0,0.0 
 07/21  14:00:00,4950000.0,0.0 
 07/21  15:00:00,4950000.0,0.0 
 07/21  16:00:00,4950000.0,0.0 
 07/21  17:00:00,4950000.0,0.0 
 07/21  18:00:00,4950000.0,0.0 
 07/21  19:00:00,4950000.0,0.0 
 07/21  20:00:00,4950000.0,0.0 
 07/21  21:00:00,4950000.0,0.0 
 07/21  22:00:00,4950000.0,0.0 
 07/21  23:00:00,4950000.0,0.0 
 07/21  24:00:00,4950000.0,0.0 
 07/22  01:00:00,1710000.0,0.0 
 07/22  02:00:00,1710000.0,0.0 
 07/22  03:00:00,1710000.0,0.0 
 07/22  04:00:00,1710000.0,0.0 
 07/22  05:00:00,1710000.0,0.0 
 07/22  06:00:00,1710000.0,0.0 
 07/22  07:00:00,12230796.599875197,1354960.257918031 
 07/22  08:00:00,13129356.51407142,1354960.257918031 
 07/22  09:00:00,44188022.38294678,1404922.5176004916 
 07/22  10:00:00,56756973.47729569,1494287.3110831892 
 07/22  11:00:00,59450632.70708075,1571407.2082417551 
 07/22  12:00:00,58164839.9186563,1561276.7601450009 
 07/22  13:00:00,52015763.06806921,1480967.626554039 
 07/22  14:00:00,57322015.49551019,1573356.6614801574 
 07/22  15:00:00,60722310.48942147,1655898.0145858552 
 07/22  16:00:00,58055167.46274527,1627907.4452267531 
 07/22  17:00:00,51907273.59821245,1521359.7449187916 
 07/22  18:00:00,50404843.73408823,1461007.3905312007 
 07/22  19:00:00,33068880.48916917,1354960.257918031 
 07/22  20:00:00,21610647.80731719,1354960.257918031 
 07/22  21:00:00,5760000.0,0.0 
 07/22  22:00:00,1710000.0,0.0 
 07/22  23:00:00,1710000.0,0.0 
 07/22  24:00:00,1710000.0,0.0 
 07/23  01:00:00,1710000.0,0.0 
 07/23  02:00:00,1710000.0,0.0 
 07/23  03:00:00,1710000.0,0.0 
 07/23  04:00:00,1710000.0,0.0 
 07/23  05:00:00,1710000.0,0.0 
 07/23  06:00:00,1710000.0,0.0 
 07/23  07:00:00,12011462.561754253,1354960.257918031 
 07/23  08:00:00,13613755.570694193,1354960.257918031 
 07/23  09:00:00,44137159.577213176,1390052.6435896906 
 07/23  10:00:00,56125158.7167015,1484020.6850666162 
 07/23  11:00:00,60455162.40651266,1616729.9647074277 
 07/23  12:00:00,59485415.183374316,1614957.665341718 
 07/23  13:00:00,54105818.339781955,1513361.7841428209 
 07/23  14:00:00,59355393.8266887,1624144.2732140867 
 07/23  15:00:00,61250510.89096925,1674254.4812580578 
 07/23  16:00:00,59208157.564413995,1646408.2675968886 
 07/23  17:00:00,54108707.19645958,1555231.7108990436 
 07/23  18:00:00,52474490.310675226,1489871.0734451981 
 07/23  19:00:00,34208260.31808019,1354979.4163571876 
 07/23  20:00:00,22973400.712545723,1354960.257918031 
 07/23  21:00:00,5760000.0,0.0 
 07/23  22:00:00,1710000.0,0.0 
 07/23  23:00:00,1710000.0,0.0 
 07/23  24:00:00,1710000.0,0.0 
 07/24  01:00:00,1710000.0,0.0 
 07/24  02:00:00,1710000.0,0.0 
 07/24  03:00:00,1710000.0,0.0 
 07/24  04:00:00,1710000.0,0.0 
 07/24  05:00:00,1710000.0,0.0 
 07/24  06:00:00,1710000.0,0.0 
 07/24  07:00:00,13107678.229085669,1354960.257918031 
 07/24  08:00:00,14067533.341483515,1354960.257918031 
 07/24  09:00:00,44986404.764985934,1386120.1713912874 
 07/24  10:00:00,57790586.98445769,1461406.6999814236 
 07/24  11:00:00,62237886.835258156,1571661.7841377652 
 07/24  12:00:00,62331514.57716853,1577119.9807733933 
 07/24  13:00:00,57243715.65860435,1496980.17286232 
 07/24  14:00:00,62829092.329532966,1620640.2585831962 
 07/24  15:00:00,65697190.519339696,1697749.5613941248 
 07/24  16:00:00,62982250.46528729,1671512.0046308127 
 07/24  17:00:00,57781405.638356425,1576915.0470808959 
 07/24  18:00:00,56903122.117222086,1522335.316186365 
 07/24  19:00:00,38082528.66633724,1357702.1067859149 
 07/24  20:00:00,26977506.303965636,1354960.257918031 
 07/24  21:00:00,5760000.0,0.0 
 07/24  22:00:00,1710000.0,0.0 
 07/24  23:00:00,1710000.0,0.0 
 07/24  24:00:00,1710000.0,0.0 
 07/25  01:00:00,1710000.0,0.0 
 07/25  02:00:00,1710000.0,0.0 
 07/25  03:00:00,1710000.0,0.0 
 07/25  04:00:00,1710000.0,0.0 
 07/25  05:00:00,1710000.0,0.0 
 07/25  06:00:00,1710000.0,0.0 
 07/25  07:00:00,12696092.171622224,1354960.257918031 
 07/25  08:00:00,13062868.786381926,1354960.257918031 
 07/25  09:00:00,44050450.57170321,1354960.257918031 
 07/25  10:00:00,55047330.91213869,1366308.9219153705 
 07/25  11:00:00,58199825.69257651,1426294.896298518 
 07/25  12:00:00,58768395.37968829,1460368.9342090096 
 07/25  13:00:00,54986827.33603401,1421517.5882828906 
 07/25  14:00:00,59859028.055212796,1513682.294380338 
 07/25  15:00:00,61351520.291868575,1593146.998722234 
 07/25  16:00:00,58999223.59931214,1593978.3206965735 
 07/25  17:00:00,54061804.639982834,1535481.5863232352 
 07/25  18:00:00,52277135.632809,1491022.5945264588 
 07/25  19:00:00,33613243.11101293,1359370.22027724 
 07/25  20:00:00,22084021.797066662,1354960.257918031 
 07/25  21:00:00,5760000.0,0.0 
 07/25  22:00:00,1710000.0,0.0 
 07/25  23:00:00,1710000.0,0.0 
 07/25  24:00:00,1710000.0,0.0 
 07/26  01:00:00,1710000.0,0.0 
 07/26  02:00:00,1710000.0,0.0 
 07/26  03:00:00,1710000.0,0.0 
 07/26  04:00:00,1710000.0,0.0 
 07/26  05:00:00,1710000.0,0.0 
 07/26  06:00:00,1710000.0,0.0 
 07/26  07:00:00,11676531.003907228,1354960.257918031 
 07/26  08:00:00,11937660.094591077,1354960.257918031 
 07/26  09:00:00,42102354.75216003,1354960.257918031 
 07/26  10:00:00,54550381.30508837,1434258.6365750537 
 07/26  11:00:00,58723211.28513631,1527366.4466524746 
 07/26  12:00:00,58064087.94316515,1520892.9551902502 
 07/26  13:00:00,52346894.206317045,1447486.4781432964 
 07/26  14:00:00,55988008.72639149,1540172.5326449228 
 07/26  15:00:00,57101127.51131544,1614427.1478914616 
 07/26  16:00:00,55194410.34871265,1591574.1202076627 
 07/26  17:00:00,50199715.01214759,1485337.4026851568 
 07/26  18:00:00,49547604.99249886,1462875.202889263 
 07/26  19:00:00,31841540.299132004,1356292.1525246068 
 07/26  20:00:00,21295417.954931803,1354960.257918031 
 07/26  21:00:00,5760000.0,0.0 
 07/26  22:00:00,1710000.0,0.0 
 07/26  23:00:00,1710000.0,0.0 
 07/26  24:00:00,1710000.0,0.0 
 07/27  01:00:00,4950000.0,0.0 
 07/27  02:00:00,4950000.0,0.0 
 07/27  03:00:00,4950000.0,0.0 
 07/27  04:00:00,4950000.0,0.0 
 07/27  05:00:00,4950000.0,0.0 
 07/27  06:00:00,4950000.0,0.0 
 07/27  07:00:00,4950000.0,0.0 
 07/27  08:00:00,4950000.0,0.0 
 07/27  09:00:00,4950000.0,0.0 
 07/27  10:00:00,4950000.0,0.0 
 07/27  11:00:00,4950000.0,0.0 
 07/27  12:00:00,4950000.0,0.0 
 07/27  13:00:00,4950000.0,0.0 
 07/27  14:00:00,4950000.0,0.0 
 07/27  15:00:00,4950000.0,0.0 
 07/27  16:00:00,4950000.0,0.0 
 07/27  17:00:00,4950000.0,0.0 
 07/27  18:00:00,4950000.0,0.0 
 07/27  19:00:00,4950000.0,0.0 
 07/27  20:00:00,4950000.0,0.0 
 07/27  21:00:00,4950000.0,0.0 
 07/27  22:00:00,4950000.0,0.0 
 07/27  23:00:00,4950000.0,0.0 
 07/27  24:00:00,4950000.0,0.0 
 07/28  01:00:00,4950000.0,0.0 
 07/28  02:00:00,4950000.0,0.0 
 07/28  03:00:00,4950000.0,0.0 
 07/28  04:00:00,4950000.0,0.0 
 07/28  05:00:00,4950000.0,0.0 
 07/28  06:00:00,4950000.0,0.0 
 07/28  07:00:00,4950000.0,0.0 
 07/28  08:00:00,4950000.0,0.0 
 07/28  09:00:00,4950000.0,0.0 
 07/28  10:00:00,4950000.0,0.0 
 07/28  11:00:00,4950000.0,0.0 
 07/28  12:00:00,4950000.0,0.0 
 07/28  13:00:00,4950000.0,0.0 
 07/28  14:00:00,4950000.0,0.0 
 07/28  15:00:00,4950000.0,0.0 
 07/28  16:00:00,4950000.0,0.0 
 07/28  17:00:00,4950000.0,0.0 
 07/28  18:00:00,4950000.0,0.0 
 07/28  19:00:00,4950000.0,0.0 
 07/28  20:00:00,4950000.0,0.0 
 07/28  21:00:00,4950000.0,0.0 
 07/28  22:00:00,4950000.0,0.0 
 07/28  23:00:00,4950000.0,0.0 
 07/28  24:00:00,4950000.0,0.0 
 07/29  01:00:00,1710000.0,0.0 
 07/29  02:00:00,1710000.0,0.0 
 07/29  03:00:00,1710000.0,0.0 
 07/29  04:00:00,1710000.0,0.0 
 07/29  05:00:00,1710000.0,0.0 
 07/29  06:00:00,1710000.0,0.0 
 07/29  07:00:00,11467057.824321544,1354960.257918031 
 07/29  08:00:00,11769498.230844388,1354960.257918031 
 07/29  09:00:00,42369968.54600888,1389643.8433409424 
 07/29  10:00:00,54258355.963241026,1437315.3739130173 
 07/29  11:00:00,57603246.71959154,1528281.398978051 
 07/29  12:00:00,56378339.39685712,1525954.2604089782 
 07/29  13:00:00,50827149.45589356,1447844.6365906524 
 07/29  14:00:00,54744990.19080678,1527859.792810931 
 07/29  15:00:00,56738211.94600184,1603547.617280796 
 07/29  16:00:00,54841128.43329407,1613338.7374343206 
 07/29  17:00:00,49936863.9272842,1557067.4851225999 
 07/29  18:00:00,48998475.29902207,1514047.8707469364 
 07/29  19:00:00,30672244.122614674,1363026.1440989277 
 07/29  20:00:00,18778301.05025558,1354960.257918031 
 07/29  21:00:00,5760000.0,0.0 
 07/29  22:00:00,1710000.0,0.0 
 07/29  23:00:00,1710000.0,0.0 
 07/29  24:00:00,1710000.0,0.0 
 07/30  01:00:00,1710000.0,0.0 
 07/30  02:00:00,1710000.0,0.0 
 07/30  03:00:00,1710000.0,0.0 
 07/30  04:00:00,1710000.0,0.0 
 07/30  05:00:00,1710000.0,0.0 
 07/30  06:00:00,1710000.0,0.0 
 07/30  07:00:00,9259905.396709561,1354960.257918031 
 07/30  08:00:00,10689516.456225134,1354960.257918031 
 07/30  09:00:00,40907311.60158437,1354960.257918031 
 07/30  10:00:00,52166238.233025804,1382690.9803353269 
 07/30  11:00:00,56562394.05497489,1499258.2929123465 
 07/30  12:00:00,57096449.830743715,1543514.6542886777 
 07/30  13:00:00,51693526.18563341,1472006.3923082133 
 07/30  14:00:00,55290315.095034756,1585365.1195878058 
 07/30  15:00:00,56455147.405678086,1636602.660043652 
 07/30  16:00:00,55098673.971288435,1602239.6693321462 
 07/30  17:00:00,49865609.983891904,1493121.227080468 
 07/30  18:00:00,48494494.494613364,1444284.1708798723 
 07/30  19:00:00,31086257.91697173,1354960.257918031 
 07/30  20:00:00,20402595.151124,1354960.257918031 
 07/30  21:00:00,5760000.0,0.0 
 07/30  22:00:00,1710000.0,0.0 
 07/30  23:00:00,1710000.0,0.0 
 07/30  24:00:00,1710000.0,0.0 
 07/31  01:00:00,1710000.0,0.0 
 07/31  02:00:00,1710000.0,0.0 
 07/31  03:00:00,1710000.0,0.0 
 07/31  04:00:00,1710000.0,0.0 
 07/31  05:00:00,1710000.0,0.0 
 07/31  06:00:00,1710000.0,0.0 
 07/31  07:00:00,11174948.055865884,1354960.257918031 
 07/31  08:00:00,11596349.747485776,1354960.257918031 
 07/31  09:00:00,42570839.524564184,1379429.2875535619 
 07/31  10:00:00,55605177.710847214,1471530.6328133931 
 07/31  11:00:00,60121573.978564456,1623757.570827834 
 07/31  12:00:00,59886546.71469647,1627415.5851579127 
 07/31  13:00:00,56711487.296088055,1540397.349742591 
 07/31  14:00:00,61454488.10183444,1675486.3575472361 
 07/31  15:00:00,62006589.50468132,1716762.9015894071 
 07/31  16:00:00,59171680.290196,1614718.2498855507 
 07/31  17:00:00,52882343.126130246,1473522.2818554288 
 07/31  18:00:00,50456352.66910524,1422920.4174611606 
 07/31  19:00:00,33094658.428734377,1354960.257918031 
 07/31  20:00:00,21422591.82441762,1354960.257918031 
 07/31  21:00:00,5760000.0,0.0 
 07/31  22:00:00,1710000.0,0.0 
 07/31  23:00:00,1710000.0,0.0 
 07/31  24:00:00,1710000.0,0.0,16046227394.390017,11223810000.0,7121250000.0,472580657.66254437,4349836736.727474,0.0,0.0,,,,,,,,7121250000.0,,11223810000.0,,4102560000.0 
 08/01  01:00:00,1710000.0,0.0 
 08/01  02:00:00,1710000.0,0.0 
 08/01  03:00:00,1710000.0,0.0 
 08/01  04:00:00,1710000.0,0.0 
 08/01  05:00:00,1710000.0,0.0 
 08/01  06:00:00,1710000.0,0.0 
 08/01  07:00:00,9921151.352516465,1354960.257918031 
 08/01  08:00:00,10520867.965813277,1354960.257918031 
 08/01  09:00:00,40761135.118207045,1354960.257918031 
 08/01  10:00:00,52926873.57119094,1411729.1873056262 
 08/01  11:00:00,57411400.48687743,1515196.6991790046 
 08/01  12:00:00,57128416.23553589,1528263.1623117663 
 08/01  13:00:00,51796957.536627285,1453793.381531315 
 08/01  14:00:00,55927187.55197483,1529337.9002723964 
 08/01  15:00:00,57152910.61238545,1582298.1529168077 
 08/01  16:00:00,55661717.49234353,1599704.8060372204 
 08/01  17:00:00,51014866.12600358,1558148.0812364095 
 08/01  18:00:00,49951799.37135329,1525340.9380326045 
 08/01  19:00:00,31964862.060735267,1367935.0901267433 
 08/01  20:00:00,20473015.851027474,1354960.257918031 
 08/01  21:00:00,5760000.0,0.0 
 08/01  22:00:00,1710000.0,0.0 
 08/01  23:00:00,1710000.0,0.0 
 08/01  24:00:00,1710000.0,0.0 
 08/02  01:00:00,1710000.0,0.0 
 08/02  02:00:00,1710000.0,0.0 
 08/02  03:00:00,1710000.0,0.0 
 08/02  04:00:00,1710000.0,0.0 
 08/02  05:00:00,1710000.0,0.0 
 08/02  06:00:00,1710000.0,0.0 
 08/02  07:00:00,10167982.922188358,1354960.257918031 
 08/02  08:00:00,11353595.310079267,1354960.257918031 
 08/02  09:00:00,42967935.15997238,1404181.5118324654 
 08/02  10:00:00,55341588.1158559,1490561.541325197 
 08/02  11:00:00,59821804.40034275,1615390.4626599508 
 08/02  12:00:00,58782419.76127975,1593949.5400571977 
 08/02  13:00:00,53354320.607603,1491555.447783098 
 08/02  14:00:00,57949517.74577282,1578040.8322209683 
 08/02  15:00:00,60354047.52946377,1652567.1852046282 
 08/02  16:00:00,59187201.74418861,1660625.3253472438 
 08/02  17:00:00,54647208.0009699,1592430.2119721342 
 08/02  18:00:00,53561081.137389004,1542774.5456845448 
 08/02  19:00:00,34391652.17987657,1364543.0945468086 
 08/02  20:00:00,22704593.258497015,1354960.257918031 
 08/02  21:00:00,5760000.0,0.0 
 08/02  22:00:00,1710000.0,0.0 
 08/02  23:00:00,1710000.0,0.0 
 08/02  24:00:00,1710000.0,0.0 
 08/03  01:00:00,4950000.0,0.0 
 08/03  02:00:00,4950000.0,0.0 
 08/03  03:00:00,4950000.0,0.0 
 08/03  04:00:00,4950000.0,0.0 
 08/03  05:00:00,4950000.0,0.0 
 08/03  06:00:00,4950000.0,0.0 
 08/03  07:00:00,4950000.0,0.0 
 08/03  08:00:00,4950000.0,0.0 
 08/03  09:00:00,4950000.0,0.0 
 08/03  10:00:00,4950000.0,0.0 
 08/03  11:00:00,4950000.0,0.0 
 08/03  12:00:00,4950000.0,0.0 
 08/03  13:00:00,4950000.0,0.0 
 08/03  14:00:00,4950000.0,0.0 
 08/03  15:00:00,4950000.0,0.0 
 08/03  16:00:00,4950000.0,0.0 
 08/03  17:00:00,4950000.0,0.0 
 08/03  18:00:00,4950000.0,0.0 
 08/03  19:00:00,4950000.0,0.0 
 08/03  20:00:00,4950000.0,0.0 
 08/03  21:00:00,4950000.0,0.0 
 08/03  22:00:00,4950000.0,0.0 
 08/03  23:00:00,4950000.0,0.0 
 08/03  24:00:00,4950000.0,0.0 
 08/04  01:00:00,4950000.0,0.0 
 08/04  02:00:00,4950000.0,0.0 
 08/04  03:00:00,4950000.0,0.0 
 08/04  04:00:00,4950000.0,0.0 
 08/04  05:00:00,4950000.0,0.0 
 08/04  06:00:00,4950000.0,0.0 
 08/04  07:00:00,4950000.0,0.0 
 08/04  08:00:00,4950000.0,0.0 
 08/04  09:00:00,4950000.0,0.0 
 08/04  10:00:00,4950000.0,0.0 
 08/04  11:00:00,4950000.0,0.0 
 08/04  12:00:00,4950000.0,0.0 
 08/04  13:00:00,4950000.0,0.0 
 08/04  14:00:00,4950000.0,0.0 
 08/04  15:00:00,4950000.0,0.0 
 08/04  16:00:00,4950000.0,0.0 
 08/04  17:00:00,4950000.0,0.0 
 08/04  18:00:00,4950000.0,0.0 
 08/04  19:00:00,4950000.0,0.0 
 08/04  20:00:00,4950000.0,0.0 
 08/04  21:00:00,4950000.0,0.0 
 08/04  22:00:00,4950000.0,0.0 
 08/04  23:00:00,4950000.0,0.0 
 08/04  24:00:00,4950000.0,0.0 
 08/05  01:00:00,1710000.0,0.0 
 08/05  02:00:00,1710000.0,0.0 
 08/05  03:00:00,1710000.0,0.0 
 08/05  04:00:00,1710000.0,0.0 
 08/05  05:00:00,1710000.0,0.0 
 08/05  06:00:00,1710000.0,0.0 
 08/05  07:00:00,11942270.060115017,1354960.257918031 
 08/05  08:00:00,12907890.160608869,1354960.257918031 
 08/05  09:00:00,43169769.12515898,1354960.257918031 
 08/05  10:00:00,54672829.30100556,1378561.8981116163 
 08/05  11:00:00,59697153.37035422,1497920.2684147134 
 08/05  12:00:00,60064562.00250803,1516482.0795206951 
 08/05  13:00:00,54962495.25778457,1444327.310652913 
 08/05  14:00:00,56773516.05212803,1509562.3872959735 
 08/05  15:00:00,58638080.11642831,1583550.5967287787 
 08/05  16:00:00,58128452.43255851,1603584.072811172 
 08/05  17:00:00,53659602.2480822,1553419.9796106047 
 08/05  18:00:00,52854398.48431942,1531057.3714253728 
 08/05  19:00:00,34383116.474276505,1370040.1219094512 
 08/05  20:00:00,22723122.014972188,1354960.257918031 
 08/05  21:00:00,5760000.0,0.0 
 08/05  22:00:00,1710000.0,0.0 
 08/05  23:00:00,1710000.0,0.0 
 08/05  24:00:00,1710000.0,0.0 
 08/06  01:00:00,1710000.0,0.0 
 08/06  02:00:00,1710000.0,0.0 
 08/06  03:00:00,1710000.0,0.0 
 08/06  04:00:00,1710000.0,0.0 
 08/06  05:00:00,1710000.0,0.0 
 08/06  06:00:00,1710000.0,0.0 
 08/06  07:00:00,8900108.371407816,1354960.257918031 
 08/06  08:00:00,9201751.996428017,1354960.257918031 
 08/06  09:00:00,39504426.31224168,1354960.257918031 
 08/06  10:00:00,50435177.59920414,1373653.2783134542 
 08/06  11:00:00,51582038.2830338,1412356.3936335982 
 08/06  12:00:00,49961414.83630623,1434909.4052853328 
 08/06  13:00:00,44881101.438108005,1377625.481842759 
 08/06  14:00:00,48088991.30839816,1462685.6600504336 
 08/06  15:00:00,48486251.74545333,1465422.5966122753 
 08/06  16:00:00,45539239.52498319,1393872.3947704765 
 08/06  17:00:00,41696679.12400141,1376782.8217287785 
 08/06  18:00:00,41789745.6586926,1372482.9187721803 
 08/06  19:00:00,27022673.13685961,1354960.257918031 
 08/06  20:00:00,15577710.023400273,1354960.257918031 
 08/06  21:00:00,5760000.0,0.0 
 08/06  22:00:00,1710000.0,0.0 
 08/06  23:00:00,1710000.0,0.0 
 08/06  24:00:00,1710000.0,0.0 
 08/07  01:00:00,1710000.0,0.0 
 08/07  02:00:00,1710000.0,0.0 
 08/07  03:00:00,1710000.0,0.0 
 08/07  04:00:00,1710000.0,0.0 
 08/07  05:00:00,1710000.0,0.0 
 08/07  06:00:00,1710000.0,0.0 
 08/07  07:00:00,5833147.242457716,1354960.257918031 
 08/07  08:00:00,6470076.769345493,1354960.257918031 
 08/07  09:00:00,37201593.62406925,1374095.250137081 
 08/07  10:00:00,48785885.015725486,1454312.0633136695 
 08/07  11:00:00,50862805.83624513,1459259.7769829691 
 08/07  12:00:00,50097908.504135005,1473308.5820558555 
 08/07  13:00:00,45362716.08553164,1396120.6174845174 
 08/07  14:00:00,48838412.97524756,1458183.687162633 
 08/07  15:00:00,50206556.683450595,1492592.8494741418 
 08/07  16:00:00,48832514.64728022,1500645.3883194942 
 08/07  17:00:00,44234163.765333414,1443243.6012050505 
 08/07  18:00:00,44572079.85567406,1502653.6329363151 
 08/07  19:00:00,27654120.802590348,1356102.3983882216 
 08/07  20:00:00,16238458.225046007,1354960.257918031 
 08/07  21:00:00,5760000.0,0.0 
 08/07  22:00:00,1710000.0,0.0 
 08/07  23:00:00,1710000.0,0.0 
 08/07  24:00:00,1710000.0,0.0 
 08/08  01:00:00,1710000.0,0.0 
 08/08  02:00:00,1710000.0,0.0 
 08/08  03:00:00,1710000.0,0.0 
 08/08  04:00:00,1710000.0,0.0 
 08/08  05:00:00,1710000.0,0.0 
 08/08  06:00:00,1710000.0,0.0 
 08/08  07:00:00,5891736.766221819,1354960.257918031 
 08/08  08:00:00,6540351.181304742,1354960.257918031 
 08/08  09:00:00,37303046.90767821,1373489.8286639873 
 08/08  10:00:00,49207499.540769175,1426665.3685649373 
 08/08  11:00:00,52694455.08414148,1497974.951925172 
 08/08  12:00:00,51906061.4466207,1509419.0860289023 
 08/08  13:00:00,46921961.67557015,1432798.0873974948 
 08/08  14:00:00,50836953.79147826,1494354.0364543367 
 08/08  15:00:00,52616366.22572416,1530078.884146615 
 08/08  16:00:00,50841610.764398694,1498852.8273475743 
 08/08  17:00:00,45727207.93621731,1429958.635726652 
 08/08  18:00:00,44954963.21623917,1394636.728817527 
 08/08  19:00:00,29372043.47669181,1354960.257918031 
 08/08  20:00:00,18307820.314873904,1354960.257918031 
 08/08  21:00:00,5760000.0,0.0 
 08/08  22:00:00,1710000.0,0.0 
 08/08  23:00:00,1710000.0,0.0 
 08/08  24:00:00,1710000.0,0.0 
 08/09  01:00:00,1710000.0,0.0 
 08/09  02:00:00,1710000.0,0.0 
 08/09  03:00:00,1710000.0,0.0 
 08/09  04:00:00,1710000.0,0.0 
 08/09  05:00:00,1710000.0,0.0 
 08/09  06:00:00,1710000.0,0.0 
 08/09  07:00:00,8061543.95913771,1354960.257918031 
 08/09  08:00:00,8770504.931863906,1354960.257918031 
 08/09  09:00:00,39647600.311190665,1377146.779160076 
 08/09  10:00:00,52195866.205283776,1440736.4728257498 
 08/09  11:00:00,56251579.20404503,1545575.0035383157 
 08/09  12:00:00,55146354.46140991,1548990.8292088732 
 08/09  13:00:00,49223991.08682997,1453144.9717489283 
 08/09  14:00:00,53737479.57076682,1545843.9100181763 
 08/09  15:00:00,55717344.46980327,1601567.5847037446 
 08/09  16:00:00,52896832.15761544,1528440.556902292 
 08/09  17:00:00,47172158.908483185,1432841.2435526852 
 08/09  18:00:00,45927706.7589439,1397575.4980924195 
 08/09  19:00:00,30013292.660456095,1354960.257918031 
 08/09  20:00:00,18969537.469455674,1354960.257918031 
 08/09  21:00:00,5760000.0,0.0 
 08/09  22:00:00,1710000.0,0.0 
 08/09  23:00:00,1710000.0,0.0 
 08/09  24:00:00,1710000.0,0.0 
 08/10  01:00:00,4950000.0,0.0 
 08/10  02:00:00,4950000.0,0.0 
 08/10  03:00:00,4950000.0,0.0 
 08/10  04:00:00,4950000.0,0.0 
 08/10  05:00:00,4950000.0,0.0 
 08/10  06:00:00,4950000.0,0.0 
 08/10  07:00:00,4950000.0,0.0 
 08/10  08:00:00,4950000.0,0.0 
 08/10  09:00:00,4950000.0,0.0 
 08/10  10:00:00,4950000.0,0.0 
 08/10  11:00:00,4950000.0,0.0 
 08/10  12:00:00,4950000.0,0.0 
 08/10  13:00:00,4950000.0,0.0 
 08/10  14:00:00,4950000.0,0.0 
 08/10  15:00:00,4950000.0,0.0 
 08/10  16:00:00,4950000.0,0.0 
 08/10  17:00:00,4950000.0,0.0 
 08/10  18:00:00,4950000.0,0.0 
 08/10  19:00:00,4950000.0,0.0 
 08/10  20:00:00,4950000.0,0.0 
 08/10  21:00:00,4950000.0,0.0 
 08/10  22:00:00,4950000.0,0.0 
 08/10  23:00:00,4950000.0,0.0 
 08/10  24:00:00,4950000.0,0.0 
 08/11  01:00:00,4950000.0,0.0 
 08/11  02:00:00,4950000.0,0.0 
 08/11  03:00:00,4950000.0,0.0 
 08/11  04:00:00,4950000.0,0.0 
 08/11  05:00:00,4950000.0,0.0 
 08/11  06:00:00,4950000.0,0.0 
 08/11  07:00:00,4950000.0,0.0 
 08/11  08:00:00,4950000.0,0.0 
 08/11  09:00:00,4950000.0,0.0 
 08/11  10:00:00,4950000.0,0.0 
 08/11  11:00:00,4950000.0,0.0 
 08/11  12:00:00,4950000.0,0.0 
 08/11  13:00:00,4950000.0,0.0 
 08/11  14:00:00,4950000.0,0.0 
 08/11  15:00:00,4950000.0,0.0 
 08/11  16:00:00,4950000.0,0.0 
 08/11  17:00:00,4950000.0,0.0 
 08/11  18:00:00,4950000.0,0.0 
 08/11  19:00:00,4950000.0,0.0 
 08/11  20:00:00,4950000.0,0.0 
 08/11  21:00:00,4950000.0,0.0 
 08/11  22:00:00,4950000.0,0.0 
 08/11  23:00:00,4950000.0,0.0 
 08/11  24:00:00,4950000.0,0.0 
 08/12  01:00:00,1710000.0,0.0 
 08/12  02:00:00,1710000.0,0.0 
 08/12  03:00:00,1710000.0,0.0 
 08/12  04:00:00,1710000.0,0.0 
 08/12  05:00:00,1710000.0,0.0 
 08/12  06:00:00,1710000.0,0.0 
 08/12  07:00:00,8588730.130104598,1354960.257918031 
 08/12  08:00:00,10469923.888775121,1354960.257918031 
 08/12  09:00:00,41216806.08933601,1364819.5844847446 
 08/12  10:00:00,52986653.92913011,1429970.7982468922 
 08/12  11:00:00,57329215.08442511,1571937.4616650788 
 08/12  12:00:00,56445069.41087506,1585289.2160283236 
 08/12  13:00:00,51559260.78668192,1504207.901507549 
 08/12  14:00:00,54785311.26765383,1568637.266208787 
 08/12  15:00:00,54071939.70752316,1536269.8802110075 
 08/12  16:00:00,52146386.60503792,1490002.6408868104 
 08/12  17:00:00,46361185.81547463,1411322.5259492034 
 08/12  18:00:00,45084397.21031361,1379501.7565517232 
 08/12  19:00:00,29745632.28406874,1354960.257918031 
 08/12  20:00:00,18607611.750259515,1354960.257918031 
 08/12  21:00:00,5760000.0,0.0 
 08/12  22:00:00,1710000.0,0.0 
 08/12  23:00:00,1710000.0,0.0 
 08/12  24:00:00,1710000.0,0.0 
 08/13  01:00:00,1710000.0,0.0 
 08/13  02:00:00,1710000.0,0.0 
 08/13  03:00:00,1710000.0,0.0 
 08/13  04:00:00,1710000.0,0.0 
 08/13  05:00:00,1710000.0,0.0 
 08/13  06:00:00,1710000.0,0.0 
 08/13  07:00:00,8194738.448892612,1354960.257918031 
 08/13  08:00:00,9654307.731456172,1354960.257918031 
 08/13  09:00:00,40928136.62648769,1375814.4066583433 
 08/13  10:00:00,52871829.74319605,1437522.2289542658 
 08/13  11:00:00,57071215.33597094,1550081.135733092 
 08/13  12:00:00,57267816.61801447,1558086.4389637716 
 08/13  13:00:00,53170783.45401471,1483502.6303726116 
 08/13  14:00:00,57076093.24362509,1575410.5770818149 
 08/13  15:00:00,58272750.136848405,1627203.3905038133 
 08/13  16:00:00,56418347.90062842,1616183.533297415 
 08/13  17:00:00,50510374.805174895,1515476.9706992016 
 08/13  18:00:00,48432623.00770892,1426243.8988033745 
 08/13  19:00:00,31638176.887134943,1354960.257918031 
 08/13  20:00:00,20286068.487341464,1354960.257918031 
 08/13  21:00:00,5760000.0,0.0 
 08/13  22:00:00,1710000.0,0.0 
 08/13  23:00:00,1710000.0,0.0 
 08/13  24:00:00,1710000.0,0.0 
 08/14  01:00:00,1710000.0,0.0 
 08/14  02:00:00,1710000.0,0.0 
 08/14  03:00:00,1710000.0,0.0 
 08/14  04:00:00,1710000.0,0.0 
 08/14  05:00:00,1710000.0,0.0 
 08/14  06:00:00,1710000.0,0.0 
 08/14  07:00:00,9989491.186475467,1354960.257918031 
 08/14  08:00:00,10371417.000494068,1354960.257918031 
 08/14  09:00:00,40821749.568340465,1354960.257918031 
 08/14  10:00:00,52630817.214501575,1357519.5040669674 
 08/14  11:00:00,56331982.531691656,1417212.9749578899 
 08/14  12:00:00,55857268.78588122,1432220.5309210042 
 08/14  13:00:00,49252143.53817035,1391077.1806933796 
 08/14  14:00:00,52580312.64299748,1450095.948684504 
 08/14  15:00:00,52295055.33503935,1434869.4941616412 
 08/14  16:00:00,49633925.720999956,1424311.4766338188 
 08/14  17:00:00,46608425.56487515,1408878.5775011424 
 08/14  18:00:00,45875325.05728929,1366992.4626831803 
 08/14  19:00:00,31576725.35705347,1354960.257918031 
 08/14  20:00:00,21017922.91414382,1354960.257918031 
 08/14  21:00:00,5760000.0,0.0 
 08/14  22:00:00,1710000.0,0.0 
 08/14  23:00:00,1710000.0,0.0 
 08/14  24:00:00,1710000.0,0.0 
 08/15  01:00:00,1710000.0,0.0 
 08/15  02:00:00,1710000.0,0.0 
 08/15  03:00:00,1710000.0,0.0 
 08/15  04:00:00,1710000.0,0.0 
 08/15  05:00:00,1710000.0,0.0 
 08/15  06:00:00,1710000.0,0.0 
 08/15  07:00:00,9770574.093097223,1354960.257918031 
 08/15  08:00:00,10545470.707203675,1354960.257918031 
 08/15  09:00:00,41306374.13225979,1354960.257918031 
 08/15  10:00:00,52685773.92044665,1360528.6843979987 
 08/15  11:00:00,55915294.341934085,1431952.253849702 
 08/15  12:00:00,55431684.77741124,1456795.4969569757 
 08/15  13:00:00,49291777.5765782,1388801.6747353259 
 08/15  14:00:00,53111363.115131,1445115.663043495 
 08/15  15:00:00,54569911.88594068,1468134.109320007 
 08/15  16:00:00,52538545.49919607,1441501.7340784285 
 08/15  17:00:00,47314637.563460514,1399732.678838053 
 08/15  18:00:00,45845269.72167881,1375785.522640342 
 08/15  19:00:00,30297750.594306387,1354960.257918031 
 08/15  20:00:00,19128999.164971616,1354960.257918031 
 08/15  21:00:00,5760000.0,0.0 
 08/15  22:00:00,1710000.0,0.0 
 08/15  23:00:00,1710000.0,0.0 
 08/15  24:00:00,1710000.0,0.0 
 08/16  01:00:00,1710000.0,0.0 
 08/16  02:00:00,1710000.0,0.0 
 08/16  03:00:00,1710000.0,0.0 
 08/16  04:00:00,1710000.0,0.0 
 08/16  05:00:00,1710000.0,0.0 
 08/16  06:00:00,1710000.0,0.0 
 08/16  07:00:00,7444977.327296203,1354960.257918031 
 08/16  08:00:00,8341362.130663835,1354960.257918031 
 08/16  09:00:00,38820167.89666286,1354960.257918031 
 08/16  10:00:00,49465995.09350221,1358060.9902629945 
 08/16  11:00:00,51968598.99956007,1411538.2524379496 
 08/16  12:00:00,51597625.424080804,1451682.786770628 
 08/16  13:00:00,47429878.90175449,1408205.137239512 
 08/16  14:00:00,51790675.32981565,1474284.2906523235 
 08/16  15:00:00,53462136.58770359,1516500.287444869 
 08/16  16:00:00,51454672.069968,1524639.7215470148 
 08/16  17:00:00,47018013.96646332,1488747.763630243 
 08/16  18:00:00,46353237.5475129,1452695.3838362456 
 08/16  19:00:00,29618998.073559448,1355937.4677327625 
 08/16  20:00:00,18407359.661707778,1354960.257918031 
 08/16  21:00:00,5760000.0,0.0 
 08/16  22:00:00,1710000.0,0.0 
 08/16  23:00:00,1710000.0,0.0 
 08/16  24:00:00,1710000.0,0.0 
 08/17  01:00:00,4950000.0,0.0 
 08/17  02:00:00,4950000.0,0.0 
 08/17  03:00:00,4950000.0,0.0 
 08/17  04:00:00,4950000.0,0.0 
 08/17  05:00:00,4950000.0,0.0 
 08/17  06:00:00,4950000.0,0.0 
 08/17  07:00:00,4950000.0,0.0 
 08/17  08:00:00,4950000.0,0.0 
 08/17  09:00:00,4950000.0,0.0 
 08/17  10:00:00,4950000.0,0.0 
 08/17  11:00:00,4950000.0,0.0 
 08/17  12:00:00,4950000.0,0.0 
 08/17  13:00:00,4950000.0,0.0 
 08/17  14:00:00,4950000.0,0.0 
 08/17  15:00:00,4950000.0,0.0 
 08/17  16:00:00,4950000.0,0.0 
 08/17  17:00:00,4950000.0,0.0 
 08/17  18:00:00,4950000.0,0.0 
 08/17  19:00:00,4950000.0,0.0 
 08/17  20:00:00,4950000.0,0.0 
 08/17  21:00:00,4950000.0,0.0 
 08/17  22:00:00,4950000.0,0.0 
 08/17  23:00:00,4950000.0,0.0 
 08/17  24:00:00,4950000.0,0.0 
 08/18  01:00:00,4950000.0,0.0 
 08/18  02:00:00,4950000.0,0.0 
 08/18  03:00:00,4950000.0,0.0 
 08/18  04:00:00,4950000.0,0.0 
 08/18  05:00:00,4950000.0,0.0 
 08/18  06:00:00,4950000.0,0.0 
 08/18  07:00:00,4950000.0,0.0 
 08/18  08:00:00,4950000.0,0.0 
 08/18  09:00:00,4950000.0,0.0 
 08/18  10:00:00,4950000.0,0.0 
 08/18  11:00:00,4950000.0,0.0 
 08/18  12:00:00,4950000.0,0.0 
 08/18  13:00:00,4950000.0,0.0 
 08/18  14:00:00,4950000.0,0.0 
 08/18  15:00:00,4950000.0,0.0 
 08/18  16:00:00,4950000.0,0.0 
 08/18  17:00:00,4950000.0,0.0 
 08/18  18:00:00,4950000.0,0.0 
 08/18  19:00:00,4950000.0,0.0 
 08/18  20:00:00,4950000.0,0.0 
 08/18  21:00:00,4950000.0,0.0 
 08/18  22:00:00,4950000.0,0.0 
 08/18  23:00:00,4950000.0,0.0 
 08/18  24:00:00,4950000.0,0.0 
 08/19  01:00:00,1710000.0,0.0 
 08/19  02:00:00,1710000.0,0.0 
 08/19  03:00:00,1710000.0,0.0 
 08/19  04:00:00,1710000.0,0.0 
 08/19  05:00:00,1710000.0,0.0 
 08/19  06:00:00,1710000.0,0.0 
 08/19  07:00:00,7502842.289497397,1354960.257918031 
 08/19  08:00:00,8650433.892651316,1354960.257918031 
 08/19  09:00:00,39741457.28656869,1372160.6433470002 
 08/19  10:00:00,51494567.15378663,1420402.2708730896 
 08/19  11:00:00,54880819.64898535,1522338.6072797524 
 08/19  12:00:00,54442381.49534852,1536520.3593538483 
 08/19  13:00:00,49299300.73596254,1460184.4326523673 
 08/19  14:00:00,53629194.943833165,1532554.772679762 
 08/19  15:00:00,55690626.3343014,1568543.3809396625 
 08/19  16:00:00,53183652.69386782,1526045.4632017447 
 08/19  17:00:00,47787546.159964025,1435418.226418891 
 08/19  18:00:00,46847745.05705869,1397392.3250928996 
 08/19  19:00:00,31121852.892380618,1354960.257918031 
 08/19  20:00:00,20186565.86019281,1354960.257918031 
 08/19  21:00:00,5760000.0,0.0 
 08/19  22:00:00,1710000.0,0.0 
 08/19  23:00:00,1710000.0,0.0 
 08/19  24:00:00,1710000.0,0.0 
 08/20  01:00:00,1710000.0,0.0 
 08/20  02:00:00,1710000.0,0.0 
 08/20  03:00:00,1710000.0,0.0 
 08/20  04:00:00,1710000.0,0.0 
 08/20  05:00:00,1710000.0,0.0 
 08/20  06:00:00,1710000.0,0.0 
 08/20  07:00:00,12653441.984144494,1354960.257918031 
 08/20  08:00:00,13064158.135463439,1354960.257918031 
 08/20  09:00:00,43617288.55990249,1354960.257918031 
 08/20  10:00:00,54676066.48194689,1371603.5408533784 
 08/20  11:00:00,58948217.6848287,1497409.499472331 
 08/20  12:00:00,58656646.31780417,1526489.5715451501 
 08/20  13:00:00,53641576.25223054,1470433.415608245 
 08/20  14:00:00,57131815.37485298,1563698.3529890315 
 08/20  15:00:00,59184165.881076984,1620288.128347138 
 08/20  16:00:00,56330150.359376684,1568330.5555231783 
 08/20  17:00:00,50705562.75631566,1475156.180722777 
 08/20  18:00:00,48450404.53396708,1423794.045308584 
 08/20  19:00:00,31170802.521328077,1354960.257918031 
 08/20  20:00:00,19755206.813778553,1354960.257918031 
 08/20  21:00:00,5760000.0,0.0 
 08/20  22:00:00,1710000.0,0.0 
 08/20  23:00:00,1710000.0,0.0 
 08/20  24:00:00,1710000.0,0.0 
 08/21  01:00:00,1710000.0,0.0 
 08/21  02:00:00,1710000.0,0.0 
 08/21  03:00:00,1710000.0,0.0 
 08/21  04:00:00,1710000.0,0.0 
 08/21  05:00:00,1710000.0,0.0 
 08/21  06:00:00,1710000.0,0.0 
 08/21  07:00:00,9435713.674356546,1354960.257918031 
 08/21  08:00:00,10295502.387835573,1354960.257918031 
 08/21  09:00:00,40809292.210185654,1370672.061256717 
 08/21  10:00:00,53125795.55119912,1439190.2043015754 
 08/21  11:00:00,57588399.02794597,1578126.4776545311 
 08/21  12:00:00,57162451.5466246,1590307.6096748174 
 08/21  13:00:00,52905578.983312696,1507089.8986479184 
 08/21  14:00:00,57939161.52833155,1607215.7087766854 
 08/21  15:00:00,58999667.95846577,1648740.8380426848 
 08/21  16:00:00,56442399.5282644,1627616.1918038419 
 08/21  17:00:00,50820675.385441914,1501055.294358496 
 08/21  18:00:00,49659456.97603457,1439029.914938847 
 08/21  19:00:00,33194440.039094094,1354960.257918031 
 08/21  20:00:00,22592424.066773776,1354960.257918031 
 08/21  21:00:00,5760000.0,0.0 
 08/21  22:00:00,1710000.0,0.0 
 08/21  23:00:00,1710000.0,0.0 
 08/21  24:00:00,1710000.0,0.0 
 08/22  01:00:00,1710000.0,0.0 
 08/22  02:00:00,1710000.0,0.0 
 08/22  03:00:00,1710000.0,0.0 
 08/22  04:00:00,1710000.0,0.0 
 08/22  05:00:00,1710000.0,0.0 
 08/22  06:00:00,1710000.0,0.0 
 08/22  07:00:00,12866136.477544202,1354960.257918031 
 08/22  08:00:00,12610966.176621726,1354960.257918031 
 08/22  09:00:00,42805667.63509486,1354960.257918031 
 08/22  10:00:00,53866093.52629056,1357966.4513903025 
 08/22  11:00:00,56961540.50939365,1401427.9875592384 
 08/22  12:00:00,57715761.54342182,1445159.4213579618 
 08/22  13:00:00,53665749.80390311,1407179.7111378426 
 08/22  14:00:00,57869452.59596882,1466944.4041360244 
 08/22  15:00:00,60916051.18552674,1535404.0844860864 
 08/22  16:00:00,59825333.54936608,1539801.4293623893 
 08/22  17:00:00,55710650.392774895,1496028.6908714594 
 08/22  18:00:00,54682464.62274174,1456109.0494962968 
 08/22  19:00:00,37041017.97078206,1354960.257918031 
 08/22  20:00:00,25721680.883668326,1354960.257918031 
 08/22  21:00:00,5760000.0,0.0 
 08/22  22:00:00,1710000.0,0.0 
 08/22  23:00:00,1710000.0,0.0 
 08/22  24:00:00,1710000.0,0.0 
 08/23  01:00:00,1710000.0,0.0 
 08/23  02:00:00,1710000.0,0.0 
 08/23  03:00:00,1710000.0,0.0 
 08/23  04:00:00,1710000.0,0.0 
 08/23  05:00:00,1710000.0,0.0 
 08/23  06:00:00,1710000.0,0.0 
 08/23  07:00:00,12064542.287916083,1354960.257918031 
 08/23  08:00:00,11841903.683110941,1354960.257918031 
 08/23  09:00:00,41782222.45779191,1354960.257918031 
 08/23  10:00:00,52199353.61854971,1354960.257918031 
 08/23  11:00:00,53684011.72085129,1367146.0757636218 
 08/23  12:00:00,52680051.63865744,1379937.5795617835 
 08/23  13:00:00,47898926.2421352,1365935.1382353737 
 08/23  14:00:00,51675821.06483653,1414969.6202059237 
 08/23  15:00:00,53211265.6907663,1438846.2202167704 
 08/23  16:00:00,50403421.760647945,1410608.4467826944 
 08/23  17:00:00,45658210.88527467,1371272.3275006525 
 08/23  18:00:00,45583587.934975564,1367443.2408862393 
 08/23  19:00:00,30224979.725953564,1354960.257918031 
 08/23  20:00:00,19017975.96904175,1354960.257918031 
 08/23  21:00:00,5760000.0,0.0 
 08/23  22:00:00,1710000.0,0.0 
 08/23  23:00:00,1710000.0,0.0 
 08/23  24:00:00,1710000.0,0.0 
 08/24  01:00:00,4950000.0,0.0 
 08/24  02:00:00,4950000.0,0.0 
 08/24  03:00:00,4950000.0,0.0 
 08/24  04:00:00,4950000.0,0.0 
 08/24  05:00:00,4950000.0,0.0 
 08/24  06:00:00,4950000.0,0.0 
 08/24  07:00:00,4950000.0,0.0 
 08/24  08:00:00,4950000.0,0.0 
 08/24  09:00:00,4950000.0,0.0 
 08/24  10:00:00,4950000.0,0.0 
 08/24  11:00:00,4950000.0,0.0 
 08/24  12:00:00,4950000.0,0.0 
 08/24  13:00:00,4950000.0,0.0 
 08/24  14:00:00,4950000.0,0.0 
 08/24  15:00:00,4950000.0,0.0 
 08/24  16:00:00,4950000.0,0.0 
 08/24  17:00:00,4950000.0,0.0 
 08/24  18:00:00,4950000.0,0.0 
 08/24  19:00:00,4950000.0,0.0 
 08/24  20:00:00,4950000.0,0.0 
 08/24  21:00:00,4950000.0,0.0 
 08/24  22:00:00,4950000.0,0.0 
 08/24  23:00:00,4950000.0,0.0 
 08/24  24:00:00,4950000.0,0.0 
 08/25  01:00:00,4950000.0,0.0 
 08/25  02:00:00,4950000.0,0.0 
 08/25  03:00:00,4950000.0,0.0 
 08/25  04:00:00,4950000.0,0.0 
 08/25  05:00:00,4950000.0,0.0 
 08/25  06:00:00,4950000.0,0.0 
 08/25  07:00:00,4950000.0,0.0 
 08/25  08:00:00,4950000.0,0.0 
 08/25  09:00:00,4950000.0,0.0 
 08/25  10:00:00,4950000.0,0.0 
 08/25  11:00:00,4950000.0,0.0 
 08/25  12:00:00,4950000.0,0.0 
 08/25  13:00:00,4950000.0,0.0 
 08/25  14:00:00,4950000.0,0.0 
 08/25  15:00:00,4950000.0,0.0 
 08/25  16:00:00,4950000.0,0.0 
 08/25  17:00:00,4950000.0,0.0 
 08/25  18:00:00,4950000.0,0.0 
 08/25  19:00:00,4950000.0,0.0 
 08/25  20:00:00,4950000.0,0.0 
 08/25  21:00:00,4950000.0,0.0 
 08/25  22:00:00,4950000.0,0.0 
 08/25  23:00:00,4950000.0,0.0 
 08/25  24:00:00,4950000.0,0.0 
 08/26  01:00:00,1710000.0,0.0 
 08/26  02:00:00,1710000.0,0.0 
 08/26  03:00:00,1710000.0,0.0 
 08/26  04:00:00,1710000.0,0.0 
 08/26  05:00:00,1710000.0,0.0 
 08/26  06:00:00,1710000.0,0.0 
 08/26  07:00:00,8885099.707768496,1354960.257918031 
 08/26  08:00:00,8826576.432562945,1354960.257918031 
 08/26  09:00:00,39049460.96256323,1354960.257918031 
 08/26  10:00:00,50117306.87637559,1355390.8777976418 
 08/26  11:00:00,52959390.07929558,1387132.708219232 
 08/26  12:00:00,53391383.058699474,1414855.1959168047 
 08/26  13:00:00,49589352.86823079,1386891.3619856322 
 08/26  14:00:00,54725746.90283118,1460389.7557384055 
 08/26  15:00:00,56201193.504177935,1476683.3060179835 
 08/26  16:00:00,53825940.67100397,1447730.602453258 
 08/26  17:00:00,48344674.06354247,1382061.5297050406 
 08/26  18:00:00,47876796.1980543,1370636.4026917366 
 08/26  19:00:00,32781653.142157823,1354960.257918031 
 08/26  20:00:00,21290804.827454288,1354960.257918031 
 08/26  21:00:00,5760000.0,0.0 
 08/26  22:00:00,1710000.0,0.0 
 08/26  23:00:00,1710000.0,0.0 
 08/26  24:00:00,1710000.0,0.0 
 08/27  01:00:00,1710000.0,0.0 
 08/27  02:00:00,1710000.0,0.0 
 08/27  03:00:00,1710000.0,0.0 
 08/27  04:00:00,1710000.0,0.0 
 08/27  05:00:00,1710000.0,0.0 
 08/27  06:00:00,1710000.0,0.0 
 08/27  07:00:00,12047415.644281793,1354960.257918031 
 08/27  08:00:00,13307213.510613294,1354960.257918031 
 08/27  09:00:00,43926181.91820277,1361531.4770758844 
 08/27  10:00:00,56233042.7170385,1412159.4543737588 
 08/27  11:00:00,61213533.85991448,1546225.502848634 
 08/27  12:00:00,61043461.98118918,1582861.0518408727 
 08/27  13:00:00,55605101.783705026,1488119.821611642 
 08/27  14:00:00,59396005.49083112,1558982.2146880913 
 08/27  15:00:00,60884946.90412928,1611683.7376736172 
 08/27  16:00:00,59124992.6902371,1589401.3799727042 
 08/27  17:00:00,53475099.1415171,1494870.8701108117 
 08/27  18:00:00,50999617.93186964,1423751.491621485 
 08/27  19:00:00,34068948.57726332,1354960.257918031 
 08/27  20:00:00,22760303.47075182,1354960.257918031 
 08/27  21:00:00,5760000.0,0.0 
 08/27  22:00:00,1710000.0,0.0 
 08/27  23:00:00,1710000.0,0.0 
 08/27  24:00:00,1710000.0,0.0 
 08/28  01:00:00,1710000.0,0.0 
 08/28  02:00:00,1710000.0,0.0 
 08/28  03:00:00,1710000.0,0.0 
 08/28  04:00:00,1710000.0,0.0 
 08/28  05:00:00,1710000.0,0.0 
 08/28  06:00:00,1710000.0,0.0 
 08/28  07:00:00,12550517.811141862,1354960.257918031 
 08/28  08:00:00,12487211.148793539,1354960.257918031 
 08/28  09:00:00,43477063.9470672,1354960.257918031 
 08/28  10:00:00,54818841.006768085,1357127.8719116743 
 08/28  11:00:00,57511326.80490466,1390175.1214080716 
 08/28  12:00:00,57739312.83693043,1424233.3260990763 
 08/28  13:00:00,53534962.268987186,1397645.707098885 
 08/28  14:00:00,58922834.37217097,1485673.8307651337 
 08/28  15:00:00,60230443.2286409,1512097.0419785054 
 08/28  16:00:00,57111641.60785565,1469911.8689069995 
 08/28  17:00:00,51891233.66883194,1404220.2277388866 
 08/28  18:00:00,51105176.95867159,1381667.4173876278 
 08/28  19:00:00,35477474.261717685,1354960.257918031 
 08/28  20:00:00,23624399.86174161,1354960.257918031 
 08/28  21:00:00,5760000.0,0.0 
 08/28  22:00:00,1710000.0,0.0 
 08/28  23:00:00,1710000.0,0.0 
 08/28  24:00:00,1710000.0,0.0 
 08/29  01:00:00,1710000.0,0.0 
 08/29  02:00:00,1710000.0,0.0 
 08/29  03:00:00,1710000.0,0.0 
 08/29  04:00:00,1710000.0,0.0 
 08/29  05:00:00,1710000.0,0.0 
 08/29  06:00:00,1710000.0,0.0 
 08/29  07:00:00,12915342.353749786,1354960.257918031 
 08/29  08:00:00,13145388.536832206,1354960.257918031 
 08/29  09:00:00,43772630.84408535,1354960.257918031 
 08/29  10:00:00,55727921.92334129,1357068.2195577924 
 08/29  11:00:00,59384835.35285093,1418783.065598716 
 08/29  12:00:00,58935091.8018427,1487846.0670977414 
 08/29  13:00:00,53651421.660999656,1449524.7639512187 
 08/29  14:00:00,58533281.43526656,1535453.066147125 
 08/29  15:00:00,59593535.49729473,1566409.2043590446 
 08/29  16:00:00,56806452.98381551,1574872.3861948715 
 08/29  17:00:00,50706411.81842329,1466394.683726851 
 08/29  18:00:00,48696775.42471111,1406633.8660851882 
 08/29  19:00:00,31600707.330186907,1354960.257918031 
 08/29  20:00:00,19681029.231220197,1354960.257918031 
 08/29  21:00:00,5760000.0,0.0 
 08/29  22:00:00,1710000.0,0.0 
 08/29  23:00:00,1710000.0,0.0 
 08/29  24:00:00,1710000.0,0.0 
 08/30  01:00:00,1710000.0,0.0 
 08/30  02:00:00,1710000.0,0.0 
 08/30  03:00:00,1710000.0,0.0 
 08/30  04:00:00,1710000.0,0.0 
 08/30  05:00:00,1710000.0,0.0 
 08/30  06:00:00,1710000.0,0.0 
 08/30  07:00:00,7163531.567193375,1354960.257918031 
 08/30  08:00:00,7636923.962260183,1354960.257918031 
 08/30  09:00:00,38111432.39704497,1370297.3576886866 
 08/30  10:00:00,49690924.601088405,1406048.5060014818 
 08/30  11:00:00,53166333.069413885,1492486.3080798825 
 08/30  12:00:00,53069589.588612504,1507330.6520026675 
 08/30  13:00:00,48305077.661485374,1436263.1262229597 
 08/30  14:00:00,52693631.571086556,1521363.568278065 
 08/30  15:00:00,55279920.54208467,1606872.6129492102 
 08/30  16:00:00,54470866.480142936,1630921.768134604 
 08/30  17:00:00,50628826.28470522,1580448.8975260172 
 08/30  18:00:00,49724619.33453296,1506923.289797937 
 08/30  19:00:00,31337544.069188055,1355448.016730447 
 08/30  20:00:00,19633656.396294788,1354960.257918031 
 08/30  21:00:00,5760000.0,0.0 
 08/30  22:00:00,1710000.0,0.0 
 08/30  23:00:00,1710000.0,0.0 
 08/30  24:00:00,1710000.0,0.0 
 08/31  01:00:00,4950000.0,0.0 
 08/31  02:00:00,4950000.0,0.0 
 08/31  03:00:00,4950000.0,0.0 
 08/31  04:00:00,4950000.0,0.0 
 08/31  05:00:00,4950000.0,0.0 
 08/31  06:00:00,4950000.0,0.0 
 08/31  07:00:00,4950000.0,0.0 
 08/31  08:00:00,4950000.0,0.0 
 08/31  09:00:00,4950000.0,0.0 
 08/31  10:00:00,4950000.0,0.0 
 08/31  11:00:00,4950000.0,0.0 
 08/31  12:00:00,4950000.0,0.0 
 08/31  13:00:00,4950000.0,0.0 
 08/31  14:00:00,4950000.0,0.0 
 08/31  15:00:00,4950000.0,0.0 
 08/31  16:00:00,4950000.0,0.0 
 08/31  17:00:00,4950000.0,0.0 
 08/31  18:00:00,4950000.0,0.0 
 08/31  19:00:00,4950000.0,0.0 
 08/31  20:00:00,4950000.0,0.0 
 08/31  21:00:00,4950000.0,0.0 
 08/31  22:00:00,4950000.0,0.0 
 08/31  23:00:00,4950000.0,0.0 
 08/31  24:00:00,4950000.0,0.0,14518045740.027344,10895940000.0,6855300000.0,441781288.49448633,3180324451.5328546,0.0,0.0,,,,,,,,6855300000.0,,10895940000.0,,4040640000.0 
 09/01  01:00:00,4950000.0,0.0 
 09/01  02:00:00,4950000.0,0.0 
 09/01  03:00:00,4950000.0,0.0 
 09/01  04:00:00,4950000.0,0.0 
 09/01  05:00:00,4950000.0,0.0 
 09/01  06:00:00,4950000.0,0.0 
 09/01  07:00:00,4950000.0,0.0 
 09/01  08:00:00,4950000.0,0.0 
 09/01  09:00:00,4950000.0,0.0 
 09/01  10:00:00,4950000.0,0.0 
 09/01  11:00:00,4950000.0,0.0 
 09/01  12:00:00,4950000.0,0.0 
 09/01  13:00:00,4950000.0,0.0 
 09/01  14:00:00,4950000.0,0.0 
 09/01  15:00:00,4950000.0,0.0 
 09/01  16:00:00,4950000.0,0.0 
 09/01  17:00:00,4950000.0,0.0 
 09/01  18:00:00,4950000.0,0.0 
 09/01  19:00:00,4950000.0,0.0 
 09/01  20:00:00,4950000.0,0.0 
 09/01  21:00:00,4950000.0,0.0 
 09/01  22:00:00,4950000.0,0.0 
 09/01  23:00:00,4950000.0,0.0 
 09/01  24:00:00,4950000.0,0.0 
 09/02  01:00:00,1710000.0,0.0 
 09/02  02:00:00,1710000.0,0.0 
 09/02  03:00:00,1710000.0,0.0 
 09/02  04:00:00,1710000.0,0.0 
 09/02  05:00:00,1710000.0,0.0 
 09/02  06:00:00,1710000.0,0.0 
 09/02  07:00:00,7089470.569372604,1354960.257918031 
 09/02  08:00:00,7264012.806918017,1354960.257918031 
 09/02  09:00:00,37160177.84509777,1354960.257918031 
 09/02  10:00:00,47532305.29766057,1354960.257918031 
 09/02  11:00:00,49689353.80408352,1383173.0112676641 
 09/02  12:00:00,50008205.051382735,1471868.4351032353 
 09/02  13:00:00,44619777.81713911,1357994.0837087976 
 09/02  14:00:00,48526239.82671593,1466610.1189878508 
 09/02  15:00:00,50548268.61424498,1570897.8003899674 
 09/02  16:00:00,48897802.63406989,1575773.0929580063 
 09/02  17:00:00,44408849.1382909,1510153.997762046 
 09/02  18:00:00,43606763.46659206,1471705.8337400982 
 09/02  19:00:00,27086063.03000752,1354960.257918031 
 09/02  20:00:00,15973103.384721246,1354960.257918031 
 09/02  21:00:00,5760000.0,0.0 
 09/02  22:00:00,1710000.0,0.0 
 09/02  23:00:00,1710000.0,0.0 
 09/02  24:00:00,1710000.0,0.0 
 09/03  01:00:00,1710000.0,0.0 
 09/03  02:00:00,1710000.0,0.0 
 09/03  03:00:00,1710000.0,0.0 
 09/03  04:00:00,1710000.0,0.0 
 09/03  05:00:00,1710000.0,0.0 
 09/03  06:00:00,1710000.0,0.0 
 09/03  07:00:00,5490009.665753928,1354960.257918031 
 09/03  08:00:00,6629888.453148203,1354960.257918031 
 09/03  09:00:00,37032907.25446132,1363519.982740865 
 09/03  10:00:00,48426533.43245383,1396293.4212439845 
 09/03  11:00:00,50924193.32013331,1446543.7621777547 
 09/03  12:00:00,50305576.92861902,1469864.7467054506 
 09/03  13:00:00,45745730.52441044,1406095.8740120486 
 09/03  14:00:00,49506247.80074255,1471936.869507496 
 09/03  15:00:00,51009260.97233225,1522755.231525198 
 09/03  16:00:00,49372251.99852787,1542094.5253599712 
 09/03  17:00:00,44809835.262809835,1473660.7126405262 
 09/03  18:00:00,43300301.05097419,1432004.8879419204 
 09/03  19:00:00,27608861.06643541,1370011.1561075447 
 09/03  20:00:00,16246312.77738923,1354960.257918031 
 09/03  21:00:00,5760000.0,0.0 
 09/03  22:00:00,1710000.0,0.0 
 09/03  23:00:00,1710000.0,0.0 
 09/03  24:00:00,1710000.0,0.0 
 09/04  01:00:00,1710000.0,0.0 
 09/04  02:00:00,1710000.0,0.0 
 09/04  03:00:00,1710000.0,0.0 
 09/04  04:00:00,1710000.0,0.0 
 09/04  05:00:00,1710000.0,0.0 
 09/04  06:00:00,1710000.0,0.0 
 09/04  07:00:00,5871049.407569644,1354960.257918031 
 09/04  08:00:00,6498230.6219768245,1354960.257918031 
 09/04  09:00:00,37433818.07619084,1373642.1154543636 
 09/04  10:00:00,49426761.325934485,1407573.1205397001 
 09/04  11:00:00,53256657.90143792,1484421.9682800053 
 09/04  12:00:00,54148853.97638211,1518261.718946553 
 09/04  13:00:00,49516946.84833357,1449339.1686747023 
 09/04  14:00:00,54851377.25279317,1539242.7287411697 
 09/04  15:00:00,57946022.610607184,1630583.506116711 
 09/04  16:00:00,56342468.03161037,1656277.0256717354 
 09/04  17:00:00,50905620.37504082,1577594.1024711323 
 09/04  18:00:00,48593913.77268296,1488057.437050338 
 09/04  19:00:00,30414884.772281867,1354960.257918031 
 09/04  20:00:00,19261877.525276154,1354960.257918031 
 09/04  21:00:00,5760000.0,0.0 
 09/04  22:00:00,1710000.0,0.0 
 09/04  23:00:00,1710000.0,0.0 
 09/04  24:00:00,1710000.0,0.0 
 09/05  01:00:00,1710000.0,0.0 
 09/05  02:00:00,1710000.0,0.0 
 09/05  03:00:00,1710000.0,0.0 
 09/05  04:00:00,1710000.0,0.0 
 09/05  05:00:00,1710000.0,0.0 
 09/05  06:00:00,1710000.0,0.0 
 09/05  07:00:00,7632695.874621867,1354960.257918031 
 09/05  08:00:00,8777846.062288772,1354960.257918031 
 09/05  09:00:00,39953367.23297933,1373721.468022265 
 09/05  10:00:00,52537371.43629129,1427143.1967572812 
 09/05  11:00:00,57362770.75048378,1563011.3054373653 
 09/05  12:00:00,56963391.90748812,1588339.4169603642 
 09/05  13:00:00,51575740.682334356,1502907.6447492419 
 09/05  14:00:00,55644664.804219045,1615312.5532575194 
 09/05  15:00:00,58138866.321240395,1708956.316112725 
 09/05  16:00:00,56520978.44520701,1701568.7207919387 
 09/05  17:00:00,50285085.76559053,1576469.231508379 
 09/05  18:00:00,47464548.29217935,1475333.8108504368 
 09/05  19:00:00,29981778.389546424,1354960.257918031 
 09/05  20:00:00,18783819.00669669,1354960.257918031 
 09/05  21:00:00,5760000.0,0.0 
 09/05  22:00:00,1710000.0,0.0 
 09/05  23:00:00,1710000.0,0.0 
 09/05  24:00:00,1710000.0,0.0 
 09/06  01:00:00,1710000.0,0.0 
 09/06  02:00:00,1710000.0,0.0 
 09/06  03:00:00,1710000.0,0.0 
 09/06  04:00:00,1710000.0,0.0 
 09/06  05:00:00,1710000.0,0.0 
 09/06  06:00:00,1710000.0,0.0 
 09/06  07:00:00,8871704.076635577,1354960.257918031 
 09/06  08:00:00,9772775.679711252,1354960.257918031 
 09/06  09:00:00,40912410.12099082,1379173.127065279 
 09/06  10:00:00,53654721.0143121,1438597.8892594904 
 09/06  11:00:00,59051984.336043626,1577511.3862208165 
 09/06  12:00:00,58893247.36470811,1594553.116858308 
 09/06  13:00:00,53217266.768193536,1486260.2463445754 
 09/06  14:00:00,56575617.43991952,1564477.647535475 
 09/06  15:00:00,57020966.28385013,1554798.7778217988 
 09/06  16:00:00,54545132.871636614,1512990.4616577204 
 09/06  17:00:00,50815908.947402686,1455395.2122699253 
 09/06  18:00:00,49679672.56766921,1407420.277477571 
 09/06  19:00:00,33222769.03311465,1354960.257918031 
 09/06  20:00:00,21796473.14311776,1354960.257918031 
 09/06  21:00:00,5760000.0,0.0 
 09/06  22:00:00,1710000.0,0.0 
 09/06  23:00:00,1710000.0,0.0 
 09/06  24:00:00,1710000.0,0.0 
 09/07  01:00:00,4950000.0,0.0 
 09/07  02:00:00,4950000.0,0.0 
 09/07  03:00:00,4950000.0,0.0 
 09/07  04:00:00,4950000.0,0.0 
 09/07  05:00:00,4950000.0,0.0 
 09/07  06:00:00,4950000.0,0.0 
 09/07  07:00:00,4950000.0,0.0 
 09/07  08:00:00,4950000.0,0.0 
 09/07  09:00:00,4950000.0,0.0 
 09/07  10:00:00,4950000.0,0.0 
 09/07  11:00:00,4950000.0,0.0 
 09/07  12:00:00,4950000.0,0.0 
 09/07  13:00:00,4950000.0,0.0 
 09/07  14:00:00,4950000.0,0.0 
 09/07  15:00:00,4950000.0,0.0 
 09/07  16:00:00,4950000.0,0.0 
 09/07  17:00:00,4950000.0,0.0 
 09/07  18:00:00,4950000.0,0.0 
 09/07  19:00:00,4950000.0,0.0 
 09/07  20:00:00,4950000.0,0.0 
 09/07  21:00:00,4950000.0,0.0 
 09/07  22:00:00,4950000.0,0.0 
 09/07  23:00:00,4950000.0,0.0 
 09/07  24:00:00,4950000.0,0.0 
 09/08  01:00:00,4950000.0,0.0 
 09/08  02:00:00,4950000.0,0.0 
 09/08  03:00:00,4950000.0,0.0 
 09/08  04:00:00,4950000.0,0.0 
 09/08  05:00:00,4950000.0,0.0 
 09/08  06:00:00,4950000.0,0.0 
 09/08  07:00:00,4950000.0,0.0 
 09/08  08:00:00,4950000.0,0.0 
 09/08  09:00:00,4950000.0,0.0 
 09/08  10:00:00,4950000.0,0.0 
 09/08  11:00:00,4950000.0,0.0 
 09/08  12:00:00,4950000.0,0.0 
 09/08  13:00:00,4950000.0,0.0 
 09/08  14:00:00,4950000.0,0.0 
 09/08  15:00:00,4950000.0,0.0 
 09/08  16:00:00,4950000.0,0.0 
 09/08  17:00:00,4950000.0,0.0 
 09/08  18:00:00,4950000.0,0.0 
 09/08  19:00:00,4950000.0,0.0 
 09/08  20:00:00,4950000.0,0.0 
 09/08  21:00:00,4950000.0,0.0 
 09/08  22:00:00,4950000.0,0.0 
 09/08  23:00:00,4950000.0,0.0 
 09/08  24:00:00,4950000.0,0.0 
 09/09  01:00:00,1710000.0,0.0 
 09/09  02:00:00,1710000.0,0.0 
 09/09  03:00:00,1710000.0,0.0 
 09/09  04:00:00,1710000.0,0.0 
 09/09  05:00:00,1710000.0,0.0 
 09/09  06:00:00,1710000.0,0.0 
 09/09  07:00:00,7788558.2429423155,1354960.257918031 
 09/09  08:00:00,8360520.530999295,1354960.257918031 
 09/09  09:00:00,39062016.81615693,1363402.0680481507 
 09/09  10:00:00,50725441.67437652,1399351.9591422253 
 09/09  11:00:00,53899422.38844962,1463417.091937218 
 09/09  12:00:00,53913088.57760444,1501357.7083315235 
 09/09  13:00:00,48263065.15394873,1432615.5129940123 
 09/09  14:00:00,52775017.58148983,1512976.2804599244 
 09/09  15:00:00,54604572.775392696,1559675.5182829704 
 09/09  16:00:00,52771212.86383179,1564152.3901016042 
 09/09  17:00:00,47406157.044879645,1498828.3672611944 
 09/09  18:00:00,45277107.25576816,1425207.18784675 
 09/09  19:00:00,28680762.821758483,1354960.257918031 
 09/09  20:00:00,17676382.496038374,1354960.257918031 
 09/09  21:00:00,5760000.0,0.0 
 09/09  22:00:00,1710000.0,0.0 
 09/09  23:00:00,1710000.0,0.0 
 09/09  24:00:00,1710000.0,0.0 
 09/10  01:00:00,1710000.0,0.0 
 09/10  02:00:00,1710000.0,0.0 
 09/10  03:00:00,1710000.0,0.0 
 09/10  04:00:00,1710000.0,0.0 
 09/10  05:00:00,1710000.0,0.0 
 09/10  06:00:00,1710000.0,0.0 
 09/10  07:00:00,7294912.330528077,1354960.257918031 
 09/10  08:00:00,8779091.520936176,1354960.257918031 
 09/10  09:00:00,38980837.645318866,1362943.103589668 
 09/10  10:00:00,50316010.5394859,1399484.251484042 
 09/10  11:00:00,53750681.07706095,1481163.5594398612 
 09/10  12:00:00,53997266.82612385,1527699.5638406186 
 09/10  13:00:00,49608325.48523058,1464124.8146741795 
 09/10  14:00:00,53049485.75166476,1518568.2744754006 
 09/10  15:00:00,53122329.64735318,1493089.5482967875 
 09/10  16:00:00,49823791.61978755,1439658.8467934597 
 09/10  17:00:00,44352635.39765733,1379029.8477548212 
 09/10  18:00:00,43923006.84381989,1371349.1983417629 
 09/10  19:00:00,29150702.983740132,1354960.257918031 
 09/10  20:00:00,18504309.136899993,1354960.257918031 
 09/10  21:00:00,5760000.0,0.0 
 09/10  22:00:00,1710000.0,0.0 
 09/10  23:00:00,1710000.0,0.0 
 09/10  24:00:00,1710000.0,0.0 
 09/11  01:00:00,1710000.0,0.0 
 09/11  02:00:00,1710000.0,0.0 
 09/11  03:00:00,1710000.0,0.0 
 09/11  04:00:00,1710000.0,0.0 
 09/11  05:00:00,1710000.0,0.0 
 09/11  06:00:00,1710000.0,0.0 
 09/11  07:00:00,7445024.988539215,1354960.257918031 
 09/11  08:00:00,8927575.532087866,1354960.257918031 
 09/11  09:00:00,39954912.58609135,1354960.257918031 
 09/11  10:00:00,51632334.233890384,1397725.6829141397 
 09/11  11:00:00,54374782.67795344,1456133.823307937 
 09/11  12:00:00,54569932.65668752,1489671.3330293514 
 09/11  13:00:00,49881827.42147602,1430853.6522733758 
 09/11  14:00:00,53852497.45483929,1498300.8862631659 
 09/11  15:00:00,55915826.637560055,1564107.844811285 
 09/11  16:00:00,54240705.95795802,1600357.7037386326 
 09/11  17:00:00,48947401.59879251,1518807.940288157 
 09/11  18:00:00,46990086.8899421,1429022.7489867734 
 09/11  19:00:00,30632760.58188635,1354960.257918031 
 09/11  20:00:00,19120411.97459267,1354960.257918031 
 09/11  21:00:00,5760000.0,0.0 
 09/11  22:00:00,1710000.0,0.0 
 09/11  23:00:00,1710000.0,0.0 
 09/11  24:00:00,1710000.0,0.0 
 09/12  01:00:00,1710000.0,0.0 
 09/12  02:00:00,1710000.0,0.0 
 09/12  03:00:00,1710000.0,0.0 
 09/12  04:00:00,1710000.0,0.0 
 09/12  05:00:00,1710000.0,0.0 
 09/12  06:00:00,1710000.0,0.0 
 09/12  07:00:00,7692689.051453258,1354960.257918031 
 09/12  08:00:00,8089581.133935563,1354960.257918031 
 09/12  09:00:00,38607115.83776387,1354960.257918031 
 09/12  10:00:00,49784009.50383382,1380874.6285020933 
 09/12  11:00:00,52550171.60392589,1437334.0366107775 
 09/12  12:00:00,53286758.11844826,1486879.04777837 
 09/12  13:00:00,47529548.865844496,1417029.9425126975 
 09/12  14:00:00,50859819.998474464,1477567.3309955294 
 09/12  15:00:00,52529681.87954603,1516738.6294387444 
 09/12  16:00:00,50638979.75576029,1535528.588970916 
 09/12  17:00:00,45299326.5795975,1457554.6551514983 
 09/12  18:00:00,43396343.71672021,1391501.8920874991 
 09/12  19:00:00,28103808.031716358,1370607.9275604778 
 09/12  20:00:00,16373818.16744097,1354960.257918031 
 09/12  21:00:00,5760000.0,0.0 
 09/12  22:00:00,1710000.0,0.0 
 09/12  23:00:00,1710000.0,0.0 
 09/12  24:00:00,1710000.0,0.0 
 09/13  01:00:00,1710000.0,0.0 
 09/13  02:00:00,1710000.0,0.0 
 09/13  03:00:00,1710000.0,0.0 
 09/13  04:00:00,1710000.0,0.0 
 09/13  05:00:00,1710000.0,0.0 
 09/13  06:00:00,1710000.0,0.0 
 09/13  07:00:00,4872158.435843706,1354960.257918031 
 09/13  08:00:00,6116512.920420653,1354960.257918031 
 09/13  09:00:00,36509694.62071043,1354960.257918031 
 09/13  10:00:00,47309729.17741433,1354960.257918031 
 09/13  11:00:00,48896003.26509321,1354960.257918031 
 09/13  12:00:00,47404779.28866129,1354960.257918031 
 09/13  13:00:00,43590390.66656444,1364947.5003287192 
 09/13  14:00:00,47162441.30401508,1391384.4526117083 
 09/13  15:00:00,49048297.98757087,1420395.1379186774 
 09/13  16:00:00,47324396.53745362,1414724.0162618968 
 09/13  17:00:00,43063057.64554877,1371028.5612016255 
 09/13  18:00:00,43092248.579509616,1376613.0977751384 
 09/13  19:00:00,27665912.621277377,1354960.257918031 
 09/13  20:00:00,16614164.309794316,1354960.257918031 
 09/13  21:00:00,5760000.0,0.0 
 09/13  22:00:00,1710000.0,0.0 
 09/13  23:00:00,1710000.0,0.0 
 09/13  24:00:00,1710000.0,0.0 
 09/14  01:00:00,4950000.0,0.0 
 09/14  02:00:00,4950000.0,0.0 
 09/14  03:00:00,4950000.0,0.0 
 09/14  04:00:00,4950000.0,0.0 
 09/14  05:00:00,4950000.0,0.0 
 09/14  06:00:00,4950000.0,0.0 
 09/14  07:00:00,4950000.0,0.0 
 09/14  08:00:00,4950000.0,0.0 
 09/14  09:00:00,4950000.0,0.0 
 09/14  10:00:00,4950000.0,0.0 
 09/14  11:00:00,4950000.0,0.0 
 09/14  12:00:00,4950000.0,0.0 
 09/14  13:00:00,4950000.0,0.0 
 09/14  14:00:00,4950000.0,0.0 
 09/14  15:00:00,4950000.0,0.0 
 09/14  16:00:00,4950000.0,0.0 
 09/14  17:00:00,4950000.0,0.0 
 09/14  18:00:00,4950000.0,0.0 
 09/14  19:00:00,4950000.0,0.0 
 09/14  20:00:00,4950000.0,0.0 
 09/14  21:00:00,4950000.0,0.0 
 09/14  22:00:00,4950000.0,0.0 
 09/14  23:00:00,4950000.0,0.0 
 09/14  24:00:00,4950000.0,0.0 
 09/15  01:00:00,4950000.0,0.0 
 09/15  02:00:00,4950000.0,0.0 
 09/15  03:00:00,4950000.0,0.0 
 09/15  04:00:00,4950000.0,0.0 
 09/15  05:00:00,4950000.0,0.0 
 09/15  06:00:00,4950000.0,0.0 
 09/15  07:00:00,4950000.0,0.0 
 09/15  08:00:00,4950000.0,0.0 
 09/15  09:00:00,4950000.0,0.0 
 09/15  10:00:00,4950000.0,0.0 
 09/15  11:00:00,4950000.0,0.0 
 09/15  12:00:00,4950000.0,0.0 
 09/15  13:00:00,4950000.0,0.0 
 09/15  14:00:00,4950000.0,0.0 
 09/15  15:00:00,4950000.0,0.0 
 09/15  16:00:00,4950000.0,0.0 
 09/15  17:00:00,4950000.0,0.0 
 09/15  18:00:00,4950000.0,0.0 
 09/15  19:00:00,4950000.0,0.0 
 09/15  20:00:00,4950000.0,0.0 
 09/15  21:00:00,4950000.0,0.0 
 09/15  22:00:00,4950000.0,0.0 
 09/15  23:00:00,4950000.0,0.0 
 09/15  24:00:00,4950000.0,0.0 
 09/16  01:00:00,1710000.0,0.0 
 09/16  02:00:00,1710000.0,0.0 
 09/16  03:00:00,1710000.0,0.0 
 09/16  04:00:00,1710000.0,0.0 
 09/16  05:00:00,1710000.0,0.0 
 09/16  06:00:00,1710000.0,0.0 
 09/16  07:00:00,11248347.948466092,1354960.257918031 
 09/16  08:00:00,11352800.963586483,1354960.257918031 
 09/16  09:00:00,41185608.753272936,1354960.257918031 
 09/16  10:00:00,51904051.06594245,1354960.257918031 
 09/16  11:00:00,53834385.61275837,1357964.7145550472 
 09/16  12:00:00,52958194.03398502,1364941.4327327951 
 09/16  13:00:00,48417719.62035993,1354960.257918031 
 09/16  14:00:00,51990312.97773733,1389497.2818662322 
 09/16  15:00:00,54047747.71994209,1423473.9263364817 
 09/16  16:00:00,52350153.14797165,1413357.091312183 
 09/16  17:00:00,47851898.287663475,1371955.4470046086 
 09/16  18:00:00,47547791.90487836,1367792.8578212888 
 09/16  19:00:00,32562950.58204217,1354960.257918031 
 09/16  20:00:00,21630958.539651215,1354960.257918031 
 09/16  21:00:00,5760000.0,0.0 
 09/16  22:00:00,1710000.0,0.0 
 09/16  23:00:00,1710000.0,0.0 
 09/16  24:00:00,1710000.0,0.0 
 09/17  01:00:00,1710000.0,0.0 
 09/17  02:00:00,1710000.0,0.0 
 09/17  03:00:00,1710000.0,0.0 
 09/17  04:00:00,1710000.0,0.0 
 09/17  05:00:00,1710000.0,0.0 
 09/17  06:00:00,1710000.0,0.0 
 09/17  07:00:00,10123490.74455666,1354960.257918031 
 09/17  08:00:00,10055340.128693257,1354960.257918031 
 09/17  09:00:00,40043640.30419269,1354960.257918031 
 09/17  10:00:00,50701454.82796733,1354960.257918031 
 09/17  11:00:00,53233640.91777984,1356270.1402857983 
 09/17  12:00:00,52333680.83681725,1375177.0334918292 
 09/17  13:00:00,47759897.99874909,1361454.470108391 
 09/17  14:00:00,51350741.272307806,1398393.952036051 
 09/17  15:00:00,52531306.25809583,1406898.5325763044 
 09/17  16:00:00,50507327.90675923,1392003.082317307 
 09/17  17:00:00,46264000.46613527,1367142.5062999255 
 09/17  18:00:00,46017375.61611441,1363889.0600630927 
 09/17  19:00:00,30949849.522140376,1354960.257918031 
 09/17  20:00:00,19958162.899851114,1354960.257918031 
 09/17  21:00:00,5760000.0,0.0 
 09/17  22:00:00,1710000.0,0.0 
 09/17  23:00:00,1710000.0,0.0 
 09/17  24:00:00,1710000.0,0.0 
 09/18  01:00:00,1710000.0,0.0 
 09/18  02:00:00,1710000.0,0.0 
 09/18  03:00:00,1710000.0,0.0 
 09/18  04:00:00,1710000.0,0.0 
 09/18  05:00:00,1710000.0,0.0 
 09/18  06:00:00,1710000.0,0.0 
 09/18  07:00:00,8509533.690541185,1354960.257918031 
 09/18  08:00:00,8179710.603792771,1354960.257918031 
 09/18  09:00:00,38081352.62608193,1354960.257918031 
 09/18  10:00:00,48694739.843657054,1354960.257918031 
 09/18  11:00:00,50435709.6103551,1354960.257918031 
 09/18  12:00:00,50211096.78422302,1382336.9544166732 
 09/18  13:00:00,46347023.12391652,1378535.715720313 
 09/18  14:00:00,49102633.07746147,1388803.1870788254 
 09/18  15:00:00,50760896.03647569,1430392.382276699 
 09/18  16:00:00,48497338.268644616,1383198.170869419 
 09/18  17:00:00,44422806.834388725,1371561.3433560757 
 09/18  18:00:00,43994742.748772696,1368392.6220897753 
 09/18  19:00:00,29179580.42156273,1354960.257918031 
 09/18  20:00:00,17974644.19712776,1354960.257918031 
 09/18  21:00:00,5760000.0,0.0 
 09/18  22:00:00,1710000.0,0.0 
 09/18  23:00:00,1710000.0,0.0 
 09/18  24:00:00,1710000.0,0.0 
 09/19  01:00:00,1710000.0,0.0 
 09/19  02:00:00,1710000.0,0.0 
 09/19  03:00:00,1710000.0,0.0 
 09/19  04:00:00,1710000.0,0.0 
 09/19  05:00:00,1710000.0,0.0 
 09/19  06:00:00,1710000.0,0.0 
 09/19  07:00:00,5298431.830968764,1354960.257918031 
 09/19  08:00:00,5581835.2062048735,1354960.257918031 
 09/19  09:00:00,36092049.45060511,1364162.2302510543 
 09/19  10:00:00,47551295.51295092,1395898.493662633 
 09/19  11:00:00,50372808.5434109,1486438.7761112992 
 09/19  12:00:00,49714563.14745195,1478248.5153327093 
 09/19  13:00:00,44948296.19522374,1387874.2312656166 
 09/19  14:00:00,48713381.37597831,1446371.0457413145 
 09/19  15:00:00,49709217.49548663,1497742.7276298064 
 09/19  16:00:00,46488885.71735953,1408896.4009545436 
 09/19  17:00:00,42114979.09916954,1372713.0441706264 
 09/19  18:00:00,41728293.261824444,1373575.268683365 
 09/19  19:00:00,26618518.46027578,1354960.257918031 
 09/19  20:00:00,15232026.514321674,1354960.257918031 
 09/19  21:00:00,5760000.0,0.0 
 09/19  22:00:00,1710000.0,0.0 
 09/19  23:00:00,1710000.0,0.0 
 09/19  24:00:00,1710000.0,0.0 
 09/20  01:00:00,1710000.0,0.0 
 09/20  02:00:00,1710000.0,0.0 
 09/20  03:00:00,1710000.0,0.0 
 09/20  04:00:00,1710000.0,0.0 
 09/20  05:00:00,1710000.0,0.0 
 09/20  06:00:00,1710000.0,0.0 
 09/20  07:00:00,5270599.507720168,1354960.257918031 
 09/20  08:00:00,5347888.758919578,1354960.257918031 
 09/20  09:00:00,35414745.06428926,1354960.257918031 
 09/20  10:00:00,46273484.23161215,1354960.257918031 
 09/20  11:00:00,47625715.13549348,1354960.257918031 
 09/20  12:00:00,46773409.63667469,1354960.257918031 
 09/20  13:00:00,42963416.19884162,1354960.257918031 
 09/20  14:00:00,45912456.62266649,1379789.9945740474 
 09/20  15:00:00,47135336.77530212,1384187.5370460553 
 09/20  16:00:00,45477833.40017164,1400017.288043893 
 09/20  17:00:00,41276821.24375165,1354960.257918031 
 09/20  18:00:00,41282451.12359406,1368436.690457919 
 09/20  19:00:00,26307279.673633333,1354960.257918031 
 09/20  20:00:00,15065363.67408076,1354960.257918031 
 09/20  21:00:00,5760000.0,0.0 
 09/20  22:00:00,1710000.0,0.0 
 09/20  23:00:00,1710000.0,0.0 
 09/20  24:00:00,1710000.0,0.0 
 09/21  01:00:00,4950000.0,0.0 
 09/21  02:00:00,4950000.0,0.0 
 09/21  03:00:00,4950000.0,0.0 
 09/21  04:00:00,4950000.0,0.0 
 09/21  05:00:00,4950000.0,0.0 
 09/21  06:00:00,4950000.0,0.0 
 09/21  07:00:00,4950000.0,0.0 
 09/21  08:00:00,4950000.0,0.0 
 09/21  09:00:00,4950000.0,0.0 
 09/21  10:00:00,4950000.0,0.0 
 09/21  11:00:00,4950000.0,0.0 
 09/21  12:00:00,4950000.0,0.0 
 09/21  13:00:00,4950000.0,0.0 
 09/21  14:00:00,4950000.0,0.0 
 09/21  15:00:00,4950000.0,0.0 
 09/21  16:00:00,4950000.0,0.0 
 09/21  17:00:00,4950000.0,0.0 
 09/21  18:00:00,4950000.0,0.0 
 09/21  19:00:00,4950000.0,0.0 
 09/21  20:00:00,4950000.0,0.0 
 09/21  21:00:00,4950000.0,0.0 
 09/21  22:00:00,4950000.0,0.0 
 09/21  23:00:00,4950000.0,0.0 
 09/21  24:00:00,4950000.0,0.0 
 09/22  01:00:00,4950000.0,0.0 
 09/22  02:00:00,4950000.0,0.0 
 09/22  03:00:00,4950000.0,0.0 
 09/22  04:00:00,4950000.0,0.0 
 09/22  05:00:00,4950000.0,0.0 
 09/22  06:00:00,4950000.0,0.0 
 09/22  07:00:00,4950000.0,0.0 
 09/22  08:00:00,4950000.0,0.0 
 09/22  09:00:00,4950000.0,0.0 
 09/22  10:00:00,4950000.0,0.0 
 09/22  11:00:00,4950000.0,0.0 
 09/22  12:00:00,4950000.0,0.0 
 09/22  13:00:00,4950000.0,0.0 
 09/22  14:00:00,4950000.0,0.0 
 09/22  15:00:00,4950000.0,0.0 
 09/22  16:00:00,4950000.0,0.0 
 09/22  17:00:00,4950000.0,0.0 
 09/22  18:00:00,4950000.0,0.0 
 09/22  19:00:00,4950000.0,0.0 
 09/22  20:00:00,4950000.0,0.0 
 09/22  21:00:00,4950000.0,0.0 
 09/22  22:00:00,4950000.0,0.0 
 09/22  23:00:00,4950000.0,0.0 
 09/22  24:00:00,4950000.0,0.0 
 09/23  01:00:00,1710000.0,0.0 
 09/23  02:00:00,1710000.0,0.0 
 09/23  03:00:00,1710000.0,0.0 
 09/23  04:00:00,1710000.0,0.0 
 09/23  05:00:00,1710000.0,0.0 
 09/23  06:00:00,1710000.0,0.0 
 09/23  07:00:00,4615177.72184037,1354960.257918031 
 09/23  08:00:00,5677492.841302295,1354960.257918031 
 09/23  09:00:00,36345945.41213843,1365148.0035068393 
 09/23  10:00:00,47819404.52688263,1399284.6091889408 
 09/23  11:00:00,50376510.0289818,1435621.8157718473 
 09/23  12:00:00,49871520.60766125,1435111.66275759 
 09/23  13:00:00,45414112.85565547,1391157.9625375613 
 09/23  14:00:00,49560880.27685505,1475736.585989799 
 09/23  15:00:00,52114372.29392504,1546772.8625926143 
 09/23  16:00:00,50809772.36650589,1573947.6726560926 
 09/23  17:00:00,45751736.24909664,1494049.5924888717 
 09/23  18:00:00,44235883.64655413,1413406.855791 
 09/23  19:00:00,28273229.34510024,1354960.257918031 
 09/23  20:00:00,17054616.875082232,1354960.257918031 
 09/23  21:00:00,5760000.0,0.0 
 09/23  22:00:00,1710000.0,0.0 
 09/23  23:00:00,1710000.0,0.0 
 09/23  24:00:00,1710000.0,0.0 
 09/24  01:00:00,1710000.0,0.0 
 09/24  02:00:00,1710000.0,0.0 
 09/24  03:00:00,1710000.0,0.0 
 09/24  04:00:00,1710000.0,0.0 
 09/24  05:00:00,1710000.0,0.0 
 09/24  06:00:00,1710000.0,0.0 
 09/24  07:00:00,5516061.826502556,1354960.257918031 
 09/24  08:00:00,6870209.037833701,1354960.257918031 
 09/24  09:00:00,37334670.897255704,1354960.257918031 
 09/24  10:00:00,47914452.48160657,1368459.2002162004 
 09/24  11:00:00,50222445.72502115,1425957.3924912955 
 09/24  12:00:00,49890145.15007899,1500689.49870203 
 09/24  13:00:00,45074449.91776167,1421265.1319659068 
 09/24  14:00:00,48803859.70162326,1496496.8594645867 
 09/24  15:00:00,50656418.62407282,1587300.0733602543 
 09/24  16:00:00,48573471.517673254,1579268.3288266975 
 09/24  17:00:00,43389824.71127052,1464224.012707387 
 09/24  18:00:00,41642451.0562744,1374454.716521789 
 09/24  19:00:00,26355901.204024553,1354960.257918031 
 09/24  20:00:00,15015074.888372991,1354960.257918031 
 09/24  21:00:00,5760000.0,0.0 
 09/24  22:00:00,1710000.0,0.0 
 09/24  23:00:00,1710000.0,0.0 
 09/24  24:00:00,1710000.0,0.0 
 09/25  01:00:00,1710000.0,0.0 
 09/25  02:00:00,1710000.0,0.0 
 09/25  03:00:00,1710000.0,0.0 
 09/25  04:00:00,1710000.0,0.0 
 09/25  05:00:00,1710000.0,0.0 
 09/25  06:00:00,1710000.0,0.0 
 09/25  07:00:00,3071895.075384797,1354960.257918031 
 09/25  08:00:00,4144608.2328218073,1354960.257918031 
 09/25  09:00:00,35734917.509664245,1354960.257918031 
 09/25  10:00:00,46966057.694419056,1382049.547409168 
 09/25  11:00:00,49364598.17194162,1437666.756612238 
 09/25  12:00:00,48938986.545300364,1475543.439822021 
 09/25  13:00:00,44516178.06584577,1390349.4348175533 
 09/25  14:00:00,48458718.47417917,1449497.1838284165 
 09/25  15:00:00,50124335.19068883,1521342.8759660064 
 09/25  16:00:00,48767527.95196619,1544223.4621974274 
 09/25  17:00:00,44369608.0801904,1506901.750364711 
 09/25  18:00:00,42276949.81893083,1402987.0960487695 
 09/25  19:00:00,26407243.567864574,1364088.437161322 
 09/25  20:00:00,15052864.30104094,1354960.257918031 
 09/25  21:00:00,5760000.0,0.0 
 09/25  22:00:00,1710000.0,0.0 
 09/25  23:00:00,1710000.0,0.0 
 09/25  24:00:00,1710000.0,0.0 
 09/26  01:00:00,1710000.0,0.0 
 09/26  02:00:00,1710000.0,0.0 
 09/26  03:00:00,1710000.0,0.0 
 09/26  04:00:00,1710000.0,0.0 
 09/26  05:00:00,1710000.0,0.0 
 09/26  06:00:00,1710000.0,0.0 
 09/26  07:00:00,3612576.5647760765,1354960.257918031 
 09/26  08:00:00,5880701.104778363,1354960.257918031 
 09/26  09:00:00,36824556.53564802,1362729.9151551973 
 09/26  10:00:00,48389341.66445507,1393656.645431093 
 09/26  11:00:00,50984793.68491344,1429548.8612896616 
 09/26  12:00:00,51133335.69687064,1473771.1755667303 
 09/26  13:00:00,47184536.89494194,1430266.431030817 
 09/26  14:00:00,51953988.75606572,1538068.1360676652 
 09/26  15:00:00,54875363.60314052,1631242.5876256851 
 09/26  16:00:00,53482252.37396699,1636862.5463422337 
 09/26  17:00:00,47282272.51411183,1485412.6390486727 
 09/26  18:00:00,45601431.695410155,1407560.453938746 
 09/26  19:00:00,29819255.208552226,1354960.257918031 
 09/26  20:00:00,18609477.84108469,1354960.257918031 
 09/26  21:00:00,5760000.0,0.0 
 09/26  22:00:00,1710000.0,0.0 
 09/26  23:00:00,1710000.0,0.0 
 09/26  24:00:00,1710000.0,0.0 
 09/27  01:00:00,1710000.0,0.0 
 09/27  02:00:00,1710000.0,0.0 
 09/27  03:00:00,1710000.0,0.0 
 09/27  04:00:00,1710000.0,0.0 
 09/27  05:00:00,1710000.0,0.0 
 09/27  06:00:00,1710000.0,0.0 
 09/27  07:00:00,8190208.188886115,1354960.257918031 
 09/27  08:00:00,8857470.148337815,1354960.257918031 
 09/27  09:00:00,39836119.93597107,1370190.894748547 
 09/27  10:00:00,51290537.73316987,1395542.3510854556 
 09/27  11:00:00,54034702.1476193,1471548.1090601003 
 09/27  12:00:00,53903896.662377164,1493808.4225716977 
 09/27  13:00:00,49567563.575548925,1442480.413384571 
 09/27  14:00:00,54366096.06567743,1543939.7662250178 
 09/27  15:00:00,57049438.18857655,1654241.9419759908 
 09/27  16:00:00,55755981.10104123,1689452.2021136978 
 09/27  17:00:00,50134158.19443996,1566422.101344743 
 09/27  18:00:00,46962316.08021276,1438529.2685618268 
 09/27  19:00:00,29813823.33723834,1354960.257918031 
 09/27  20:00:00,18337999.622075077,1354960.257918031 
 09/27  21:00:00,5760000.0,0.0 
 09/27  22:00:00,1710000.0,0.0 
 09/27  23:00:00,1710000.0,0.0 
 09/27  24:00:00,1710000.0,0.0 
 09/28  01:00:00,4950000.0,0.0 
 09/28  02:00:00,4950000.0,0.0 
 09/28  03:00:00,4950000.0,0.0 
 09/28  04:00:00,4950000.0,0.0 
 09/28  05:00:00,4950000.0,0.0 
 09/28  06:00:00,4950000.0,0.0 
 09/28  07:00:00,4950000.0,0.0 
 09/28  08:00:00,4950000.0,0.0 
 09/28  09:00:00,4950000.0,0.0 
 09/28  10:00:00,4950000.0,0.0 
 09/28  11:00:00,4950000.0,0.0 
 09/28  12:00:00,4950000.0,0.0 
 09/28  13:00:00,4950000.0,0.0 
 09/28  14:00:00,4950000.0,0.0 
 09/28  15:00:00,4950000.0,0.0 
 09/28  16:00:00,4950000.0,0.0 
 09/28  17:00:00,4950000.0,0.0 
 09/28  18:00:00,4950000.0,0.0 
 09/28  19:00:00,4950000.0,0.0 
 09/28  20:00:00,4950000.0,0.0 
 09/28  21:00:00,4950000.0,0.0 
 09/28  22:00:00,4950000.0,0.0 
 09/28  23:00:00,4950000.0,0.0 
 09/28  24:00:00,4950000.0,0.0 
 09/29  01:00:00,4950000.0,0.0 
 09/29  02:00:00,4950000.0,0.0 
 09/29  03:00:00,4950000.0,0.0 
 09/29  04:00:00,4950000.0,0.0 
 09/29  05:00:00,4950000.0,0.0 
 09/29  06:00:00,4950000.0,0.0 
 09/29  07:00:00,4950000.0,0.0 
 09/29  08:00:00,4950000.0,0.0 
 09/29  09:00:00,4950000.0,0.0 
 09/29  10:00:00,4950000.0,0.0 
 09/29  11:00:00,4950000.0,0.0 
 09/29  12:00:00,4950000.0,0.0 
 09/29  13:00:00,4950000.0,0.0 
 09/29  14:00:00,4950000.0,0.0 
 09/29  15:00:00,4950000.0,0.0 
 09/29  16:00:00,4950000.0,0.0 
 09/29  17:00:00,4950000.0,0.0 
 09/29  18:00:00,4950000.0,0.0 
 09/29  19:00:00,4950000.0,0.0 
 09/29  20:00:00,4950000.0,0.0 
 09/29  21:00:00,4950000.0,0.0 
 09/29  22:00:00,4950000.0,0.0 
 09/29  23:00:00,4950000.0,0.0 
 09/29  24:00:00,4950000.0,0.0 
 09/30  01:00:00,1710000.0,0.0 
 09/30  02:00:00,1710000.0,0.0 
 09/30  03:00:00,1710000.0,0.0 
 09/30  04:00:00,1710000.0,0.0 
 09/30  05:00:00,1710000.0,0.0 
 09/30  06:00:00,1710000.0,0.0 
 09/30  07:00:00,4634459.652499865,1354960.257918031 
 09/30  08:00:00,5292675.9687969,1354960.257918031 
 09/30  09:00:00,35371088.089923136,1354960.257918031 
 09/30  10:00:00,45986064.47656103,1354960.257918031 
 09/30  11:00:00,48214123.37860358,1390578.5734325591 
 09/30  12:00:00,47804338.57838518,1432723.5362701267 
 09/30  13:00:00,43447756.33431281,1354960.257918031 
 09/30  14:00:00,47960714.09744788,1510255.9823206603 
 09/30  15:00:00,49360483.20013625,1549326.6704331087 
 09/30  16:00:00,46898747.269730456,1500079.9343997694 
 09/30  17:00:00,41869568.10132314,1388698.4014424135 
 09/30  18:00:00,41326092.49696359,1372864.697383122 
 09/30  19:00:00,25944539.25374621,1354960.257918031 
 09/30  20:00:00,13874426.043855127,1354960.257918031 
 09/30  21:00:00,5760000.0,0.0 
 09/30  22:00:00,1710000.0,0.0 
 09/30  23:00:00,1710000.0,0.0 
 09/30  24:00:00,1710000.0,0.0,12934534468.84973,10449270000.0,6556950000.0,417401975.88090646,2067862492.968824,6790529.627531624,6790529.627531624,,,,,,,,6556950000.0,,10449270000.0,,3892320000.0 
 10/01  01:00:00,3064960.257918031,1354960.257918031 
 10/01  02:00:00,3064960.257918031,1354960.257918031 
 10/01  03:00:00,3064960.257918031,1354960.257918031 
 10/01  04:00:00,3064960.257918031,1354960.257918031 
 10/01  05:00:00,3064960.257918031,1354960.257918031 
 10/01  06:00:00,3064960.257918031,1354960.257918031 
 10/01  07:00:00,3496888.268945751,1354960.257918031 
 10/01  08:00:00,5078428.427256487,1354960.257918031 
 10/01  09:00:00,35478748.72469059,1366750.1007050588 
 10/01  10:00:00,46300120.305306055,1413278.3914151588 
 10/01  11:00:00,48993518.21362555,1604059.8499831099 
 10/01  12:00:00,48822954.88615538,1701405.5350261969 
 10/01  13:00:00,44743138.713817656,1631228.7983207956 
 10/01  14:00:00,48246199.892238796,1732259.347609748 
 10/01  15:00:00,49740613.16740742,1769093.915223311 
 10/01  16:00:00,48232471.93472131,1881712.2619845874 
 10/01  17:00:00,42357814.678430565,1549950.2895879578 
 10/01  18:00:00,40827505.745229125,1401782.0372419648 
 10/01  19:00:00,25517510.579291698,1354960.257918031 
 10/01  20:00:00,14329479.873604279,1354960.257918031 
 10/01  21:00:00,7114960.257918031,1354960.257918031 
 10/01  22:00:00,3064960.257918031,1354960.257918031 
 10/01  23:00:00,3064960.257918031,1354960.257918031 
 10/01  24:00:00,3064960.257918031,1354960.257918031 
 10/02  01:00:00,3064960.257918031,1354960.257918031 
 10/02  02:00:00,3064960.257918031,1354960.257918031 
 10/02  03:00:00,3064960.257918031,1354960.257918031 
 10/02  04:00:00,3064960.257918031,1354960.257918031 
 10/02  05:00:00,3064960.257918031,1354960.257918031 
 10/02  06:00:00,3064960.257918031,1354960.257918031 
 10/02  07:00:00,3074801.223817554,1354960.257918031 
 10/02  08:00:00,4983245.945627328,1354960.257918031 
 10/02  09:00:00,35611459.02125282,1364273.4369109278 
 10/02  10:00:00,46796451.6723571,1397978.6210160817 
 10/02  11:00:00,49133052.34820841,1481921.8848021596 
 10/02  12:00:00,48408516.57138741,1476155.1017403018 
 10/02  13:00:00,44176589.567929745,1417297.0772545773 
 10/02  14:00:00,48147368.73027292,1562767.480125187 
 10/02  15:00:00,49427464.31649151,1599215.8044802593 
 10/02  16:00:00,46601929.18937445,1491463.0296688054 
 10/02  17:00:00,41639473.900734596,1392218.3416299361 
 10/02  18:00:00,41371549.1529354,1394928.6256075918 
 10/02  19:00:00,26833746.864358816,1371313.344618212 
 10/02  20:00:00,15910001.467600308,1354960.257918031 
 10/02  21:00:00,7114960.257918031,1354960.257918031 
 10/02  22:00:00,3064960.257918031,1354960.257918031 
 10/02  23:00:00,3064960.257918031,1354960.257918031 
 10/02  24:00:00,3064960.257918031,1354960.257918031 
 10/03  01:00:00,3064960.257918031,1354960.257918031 
 10/03  02:00:00,3064960.257918031,1354960.257918031 
 10/03  03:00:00,3064960.257918031,1354960.257918031 
 10/03  04:00:00,3064960.257918031,1354960.257918031 
 10/03  05:00:00,3064960.257918031,1354960.257918031 
 10/03  06:00:00,3064960.257918031,1354960.257918031 
 10/03  07:00:00,6463994.622660194,1354960.257918031 
 10/03  08:00:00,6577782.60609704,1354960.257918031 
 10/03  09:00:00,36295541.51574589,1354960.257918031 
 10/03  10:00:00,46374982.5003161,1354960.257918031 
 10/03  11:00:00,47688162.13850495,1354960.257918031 
 10/03  12:00:00,47182505.775541715,1466892.404769065 
 10/03  13:00:00,42887666.82357539,1402879.2260097717 
 10/03  14:00:00,46992704.37768881,1600655.016808046 
 10/03  15:00:00,48302022.41613829,1675419.0339806736 
 10/03  16:00:00,45963051.66951741,1600949.9285820622 
 10/03  17:00:00,40998046.60057075,1408825.0457136456 
 10/03  18:00:00,40579709.23644136,1423447.1759533838 
 10/03  19:00:00,25401746.148283392,1354960.257918031 
 10/03  20:00:00,14288087.487917572,1354960.257918031 
 10/03  21:00:00,7114960.257918031,1354960.257918031 
 10/03  22:00:00,3064960.257918031,1354960.257918031 
 10/03  23:00:00,3064960.257918031,1354960.257918031 
 10/03  24:00:00,3064960.257918031,1354960.257918031 
 10/04  01:00:00,3064960.257918031,1354960.257918031 
 10/04  02:00:00,3064960.257918031,1354960.257918031 
 10/04  03:00:00,3064960.257918031,1354960.257918031 
 10/04  04:00:00,3064960.257918031,1354960.257918031 
 10/04  05:00:00,3064960.257918031,1354960.257918031 
 10/04  06:00:00,3064960.257918031,1354960.257918031 
 10/04  07:00:00,3078276.7273585605,1354960.257918031 
 10/04  08:00:00,3075208.956251437,1354960.257918031 
 10/04  09:00:00,34219876.648027405,1354960.257918031 
 10/04  10:00:00,45277086.04985826,1354960.257918031 
 10/04  11:00:00,46842849.66210087,1354960.257918031 
 10/04  12:00:00,45573181.84574108,1354960.257918031 
 10/04  13:00:00,41744380.018898755,1368767.3077026745 
 10/04  14:00:00,45007420.58127652,1409634.3420073185 
 10/04  15:00:00,46834669.83338213,1536165.1516363744 
 10/04  16:00:00,45534040.38013102,1571829.6027030358 
 10/04  17:00:00,40740077.337866835,1402657.0141893292 
 10/04  18:00:00,40313939.63389853,1414473.8858075063 
 10/04  19:00:00,25439025.384954747,1354960.257918031 
 10/04  20:00:00,14478969.525261145,1354960.257918031 
 10/04  21:00:00,7114960.257918031,1354960.257918031 
 10/04  22:00:00,3064960.257918031,1354960.257918031 
 10/04  23:00:00,3064960.257918031,1354960.257918031 
 10/04  24:00:00,3064960.257918031,1354960.257918031 
 10/05  01:00:00,6304960.257918031,1354960.257918031 
 10/05  02:00:00,6304960.257918031,1354960.257918031 
 10/05  03:00:00,6304960.257918031,1354960.257918031 
 10/05  04:00:00,6304960.257918031,1354960.257918031 
 10/05  05:00:00,6304960.257918031,1354960.257918031 
 10/05  06:00:00,6304960.257918031,1354960.257918031 
 10/05  07:00:00,6304960.257918031,1354960.257918031 
 10/05  08:00:00,6304960.257918031,1354960.257918031 
 10/05  09:00:00,6304960.257918031,1354960.257918031 
 10/05  10:00:00,6304960.257918031,1354960.257918031 
 10/05  11:00:00,6304960.257918031,1354960.257918031 
 10/05  12:00:00,6304960.257918031,1354960.257918031 
 10/05  13:00:00,6304960.257918031,1354960.257918031 
 10/05  14:00:00,6304960.257918031,1354960.257918031 
 10/05  15:00:00,6304960.257918031,1354960.257918031 
 10/05  16:00:00,6304960.257918031,1354960.257918031 
 10/05  17:00:00,6304960.257918031,1354960.257918031 
 10/05  18:00:00,6304960.257918031,1354960.257918031 
 10/05  19:00:00,6304960.257918031,1354960.257918031 
 10/05  20:00:00,6304960.257918031,1354960.257918031 
 10/05  21:00:00,6304960.257918031,1354960.257918031 
 10/05  22:00:00,6304960.257918031,1354960.257918031 
 10/05  23:00:00,6304960.257918031,1354960.257918031 
 10/05  24:00:00,6304960.257918031,1354960.257918031 
 10/06  01:00:00,6304960.257918031,1354960.257918031 
 10/06  02:00:00,6304960.257918031,1354960.257918031 
 10/06  03:00:00,6304960.257918031,1354960.257918031 
 10/06  04:00:00,6304960.257918031,1354960.257918031 
 10/06  05:00:00,6304960.257918031,1354960.257918031 
 10/06  06:00:00,6304960.257918031,1354960.257918031 
 10/06  07:00:00,6304960.257918031,1354960.257918031 
 10/06  08:00:00,6304960.257918031,1354960.257918031 
 10/06  09:00:00,6304960.257918031,1354960.257918031 
 10/06  10:00:00,6304960.257918031,1354960.257918031 
 10/06  11:00:00,6304960.257918031,1354960.257918031 
 10/06  12:00:00,6304960.257918031,1354960.257918031 
 10/06  13:00:00,6304960.257918031,1354960.257918031 
 10/06  14:00:00,6304960.257918031,1354960.257918031 
 10/06  15:00:00,6304960.257918031,1354960.257918031 
 10/06  16:00:00,6304960.257918031,1354960.257918031 
 10/06  17:00:00,6304960.257918031,1354960.257918031 
 10/06  18:00:00,6304960.257918031,1354960.257918031 
 10/06  19:00:00,6304960.257918031,1354960.257918031 
 10/06  20:00:00,6304960.257918031,1354960.257918031 
 10/06  21:00:00,6304960.257918031,1354960.257918031 
 10/06  22:00:00,6304960.257918031,1354960.257918031 
 10/06  23:00:00,6304960.257918031,1354960.257918031 
 10/06  24:00:00,6304960.257918031,1354960.257918031 
 10/07  01:00:00,3064960.257918031,1354960.257918031 
 10/07  02:00:00,3064960.257918031,1354960.257918031 
 10/07  03:00:00,3064960.257918031,1354960.257918031 
 10/07  04:00:00,3064960.257918031,1354960.257918031 
 10/07  05:00:00,3064960.257918031,1354960.257918031 
 10/07  06:00:00,3064960.257918031,1354960.257918031 
 10/07  07:00:00,3131276.723640275,1354960.257918031 
 10/07  08:00:00,3108913.350698744,1354960.257918031 
 10/07  09:00:00,32872204.84279508,1354960.257918031 
 10/07  10:00:00,43214253.99012007,1354960.257918031 
 10/07  11:00:00,46000933.31160531,1354960.257918031 
 10/07  12:00:00,44176457.99766771,1354960.257918031 
 10/07  13:00:00,39159863.56515023,1354960.257918031 
 10/07  14:00:00,42109610.035037674,1378831.839317392 
 10/07  15:00:00,43270711.186456226,1382462.2660701764 
 10/07  16:00:00,41736384.22276591,1406151.1119162296 
 10/07  17:00:00,37365034.51894987,1354960.257918031 
 10/07  18:00:00,37368042.28738161,1354960.257918031 
 10/07  19:00:00,22971019.328329418,1354960.257918031 
 10/07  20:00:00,12175018.141980037,1354960.257918031 
 10/07  21:00:00,7114960.257918031,1354960.257918031 
 10/07  22:00:00,3064960.257918031,1354960.257918031 
 10/07  23:00:00,3064960.257918031,1354960.257918031 
 10/07  24:00:00,3064960.257918031,1354960.257918031 
 10/08  01:00:00,3064960.257918031,1354960.257918031 
 10/08  02:00:00,3064960.257918031,1354960.257918031 
 10/08  03:00:00,3064960.257918031,1354960.257918031 
 10/08  04:00:00,3064960.257918031,1354960.257918031 
 10/08  05:00:00,3064960.257918031,1354960.257918031 
 10/08  06:00:00,3064960.257918031,1354960.257918031 
 10/08  07:00:00,3129953.0204353444,1354960.257918031 
 10/08  08:00:00,3113868.0549653955,1354960.257918031 
 10/08  09:00:00,32887442.10646833,1365544.101940137 
 10/08  10:00:00,43259750.60262956,1402059.4115198227 
 10/08  11:00:00,45935320.399043664,1437519.5114554255 
 10/08  12:00:00,45682310.07839963,1493511.940360598 
 10/08  13:00:00,41802454.13404719,1460974.3523024675 
 10/08  14:00:00,45586166.482412145,1576279.8837351168 
 10/08  15:00:00,47889938.19948683,1778266.281684836 
 10/08  16:00:00,45601782.10959198,1672518.4620238412 
 10/08  17:00:00,40870467.48133298,1509464.2806297606 
 10/08  18:00:00,38150664.72171295,1386573.5698801805 
 10/08  19:00:00,22966513.06177279,1354960.257918031 
 10/08  20:00:00,12174472.796053706,1354960.257918031 
 10/08  21:00:00,7114960.257918031,1354960.257918031 
 10/08  22:00:00,3064960.257918031,1354960.257918031 
 10/08  23:00:00,3064960.257918031,1354960.257918031 
 10/08  24:00:00,3064960.257918031,1354960.257918031 
 10/09  01:00:00,3064960.257918031,1354960.257918031 
 10/09  02:00:00,3064960.257918031,1354960.257918031 
 10/09  03:00:00,3064960.257918031,1354960.257918031 
 10/09  04:00:00,3064960.257918031,1354960.257918031 
 10/09  05:00:00,3064960.257918031,1354960.257918031 
 10/09  06:00:00,3064960.257918031,1354960.257918031 
 10/09  07:00:00,3076891.260506579,1354960.257918031 
 10/09  08:00:00,3477966.0900813523,1354960.257918031 
 10/09  09:00:00,34718466.96785131,1354960.257918031 
 10/09  10:00:00,45787837.55533159,1388236.671740873 
 10/09  11:00:00,48187008.93763842,1488187.9446332145 
 10/09  12:00:00,48140722.562903896,1592880.7623260098 
 10/09  13:00:00,43745004.63615464,1418481.4863908119 
 10/09  14:00:00,48142585.70058401,1604088.8299526065 
 10/09  15:00:00,51147314.3149018,1901962.5021088049 
 10/09  16:00:00,48668328.4521063,1726405.5970151136 
 10/09  17:00:00,42994886.18089034,1474126.2760738933 
 10/09  18:00:00,41850634.92752595,1426415.052428809 
 10/09  19:00:00,26510049.83045094,1354960.257918031 
 10/09  20:00:00,15450076.77410669,1354960.257918031 
 10/09  21:00:00,7114960.257918031,1354960.257918031 
 10/09  22:00:00,3064960.257918031,1354960.257918031 
 10/09  23:00:00,3064960.257918031,1354960.257918031 
 10/09  24:00:00,3064960.257918031,1354960.257918031 
 10/10  01:00:00,3064960.257918031,1354960.257918031 
 10/10  02:00:00,3064960.257918031,1354960.257918031 
 10/10  03:00:00,3064960.257918031,1354960.257918031 
 10/10  04:00:00,3064960.257918031,1354960.257918031 
 10/10  05:00:00,3064960.257918031,1354960.257918031 
 10/10  06:00:00,3064960.257918031,1354960.257918031 
 10/10  07:00:00,5123851.7193419,1354960.257918031 
 10/10  08:00:00,5314432.977042619,1354960.257918031 
 10/10  09:00:00,35483552.30290699,1354960.257918031 
 10/10  10:00:00,46099465.37430558,1354960.257918031 
 10/10  11:00:00,47420467.4066183,1354960.257918031 
 10/10  12:00:00,46167131.232049525,1386288.7195406905 
 10/10  13:00:00,41919555.2463541,1354960.257918031 
 10/10  14:00:00,44876849.11522868,1401684.5677711186 
 10/10  15:00:00,46465155.36330761,1487917.3404335554 
 10/10  16:00:00,44945193.53645107,1531886.429971921 
 10/10  17:00:00,40711829.52021413,1441832.7617274944 
 10/10  18:00:00,40337665.47443792,1376351.2164449212 
 10/10  19:00:00,25907039.95620167,1354960.257918031 
 10/10  20:00:00,15153764.876308654,1354960.257918031 
 10/10  21:00:00,7114960.257918031,1354960.257918031 
 10/10  22:00:00,3064960.257918031,1354960.257918031 
 10/10  23:00:00,3064960.257918031,1354960.257918031 
 10/10  24:00:00,3064960.257918031,1354960.257918031 
 10/11  01:00:00,3064960.257918031,1354960.257918031 
 10/11  02:00:00,3064960.257918031,1354960.257918031 
 10/11  03:00:00,3064960.257918031,1354960.257918031 
 10/11  04:00:00,3064960.257918031,1354960.257918031 
 10/11  05:00:00,3064960.257918031,1354960.257918031 
 10/11  06:00:00,3064960.257918031,1354960.257918031 
 10/11  07:00:00,5115510.1066534715,1354960.257918031 
 10/11  08:00:00,5185751.5743458755,1354960.257918031 
 10/11  09:00:00,35296737.976323105,1354960.257918031 
 10/11  10:00:00,46025262.63935459,1369174.6357180786 
 10/11  11:00:00,47563179.307239756,1416149.5087966465 
 10/11  12:00:00,46166359.91171132,1405620.4075449696 
 10/11  13:00:00,42044277.150076404,1354960.257918031 
 10/11  14:00:00,45347308.70061129,1402129.697250222 
 10/11  15:00:00,46896171.49846111,1483511.1680057251 
 10/11  16:00:00,45016315.75102786,1477598.798898317 
 10/11  17:00:00,40610768.2501686,1389549.5939236311 
 10/11  18:00:00,40328007.333960965,1376970.5445351833 
 10/11  19:00:00,25659531.57218577,1363172.037077323 
 10/11  20:00:00,14697383.760467144,1354960.257918031 
 10/11  21:00:00,7114960.257918031,1354960.257918031 
 10/11  22:00:00,3064960.257918031,1354960.257918031 
 10/11  23:00:00,3064960.257918031,1354960.257918031 
 10/11  24:00:00,3064960.257918031,1354960.257918031 
 10/12  01:00:00,6304960.257918031,1354960.257918031 
 10/12  02:00:00,6304960.257918031,1354960.257918031 
 10/12  03:00:00,6304960.257918031,1354960.257918031 
 10/12  04:00:00,6304960.257918031,1354960.257918031 
 10/12  05:00:00,6304960.257918031,1354960.257918031 
 10/12  06:00:00,6304960.257918031,1354960.257918031 
 10/12  07:00:00,6304960.257918031,1354960.257918031 
 10/12  08:00:00,6304960.257918031,1354960.257918031 
 10/12  09:00:00,6304960.257918031,1354960.257918031 
 10/12  10:00:00,6304960.257918031,1354960.257918031 
 10/12  11:00:00,6304960.257918031,1354960.257918031 
 10/12  12:00:00,6304960.257918031,1354960.257918031 
 10/12  13:00:00,6304960.257918031,1354960.257918031 
 10/12  14:00:00,6304960.257918031,1354960.257918031 
 10/12  15:00:00,6304960.257918031,1354960.257918031 
 10/12  16:00:00,6304960.257918031,1354960.257918031 
 10/12  17:00:00,6304960.257918031,1354960.257918031 
 10/12  18:00:00,6304960.257918031,1354960.257918031 
 10/12  19:00:00,6304960.257918031,1354960.257918031 
 10/12  20:00:00,6304960.257918031,1354960.257918031 
 10/12  21:00:00,6304960.257918031,1354960.257918031 
 10/12  22:00:00,6304960.257918031,1354960.257918031 
 10/12  23:00:00,6304960.257918031,1354960.257918031 
 10/12  24:00:00,6304960.257918031,1354960.257918031 
 10/13  01:00:00,6304960.257918031,1354960.257918031 
 10/13  02:00:00,6304960.257918031,1354960.257918031 
 10/13  03:00:00,6304960.257918031,1354960.257918031 
 10/13  04:00:00,6304960.257918031,1354960.257918031 
 10/13  05:00:00,6304960.257918031,1354960.257918031 
 10/13  06:00:00,6304960.257918031,1354960.257918031 
 10/13  07:00:00,6304960.257918031,1354960.257918031 
 10/13  08:00:00,6304960.257918031,1354960.257918031 
 10/13  09:00:00,6304960.257918031,1354960.257918031 
 10/13  10:00:00,6304960.257918031,1354960.257918031 
 10/13  11:00:00,6304960.257918031,1354960.257918031 
 10/13  12:00:00,6304960.257918031,1354960.257918031 
 10/13  13:00:00,6304960.257918031,1354960.257918031 
 10/13  14:00:00,6304960.257918031,1354960.257918031 
 10/13  15:00:00,6304960.257918031,1354960.257918031 
 10/13  16:00:00,6304960.257918031,1354960.257918031 
 10/13  17:00:00,6304960.257918031,1354960.257918031 
 10/13  18:00:00,6304960.257918031,1354960.257918031 
 10/13  19:00:00,6304960.257918031,1354960.257918031 
 10/13  20:00:00,6304960.257918031,1354960.257918031 
 10/13  21:00:00,6304960.257918031,1354960.257918031 
 10/13  22:00:00,6304960.257918031,1354960.257918031 
 10/13  23:00:00,6304960.257918031,1354960.257918031 
 10/13  24:00:00,6304960.257918031,1354960.257918031 
 10/14  01:00:00,3064960.257918031,1354960.257918031 
 10/14  02:00:00,3064960.257918031,1354960.257918031 
 10/14  03:00:00,3064960.257918031,1354960.257918031 
 10/14  04:00:00,3064960.257918031,1354960.257918031 
 10/14  05:00:00,3064960.257918031,1354960.257918031 
 10/14  06:00:00,3064960.257918031,1354960.257918031 
 10/14  07:00:00,3128525.73282876,1354960.257918031 
 10/14  08:00:00,3116220.4951088238,1354960.257918031 
 10/14  09:00:00,32895183.64859417,1354960.257918031 
 10/14  10:00:00,43228482.486400746,1354960.257918031 
 10/14  11:00:00,44580107.60994076,1367014.2788872966 
 10/14  12:00:00,43229880.01525436,1370553.105652161 
 10/14  13:00:00,39163353.078266494,1354960.257918031 
 10/14  14:00:00,42192548.63933274,1409011.0805965296 
 10/14  15:00:00,44202002.07925561,1488698.2672156978 
 10/14  16:00:00,42518518.58027451,1488932.439041165 
 10/14  17:00:00,38112620.225358136,1422394.616465405 
 10/14  18:00:00,37372315.32697216,1354960.257918031 
 10/14  19:00:00,22984842.309270814,1354960.257918031 
 10/14  20:00:00,12223062.061245048,1354960.257918031 
 10/14  21:00:00,7114960.257918031,1354960.257918031 
 10/14  22:00:00,3064960.257918031,1354960.257918031 
 10/14  23:00:00,3064960.257918031,1354960.257918031 
 10/14  24:00:00,3064960.257918031,1354960.257918031 
 10/15  01:00:00,3064960.257918031,1354960.257918031 
 10/15  02:00:00,3064960.257918031,1354960.257918031 
 10/15  03:00:00,3064960.257918031,1354960.257918031 
 10/15  04:00:00,3064960.257918031,1354960.257918031 
 10/15  05:00:00,3064960.257918031,1354960.257918031 
 10/15  06:00:00,3064960.257918031,1354960.257918031 
 10/15  07:00:00,3127877.827733378,1354960.257918031 
 10/15  08:00:00,3109952.5257526916,1354960.257918031 
 10/15  09:00:00,32897375.74016225,1354960.257918031 
 10/15  10:00:00,43231313.09728815,1354960.257918031 
 10/15  11:00:00,44581542.019940145,1354960.257918031 
 10/15  12:00:00,43229449.947462484,1354960.257918031 
 10/15  13:00:00,39171738.45286149,1354960.257918031 
 10/15  14:00:00,41865551.88175382,1354960.257918031 
 10/15  15:00:00,43119092.84242162,1376062.7079415265 
 10/15  16:00:00,40961408.75665803,1354960.257918031 
 10/15  17:00:00,37670551.961169824,1371182.905910351 
 10/15  18:00:00,37366179.89459747,1354960.257918031 
 10/15  19:00:00,22970294.692710478,1354960.257918031 
 10/15  20:00:00,12173237.065851366,1354960.257918031 
 10/15  21:00:00,7114960.257918031,1354960.257918031 
 10/15  22:00:00,3064960.257918031,1354960.257918031 
 10/15  23:00:00,3064960.257918031,1354960.257918031 
 10/15  24:00:00,3064960.257918031,1354960.257918031 
 10/16  01:00:00,3064960.257918031,1354960.257918031 
 10/16  02:00:00,3064960.257918031,1354960.257918031 
 10/16  03:00:00,3064960.257918031,1354960.257918031 
 10/16  04:00:00,3064960.257918031,1354960.257918031 
 10/16  05:00:00,3064960.257918031,1354960.257918031 
 10/16  06:00:00,3064960.257918031,1354960.257918031 
 10/16  07:00:00,3097923.600714247,1354960.257918031 
 10/16  08:00:00,3108308.97359886,1354960.257918031 
 10/16  09:00:00,32912734.8834859,1354960.257918031 
 10/16  10:00:00,43224603.18563319,1354960.257918031 
 10/16  11:00:00,44564189.93201062,1354960.257918031 
 10/16  12:00:00,44640833.737368725,1354960.257918031 
 10/16  13:00:00,41064754.07569501,1354960.257918031 
 10/16  14:00:00,44132690.01733009,1419819.15649992 
 10/16  15:00:00,44665574.91829093,1531907.7690850762 
 10/16  16:00:00,42723702.16131903,1497975.20145798 
 10/16  17:00:00,38564537.6815179,1448216.0839664615 
 10/16  18:00:00,37389816.764024846,1374332.2104320838 
 10/16  19:00:00,22981164.354035806,1354960.257918031 
 10/16  20:00:00,12193953.17034397,1354960.257918031 
 10/16  21:00:00,7114960.257918031,1354960.257918031 
 10/16  22:00:00,3064960.257918031,1354960.257918031 
 10/16  23:00:00,3064960.257918031,1354960.257918031 
 10/16  24:00:00,3064960.257918031,1354960.257918031 
 10/17  01:00:00,3064960.257918031,1354960.257918031 
 10/17  02:00:00,3064960.257918031,1354960.257918031 
 10/17  03:00:00,3064960.257918031,1354960.257918031 
 10/17  04:00:00,3064960.257918031,1354960.257918031 
 10/17  05:00:00,3064960.257918031,1354960.257918031 
 10/17  06:00:00,3064960.257918031,1354960.257918031 
 10/17  07:00:00,3132440.2559391703,1354960.257918031 
 10/17  08:00:00,3116300.0264199483,1354960.257918031 
 10/17  09:00:00,32882982.038911663,1354960.257918031 
 10/17  10:00:00,43242904.989158094,1383761.4054062667 
 10/17  11:00:00,46474974.36493203,1411586.4813519954 
 10/17  12:00:00,45556474.81546675,1454690.447767073 
 10/17  13:00:00,41487904.928587206,1387114.6638504912 
 10/17  14:00:00,45042724.861576565,1520449.7355838728 
 10/17  15:00:00,45896909.75963698,1491166.5114115311 
 10/17  16:00:00,43946937.926326156,1424791.9765282937 
 10/17  17:00:00,39912661.843070194,1377259.7857102188 
 10/17  18:00:00,39681259.8149789,1374064.216585894 
 10/17  19:00:00,25157245.602199525,1354960.257918031 
 10/17  20:00:00,14051329.080165038,1354960.257918031 
 10/17  21:00:00,7114960.257918031,1354960.257918031 
 10/17  22:00:00,3064960.257918031,1354960.257918031 
 10/17  23:00:00,3064960.257918031,1354960.257918031 
 10/17  24:00:00,3064960.257918031,1354960.257918031 
 10/18  01:00:00,3064960.257918031,1354960.257918031 
 10/18  02:00:00,3064960.257918031,1354960.257918031 
 10/18  03:00:00,3064960.257918031,1354960.257918031 
 10/18  04:00:00,3064960.257918031,1354960.257918031 
 10/18  05:00:00,3064960.257918031,1354960.257918031 
 10/18  06:00:00,3064960.257918031,1354960.257918031 
 10/18  07:00:00,3085766.0890968405,1354960.257918031 
 10/18  08:00:00,3081324.9509629775,1354960.257918031 
 10/18  09:00:00,32864673.837969773,1354960.257918031 
 10/18  10:00:00,44957591.12437831,1365400.397110766 
 10/18  11:00:00,47027346.49950626,1389793.3013107448 
 10/18  12:00:00,45873158.0729053,1381334.543526032 
 10/18  13:00:00,41632240.02550365,1373835.5690044407 
 10/18  14:00:00,44336791.316411465,1385765.9254234866 
 10/18  15:00:00,45734076.97944517,1412187.9116891099 
 10/18  16:00:00,44037938.47603874,1439126.273660645 
 10/18  17:00:00,39738196.3268267,1376452.9626891369 
 10/18  18:00:00,37362003.254176915,1354960.257918031 
 10/18  19:00:00,22966418.17172479,1354960.257918031 
 10/18  20:00:00,12170494.928204382,1354960.257918031 
 10/18  21:00:00,7114960.257918031,1354960.257918031 
 10/18  22:00:00,3064960.257918031,1354960.257918031 
 10/18  23:00:00,3064960.257918031,1354960.257918031 
 10/18  24:00:00,3064960.257918031,1354960.257918031 
 10/19  01:00:00,6304960.257918031,1354960.257918031 
 10/19  02:00:00,6304960.257918031,1354960.257918031 
 10/19  03:00:00,6304960.257918031,1354960.257918031 
 10/19  04:00:00,6304960.257918031,1354960.257918031 
 10/19  05:00:00,6304960.257918031,1354960.257918031 
 10/19  06:00:00,6304960.257918031,1354960.257918031 
 10/19  07:00:00,6304960.257918031,1354960.257918031 
 10/19  08:00:00,6304960.257918031,1354960.257918031 
 10/19  09:00:00,6304960.257918031,1354960.257918031 
 10/19  10:00:00,6304960.257918031,1354960.257918031 
 10/19  11:00:00,6304960.257918031,1354960.257918031 
 10/19  12:00:00,6304960.257918031,1354960.257918031 
 10/19  13:00:00,6304960.257918031,1354960.257918031 
 10/19  14:00:00,6304960.257918031,1354960.257918031 
 10/19  15:00:00,6304960.257918031,1354960.257918031 
 10/19  16:00:00,6304960.257918031,1354960.257918031 
 10/19  17:00:00,6304960.257918031,1354960.257918031 
 10/19  18:00:00,6304960.257918031,1354960.257918031 
 10/19  19:00:00,6304960.257918031,1354960.257918031 
 10/19  20:00:00,6304960.257918031,1354960.257918031 
 10/19  21:00:00,6304960.257918031,1354960.257918031 
 10/19  22:00:00,6304960.257918031,1354960.257918031 
 10/19  23:00:00,6304960.257918031,1354960.257918031 
 10/19  24:00:00,6304960.257918031,1354960.257918031 
 10/20  01:00:00,6304960.257918031,1354960.257918031 
 10/20  02:00:00,6304960.257918031,1354960.257918031 
 10/20  03:00:00,6304960.257918031,1354960.257918031 
 10/20  04:00:00,6304960.257918031,1354960.257918031 
 10/20  05:00:00,6304960.257918031,1354960.257918031 
 10/20  06:00:00,6304960.257918031,1354960.257918031 
 10/20  07:00:00,6304960.257918031,1354960.257918031 
 10/20  08:00:00,6304960.257918031,1354960.257918031 
 10/20  09:00:00,6304960.257918031,1354960.257918031 
 10/20  10:00:00,6304960.257918031,1354960.257918031 
 10/20  11:00:00,6304960.257918031,1354960.257918031 
 10/20  12:00:00,6304960.257918031,1354960.257918031 
 10/20  13:00:00,6304960.257918031,1354960.257918031 
 10/20  14:00:00,6304960.257918031,1354960.257918031 
 10/20  15:00:00,6304960.257918031,1354960.257918031 
 10/20  16:00:00,6304960.257918031,1354960.257918031 
 10/20  17:00:00,6304960.257918031,1354960.257918031 
 10/20  18:00:00,6304960.257918031,1354960.257918031 
 10/20  19:00:00,6304960.257918031,1354960.257918031 
 10/20  20:00:00,6304960.257918031,1354960.257918031 
 10/20  21:00:00,6304960.257918031,1354960.257918031 
 10/20  22:00:00,6304960.257918031,1354960.257918031 
 10/20  23:00:00,6304960.257918031,1354960.257918031 
 10/20  24:00:00,6304960.257918031,1354960.257918031 
 10/21  01:00:00,3064960.257918031,1354960.257918031 
 10/21  02:00:00,3064960.257918031,1354960.257918031 
 10/21  03:00:00,3064960.257918031,1354960.257918031 
 10/21  04:00:00,3064960.257918031,1354960.257918031 
 10/21  05:00:00,3064960.257918031,1354960.257918031 
 10/21  06:00:00,3064960.257918031,1354960.257918031 
 10/21  07:00:00,4955107.741731892,1354960.257918031 
 10/21  08:00:00,5478685.28852462,1354960.257918031 
 10/21  09:00:00,35910316.87486425,1354960.257918031 
 10/21  10:00:00,46850157.793952405,1399020.6146008153 
 10/21  11:00:00,49332369.593648665,1463274.5607013763 
 10/21  12:00:00,49824339.816418454,1557870.4260334722 
 10/21  13:00:00,45807890.82120297,1495607.9941978208 
 10/21  14:00:00,49708915.949096985,1597819.4477616611 
 10/21  15:00:00,51020349.86034436,1673108.5372960595 
 10/21  16:00:00,48170814.25125394,1573021.6893674154 
 10/21  17:00:00,42700635.06680867,1426226.9733483389 
 10/21  18:00:00,41650916.05866055,1408620.798932387 
 10/21  19:00:00,27016579.67293397,1354960.257918031 
 10/21  20:00:00,16098565.426837461,1354960.257918031 
 10/21  21:00:00,7114960.257918031,1354960.257918031 
 10/21  22:00:00,3064960.257918031,1354960.257918031 
 10/21  23:00:00,3064960.257918031,1354960.257918031 
 10/21  24:00:00,3064960.257918031,1354960.257918031 
 10/22  01:00:00,3064960.257918031,1354960.257918031 
 10/22  02:00:00,3064960.257918031,1354960.257918031 
 10/22  03:00:00,3064960.257918031,1354960.257918031 
 10/22  04:00:00,3064960.257918031,1354960.257918031 
 10/22  05:00:00,3064960.257918031,1354960.257918031 
 10/22  06:00:00,3064960.257918031,1354960.257918031 
 10/22  07:00:00,5839436.158286622,1354960.257918031 
 10/22  08:00:00,5818796.58370954,1354960.257918031 
 10/22  09:00:00,36011843.93884156,1354960.257918031 
 10/22  10:00:00,47018667.31292431,1354960.257918031 
 10/22  11:00:00,49098956.398986354,1365675.2829768537 
 10/22  12:00:00,48062086.0861164,1395472.5293961065 
 10/22  13:00:00,44022410.62481186,1373434.86770528 
 10/22  14:00:00,47296968.30563888,1459095.5992590627 
 10/22  15:00:00,48090408.17096255,1465974.8916679602 
 10/22  16:00:00,45225155.63388728,1475501.8521300962 
 10/22  17:00:00,40364260.976753406,1379674.2993910217 
 10/22  18:00:00,40022865.1799644,1377174.5456369203 
 10/22  19:00:00,25252135.17921085,1354960.257918031 
 10/22  20:00:00,14218889.864545248,1354960.257918031 
 10/22  21:00:00,7114960.257918031,1354960.257918031 
 10/22  22:00:00,3064960.257918031,1354960.257918031 
 10/22  23:00:00,3064960.257918031,1354960.257918031 
 10/22  24:00:00,3064960.257918031,1354960.257918031 
 10/23  01:00:00,3064960.257918031,1354960.257918031 
 10/23  02:00:00,3064960.257918031,1354960.257918031 
 10/23  03:00:00,3064960.257918031,1354960.257918031 
 10/23  04:00:00,3064960.257918031,1354960.257918031 
 10/23  05:00:00,3064960.257918031,1354960.257918031 
 10/23  06:00:00,3064960.257918031,1354960.257918031 
 10/23  07:00:00,3084266.181526743,1354960.257918031 
 10/23  08:00:00,3088531.6154798875,1354960.257918031 
 10/23  09:00:00,32876782.043352693,1354960.257918031 
 10/23  10:00:00,43218063.324179314,1354960.257918031 
 10/23  11:00:00,44576526.551424064,1368283.637167723 
 10/23  12:00:00,43212401.40018139,1354960.257918031 
 10/23  13:00:00,39162385.5835599,1354960.257918031 
 10/23  14:00:00,42472505.267215155,1413239.7023528952 
 10/23  15:00:00,44281177.842646495,1503821.6090424876 
 10/23  16:00:00,42818684.11892645,1506499.7649185543 
 10/23  17:00:00,38413670.03791677,1441602.0336740292 
 10/23  18:00:00,37395231.3617707,1373851.430179416 
 10/23  19:00:00,22988181.955007233,1354960.257918031 
 10/23  20:00:00,12192554.68987899,1354960.257918031 
 10/23  21:00:00,7114960.257918031,1354960.257918031 
 10/23  22:00:00,3064960.257918031,1354960.257918031 
 10/23  23:00:00,3064960.257918031,1354960.257918031 
 10/23  24:00:00,3064960.257918031,1354960.257918031 
 10/24  01:00:00,3064960.257918031,1354960.257918031 
 10/24  02:00:00,3064960.257918031,1354960.257918031 
 10/24  03:00:00,3064960.257918031,1354960.257918031 
 10/24  04:00:00,3064960.257918031,1354960.257918031 
 10/24  05:00:00,3064960.257918031,1354960.257918031 
 10/24  06:00:00,3064974.413198297,1354960.257918031 
 10/24  07:00:00,3142460.384218591,1354960.257918031 
 10/24  08:00:00,3122783.8751256624,1354960.257918031 
 10/24  09:00:00,32893379.7244415,1354960.257918031 
 10/24  10:00:00,43255042.08883088,1386621.169314714 
 10/24  11:00:00,44758636.605478,1403891.825825803 
 10/24  12:00:00,43824064.256616496,1415219.6323837705 
 10/24  13:00:00,41204231.98469038,1381959.83192903 
 10/24  14:00:00,44596062.97624803,1513919.3780013346 
 10/24  15:00:00,46249615.61834796,1547396.4012433502 
 10/24  16:00:00,45020368.64925398,1599750.6105923979 
 10/24  17:00:00,39938593.6920584,1501081.2577471787 
 10/24  18:00:00,38066071.66724232,1381339.3903180792 
 10/24  19:00:00,22960553.78549231,1354960.257918031 
 10/24  20:00:00,12162444.809275426,1354960.257918031 
 10/24  21:00:00,7114960.257918031,1354960.257918031 
 10/24  22:00:00,3064960.257918031,1354960.257918031 
 10/24  23:00:00,3064960.257918031,1354960.257918031 
 10/24  24:00:00,3064960.257918031,1354960.257918031 
 10/25  01:00:00,3064960.257918031,1354960.257918031 
 10/25  02:00:00,3064960.257918031,1354960.257918031 
 10/25  03:00:00,3064960.257918031,1354960.257918031 
 10/25  04:00:00,3064960.257918031,1354960.257918031 
 10/25  05:00:00,3064960.257918031,1354960.257918031 
 10/25  06:00:00,3064960.257918031,1354960.257918031 
 10/25  07:00:00,3078133.2486084877,1354960.257918031 
 10/25  08:00:00,3079228.5171868233,1354960.257918031 
 10/25  09:00:00,32867794.882606633,1354960.257918031 
 10/25  10:00:00,43214824.279108174,1354960.257918031 
 10/25  11:00:00,45003885.55811119,1354960.257918031 
 10/25  12:00:00,45141257.67485296,1354960.257918031 
 10/25  13:00:00,41633768.38819505,1354960.257918031 
 10/25  14:00:00,44881121.619562976,1354960.257918031 
 10/25  15:00:00,46241292.23606354,1382247.0784662832 
 10/25  16:00:00,44646125.31523292,1405908.8966776654 
 10/25  17:00:00,41057048.00490825,1354960.257918031 
 10/25  18:00:00,40748951.233685866,1354960.257918031 
 10/25  19:00:00,25675619.588777892,1354960.257918031 
 10/25  20:00:00,14226326.45622066,1354960.257918031 
 10/25  21:00:00,7114960.257918031,1354960.257918031 
 10/25  22:00:00,3064960.257918031,1354960.257918031 
 10/25  23:00:00,3064960.257918031,1354960.257918031 
 10/25  24:00:00,3064960.257918031,1354960.257918031 
 10/26  01:00:00,6304960.257918031,1354960.257918031 
 10/26  02:00:00,6304960.257918031,1354960.257918031 
 10/26  03:00:00,6304960.257918031,1354960.257918031 
 10/26  04:00:00,6304960.257918031,1354960.257918031 
 10/26  05:00:00,6304960.257918031,1354960.257918031 
 10/26  06:00:00,6304960.257918031,1354960.257918031 
 10/26  07:00:00,6304960.257918031,1354960.257918031 
 10/26  08:00:00,6304960.257918031,1354960.257918031 
 10/26  09:00:00,6304960.257918031,1354960.257918031 
 10/26  10:00:00,6304960.257918031,1354960.257918031 
 10/26  11:00:00,6304960.257918031,1354960.257918031 
 10/26  12:00:00,6304960.257918031,1354960.257918031 
 10/26  13:00:00,6304960.257918031,1354960.257918031 
 10/26  14:00:00,6304960.257918031,1354960.257918031 
 10/26  15:00:00,6304960.257918031,1354960.257918031 
 10/26  16:00:00,6304960.257918031,1354960.257918031 
 10/26  17:00:00,6304960.257918031,1354960.257918031 
 10/26  18:00:00,6304960.257918031,1354960.257918031 
 10/26  19:00:00,6304960.257918031,1354960.257918031 
 10/26  20:00:00,6304960.257918031,1354960.257918031 
 10/26  21:00:00,6304960.257918031,1354960.257918031 
 10/26  22:00:00,6304960.257918031,1354960.257918031 
 10/26  23:00:00,6304960.257918031,1354960.257918031 
 10/26  24:00:00,6304960.257918031,1354960.257918031 
 10/27  01:00:00,6304960.257918031,1354960.257918031 
 10/27  02:00:00,6304960.257918031,1354960.257918031 
 10/27  03:00:00,6304960.257918031,1354960.257918031 
 10/27  04:00:00,6304960.257918031,1354960.257918031 
 10/27  05:00:00,6304960.257918031,1354960.257918031 
 10/27  06:00:00,6304960.257918031,1354960.257918031 
 10/27  07:00:00,6304960.257918031,1354960.257918031 
 10/27  08:00:00,6304960.257918031,1354960.257918031 
 10/27  09:00:00,6304960.257918031,1354960.257918031 
 10/27  10:00:00,6304960.257918031,1354960.257918031 
 10/27  11:00:00,6304960.257918031,1354960.257918031 
 10/27  12:00:00,6304960.257918031,1354960.257918031 
 10/27  13:00:00,6304960.257918031,1354960.257918031 
 10/27  14:00:00,6304960.257918031,1354960.257918031 
 10/27  15:00:00,6304960.257918031,1354960.257918031 
 10/27  16:00:00,6304960.257918031,1354960.257918031 
 10/27  17:00:00,6304960.257918031,1354960.257918031 
 10/27  18:00:00,6304960.257918031,1354960.257918031 
 10/27  19:00:00,6304960.257918031,1354960.257918031 
 10/27  20:00:00,6304960.257918031,1354960.257918031 
 10/27  21:00:00,6304960.257918031,1354960.257918031 
 10/27  22:00:00,6304960.257918031,1354960.257918031 
 10/27  23:00:00,6304960.257918031,1354960.257918031 
 10/27  24:00:00,6304960.257918031,1354960.257918031 
 10/28  01:00:00,3064960.257918031,1354960.257918031 
 10/28  02:00:00,3064960.257918031,1354960.257918031 
 10/28  03:00:00,3064960.257918031,1354960.257918031 
 10/28  04:00:00,3064960.257918031,1354960.257918031 
 10/28  05:00:00,3064960.257918031,1354960.257918031 
 10/28  06:00:00,3064960.257918031,1354960.257918031 
 10/28  07:00:00,3125270.1029128875,1354960.257918031 
 10/28  08:00:00,3112754.0104528954,1354960.257918031 
 10/28  09:00:00,32886511.545277957,1354960.257918031 
 10/28  10:00:00,43231096.67743463,1367982.3114160837 
 10/28  11:00:00,45943618.17250182,1399442.075318845 
 10/28  12:00:00,45963060.25082662,1485470.9414457122 
 10/28  13:00:00,41837083.07585475,1483131.7846717238 
 10/28  14:00:00,45265333.92486566,1597205.0425667963 
 10/28  15:00:00,46636383.283828616,1649912.5091406251 
 10/28  16:00:00,44640848.66791679,1630830.5350618805 
 10/28  17:00:00,39141201.93630887,1469252.8431404612 
 10/28  18:00:00,37699169.21064898,1382776.4856089246 
 10/28  19:00:00,22970249.399243984,1354960.257918031 
 10/28  20:00:00,12172368.214664036,1354960.257918031 
 10/28  21:00:00,7114960.257918031,1354960.257918031 
 10/28  22:00:00,3064960.257918031,1354960.257918031 
 10/28  23:00:00,3064960.257918031,1354960.257918031 
 10/28  24:00:00,3064960.257918031,1354960.257918031 
 10/29  01:00:00,3064960.257918031,1354960.257918031 
 10/29  02:00:00,3064960.257918031,1354960.257918031 
 10/29  03:00:00,3064960.257918031,1354960.257918031 
 10/29  04:00:00,3064960.257918031,1354960.257918031 
 10/29  05:00:00,3064960.257918031,1354960.257918031 
 10/29  06:00:00,3064960.257918031,1354960.257918031 
 10/29  07:00:00,3094359.4802477644,1354960.257918031 
 10/29  08:00:00,3088989.9707513703,1354960.257918031 
 10/29  09:00:00,32875388.090287708,1354960.257918031 
 10/29  10:00:00,43216443.50193338,1354960.257918031 
 10/29  11:00:00,45877681.296277836,1354960.257918031 
 10/29  12:00:00,45360563.55118997,1432580.339696826 
 10/29  13:00:00,41793231.30369315,1450348.4422602237 
 10/29  14:00:00,45326609.17311612,1535689.4478651425 
 10/29  15:00:00,47289821.65764691,1689695.928202487 
 10/29  16:00:00,45419134.318967484,1638552.6663267324 
 10/29  17:00:00,39614449.18007507,1425509.0622048818 
 10/29  18:00:00,37966803.978366345,1387160.0191229589 
 10/29  19:00:00,22974025.31051233,1363095.6279372934 
 10/29  20:00:00,12171200.653874898,1354960.257918031 
 10/29  21:00:00,7114960.257918031,1354960.257918031 
 10/29  22:00:00,3064960.257918031,1354960.257918031 
 10/29  23:00:00,3064960.257918031,1354960.257918031 
 10/29  24:00:00,3064960.257918031,1354960.257918031 
 10/30  01:00:00,3064960.257918031,1354960.257918031 
 10/30  02:00:00,3064960.257918031,1354960.257918031 
 10/30  03:00:00,3064960.257918031,1354960.257918031 
 10/30  04:00:00,3064960.257918031,1354960.257918031 
 10/30  05:00:00,3064960.257918031,1354960.257918031 
 10/30  06:00:00,3064960.257918031,1354960.257918031 
 10/30  07:00:00,3129169.561963893,1354960.257918031 
 10/30  08:00:00,3107348.0727100046,1354960.257918031 
 10/30  09:00:00,33295297.884799868,1354960.257918031 
 10/30  10:00:00,45157274.8599731,1391981.9405812847 
 10/30  11:00:00,47293384.862575956,1445357.6415138864 
 10/30  12:00:00,47402989.63519782,1565532.6460769034 
 10/30  13:00:00,43877433.37596213,1549032.975696263 
 10/30  14:00:00,48261129.34233426,1738067.8822524224 
 10/30  15:00:00,50446765.37633158,1950420.3508955939 
 10/30  16:00:00,49207599.54189797,2021647.0559150856 
 10/30  17:00:00,42202476.19293672,1537621.2996431324 
 10/30  18:00:00,40384249.88490918,1390266.4926742257 
 10/30  19:00:00,25178806.926621187,1354960.257918031 
 10/30  20:00:00,12655456.032701494,1354960.257918031 
 10/30  21:00:00,7114960.257918031,1354960.257918031 
 10/30  22:00:00,3064960.257918031,1354960.257918031 
 10/30  23:00:00,3064960.257918031,1354960.257918031 
 10/30  24:00:00,3064960.257918031,1354960.257918031 
 10/31  01:00:00,3064960.257918031,1354960.257918031 
 10/31  02:00:00,3064960.257918031,1354960.257918031 
 10/31  03:00:00,3064960.257918031,1354960.257918031 
 10/31  04:00:00,3064960.257918031,1354960.257918031 
 10/31  05:00:00,3064960.257918031,1354960.257918031 
 10/31  06:00:00,3064960.257918031,1354960.257918031 
 10/31  07:00:00,3082593.2590821385,1354960.257918031 
 10/31  08:00:00,3076519.656256099,1354960.257918031 
 10/31  09:00:00,33262921.729597934,1354960.257918031 
 10/31  10:00:00,45150930.824634686,1354960.257918031 
 10/31  11:00:00,46647159.63508921,1354960.257918031 
 10/31  12:00:00,45195690.763421305,1354960.257918031 
 10/31  13:00:00,41178127.025971144,1354960.257918031 
 10/31  14:00:00,44525099.29441969,1490579.8662449343 
 10/31  15:00:00,45873556.3494624,1546178.476786133 
 10/31  16:00:00,43325661.88765558,1500070.8867587566 
 10/31  17:00:00,37717342.43341237,1377187.0913408976 
 10/31  18:00:00,37389724.64683078,1373733.403955868 
 10/31  19:00:00,22988247.242749557,1354960.257918031 
 10/31  20:00:00,12228981.514726304,1354960.257918031 
 10/31  21:00:00,7114960.257918031,1354960.257918031 
 10/31  22:00:00,3064960.257918031,1354960.257918031 
 10/31  23:00:00,3064960.257918031,1354960.257918031 
 10/31  24:00:00,3064960.257918031,1354960.257918031,12939980261.748116,11223810000.0,7121250000.0,1028225861.6148736,687944400.132864,1261054121.372588,1261054121.372588,,,,,,,,7121250000.0,,11223810000.0,,4102560000.0 
 11/01  01:00:00,3064960.257918031,1354960.257918031 
 11/01  02:00:00,3064960.257918031,1354960.257918031 
 11/01  03:00:00,3064960.257918031,1354960.257918031 
 11/01  04:00:00,3064960.257918031,1354960.257918031 
 11/01  05:00:00,3064960.257918031,1354960.257918031 
 11/01  06:00:00,3064960.257918031,1354960.257918031 
 11/01  07:00:00,6363501.735407019,1354960.257918031 
 11/01  08:00:00,6478224.003213367,1354960.257918031 
 11/01  09:00:00,36269708.08615872,1354960.257918031 
 11/01  10:00:00,46677396.919170424,1354960.257918031 
 11/01  11:00:00,48117146.4556748,1354960.257918031 
 11/01  12:00:00,46904948.15651816,1354960.257918031 
 11/01  13:00:00,42720722.77426706,1354960.257918031 
 11/01  14:00:00,45282544.07262907,1354960.257918031 
 11/01  15:00:00,46192456.81165479,1354960.257918031 
 11/01  16:00:00,44278518.108194605,1354960.257918031 
 11/01  17:00:00,40729836.730214566,1354960.257918031 
 11/01  18:00:00,40818207.282755755,1354960.257918031 
 11/01  19:00:00,26279481.417139195,1354960.257918031 
 11/01  20:00:00,15362494.7783101,1354960.257918031 
 11/01  21:00:00,7114960.257918031,1354960.257918031 
 11/01  22:00:00,3064960.257918031,1354960.257918031 
 11/01  23:00:00,3064960.257918031,1354960.257918031 
 11/01  24:00:00,3064960.257918031,1354960.257918031 
 11/02  01:00:00,6304960.257918031,1354960.257918031 
 11/02  02:00:00,6304960.257918031,1354960.257918031 
 11/02  03:00:00,6304960.257918031,1354960.257918031 
 11/02  04:00:00,6304960.257918031,1354960.257918031 
 11/02  05:00:00,6304960.257918031,1354960.257918031 
 11/02  06:00:00,6304960.257918031,1354960.257918031 
 11/02  07:00:00,6304960.257918031,1354960.257918031 
 11/02  08:00:00,6304960.257918031,1354960.257918031 
 11/02  09:00:00,6304960.257918031,1354960.257918031 
 11/02  10:00:00,6304960.257918031,1354960.257918031 
 11/02  11:00:00,6304960.257918031,1354960.257918031 
 11/02  12:00:00,6304960.257918031,1354960.257918031 
 11/02  13:00:00,6304960.257918031,1354960.257918031 
 11/02  14:00:00,6304960.257918031,1354960.257918031 
 11/02  15:00:00,6304960.257918031,1354960.257918031 
 11/02  16:00:00,6304960.257918031,1354960.257918031 
 11/02  17:00:00,6304960.257918031,1354960.257918031 
 11/02  18:00:00,6304960.257918031,1354960.257918031 
 11/02  19:00:00,6304960.257918031,1354960.257918031 
 11/02  20:00:00,6304960.257918031,1354960.257918031 
 11/02  21:00:00,6304960.257918031,1354960.257918031 
 11/02  22:00:00,6304960.257918031,1354960.257918031 
 11/02  23:00:00,6304960.257918031,1354960.257918031 
 11/02  24:00:00,6304960.257918031,1354960.257918031 
 11/03  01:00:00,6304960.257918031,1354960.257918031 
 11/03  02:00:00,6304960.257918031,1354960.257918031 
 11/03  03:00:00,6304960.257918031,1354960.257918031 
 11/03  04:00:00,6304960.257918031,1354960.257918031 
 11/03  05:00:00,6304960.257918031,1354960.257918031 
 11/03  06:00:00,6304960.257918031,1354960.257918031 
 11/03  07:00:00,6304960.257918031,1354960.257918031 
 11/03  08:00:00,6304960.257918031,1354960.257918031 
 11/03  09:00:00,6304960.257918031,1354960.257918031 
 11/03  10:00:00,6304960.257918031,1354960.257918031 
 11/03  11:00:00,6304960.257918031,1354960.257918031 
 11/03  12:00:00,6304960.257918031,1354960.257918031 
 11/03  13:00:00,6304960.257918031,1354960.257918031 
 11/03  14:00:00,6304960.257918031,1354960.257918031 
 11/03  15:00:00,6304960.257918031,1354960.257918031 
 11/03  16:00:00,6304960.257918031,1354960.257918031 
 11/03  17:00:00,6304960.257918031,1354960.257918031 
 11/03  18:00:00,6304960.257918031,1354960.257918031 
 11/03  19:00:00,6304960.257918031,1354960.257918031 
 11/03  20:00:00,6304960.257918031,1354960.257918031 
 11/03  21:00:00,6304960.257918031,1354960.257918031 
 11/03  22:00:00,6304960.257918031,1354960.257918031 
 11/03  23:00:00,6304960.257918031,1354960.257918031 
 11/03  24:00:00,6304960.257918031,1354960.257918031 
 11/04  01:00:00,3064960.257918031,1354960.257918031 
 11/04  02:00:00,3064960.257918031,1354960.257918031 
 11/04  03:00:00,3064960.257918031,1354960.257918031 
 11/04  04:00:00,3064960.257918031,1354960.257918031 
 11/04  05:00:00,3064960.257918031,1354960.257918031 
 11/04  06:00:00,3064960.257918031,1354960.257918031 
 11/04  07:00:00,3073344.6683024676,1354960.257918031 
 11/04  08:00:00,4027481.690403194,1354960.257918031 
 11/04  09:00:00,34790171.62669714,1354960.257918031 
 11/04  10:00:00,45480860.718561865,1381853.7936609671 
 11/04  11:00:00,47122346.929641314,1397788.7009384895 
 11/04  12:00:00,46237963.135999866,1450846.5028857186 
 11/04  13:00:00,42242148.94578146,1424934.2483512994 
 11/04  14:00:00,45527844.30265784,1502401.3096786297 
 11/04  15:00:00,47005557.971488,1598950.2492916593 
 11/04  16:00:00,44694503.69184085,1546656.8265027127 
 11/04  17:00:00,39210827.67606574,1381715.8619023927 
 11/04  18:00:00,37359725.60496176,1354960.257918031 
 11/04  19:00:00,22961862.30302798,1354960.257918031 
 11/04  20:00:00,12162200.805864938,1354960.257918031 
 11/04  21:00:00,7114960.257918031,1354960.257918031 
 11/04  22:00:00,3064960.257918031,1354960.257918031 
 11/04  23:00:00,3064960.257918031,1354960.257918031 
 11/04  24:00:00,3064960.257918031,1354960.257918031 
 11/05  01:00:00,3064960.257918031,1354960.257918031 
 11/05  02:00:00,3064960.257918031,1354960.257918031 
 11/05  03:00:00,3064960.257918031,1354960.257918031 
 11/05  04:00:00,3064960.257918031,1354960.257918031 
 11/05  05:00:00,3064960.257918031,1354960.257918031 
 11/05  06:00:00,3064960.257918031,1354960.257918031 
 11/05  07:00:00,3073714.457997064,1354960.257918031 
 11/05  08:00:00,3073382.7844356126,1354960.257918031 
 11/05  09:00:00,32864095.316129215,1354960.257918031 
 11/05  10:00:00,43212827.01304912,1354960.257918031 
 11/05  11:00:00,45898244.06430675,1354960.257918031 
 11/05  12:00:00,45174004.79910648,1354960.257918031 
 11/05  13:00:00,41279358.903220356,1354960.257918031 
 11/05  14:00:00,43996649.34619773,1354960.257918031 
 11/05  15:00:00,44860801.68248557,1354960.257918031 
 11/05  16:00:00,42983508.42281793,1354960.257918031 
 11/05  17:00:00,39315142.49249928,1354960.257918031 
 11/05  18:00:00,39303839.13534309,1354960.257918031 
 11/05  19:00:00,24822976.94486273,1354960.257918031 
 11/05  20:00:00,14006031.564442346,1354960.257918031 
 11/05  21:00:00,7114960.257918031,1354960.257918031 
 11/05  22:00:00,3064960.257918031,1354960.257918031 
 11/05  23:00:00,3064960.257918031,1354960.257918031 
 11/05  24:00:00,3064960.257918031,1354960.257918031 
 11/06  01:00:00,3064960.257918031,1354960.257918031 
 11/06  02:00:00,3064960.257918031,1354960.257918031 
 11/06  03:00:00,3064960.257918031,1354960.257918031 
 11/06  04:00:00,3064960.257918031,1354960.257918031 
 11/06  05:00:00,3064960.257918031,1354960.257918031 
 11/06  06:00:00,3064960.257918031,1354960.257918031 
 11/06  07:00:00,4776494.136111974,1354960.257918031 
 11/06  08:00:00,4778092.134812559,1354960.257918031 
 11/06  09:00:00,34716493.662248895,1354960.257918031 
 11/06  10:00:00,45169592.51754378,1354960.257918031 
 11/06  11:00:00,46664647.032861024,1354960.257918031 
 11/06  12:00:00,45614606.69729612,1354960.257918031 
 11/06  13:00:00,41722700.265991084,1354960.257918031 
 11/06  14:00:00,44314642.72736961,1354960.257918031 
 11/06  15:00:00,45176811.210089356,1354960.257918031 
 11/06  16:00:00,43282300.83353464,1354960.257918031 
 11/06  17:00:00,39536343.077686705,1354960.257918031 
 11/06  18:00:00,39473540.52067268,1354960.257918031 
 11/06  19:00:00,25056499.253292635,1354960.257918031 
 11/06  20:00:00,14318979.246892486,1354960.257918031 
 11/06  21:00:00,7114960.257918031,1354960.257918031 
 11/06  22:00:00,3064960.257918031,1354960.257918031 
 11/06  23:00:00,3064960.257918031,1354960.257918031 
 11/06  24:00:00,3064960.257918031,1354960.257918031 
 11/07  01:00:00,3064960.257918031,1354960.257918031 
 11/07  02:00:00,3064960.257918031,1354960.257918031 
 11/07  03:00:00,3064960.257918031,1354960.257918031 
 11/07  04:00:00,3064960.257918031,1354960.257918031 
 11/07  05:00:00,3064960.257918031,1354960.257918031 
 11/07  06:00:00,3064960.257918031,1354960.257918031 
 11/07  07:00:00,5386660.004557906,1354960.257918031 
 11/07  08:00:00,5413806.237343834,1354960.257918031 
 11/07  09:00:00,35240572.919011235,1354960.257918031 
 11/07  10:00:00,45611590.70453332,1354960.257918031 
 11/07  11:00:00,47225200.98239513,1354960.257918031 
 11/07  12:00:00,46088459.82101983,1354960.257918031 
 11/07  13:00:00,42196545.290514775,1354960.257918031 
 11/07  14:00:00,45065611.01998705,1354960.257918031 
 11/07  15:00:00,45939565.58262233,1377419.2926264405 
 11/07  16:00:00,44024515.17043284,1375609.3601125637 
 11/07  17:00:00,40251827.52189504,1354960.257918031 
 11/07  18:00:00,40061857.75705291,1354960.257918031 
 11/07  19:00:00,25538485.79209492,1354960.257918031 
 11/07  20:00:00,14684647.272970533,1354960.257918031 
 11/07  21:00:00,7114960.257918031,1354960.257918031 
 11/07  22:00:00,3064960.257918031,1354960.257918031 
 11/07  23:00:00,3064960.257918031,1354960.257918031 
 11/07  24:00:00,3064960.257918031,1354960.257918031 
 11/08  01:00:00,3064960.257918031,1354960.257918031 
 11/08  02:00:00,3064960.257918031,1354960.257918031 
 11/08  03:00:00,3064960.257918031,1354960.257918031 
 11/08  04:00:00,3064960.257918031,1354960.257918031 
 11/08  05:00:00,3064960.257918031,1354960.257918031 
 11/08  06:00:00,3064960.257918031,1354960.257918031 
 11/08  07:00:00,5798009.490022102,1354960.257918031 
 11/08  08:00:00,6045935.101897158,1354960.257918031 
 11/08  09:00:00,36006951.42824088,1354960.257918031 
 11/08  10:00:00,46725059.14167862,1354960.257918031 
 11/08  11:00:00,48528807.2493023,1354960.257918031 
 11/08  12:00:00,47664342.313734934,1354960.257918031 
 11/08  13:00:00,43716309.70384638,1354960.257918031 
 11/08  14:00:00,46258146.37647467,1390804.3989941787 
 11/08  15:00:00,47027713.0258821,1396290.6606373007 
 11/08  16:00:00,45363680.660726175,1416045.9895984675 
 11/08  17:00:00,41668596.638908595,1354960.257918031 
 11/08  18:00:00,41786901.809983656,1354960.257918031 
 11/08  19:00:00,27493744.026584595,1354960.257918031 
 11/08  20:00:00,16627405.006582756,1354960.257918031 
 11/08  21:00:00,7114960.257918031,1354960.257918031 
 11/08  22:00:00,3064960.257918031,1354960.257918031 
 11/08  23:00:00,3064960.257918031,1354960.257918031 
 11/08  24:00:00,3064960.257918031,1354960.257918031 
 11/09  01:00:00,6304960.257918031,1354960.257918031 
 11/09  02:00:00,6304960.257918031,1354960.257918031 
 11/09  03:00:00,6304960.257918031,1354960.257918031 
 11/09  04:00:00,6304960.257918031,1354960.257918031 
 11/09  05:00:00,6304960.257918031,1354960.257918031 
 11/09  06:00:00,6304960.257918031,1354960.257918031 
 11/09  07:00:00,6304960.257918031,1354960.257918031 
 11/09  08:00:00,6304960.257918031,1354960.257918031 
 11/09  09:00:00,6304960.257918031,1354960.257918031 
 11/09  10:00:00,6304960.257918031,1354960.257918031 
 11/09  11:00:00,6304960.257918031,1354960.257918031 
 11/09  12:00:00,6304960.257918031,1354960.257918031 
 11/09  13:00:00,6304960.257918031,1354960.257918031 
 11/09  14:00:00,6304960.257918031,1354960.257918031 
 11/09  15:00:00,6304960.257918031,1354960.257918031 
 11/09  16:00:00,6304960.257918031,1354960.257918031 
 11/09  17:00:00,6304960.257918031,1354960.257918031 
 11/09  18:00:00,6304960.257918031,1354960.257918031 
 11/09  19:00:00,6304960.257918031,1354960.257918031 
 11/09  20:00:00,6304960.257918031,1354960.257918031 
 11/09  21:00:00,6304960.257918031,1354960.257918031 
 11/09  22:00:00,6304960.257918031,1354960.257918031 
 11/09  23:00:00,6304960.257918031,1354960.257918031 
 11/09  24:00:00,6304960.257918031,1354960.257918031 
 11/10  01:00:00,6304960.257918031,1354960.257918031 
 11/10  02:00:00,6304960.257918031,1354960.257918031 
 11/10  03:00:00,6304960.257918031,1354960.257918031 
 11/10  04:00:00,6305166.608450062,1354960.257918031 
 11/10  05:00:00,6306087.883898545,1354960.257918031 
 11/10  06:00:00,6306726.734424803,1354960.257918031 
 11/10  07:00:00,6306924.053413286,1354960.257918031 
 11/10  08:00:00,6305505.506704561,1354960.257918031 
 11/10  09:00:00,6305059.822224003,1354960.257918031 
 11/10  10:00:00,6304960.257918031,1354960.257918031 
 11/10  11:00:00,6304960.257918031,1354960.257918031 
 11/10  12:00:00,6304960.257918031,1354960.257918031 
 11/10  13:00:00,6304960.257918031,1354960.257918031 
 11/10  14:00:00,6304960.257918031,1354960.257918031 
 11/10  15:00:00,6304960.257918031,1354960.257918031 
 11/10  16:00:00,6304960.257918031,1354960.257918031 
 11/10  17:00:00,6304960.257918031,1354960.257918031 
 11/10  18:00:00,6304960.257918031,1354960.257918031 
 11/10  19:00:00,6305024.574804249,1354960.257918031 
 11/10  20:00:00,6305538.251399087,1354960.257918031 
 11/10  21:00:00,6305545.009644079,1354960.257918031 
 11/10  22:00:00,6306733.466748113,1354960.257918031 
 11/10  23:00:00,6307361.408144446,1354960.257918031 
 11/10  24:00:00,6306448.429296091,1354960.257918031 
 11/11  01:00:00,3068781.459239036,1354960.257918031 
 11/11  02:00:00,3069372.897130736,1354960.257918031 
 11/11  03:00:00,3069527.7189088063,1354960.257918031 
 11/11  04:00:00,3070447.175253381,1354960.257918031 
 11/11  05:00:00,3071225.264116632,1354960.257918031 
 11/11  06:00:00,3072036.304086556,1354960.257918031 
 11/11  07:00:00,3152591.6976630185,1354960.257918031 
 11/11  08:00:00,3142074.249568913,1354960.257918031 
 11/11  09:00:00,32956089.00702905,1354960.257918031 
 11/11  10:00:00,43264510.913691476,1354960.257918031 
 11/11  11:00:00,44614724.33808254,1354960.257918031 
 11/11  12:00:00,43272654.84658097,1354960.257918031 
 11/11  13:00:00,39230023.46017727,1354960.257918031 
 11/11  14:00:00,41930307.10879952,1354960.257918031 
 11/11  15:00:00,42830772.569581114,1354960.257918031 
 11/11  16:00:00,41031128.16110137,1354960.257918031 
 11/11  17:00:00,37432474.33418775,1354960.257918031 
 11/11  18:00:00,37412711.33959239,1354960.257918031 
 11/11  19:00:00,23012097.652736194,1354960.257918031 
 11/11  20:00:00,12219182.15930812,1354960.257918031 
 11/11  21:00:00,7114960.257918031,1354960.257918031 
 11/11  22:00:00,3064960.257918031,1354960.257918031 
 11/11  23:00:00,3064960.257918031,1354960.257918031 
 11/11  24:00:00,3066363.394394831,1354960.257918031 
 11/12  01:00:00,3069897.3563661976,1354960.257918031 
 11/12  02:00:00,3072442.505292506,1354960.257918031 
 11/12  03:00:00,3074288.415346166,1354960.257918031 
 11/12  04:00:00,3076188.680338823,1354960.257918031 
 11/12  05:00:00,3076894.910822079,1354960.257918031 
 11/12  06:00:00,3077788.077123467,1354960.257918031 
 11/12  07:00:00,3171480.702279281,1354960.257918031 
 11/12  08:00:00,3158830.863917528,1354960.257918031 
 11/12  09:00:00,32972079.053712744,1354960.257918031 
 11/12  10:00:00,43269469.1099377,1354960.257918031 
 11/12  11:00:00,44616349.671139866,1361596.8164978418 
 11/12  12:00:00,43261461.294172704,1354960.257918031 
 11/12  13:00:00,39227516.82063909,1354960.257918031 
 11/12  14:00:00,41935759.08577216,1373853.0533336427 
 11/12  15:00:00,42851258.80102341,1400457.5701993033 
 11/12  16:00:00,41037790.68614443,1378010.3602847848 
 11/12  17:00:00,37409938.76036662,1354960.257918031 
 11/12  18:00:00,37408373.21911132,1354960.257918031 
 11/12  19:00:00,23012469.378617264,1354960.257918031 
 11/12  20:00:00,12220050.041810941,1354960.257918031 
 11/12  21:00:00,7114960.257918031,1354960.257918031 
 11/12  22:00:00,3064960.257918031,1354960.257918031 
 11/12  23:00:00,3065014.533159664,1354960.257918031 
 11/12  24:00:00,3067004.9689259594,1354960.257918031 
 11/13  01:00:00,3069573.208931118,1354960.257918031 
 11/13  02:00:00,3070819.124017779,1354960.257918031 
 11/13  03:00:00,3071969.674039885,1354960.257918031 
 11/13  04:00:00,3071819.4452630356,1354960.257918031 
 11/13  05:00:00,3071451.226617783,1354960.257918031 
 11/13  06:00:00,3072542.6334342095,1354960.257918031 
 11/13  07:00:00,3169257.087279877,1354960.257918031 
 11/13  08:00:00,3149168.033191191,1354960.257918031 
 11/13  09:00:00,32951249.68825416,1354960.257918031 
 11/13  10:00:00,43264282.34820099,1354960.257918031 
 11/13  11:00:00,44625849.226976186,1354960.257918031 
 11/13  12:00:00,43276461.04219166,1354960.257918031 
 11/13  13:00:00,39226271.75784131,1354960.257918031 
 11/13  14:00:00,41926241.13725863,1354960.257918031 
 11/13  15:00:00,42826273.66114986,1354960.257918031 
 11/13  16:00:00,41028266.91139009,1354960.257918031 
 11/13  17:00:00,37430915.64621196,1354960.257918031 
 11/13  18:00:00,37430965.366350755,1354960.257918031 
 11/13  19:00:00,23036670.696126964,1354960.257918031 
 11/13  20:00:00,12225987.157650242,1354960.257918031 
 11/13  21:00:00,7114960.257918031,1354960.257918031 
 11/13  22:00:00,3064960.257918031,1354960.257918031 
 11/13  23:00:00,3064960.257918031,1354960.257918031 
 11/13  24:00:00,3064960.257918031,1354960.257918031 
 11/14  01:00:00,3065085.4268889856,1354960.257918031 
 11/14  02:00:00,3066182.616101297,1354960.257918031 
 11/14  03:00:00,3067130.7049303306,1354960.257918031 
 11/14  04:00:00,3067959.7602421353,1354960.257918031 
 11/14  05:00:00,3067832.15234774,1354960.257918031 
 11/14  06:00:00,3067796.4858446624,1354960.257918031 
 11/14  07:00:00,3143790.2891020845,1354960.257918031 
 11/14  08:00:00,3130895.747551373,1354960.257918031 
 11/14  09:00:00,32923513.23655938,1354960.257918031 
 11/14  10:00:00,43263252.647378005,1363752.6489255012 
 11/14  11:00:00,44606522.17023506,1383169.5001698092 
 11/14  12:00:00,43248530.38108873,1385824.3113293406 
 11/14  13:00:00,39723690.81711604,1401574.4550785609 
 11/14  14:00:00,43534136.77924995,1462125.97401333 
 11/14  15:00:00,45282730.93482887,1516896.6919104052 
 11/14  16:00:00,42729333.53608884,1506990.2386502344 
 11/14  17:00:00,37766224.374834284,1402806.6224535115 
 11/14  18:00:00,37375566.15443832,1354960.257918031 
 11/14  19:00:00,22977751.1094969,1354960.257918031 
 11/14  20:00:00,12179411.848552551,1354960.257918031 
 11/14  21:00:00,7114960.257918031,1354960.257918031 
 11/14  22:00:00,3064960.257918031,1354960.257918031 
 11/14  23:00:00,3064960.257918031,1354960.257918031 
 11/14  24:00:00,3064960.257918031,1354960.257918031 
 11/15  01:00:00,3064960.257918031,1354960.257918031 
 11/15  02:00:00,3064960.257918031,1354960.257918031 
 11/15  03:00:00,3064960.257918031,1354960.257918031 
 11/15  04:00:00,3064960.257918031,1354960.257918031 
 11/15  05:00:00,3064960.257918031,1354960.257918031 
 11/15  06:00:00,3064960.257918031,1354960.257918031 
 11/15  07:00:00,3078101.858980139,1354960.257918031 
 11/15  08:00:00,3074604.148234879,1354960.257918031 
 11/15  09:00:00,32863468.068110775,1354960.257918031 
 11/15  10:00:00,45322508.34940775,1354960.257918031 
 11/15  11:00:00,47048830.398974314,1354960.257918031 
 11/15  12:00:00,45933887.61271669,1354960.257918031 
 11/15  13:00:00,41684491.8421695,1354960.257918031 
 11/15  14:00:00,44382713.124931976,1354960.257918031 
 11/15  15:00:00,45167776.649856016,1354960.257918031 
 11/15  16:00:00,43397145.66627013,1354960.257918031 
 11/15  17:00:00,39635163.737395674,1354960.257918031 
 11/15  18:00:00,39567180.24817538,1354960.257918031 
 11/15  19:00:00,23471962.48507107,1354960.257918031 
 11/15  20:00:00,12164986.256621938,1354960.257918031 
 11/15  21:00:00,7114960.257918031,1354960.257918031 
 11/15  22:00:00,3064960.257918031,1354960.257918031 
 11/15  23:00:00,3064960.257918031,1354960.257918031 
 11/15  24:00:00,3064960.257918031,1354960.257918031 
 11/16  01:00:00,6304960.257918031,1354960.257918031 
 11/16  02:00:00,6304960.257918031,1354960.257918031 
 11/16  03:00:00,6304960.257918031,1354960.257918031 
 11/16  04:00:00,6304960.257918031,1354960.257918031 
 11/16  05:00:00,6304960.257918031,1354960.257918031 
 11/16  06:00:00,6304960.257918031,1354960.257918031 
 11/16  07:00:00,6304960.257918031,1354960.257918031 
 11/16  08:00:00,6304960.257918031,1354960.257918031 
 11/16  09:00:00,6304960.257918031,1354960.257918031 
 11/16  10:00:00,6304960.257918031,1354960.257918031 
 11/16  11:00:00,6304960.257918031,1354960.257918031 
 11/16  12:00:00,6304960.257918031,1354960.257918031 
 11/16  13:00:00,6304960.257918031,1354960.257918031 
 11/16  14:00:00,6304960.257918031,1354960.257918031 
 11/16  15:00:00,6304960.257918031,1354960.257918031 
 11/16  16:00:00,6304960.257918031,1354960.257918031 
 11/16  17:00:00,6304960.257918031,1354960.257918031 
 11/16  18:00:00,6304960.257918031,1354960.257918031 
 11/16  19:00:00,6304960.257918031,1354960.257918031 
 11/16  20:00:00,6304960.257918031,1354960.257918031 
 11/16  21:00:00,6304960.257918031,1354960.257918031 
 11/16  22:00:00,6304960.257918031,1354960.257918031 
 11/16  23:00:00,6304960.257918031,1354960.257918031 
 11/16  24:00:00,6304960.257918031,1354960.257918031 
 11/17  01:00:00,6304960.257918031,1354960.257918031 
 11/17  02:00:00,6304960.257918031,1354960.257918031 
 11/17  03:00:00,6304960.257918031,1354960.257918031 
 11/17  04:00:00,6304960.257918031,1354960.257918031 
 11/17  05:00:00,6304960.257918031,1354960.257918031 
 11/17  06:00:00,6304960.257918031,1354960.257918031 
 11/17  07:00:00,6304960.257918031,1354960.257918031 
 11/17  08:00:00,6304960.257918031,1354960.257918031 
 11/17  09:00:00,6304960.257918031,1354960.257918031 
 11/17  10:00:00,6304960.257918031,1354960.257918031 
 11/17  11:00:00,6304960.257918031,1354960.257918031 
 11/17  12:00:00,6304960.257918031,1354960.257918031 
 11/17  13:00:00,6304960.257918031,1354960.257918031 
 11/17  14:00:00,6304960.257918031,1354960.257918031 
 11/17  15:00:00,6304960.257918031,1354960.257918031 
 11/17  16:00:00,6304960.257918031,1354960.257918031 
 11/17  17:00:00,6304960.257918031,1354960.257918031 
 11/17  18:00:00,6304960.257918031,1354960.257918031 
 11/17  19:00:00,6304960.257918031,1354960.257918031 
 11/17  20:00:00,6304960.257918031,1354960.257918031 
 11/17  21:00:00,6304960.257918031,1354960.257918031 
 11/17  22:00:00,6304960.257918031,1354960.257918031 
 11/17  23:00:00,6304960.257918031,1354960.257918031 
 11/17  24:00:00,6304960.257918031,1354960.257918031 
 11/18  01:00:00,3065400.083512314,1354960.257918031 
 11/18  02:00:00,3066549.050790037,1354960.257918031 
 11/18  03:00:00,3067745.4360965686,1354960.257918031 
 11/18  04:00:00,3068576.6076471116,1354960.257918031 
 11/18  05:00:00,3068661.616541742,1354960.257918031 
 11/18  06:00:00,3068862.7394872117,1354960.257918031 
 11/18  07:00:00,3142341.5748887416,1354960.257918031 
 11/18  08:00:00,3132012.5429523718,1354960.257918031 
 11/18  09:00:00,32949264.16726163,1354960.257918031 
 11/18  10:00:00,43263517.36041872,1354960.257918031 
 11/18  11:00:00,44628357.188754275,1354960.257918031 
 11/18  12:00:00,43270381.968599975,1354960.257918031 
 11/18  13:00:00,39189283.65833285,1354960.257918031 
 11/18  14:00:00,41933579.36112628,1412638.8602318699 
 11/18  15:00:00,42846738.710007645,1430791.4942960157 
 11/18  16:00:00,41079766.03159671,1468601.9022836764 
 11/18  17:00:00,37413503.83921218,1354960.257918031 
 11/18  18:00:00,37430411.95423253,1354960.257918031 
 11/18  19:00:00,23011036.534939464,1354960.257918031 
 11/18  20:00:00,12212046.239398528,1354960.257918031 
 11/18  21:00:00,7114960.257918031,1354960.257918031 
 11/18  22:00:00,3064960.257918031,1354960.257918031 
 11/18  23:00:00,3064960.257918031,1354960.257918031 
 11/18  24:00:00,3064960.257918031,1354960.257918031 
 11/19  01:00:00,3064960.257918031,1354960.257918031 
 11/19  02:00:00,3064960.257918031,1354960.257918031 
 11/19  03:00:00,3065377.312962133,1354960.257918031 
 11/19  04:00:00,3065790.0842215274,1354960.257918031 
 11/19  05:00:00,3066432.891120529,1354960.257918031 
 11/19  06:00:00,3067641.4278575075,1354960.257918031 
 11/19  07:00:00,3143628.983571377,1354960.257918031 
 11/19  08:00:00,3128760.991278118,1354960.257918031 
 11/19  09:00:00,32924646.168855485,1354960.257918031 
 11/19  10:00:00,43258130.40214968,1354960.257918031 
 11/19  11:00:00,44587433.970639035,1354960.257918031 
 11/19  12:00:00,43230148.463694125,1354960.257918031 
 11/19  13:00:00,39175804.04471733,1354960.257918031 
 11/19  14:00:00,41876049.5204823,1354960.257918031 
 11/19  15:00:00,42776734.422303826,1354960.257918031 
 11/19  16:00:00,40976295.95848463,1354960.257918031 
 11/19  17:00:00,37378055.10424085,1354960.257918031 
 11/19  18:00:00,37384349.235622995,1354960.257918031 
 11/19  19:00:00,23002097.525522463,1354960.257918031 
 11/19  20:00:00,12204998.413019704,1354960.257918031 
 11/19  21:00:00,7114960.257918031,1354960.257918031 
 11/19  22:00:00,3064960.257918031,1354960.257918031 
 11/19  23:00:00,3064960.257918031,1354960.257918031 
 11/19  24:00:00,3064960.257918031,1354960.257918031 
 11/20  01:00:00,3064960.257918031,1354960.257918031 
 11/20  02:00:00,3064960.257918031,1354960.257918031 
 11/20  03:00:00,3064960.257918031,1354960.257918031 
 11/20  04:00:00,3064960.257918031,1354960.257918031 
 11/20  05:00:00,3064960.257918031,1354960.257918031 
 11/20  06:00:00,3064960.257918031,1354960.257918031 
 11/20  07:00:00,3084849.3421531804,1354960.257918031 
 11/20  08:00:00,3081076.375713386,1354960.257918031 
 11/20  09:00:00,32873392.208937876,1354960.257918031 
 11/20  10:00:00,43212278.52375265,1354960.257918031 
 11/20  11:00:00,45409438.947795846,1354960.257918031 
 11/20  12:00:00,44947832.04627404,1354960.257918031 
 11/20  13:00:00,40978519.644339815,1354960.257918031 
 11/20  14:00:00,43974578.89124736,1354960.257918031 
 11/20  15:00:00,45323705.195875935,1354960.257918031 
 11/20  16:00:00,43747818.62413743,1354960.257918031 
 11/20  17:00:00,40219465.571631014,1354960.257918031 
 11/20  18:00:00,39525941.811218135,1354960.257918031 
 11/20  19:00:00,22961246.01494482,1354960.257918031 
 11/20  20:00:00,12165177.139122687,1354960.257918031 
 11/20  21:00:00,7114960.257918031,1354960.257918031 
 11/20  22:00:00,3064960.257918031,1354960.257918031 
 11/20  23:00:00,3064960.257918031,1354960.257918031 
 11/20  24:00:00,3064960.257918031,1354960.257918031 
 11/21  01:00:00,3064960.257918031,1354960.257918031 
 11/21  02:00:00,3065748.756148611,1354960.257918031 
 11/21  03:00:00,3069212.116457274,1354960.257918031 
 11/21  04:00:00,3072354.7485498693,1354960.257918031 
 11/21  05:00:00,3074607.0787718864,1354960.257918031 
 11/21  06:00:00,3076989.8044783226,1354960.257918031 
 11/21  07:00:00,3172379.143133008,1354960.257918031 
 11/21  08:00:00,3161263.1073412225,1354960.257918031 
 11/21  09:00:00,32979243.05598005,1354960.257918031 
 11/21  10:00:00,43276001.31465885,1354960.257918031 
 11/21  11:00:00,44617718.78968645,1354960.257918031 
 11/21  12:00:00,43261729.37312949,1354960.257918031 
 11/21  13:00:00,39207472.73561665,1354960.257918031 
 11/21  14:00:00,41934835.30350236,1394453.6901318133 
 11/21  15:00:00,42819447.29583624,1368266.1339803948 
 11/21  16:00:00,41006385.816227235,1354960.257918031 
 11/21  17:00:00,37408274.15603146,1354960.257918031 
 11/21  18:00:00,37412724.52379379,1354960.257918031 
 11/21  19:00:00,23022189.16302044,1354960.257918031 
 11/21  20:00:00,12226560.053662278,1354960.257918031 
 11/21  21:00:00,7114960.257918031,1354960.257918031 
 11/21  22:00:00,3064971.634488989,1354960.257918031 
 11/21  23:00:00,3068184.551666557,1354960.257918031 
 11/21  24:00:00,3071369.234299388,1354960.257918031 
 11/22  01:00:00,3073799.0081726196,1354960.257918031 
 11/22  02:00:00,3074314.9989179997,1354960.257918031 
 11/22  03:00:00,3074436.042359581,1354960.257918031 
 11/22  04:00:00,3074658.0465515447,1354960.257918031 
 11/22  05:00:00,3075411.446287221,1354960.257918031 
 11/22  06:00:00,3075348.9377008895,1354960.257918031 
 11/22  07:00:00,3172619.88332068,1354960.257918031 
 11/22  08:00:00,3158403.8824217427,1354960.257918031 
 11/22  09:00:00,32971897.90011389,1354960.257918031 
 11/22  10:00:00,43271473.162182264,1354960.257918031 
 11/22  11:00:00,44615992.54502913,1354960.257918031 
 11/22  12:00:00,43261369.70986165,1354960.257918031 
 11/22  13:00:00,39218414.755480506,1354960.257918031 
 11/22  14:00:00,41928489.68261114,1354960.257918031 
 11/22  15:00:00,42828030.93828093,1354960.257918031 
 11/22  16:00:00,41029538.99501321,1354960.257918031 
 11/22  17:00:00,37430092.29730138,1354960.257918031 
 11/22  18:00:00,37430097.86498126,1354960.257918031 
 11/22  19:00:00,23033330.282623027,1354960.257918031 
 11/22  20:00:00,12217121.585648835,1354960.257918031 
 11/22  21:00:00,7114960.257918031,1354960.257918031 
 11/22  22:00:00,3064960.257918031,1354960.257918031 
 11/22  23:00:00,3064960.257918031,1354960.257918031 
 11/22  24:00:00,3064960.257918031,1354960.257918031 
 11/23  01:00:00,6304960.257918031,1354960.257918031 
 11/23  02:00:00,6304960.257918031,1354960.257918031 
 11/23  03:00:00,6304960.257918031,1354960.257918031 
 11/23  04:00:00,6304960.257918031,1354960.257918031 
 11/23  05:00:00,6304960.257918031,1354960.257918031 
 11/23  06:00:00,6305043.296214519,1354960.257918031 
 11/23  07:00:00,6305026.025534118,1354960.257918031 
 11/23  08:00:00,6304960.257918031,1354960.257918031 
 11/23  09:00:00,6304960.257918031,1354960.257918031 
 11/23  10:00:00,6304960.257918031,1354960.257918031 
 11/23  11:00:00,6304960.257918031,1354960.257918031 
 11/23  12:00:00,6304960.257918031,1354960.257918031 
 11/23  13:00:00,6304960.257918031,1354960.257918031 
 11/23  14:00:00,6304960.257918031,1354960.257918031 
 11/23  15:00:00,6304960.257918031,1354960.257918031 
 11/23  16:00:00,6304960.257918031,1354960.257918031 
 11/23  17:00:00,6304960.257918031,1354960.257918031 
 11/23  18:00:00,6304960.257918031,1354960.257918031 
 11/23  19:00:00,6304960.257918031,1354960.257918031 
 11/23  20:00:00,6304960.257918031,1354960.257918031 
 11/23  21:00:00,6304960.257918031,1354960.257918031 
 11/23  22:00:00,6304960.257918031,1354960.257918031 
 11/23  23:00:00,6305522.714038801,1354960.257918031 
 11/23  24:00:00,6305683.213605525,1354960.257918031 
 11/24  01:00:00,6306554.503769907,1354960.257918031 
 11/24  02:00:00,6307796.842668162,1354960.257918031 
 11/24  03:00:00,6308433.3101622,1354960.257918031 
 11/24  04:00:00,6307924.397386206,1354960.257918031 
 11/24  05:00:00,6307768.126235788,1354960.257918031 
 11/24  06:00:00,6307805.478538552,1354960.257918031 
 11/24  07:00:00,6307854.884233902,1354960.257918031 
 11/24  08:00:00,6306903.160763897,1354960.257918031 
 11/24  09:00:00,6305158.861625418,1354960.257918031 
 11/24  10:00:00,6304960.257918031,1354960.257918031 
 11/24  11:00:00,6304960.257918031,1354960.257918031 
 11/24  12:00:00,6304960.257918031,1354960.257918031 
 11/24  13:00:00,6304960.257918031,1354960.257918031 
 11/24  14:00:00,6304960.257918031,1354960.257918031 
 11/24  15:00:00,6304960.257918031,1354960.257918031 
 11/24  16:00:00,6304960.257918031,1354960.257918031 
 11/24  17:00:00,6304960.257918031,1354960.257918031 
 11/24  18:00:00,6304960.257918031,1354960.257918031 
 11/24  19:00:00,6304960.257918031,1354960.257918031 
 11/24  20:00:00,6304960.257918031,1354960.257918031 
 11/24  21:00:00,6304960.257918031,1354960.257918031 
 11/24  22:00:00,6304960.257918031,1354960.257918031 
 11/24  23:00:00,6304965.780384384,1354960.257918031 
 11/24  24:00:00,6306025.792687057,1354960.257918031 
 11/25  01:00:00,3070664.6546107004,1354960.257918031 
 11/25  02:00:00,3070404.830194863,1354960.257918031 
 11/25  03:00:00,3069146.745554011,1354960.257918031 
 11/25  04:00:00,3069641.315426984,1354960.257918031 
 11/25  05:00:00,3070286.4644091767,1354960.257918031 
 11/25  06:00:00,3070562.528462489,1354960.257918031 
 11/25  07:00:00,3157357.9858014854,1354960.257918031 
 11/25  08:00:00,3149055.0757638924,1354960.257918031 
 11/25  09:00:00,32980791.123125788,1354960.257918031 
 11/25  10:00:00,43293265.47370489,1354960.257918031 
 11/25  11:00:00,44645748.35174226,1354960.257918031 
 11/25  12:00:00,43298687.775081374,1354960.257918031 
 11/25  13:00:00,39249836.01832904,1354960.257918031 
 11/25  14:00:00,41948377.30903391,1354960.257918031 
 11/25  15:00:00,42850328.27913048,1354960.257918031 
 11/25  16:00:00,41050108.95487465,1354960.257918031 
 11/25  17:00:00,37458649.21318643,1354960.257918031 
 11/25  18:00:00,37465783.224353254,1354960.257918031 
 11/25  19:00:00,23090169.908572465,1354960.257918031 
 11/25  20:00:00,12281324.405534772,1354960.257918031 
 11/25  21:00:00,7119635.572760514,1354960.257918031 
 11/25  22:00:00,3083635.3222813816,1354960.257918031 
 11/25  23:00:00,3094983.285133581,1354960.257918031 
 11/25  24:00:00,3097118.840722314,1354960.257918031 
 11/26  01:00:00,3097703.7127406346,1354960.257918031 
 11/26  02:00:00,3101829.056687123,1354960.257918031 
 11/26  03:00:00,3107696.715805394,1354960.257918031 
 11/26  04:00:00,3109806.4916794663,1354960.257918031 
 11/26  05:00:00,3110602.88182129,1354960.257918031 
 11/26  06:00:00,3114771.904861722,1354960.257918031 
 11/26  07:00:00,3319734.4044610052,1354960.257918031 
 11/26  08:00:00,3309078.1778618833,1354960.257918031 
 11/26  09:00:00,33130956.968161516,1354960.257918031 
 11/26  10:00:00,43379968.520526096,1354960.257918031 
 11/26  11:00:00,44693644.59397909,1354960.257918031 
 11/26  12:00:00,43322569.79526609,1354960.257918031 
 11/26  13:00:00,39257365.52775655,1354960.257918031 
 11/26  14:00:00,41949196.58232471,1354960.257918031 
 11/26  15:00:00,42848760.05183423,1354960.257918031 
 11/26  16:00:00,41055431.23154284,1354960.257918031 
 11/26  17:00:00,37470995.771845706,1354960.257918031 
 11/26  18:00:00,37484140.05838692,1354960.257918031 
 11/26  19:00:00,23112051.753536675,1354960.257918031 
 11/26  20:00:00,12311051.970878335,1354960.257918031 
 11/26  21:00:00,7116718.906439485,1354960.257918031 
 11/26  22:00:00,3075189.80992055,1354960.257918031 
 11/26  23:00:00,3078810.523247687,1354960.257918031 
 11/26  24:00:00,3080195.6416211072,1354960.257918031 
 11/27  01:00:00,3081534.315003992,1354960.257918031 
 11/27  02:00:00,3082504.0079095555,1354960.257918031 
 11/27  03:00:00,3084214.8338792366,1354960.257918031 
 11/27  04:00:00,3085451.5878426763,1354960.257918031 
 11/27  05:00:00,3085657.5584124383,1354960.257918031 
 11/27  06:00:00,3086231.186571831,1354960.257918031 
 11/27  07:00:00,3191570.501189341,1354960.257918031 
 11/27  08:00:00,3180516.3547832975,1354960.257918031 
 11/27  09:00:00,33014844.680781063,1354960.257918031 
 11/27  10:00:00,43298208.12290543,1354960.257918031 
 11/27  11:00:00,44634462.38730714,1354960.257918031 
 11/27  12:00:00,43280373.57961327,1354960.257918031 
 11/27  13:00:00,39228980.46285778,1354960.257918031 
 11/27  14:00:00,41927835.59139599,1354960.257918031 
 11/27  15:00:00,42825327.772396035,1354960.257918031 
 11/27  16:00:00,41022250.39933667,1354960.257918031 
 11/27  17:00:00,37422484.21593597,1354960.257918031 
 11/27  18:00:00,37423588.2009921,1354960.257918031 
 11/27  19:00:00,23037197.05203484,1354960.257918031 
 11/27  20:00:00,12236987.152020764,1354960.257918031 
 11/27  21:00:00,7114960.257918031,1354960.257918031 
 11/27  22:00:00,3067527.3583299466,1354960.257918031 
 11/27  23:00:00,3073756.1938648038,1354960.257918031 
 11/27  24:00:00,3077632.138337069,1354960.257918031 
 11/28  01:00:00,3080084.176230926,1354960.257918031 
 11/28  02:00:00,3082016.399300091,1354960.257918031 
 11/28  03:00:00,3084194.7658198075,1354960.257918031 
 11/28  04:00:00,3085716.2890488133,1354960.257918031 
 11/28  05:00:00,3086963.4900299637,1354960.257918031 
 11/28  06:00:00,3090346.5066943793,1354960.257918031 
 11/28  07:00:00,3260964.386203796,1354960.257918031 
 11/28  08:00:00,3254993.419894831,1354960.257918031 
 11/28  09:00:00,33069748.211010154,1354960.257918031 
 11/28  10:00:00,43337918.142848425,1354960.257918031 
 11/28  11:00:00,44662928.47948134,1354960.257918031 
 11/28  12:00:00,43299913.04992125,1354960.257918031 
 11/28  13:00:00,39240327.090002954,1354960.257918031 
 11/28  14:00:00,41933965.74452971,1354960.257918031 
 11/28  15:00:00,42833358.16197932,1354960.257918031 
 11/28  16:00:00,41033990.53796903,1354960.257918031 
 11/28  17:00:00,37440426.75674773,1354960.257918031 
 11/28  18:00:00,37443210.43936561,1354960.257918031 
 11/28  19:00:00,23059759.556990135,1354960.257918031 
 11/28  20:00:00,12266784.128980814,1354960.257918031 
 11/28  21:00:00,7114960.257918031,1354960.257918031 
 11/28  22:00:00,3068282.7134531597,1354960.257918031 
 11/28  23:00:00,3073636.1588235907,1354960.257918031 
 11/28  24:00:00,3075095.5516312057,1354960.257918031 
 11/29  01:00:00,3078441.9886299158,1354960.257918031 
 11/29  02:00:00,3083335.4083188204,1354960.257918031 
 11/29  03:00:00,3086222.439445125,1354960.257918031 
 11/29  04:00:00,3086302.723154765,1354960.257918031 
 11/29  05:00:00,3085819.1389714913,1354960.257918031 
 11/29  06:00:00,3086756.193323334,1354960.257918031 
 11/29  07:00:00,3258449.6360383225,1354960.257918031 
 11/29  08:00:00,3233706.624288854,1354960.257918031 
 11/29  09:00:00,33015287.20622982,1354960.257918031 
 11/29  10:00:00,43294736.94050207,1354960.257918031 
 11/29  11:00:00,44626817.18931547,1354960.257918031 
 11/29  12:00:00,43267420.23053254,1354960.257918031 
 11/29  13:00:00,39213701.58124244,1354960.257918031 
 11/29  14:00:00,41921010.53180751,1369866.2455335162 
 11/29  15:00:00,42822296.131649084,1374177.271696472 
 11/29  16:00:00,41017850.358956754,1365991.4857944045 
 11/29  17:00:00,37412856.93576937,1354960.257918031 
 11/29  18:00:00,37419724.88268003,1354960.257918031 
 11/29  19:00:00,23034556.865513083,1354960.257918031 
 11/29  20:00:00,12247451.818705924,1354960.257918031 
 11/29  21:00:00,7114960.257918031,1354960.257918031 
 11/29  22:00:00,3065155.702553553,1354960.257918031 
 11/29  23:00:00,3069197.441673694,1354960.257918031 
 11/29  24:00:00,3071683.6133502424,1354960.257918031 
 11/30  01:00:00,6310731.530956062,1354960.257918031 
 11/30  02:00:00,6314088.699707651,1354960.257918031 
 11/30  03:00:00,6316700.5022559315,1354960.257918031 
 11/30  04:00:00,6316937.963743573,1354960.257918031 
 11/30  05:00:00,6315662.407404827,1354960.257918031 
 11/30  06:00:00,6314515.925792381,1354960.257918031 
 11/30  07:00:00,6314111.632011198,1354960.257918031 
 11/30  08:00:00,6312013.741685551,1354960.257918031 
 11/30  09:00:00,6307750.504457093,1354960.257918031 
 11/30  10:00:00,6305249.560529501,1354960.257918031 
 11/30  11:00:00,6304960.257918031,1354960.257918031 
 11/30  12:00:00,6304960.257918031,1354960.257918031 
 11/30  13:00:00,6304960.257918031,1354960.257918031 
 11/30  14:00:00,6304960.257918031,1354960.257918031 
 11/30  15:00:00,6304960.257918031,1354960.257918031 
 11/30  16:00:00,6304960.257918031,1354960.257918031 
 11/30  17:00:00,6304960.257918031,1354960.257918031 
 11/30  18:00:00,6304960.257918031,1354960.257918031 
 11/30  19:00:00,6304960.257918031,1354960.257918031 
 11/30  20:00:00,6304960.257918031,1354960.257918031 
 11/30  21:00:00,6304960.257918031,1354960.257918031 
 11/30  22:00:00,6304960.257918031,1354960.257918031 
 11/30  23:00:00,6304960.257918031,1354960.257918031 
 11/30  24:00:00,6304960.257918031,1354960.257918031,11706685327.784748,10449270000.0,6556950000.0,977620859.7116294,279794468.07295454,5576698555.648645,5576698555.648645,,,,,,,,6556950000.0,,10449270000.0,,3892320000.0 
 12/01  01:00:00,6304960.257918031,1354960.257918031 
 12/01  02:00:00,6304960.257918031,1354960.257918031 
 12/01  03:00:00,6304960.257918031,1354960.257918031 
 12/01  04:00:00,6304960.257918031,1354960.257918031 
 12/01  05:00:00,6304960.257918031,1354960.257918031 
 12/01  06:00:00,6304960.257918031,1354960.257918031 
 12/01  07:00:00,6304960.257918031,1354960.257918031 
 12/01  08:00:00,6304960.257918031,1354960.257918031 
 12/01  09:00:00,6304960.257918031,1354960.257918031 
 12/01  10:00:00,6304960.257918031,1354960.257918031 
 12/01  11:00:00,6304960.257918031,1354960.257918031 
 12/01  12:00:00,6304960.257918031,1354960.257918031 
 12/01  13:00:00,6304960.257918031,1354960.257918031 
 12/01  14:00:00,6304960.257918031,1354960.257918031 
 12/01  15:00:00,6304960.257918031,1354960.257918031 
 12/01  16:00:00,6304960.257918031,1354960.257918031 
 12/01  17:00:00,6304960.257918031,1354960.257918031 
 12/01  18:00:00,6304960.257918031,1354960.257918031 
 12/01  19:00:00,6305139.63167132,1354960.257918031 
 12/01  20:00:00,6305771.099750089,1354960.257918031 
 12/01  21:00:00,6306778.7828678405,1354960.257918031 
 12/01  22:00:00,6306420.942976344,1354960.257918031 
 12/01  23:00:00,6307337.598814814,1354960.257918031 
 12/01  24:00:00,6308336.495093206,1354960.257918031 
 12/02  01:00:00,3071763.5512222187,1354960.257918031 
 12/02  02:00:00,3072332.693809987,1354960.257918031 
 12/02  03:00:00,3072295.4728874206,1354960.257918031 
 12/02  04:00:00,3072884.3566305274,1354960.257918031 
 12/02  05:00:00,3073598.6399626127,1354960.257918031 
 12/02  06:00:00,3073943.756188242,1354960.257918031 
 12/02  07:00:00,3149165.0605576956,1354960.257918031 
 12/02  08:00:00,3143490.4849998658,1354960.257918031 
 12/02  09:00:00,32965617.039209906,1354960.257918031 
 12/02  10:00:00,43268985.41484991,1354960.257918031 
 12/02  11:00:00,44615726.16055825,1354960.257918031 
 12/02  12:00:00,43264675.07795988,1354960.257918031 
 12/02  13:00:00,39214080.67180812,1354960.257918031 
 12/02  14:00:00,41912129.10547557,1354960.257918031 
 12/02  15:00:00,42809665.95599976,1354960.257918031 
 12/02  16:00:00,41011485.4696791,1354960.257918031 
 12/02  17:00:00,37413264.32521591,1354960.257918031 
 12/02  18:00:00,37414628.481928505,1354960.257918031 
 12/02  19:00:00,23023721.14102025,1354960.257918031 
 12/02  20:00:00,12224778.901841853,1354960.257918031 
 12/02  21:00:00,7114960.257918031,1354960.257918031 
 12/02  22:00:00,3064960.257918031,1354960.257918031 
 12/02  23:00:00,3067554.2474087225,1354960.257918031 
 12/02  24:00:00,3070662.0692784823,1354960.257918031 
 12/03  01:00:00,3073754.0258713765,1354960.257918031 
 12/03  02:00:00,3077231.9303852543,1354960.257918031 
 12/03  03:00:00,3079662.8523630686,1354960.257918031 
 12/03  04:00:00,3078623.8755467394,1354960.257918031 
 12/03  05:00:00,3077157.670991142,1354960.257918031 
 12/03  06:00:00,3077040.712184074,1354960.257918031 
 12/03  07:00:00,3181213.8171865162,1354960.257918031 
 12/03  08:00:00,3167497.9137316933,1354960.257918031 
 12/03  09:00:00,32970362.135040704,1354960.257918031 
 12/03  10:00:00,43273577.798506,1354960.257918031 
 12/03  11:00:00,44617291.25300327,1354960.257918031 
 12/03  12:00:00,43262044.593717985,1354960.257918031 
 12/03  13:00:00,39220154.96329275,1354960.257918031 
 12/03  14:00:00,41927079.415627696,1354960.257918031 
 12/03  15:00:00,42827543.432034425,1354960.257918031 
 12/03  16:00:00,41027037.23380837,1354960.257918031 
 12/03  17:00:00,37431350.17839405,1354960.257918031 
 12/03  18:00:00,37431821.826429605,1354960.257918031 
 12/03  19:00:00,23033289.12913715,1354960.257918031 
 12/03  20:00:00,12222895.90733482,1354960.257918031 
 12/03  21:00:00,7114960.257918031,1354960.257918031 
 12/03  22:00:00,3064960.257918031,1354960.257918031 
 12/03  23:00:00,3064960.257918031,1354960.257918031 
 12/03  24:00:00,3064989.0112737706,1354960.257918031 
 12/04  01:00:00,3066296.181111862,1354960.257918031 
 12/04  02:00:00,3068013.975004021,1354960.257918031 
 12/04  03:00:00,3069051.495467077,1354960.257918031 
 12/04  04:00:00,3070629.8740961403,1354960.257918031 
 12/04  05:00:00,3071958.823985089,1354960.257918031 
 12/04  06:00:00,3072461.1106709167,1354960.257918031 
 12/04  07:00:00,3147721.683213947,1354960.257918031 
 12/04  08:00:00,3139040.8844676856,1354960.257918031 
 12/04  09:00:00,32964889.46755285,1354960.257918031 
 12/04  10:00:00,43268799.99270223,1354960.257918031 
 12/04  11:00:00,44616282.057147644,1354960.257918031 
 12/04  12:00:00,43279489.59838721,1354960.257918031 
 12/04  13:00:00,39228611.8038454,1354960.257918031 
 12/04  14:00:00,41941009.11083427,1367874.48079057 
 12/04  15:00:00,42845994.400192164,1375017.2594277193 
 12/04  16:00:00,41041924.5992252,1369421.1703281975 
 12/04  17:00:00,37412290.76880136,1354960.257918031 
 12/04  18:00:00,37407762.80170598,1354960.257918031 
 12/04  19:00:00,23013743.16756095,1354960.257918031 
 12/04  20:00:00,12217949.732291631,1354960.257918031 
 12/04  21:00:00,7114960.257918031,1354960.257918031 
 12/04  22:00:00,3064960.257918031,1354960.257918031 
 12/04  23:00:00,3065930.2382542454,1354960.257918031 
 12/04  24:00:00,3067995.3262249324,1354960.257918031 
 12/05  01:00:00,3069061.0766949505,1354960.257918031 
 12/05  02:00:00,3070829.7563270293,1354960.257918031 
 12/05  03:00:00,3071139.5300392187,1354960.257918031 
 12/05  04:00:00,3071744.1554946443,1354960.257918031 
 12/05  05:00:00,3073272.0313813034,1354960.257918031 
 12/05  06:00:00,3075180.9724336592,1354960.257918031 
 12/05  07:00:00,3172034.984320364,1354960.257918031 
 12/05  08:00:00,3162680.33714901,1354960.257918031 
 12/05  09:00:00,32972984.74609909,1354960.257918031 
 12/05  10:00:00,43274754.22642766,1354960.257918031 
 12/05  11:00:00,44628598.319888055,1374902.4333208152 
 12/05  12:00:00,43272862.97048068,1376723.1201715418 
 12/05  13:00:00,39240253.4643752,1395987.0853394214 
 12/05  14:00:00,41962148.30009111,1426325.0043413318 
 12/05  15:00:00,42937715.15593552,1524447.2163015686 
 12/05  16:00:00,41079098.27578513,1445999.3491749028 
 12/05  17:00:00,37420344.09285758,1370321.7159203254 
 12/05  18:00:00,37413222.5250995,1354960.257918031 
 12/05  19:00:00,23021563.37478645,1354960.257918031 
 12/05  20:00:00,12228714.978955282,1354960.257918031 
 12/05  21:00:00,7114960.257918031,1354960.257918031 
 12/05  22:00:00,3064960.257918031,1354960.257918031 
 12/05  23:00:00,3065424.8606178877,1354960.257918031 
 12/05  24:00:00,3068114.322110996,1354960.257918031 
 12/06  01:00:00,3070594.8259572024,1354960.257918031 
 12/06  02:00:00,3072204.0005373238,1354960.257918031 
 12/06  03:00:00,3073242.7543053753,1354960.257918031 
 12/06  04:00:00,3074214.5719073843,1354960.257918031 
 12/06  05:00:00,3075512.810561399,1354960.257918031 
 12/06  06:00:00,3074916.619982289,1354960.257918031 
 12/06  07:00:00,3153494.7584797423,1354960.257918031 
 12/06  08:00:00,3142548.9221864417,1354960.257918031 
 12/06  09:00:00,32956940.043228947,1354960.257918031 
 12/06  10:00:00,43263444.87350327,1354960.257918031 
 12/06  11:00:00,44624898.66106529,1354960.257918031 
 12/06  12:00:00,43254703.06682268,1354960.257918031 
 12/06  13:00:00,39182606.06510651,1354960.257918031 
 12/06  14:00:00,41879571.68933362,1354960.257918031 
 12/06  15:00:00,42780074.823202595,1354960.257918031 
 12/06  16:00:00,40982140.52508447,1354960.257918031 
 12/06  17:00:00,37389268.66052617,1354960.257918031 
 12/06  18:00:00,37396906.58167681,1354960.257918031 
 12/06  19:00:00,23019318.72964482,1354960.257918031 
 12/06  20:00:00,12206185.389719559,1354960.257918031 
 12/06  21:00:00,7114960.257918031,1354960.257918031 
 12/06  22:00:00,3064960.257918031,1354960.257918031 
 12/06  23:00:00,3064960.257918031,1354960.257918031 
 12/06  24:00:00,3064960.257918031,1354960.257918031 
 12/07  01:00:00,6304960.257918031,1354960.257918031 
 12/07  02:00:00,6304960.257918031,1354960.257918031 
 12/07  03:00:00,6304960.257918031,1354960.257918031 
 12/07  04:00:00,6304960.257918031,1354960.257918031 
 12/07  05:00:00,6304960.257918031,1354960.257918031 
 12/07  06:00:00,6304960.257918031,1354960.257918031 
 12/07  07:00:00,6304960.257918031,1354960.257918031 
 12/07  08:00:00,6304960.257918031,1354960.257918031 
 12/07  09:00:00,6304960.257918031,1354960.257918031 
 12/07  10:00:00,6304960.257918031,1354960.257918031 
 12/07  11:00:00,6304960.257918031,1354960.257918031 
 12/07  12:00:00,6304960.257918031,1354960.257918031 
 12/07  13:00:00,6304960.257918031,1354960.257918031 
 12/07  14:00:00,6304960.257918031,1354960.257918031 
 12/07  15:00:00,6304960.257918031,1354960.257918031 
 12/07  16:00:00,6304960.257918031,1354960.257918031 
 12/07  17:00:00,6304960.257918031,1354960.257918031 
 12/07  18:00:00,6304960.257918031,1354960.257918031 
 12/07  19:00:00,6304960.257918031,1354960.257918031 
 12/07  20:00:00,6304960.257918031,1354960.257918031 
 12/07  21:00:00,6304960.257918031,1354960.257918031 
 12/07  22:00:00,6304960.257918031,1354960.257918031 
 12/07  23:00:00,6304960.257918031,1354960.257918031 
 12/07  24:00:00,6304960.257918031,1354960.257918031 
 12/08  01:00:00,6304960.257918031,1354960.257918031 
 12/08  02:00:00,6304960.257918031,1354960.257918031 
 12/08  03:00:00,6304960.257918031,1354960.257918031 
 12/08  04:00:00,6305154.203137344,1354960.257918031 
 12/08  05:00:00,6306289.697484516,1354960.257918031 
 12/08  06:00:00,6307193.692856444,1354960.257918031 
 12/08  07:00:00,6307491.690212447,1354960.257918031 
 12/08  08:00:00,6306903.339796661,1354960.257918031 
 12/08  09:00:00,6305711.62789166,1354960.257918031 
 12/08  10:00:00,6305122.781227868,1354960.257918031 
 12/08  11:00:00,6304960.257918031,1354960.257918031 
 12/08  12:00:00,6304960.257918031,1354960.257918031 
 12/08  13:00:00,6304960.257918031,1354960.257918031 
 12/08  14:00:00,6304960.257918031,1354960.257918031 
 12/08  15:00:00,6304960.257918031,1354960.257918031 
 12/08  16:00:00,6304960.257918031,1354960.257918031 
 12/08  17:00:00,6305222.435875769,1354960.257918031 
 12/08  18:00:00,6307383.06235857,1354960.257918031 
 12/08  19:00:00,6310217.287756644,1354960.257918031 
 12/08  20:00:00,6310633.975081567,1354960.257918031 
 12/08  21:00:00,6312358.363666798,1354960.257918031 
 12/08  22:00:00,6312661.059743386,1354960.257918031 
 12/08  23:00:00,6313125.581568497,1354960.257918031 
 12/08  24:00:00,6313489.282018871,1354960.257918031 
 12/09  01:00:00,3076812.136576983,1354960.257918031 
 12/09  02:00:00,3076959.104399351,1354960.257918031 
 12/09  03:00:00,3077511.128670454,1354960.257918031 
 12/09  04:00:00,3079012.4746702453,1354960.257918031 
 12/09  05:00:00,3080334.0372278704,1354960.257918031 
 12/09  06:00:00,3081584.0110906134,1354960.257918031 
 12/09  07:00:00,3187688.983799796,1354960.257918031 
 12/09  08:00:00,3175758.5384903094,1354960.257918031 
 12/09  09:00:00,32985293.527270086,1354960.257918031 
 12/09  10:00:00,43282776.45355262,1354960.257918031 
 12/09  11:00:00,44625103.54065286,1354960.257918031 
 12/09  12:00:00,43271910.45745051,1354960.257918031 
 12/09  13:00:00,39221048.05813633,1354960.257918031 
 12/09  14:00:00,41920043.50412277,1354960.257918031 
 12/09  15:00:00,42820440.147581294,1354960.257918031 
 12/09  16:00:00,41020592.84792286,1354960.257918031 
 12/09  17:00:00,37423024.1643049,1354960.257918031 
 12/09  18:00:00,37428599.543475546,1354960.257918031 
 12/09  19:00:00,23048030.583179843,1354960.257918031 
 12/09  20:00:00,12250411.961541144,1354960.257918031 
 12/09  21:00:00,7115687.94298677,1354960.257918031 
 12/09  22:00:00,3072827.752539408,1354960.257918031 
 12/09  23:00:00,3077734.147992639,1354960.257918031 
 12/09  24:00:00,3080905.0809901347,1354960.257918031 
 12/10  01:00:00,3083678.089520199,1354960.257918031 
 12/10  02:00:00,3084583.643056335,1354960.257918031 
 12/10  03:00:00,3085576.861299787,1354960.257918031 
 12/10  04:00:00,3086808.894633061,1354960.257918031 
 12/10  05:00:00,3087605.190425141,1354960.257918031 
 12/10  06:00:00,3087705.724978784,1354960.257918031 
 12/10  07:00:00,3210394.867190928,1354960.257918031 
 12/10  08:00:00,3198211.703818757,1354960.257918031 
 12/10  09:00:00,33012135.72665728,1354960.257918031 
 12/10  10:00:00,43298618.45471436,1354960.257918031 
 12/10  11:00:00,44633674.97916379,1354960.257918031 
 12/10  12:00:00,43273887.42101921,1354960.257918031 
 12/10  13:00:00,39217867.21795748,1354960.257918031 
 12/10  14:00:00,41930015.65919486,1376712.272007435 
 12/10  15:00:00,42850327.57906273,1406492.393280782 
 12/10  16:00:00,41033602.197065786,1382877.266250859 
 12/10  17:00:00,37421110.43709546,1354960.257918031 
 12/10  18:00:00,37432181.573974,1354960.257918031 
 12/10  19:00:00,23048786.24483337,1354960.257918031 
 12/10  20:00:00,12252832.275941975,1354960.257918031 
 12/10  21:00:00,7114960.257918031,1354960.257918031 
 12/10  22:00:00,3067682.5118515366,1354960.257918031 
 12/10  23:00:00,3072388.9192024795,1354960.257918031 
 12/10  24:00:00,3074667.131296065,1354960.257918031 
 12/11  01:00:00,3076692.5781731154,1354960.257918031 
 12/11  02:00:00,3078659.0091722123,1354960.257918031 
 12/11  03:00:00,3080383.6319441604,1354960.257918031 
 12/11  04:00:00,3081246.879885623,1354960.257918031 
 12/11  05:00:00,3082285.765193818,1354960.257918031 
 12/11  06:00:00,3083052.3448151615,1354960.257918031 
 12/11  07:00:00,3202205.043156019,1354960.257918031 
 12/11  08:00:00,3187834.1124599115,1354960.257918031 
 12/11  09:00:00,32997793.272766907,1354960.257918031 
 12/11  10:00:00,43290074.26705274,1354960.257918031 
 12/11  11:00:00,44630715.69963272,1354960.257918031 
 12/11  12:00:00,43273564.38237535,1354960.257918031 
 12/11  13:00:00,39216469.538776085,1354960.257918031 
 12/11  14:00:00,41928443.57196364,1376205.6583537792 
 12/11  15:00:00,42857971.26292767,1417007.0165340889 
 12/11  16:00:00,41031498.10735895,1381664.6378336544 
 12/11  17:00:00,37419374.81332231,1360200.1206359882 
 12/11  18:00:00,37425086.7760566,1354960.257918031 
 12/11  19:00:00,23041557.22486801,1354960.257918031 
 12/11  20:00:00,12250438.486527907,1354960.257918031 
 12/11  21:00:00,7114960.257918031,1354960.257918031 
 12/11  22:00:00,3065071.24428041,1354960.257918031 
 12/11  23:00:00,3068630.3844311107,1354960.257918031 
 12/11  24:00:00,3074535.299903916,1354960.257918031 
 12/12  01:00:00,3079101.614547083,1354960.257918031 
 12/12  02:00:00,3079073.413617979,1354960.257918031 
 12/12  03:00:00,3080172.508990291,1354960.257918031 
 12/12  04:00:00,3082179.01825577,1354960.257918031 
 12/12  05:00:00,3083978.5631537144,1354960.257918031 
 12/12  06:00:00,3085418.9189339504,1354960.257918031 
 12/12  07:00:00,3203403.0924598426,1354960.257918031 
 12/12  08:00:00,3186807.888386117,1354960.257918031 
 12/12  09:00:00,32989426.563347243,1354960.257918031 
 12/12  10:00:00,43284542.68205938,1354960.257918031 
 12/12  11:00:00,44621334.68986854,1354960.257918031 
 12/12  12:00:00,43263742.24626695,1354960.257918031 
 12/12  13:00:00,39209335.65285366,1354960.257918031 
 12/12  14:00:00,41906568.13599609,1354960.257918031 
 12/12  15:00:00,42806491.046461396,1354960.257918031 
 12/12  16:00:00,41005978.889246464,1354960.257918031 
 12/12  17:00:00,37407375.2710709,1354960.257918031 
 12/12  18:00:00,37409368.85808552,1354960.257918031 
 12/12  19:00:00,23015267.958408363,1354960.257918031 
 12/12  20:00:00,12218972.71574194,1354960.257918031 
 12/12  21:00:00,7114960.257918031,1354960.257918031 
 12/12  22:00:00,3064960.257918031,1354960.257918031 
 12/12  23:00:00,3064960.257918031,1354960.257918031 
 12/12  24:00:00,3065745.318770719,1354960.257918031 
 12/13  01:00:00,3067728.295280072,1354960.257918031 
 12/13  02:00:00,3068606.7132401173,1354960.257918031 
 12/13  03:00:00,3069329.522550691,1354960.257918031 
 12/13  04:00:00,3069820.476138089,1354960.257918031 
 12/13  05:00:00,3070935.688958843,1354960.257918031 
 12/13  06:00:00,3071881.2831868073,1354960.257918031 
 12/13  07:00:00,3155288.4531620946,1354960.257918031 
 12/13  08:00:00,3144929.9596915334,1354960.257918031 
 12/13  09:00:00,32965973.90996828,1354960.257918031 
 12/13  10:00:00,43270412.93905884,1354960.257918031 
 12/13  11:00:00,44615915.72180751,1354960.257918031 
 12/13  12:00:00,43261590.77544417,1354960.257918031 
 12/13  13:00:00,39208856.97102909,1354960.257918031 
 12/13  14:00:00,41910775.586227305,1354960.257918031 
 12/13  15:00:00,42812439.97112029,1354960.257918031 
 12/13  16:00:00,41010897.91984749,1354960.257918031 
 12/13  17:00:00,37408534.868422404,1354960.257918031 
 12/13  18:00:00,37411450.70059978,1354960.257918031 
 12/13  19:00:00,23015301.516370177,1354960.257918031 
 12/13  20:00:00,12218665.181377634,1354960.257918031 
 12/13  21:00:00,7114960.257918031,1354960.257918031 
 12/13  22:00:00,3064960.257918031,1354960.257918031 
 12/13  23:00:00,3064960.257918031,1354960.257918031 
 12/13  24:00:00,3065056.001491989,1354960.257918031 
 12/14  01:00:00,6305174.746963119,1354960.257918031 
 12/14  02:00:00,6306177.431548279,1354960.257918031 
 12/14  03:00:00,6306514.662291376,1354960.257918031 
 12/14  04:00:00,6306874.770198841,1354960.257918031 
 12/14  05:00:00,6307426.052149266,1354960.257918031 
 12/14  06:00:00,6308725.577739351,1354960.257918031 
 12/14  07:00:00,6309442.425677192,1354960.257918031 
 12/14  08:00:00,6308337.943476156,1354960.257918031 
 12/14  09:00:00,6305826.625184999,1354960.257918031 
 12/14  10:00:00,6304960.257918031,1354960.257918031 
 12/14  11:00:00,6304960.257918031,1354960.257918031 
 12/14  12:00:00,6304960.257918031,1354960.257918031 
 12/14  13:00:00,6304960.257918031,1354960.257918031 
 12/14  14:00:00,6304960.257918031,1354960.257918031 
 12/14  15:00:00,6304960.257918031,1354960.257918031 
 12/14  16:00:00,6304960.257918031,1354960.257918031 
 12/14  17:00:00,6304960.257918031,1354960.257918031 
 12/14  18:00:00,6305215.86081341,1354960.257918031 
 12/14  19:00:00,6306374.464774168,1354960.257918031 
 12/14  20:00:00,6310231.223008614,1354960.257918031 
 12/14  21:00:00,6314933.498398757,1354960.257918031 
 12/14  22:00:00,6318061.315448868,1354960.257918031 
 12/14  23:00:00,6320223.152898198,1354960.257918031 
 12/14  24:00:00,6323080.94533502,1354960.257918031 
 12/15  01:00:00,6322897.524285505,1354960.257918031 
 12/15  02:00:00,6324276.87520801,1354960.257918031 
 12/15  03:00:00,6326078.385733529,1354960.257918031 
 12/15  04:00:00,6327265.9878802225,1354960.257918031 
 12/15  05:00:00,6329162.824174959,1354960.257918031 
 12/15  06:00:00,6330278.664390902,1354960.257918031 
 12/15  07:00:00,6330378.587406127,1354960.257918031 
 12/15  08:00:00,6329081.804006682,1354960.257918031 
 12/15  09:00:00,6323217.412222147,1354960.257918031 
 12/15  10:00:00,6315590.1449881755,1354960.257918031 
 12/15  11:00:00,6309607.594205422,1354960.257918031 
 12/15  12:00:00,6306587.768104249,1354960.257918031 
 12/15  13:00:00,6305500.668437146,1354960.257918031 
 12/15  14:00:00,6305118.086206159,1354960.257918031 
 12/15  15:00:00,6305129.157408778,1354960.257918031 
 12/15  16:00:00,6305619.106455994,1354960.257918031 
 12/15  17:00:00,6306807.239453126,1354960.257918031 
 12/15  18:00:00,6309265.613474516,1354960.257918031 
 12/15  19:00:00,6313539.286895599,1354960.257918031 
 12/15  20:00:00,6316845.508572921,1354960.257918031 
 12/15  21:00:00,6318847.9618663825,1354960.257918031 
 12/15  22:00:00,6320047.063850478,1354960.257918031 
 12/15  23:00:00,6320625.055241646,1354960.257918031 
 12/15  24:00:00,6321191.749673553,1354960.257918031 
 12/16  01:00:00,3085768.6988569284,1354960.257918031 
 12/16  02:00:00,3086982.897635177,1354960.257918031 
 12/16  03:00:00,3089226.192999401,1354960.257918031 
 12/16  04:00:00,3091612.828129653,1354960.257918031 
 12/16  05:00:00,3095081.426248941,1354960.257918031 
 12/16  06:00:00,3096377.7800532402,1354960.257918031 
 12/16  07:00:00,3266959.923223989,1354960.257918031 
 12/16  08:00:00,3259645.0952225737,1354960.257918031 
 12/16  09:00:00,33072170.34243167,1354960.257918031 
 12/16  10:00:00,43335160.54844972,1354960.257918031 
 12/16  11:00:00,44662195.55234419,1354960.257918031 
 12/16  12:00:00,43303004.770297885,1354960.257918031 
 12/16  13:00:00,39248074.292214766,1354960.257918031 
 12/16  14:00:00,41945468.66896322,1354960.257918031 
 12/16  15:00:00,42844499.50936714,1354960.257918031 
 12/16  16:00:00,41044105.62786269,1354960.257918031 
 12/16  17:00:00,37449546.7392595,1354960.257918031 
 12/16  18:00:00,37460635.8525667,1354960.257918031 
 12/16  19:00:00,23078576.529453754,1354960.257918031 
 12/16  20:00:00,12261119.69345212,1354960.257918031 
 12/16  21:00:00,7115349.445142326,1354960.257918031 
 12/16  22:00:00,3070163.828637223,1354960.257918031 
 12/16  23:00:00,3074150.657613499,1354960.257918031 
 12/16  24:00:00,3078291.283654442,1354960.257918031 
 12/17  01:00:00,3082240.062273137,1354960.257918031 
 12/17  02:00:00,3084532.465196799,1354960.257918031 
 12/17  03:00:00,3085821.6295204177,1354960.257918031 
 12/17  04:00:00,3088329.439043463,1354960.257918031 
 12/17  05:00:00,3091860.541405774,1354960.257918031 
 12/17  06:00:00,3091886.5907621384,1354960.257918031 
 12/17  07:00:00,3205045.8269159202,1354960.257918031 
 12/17  08:00:00,3196101.2520860415,1354960.257918031 
 12/17  09:00:00,33033979.81033186,1354960.257918031 
 12/17  10:00:00,43313858.2762122,1354960.257918031 
 12/17  11:00:00,44649988.95855124,1354960.257918031 
 12/17  12:00:00,43293659.13917976,1354960.257918031 
 12/17  13:00:00,39248813.732202575,1354960.257918031 
 12/17  14:00:00,41947574.16898735,1354960.257918031 
 12/17  15:00:00,42846341.53714037,1354960.257918031 
 12/17  16:00:00,41052336.03130483,1354960.257918031 
 12/17  17:00:00,37460294.23188134,1354960.257918031 
 12/17  18:00:00,37460434.87695342,1354960.257918031 
 12/17  19:00:00,23081573.257261325,1354960.257918031 
 12/17  20:00:00,12276704.554835245,1354960.257918031 
 12/17  21:00:00,7123214.5593068255,1354960.257918031 
 12/17  22:00:00,3082755.0866742716,1354960.257918031 
 12/17  23:00:00,3089259.733890179,1354960.257918031 
 12/17  24:00:00,3091460.6083104857,1354960.257918031 
 12/18  01:00:00,3093593.544697152,1354960.257918031 
 12/18  02:00:00,3093698.991952199,1354960.257918031 
 12/18  03:00:00,3095719.3358795196,1354960.257918031 
 12/18  04:00:00,3100505.0089438334,1354960.257918031 
 12/18  05:00:00,3103737.8485407117,1354960.257918031 
 12/18  06:00:00,3105188.4843597836,1354960.257918031 
 12/18  07:00:00,3293609.6950752474,1354960.257918031 
 12/18  08:00:00,3281066.0846608994,1354960.257918031 
 12/18  09:00:00,33094423.337429922,1354960.257918031 
 12/18  10:00:00,43359207.15258381,1354960.257918031 
 12/18  11:00:00,44674237.31889051,1354960.257918031 
 12/18  12:00:00,43305165.60385874,1354960.257918031 
 12/18  13:00:00,39245007.78207865,1354960.257918031 
 12/18  14:00:00,41938418.71566753,1354960.257918031 
 12/18  15:00:00,42860412.272237375,1389038.2390067987 
 12/18  16:00:00,41038993.13818354,1354960.257918031 
 12/18  17:00:00,37444009.62415821,1354960.257918031 
 12/18  18:00:00,37451824.22652933,1354960.257918031 
 12/18  19:00:00,23075224.00831587,1354960.257918031 
 12/18  20:00:00,12273091.151823502,1354960.257918031 
 12/18  21:00:00,7117231.539602212,1354960.257918031 
 12/18  22:00:00,3077835.2644215273,1354960.257918031 
 12/18  23:00:00,3085195.1248801984,1354960.257918031 
 12/18  24:00:00,3090445.9698992074,1354960.257918031 
 12/19  01:00:00,3095563.2730944986,1354960.257918031 
 12/19  02:00:00,3098688.9391246657,1354960.257918031 
 12/19  03:00:00,3103554.0368233128,1354960.257918031 
 12/19  04:00:00,3109062.933662498,1354960.257918031 
 12/19  05:00:00,3113124.0720822355,1354960.257918031 
 12/19  06:00:00,3114723.3556207204,1354960.257918031 
 12/19  07:00:00,3324236.2428384353,1354960.257918031 
 12/19  08:00:00,3321443.8175121546,1354960.257918031 
 12/19  09:00:00,33146147.156258717,1354960.257918031 
 12/19  10:00:00,43392002.404193304,1354960.257918031 
 12/19  11:00:00,44697121.30660378,1354960.257918031 
 12/19  12:00:00,43320581.74769225,1354960.257918031 
 12/19  13:00:00,39262753.62390987,1354960.257918031 
 12/19  14:00:00,41952547.054464996,1354960.257918031 
 12/19  15:00:00,42877281.36795856,1390465.6278195565 
 12/19  16:00:00,41063804.70905465,1373107.3189764577 
 12/19  17:00:00,37465788.87963654,1354960.257918031 
 12/19  18:00:00,37487526.20302733,1354960.257918031 
 12/19  19:00:00,23116798.374220103,1354960.257918031 
 12/19  20:00:00,12335942.272473305,1354960.257918031 
 12/19  21:00:00,7120821.278029998,1354960.257918031 
 12/19  22:00:00,3082311.627177334,1354960.257918031 
 12/19  23:00:00,3086085.7673175405,1354960.257918031 
 12/19  24:00:00,3093452.949966155,1354960.257918031 
 12/20  01:00:00,3101540.307594686,1354960.257918031 
 12/20  02:00:00,3105924.984390106,1354960.257918031 
 12/20  03:00:00,3110200.8656860595,1354960.257918031 
 12/20  04:00:00,3116103.327105049,1354960.257918031 
 12/20  05:00:00,3117381.7937882375,1354960.257918031 
 12/20  06:00:00,3119321.93535645,1354960.257918031 
 12/20  07:00:00,3326570.3804697846,1354960.257918031 
 12/20  08:00:00,3323211.8502027187,1354960.257918031 
 12/20  09:00:00,33165770.037796672,1354960.257918031 
 12/20  10:00:00,43414586.15888407,1354960.257918031 
 12/20  11:00:00,44703632.42765862,1354960.257918031 
 12/20  12:00:00,43332012.426250905,1354960.257918031 
 12/20  13:00:00,39279817.27795119,1354960.257918031 
 12/20  14:00:00,41975200.00391051,1354960.257918031 
 12/20  15:00:00,42863975.83419304,1354960.257918031 
 12/20  16:00:00,41069031.39690338,1354960.257918031 
 12/20  17:00:00,37490849.20109575,1354960.257918031 
 12/20  18:00:00,37507159.061923325,1354960.257918031 
 12/20  19:00:00,23146859.62188341,1354960.257918031 
 12/20  20:00:00,12325817.141050993,1354960.257918031 
 12/20  21:00:00,7132676.03895366,1354960.257918031 
 12/20  22:00:00,3089262.457544079,1354960.257918031 
 12/20  23:00:00,3089742.9556131708,1354960.257918031 
 12/20  24:00:00,3090950.069702938,1354960.257918031 
 12/21  01:00:00,6326869.531333951,1354960.257918031 
 12/21  02:00:00,6326002.262730095,1354960.257918031 
 12/21  03:00:00,6325213.109846592,1354960.257918031 
 12/21  04:00:00,6323200.28205578,1354960.257918031 
 12/21  05:00:00,6321328.545732236,1354960.257918031 
 12/21  06:00:00,6319856.455232306,1354960.257918031 
 12/21  07:00:00,6319146.526401246,1354960.257918031 
 12/21  08:00:00,6316985.419036562,1354960.257918031 
 12/21  09:00:00,6313415.274838822,1354960.257918031 
 12/21  10:00:00,6309359.83921574,1354960.257918031 
 12/21  11:00:00,6305705.167182618,1354960.257918031 
 12/21  12:00:00,6305099.511495115,1354960.257918031 
 12/21  13:00:00,6304960.257918031,1354960.257918031 
 12/21  14:00:00,6304960.257918031,1354960.257918031 
 12/21  15:00:00,6304960.257918031,1354960.257918031 
 12/21  16:00:00,6305032.08712439,1354960.257918031 
 12/21  17:00:00,6306884.7615116555,1354960.257918031 
 12/21  18:00:00,6308153.934361506,1354960.257918031 
 12/21  19:00:00,6308211.467059051,1354960.257918031 
 12/21  20:00:00,6308726.723775439,1354960.257918031 
 12/21  21:00:00,6309400.638804392,1354960.257918031 
 12/21  22:00:00,6309126.0901695,1354960.257918031 
 12/21  23:00:00,6310354.737992125,1354960.257918031 
 12/21  24:00:00,6309856.1449412005,1354960.257918031 
 12/22  01:00:00,6309834.74902959,1354960.257918031 
 12/22  02:00:00,6310008.641877414,1354960.257918031 
 12/22  03:00:00,6309811.514546525,1354960.257918031 
 12/22  04:00:00,6309659.775478805,1354960.257918031 
 12/22  05:00:00,6309744.643086676,1354960.257918031 
 12/22  06:00:00,6309695.917259006,1354960.257918031 
 12/22  07:00:00,6309000.476905831,1354960.257918031 
 12/22  08:00:00,6307589.353504717,1354960.257918031 
 12/22  09:00:00,6305838.432643778,1354960.257918031 
 12/22  10:00:00,6304960.257918031,1354960.257918031 
 12/22  11:00:00,6304960.257918031,1354960.257918031 
 12/22  12:00:00,6304960.257918031,1354960.257918031 
 12/22  13:00:00,6304960.257918031,1354960.257918031 
 12/22  14:00:00,6304960.257918031,1354960.257918031 
 12/22  15:00:00,6304960.257918031,1354960.257918031 
 12/22  16:00:00,6304960.257918031,1354960.257918031 
 12/22  17:00:00,6304960.257918031,1354960.257918031 
 12/22  18:00:00,6304960.257918031,1354960.257918031 
 12/22  19:00:00,6304960.257918031,1354960.257918031 
 12/22  20:00:00,6305995.508687489,1354960.257918031 
 12/22  21:00:00,6308058.687033923,1354960.257918031 
 12/22  22:00:00,6308878.665479528,1354960.257918031 
 12/22  23:00:00,6308743.368454968,1354960.257918031 
 12/22  24:00:00,6308413.390208432,1354960.257918031 
 12/23  01:00:00,3071962.5874858955,1354960.257918031 
 12/23  02:00:00,3073598.476025323,1354960.257918031 
 12/23  03:00:00,3074366.222768914,1354960.257918031 
 12/23  04:00:00,3076438.9740864523,1354960.257918031 
 12/23  05:00:00,3078801.502368662,1354960.257918031 
 12/23  06:00:00,3081726.105515064,1354960.257918031 
 12/23  07:00:00,3198067.3306088597,1354960.257918031 
 12/23  08:00:00,3193697.1873237332,1354960.257918031 
 12/23  09:00:00,33014603.730918765,1354960.257918031 
 12/23  10:00:00,43307525.13251127,1354960.257918031 
 12/23  11:00:00,44644285.010289505,1354960.257918031 
 12/23  12:00:00,43287044.73436019,1354960.257918031 
 12/23  13:00:00,39230204.455003515,1354960.257918031 
 12/23  14:00:00,41941773.72897035,1379472.2758497477 
 12/23  15:00:00,42868904.95388997,1420557.7117011487 
 12/23  16:00:00,41057438.10054583,1405428.5781427221 
 12/23  17:00:00,37425839.00969224,1354960.257918031 
 12/23  18:00:00,37432369.826900296,1354960.257918031 
 12/23  19:00:00,23048634.198461153,1354960.257918031 
 12/23  20:00:00,12248474.291383082,1354960.257918031 
 12/23  21:00:00,7115728.706917943,1354960.257918031 
 12/23  22:00:00,3073094.5961136944,1354960.257918031 
 12/23  23:00:00,3080276.5230788575,1354960.257918031 
 12/23  24:00:00,3084519.0864679036,1354960.257918031 
 12/24  01:00:00,3086608.9058283614,1354960.257918031 
 12/24  02:00:00,3087293.354757198,1354960.257918031 
 12/24  03:00:00,3088874.5454694023,1354960.257918031 
 12/24  04:00:00,3090305.7922584615,1354960.257918031 
 12/24  05:00:00,3091013.072371426,1354960.257918031 
 12/24  06:00:00,3090116.1682713903,1354960.257918031 
 12/24  07:00:00,3198815.117324969,1354960.257918031 
 12/24  08:00:00,3193472.156317515,1354960.257918031 
 12/24  09:00:00,33019379.150377635,1354960.257918031 
 12/24  10:00:00,43301635.424863145,1354960.257918031 
 12/24  11:00:00,44638186.29480408,1354960.257918031 
 12/24  12:00:00,43279894.40922529,1354960.257918031 
 12/24  13:00:00,39222937.16258615,1354960.257918031 
 12/24  14:00:00,41955765.11229811,1404416.6471821407 
 12/24  15:00:00,42860249.248420596,1413562.5563009765 
 12/24  16:00:00,41033457.57986671,1376629.3211158449 
 12/24  17:00:00,37420021.840987265,1354960.257918031 
 12/24  18:00:00,37428888.66948587,1354960.257918031 
 12/24  19:00:00,23049392.85617404,1354960.257918031 
 12/24  20:00:00,12251282.176518993,1354960.257918031 
 12/24  21:00:00,7115631.576764852,1354960.257918031 
 12/24  22:00:00,3072478.477735716,1354960.257918031 
 12/24  23:00:00,3079127.944524402,1354960.257918031 
 12/24  24:00:00,3083877.3974459334,1354960.257918031 
 12/25  01:00:00,3088007.1548161344,1354960.257918031 
 12/25  02:00:00,3086527.7120609595,1354960.257918031 
 12/25  03:00:00,3085830.5423005107,1354960.257918031 
 12/25  04:00:00,3087615.445196663,1354960.257918031 
 12/25  05:00:00,3086969.4561296934,1354960.257918031 
 12/25  06:00:00,3087453.743413125,1354960.257918031 
 12/25  07:00:00,3222366.2388324738,1354960.257918031 
 12/25  08:00:00,3209476.500915736,1354960.257918031 
 12/25  09:00:00,33017629.47012163,1354960.257918031 
 12/25  10:00:00,43294850.526846595,1354960.257918031 
 12/25  11:00:00,44629382.74683157,1354960.257918031 
 12/25  12:00:00,43269814.60520072,1354960.257918031 
 12/25  13:00:00,39214030.53086647,1354960.257918031 
 12/25  14:00:00,41918130.20490093,1367135.2557251304 
 12/25  15:00:00,42838388.159183614,1397478.2937469159 
 12/25  16:00:00,41024447.86525418,1376190.694874968 
 12/25  17:00:00,37412670.364357084,1354960.257918031 
 12/25  18:00:00,37418982.78982465,1354960.257918031 
 12/25  19:00:00,23027958.55193145,1354960.257918031 
 12/25  20:00:00,12233579.337057136,1354960.257918031 
 12/25  21:00:00,7114960.257918031,1354960.257918031 
 12/25  22:00:00,3064960.257918031,1354960.257918031 
 12/25  23:00:00,3067203.7525699777,1354960.257918031 
 12/25  24:00:00,3070688.2082960987,1354960.257918031 
 12/26  01:00:00,3071930.055339436,1354960.257918031 
 12/26  02:00:00,3072101.0731776874,1354960.257918031 
 12/26  03:00:00,3073741.421693276,1354960.257918031 
 12/26  04:00:00,3074570.6772660357,1354960.257918031 
 12/26  05:00:00,3074375.6919008577,1354960.257918031 
 12/26  06:00:00,3075986.752100882,1354960.257918031 
 12/26  07:00:00,3175120.9003833598,1354960.257918031 
 12/26  08:00:00,3161543.981471106,1354960.257918031 
 12/26  09:00:00,32975703.870412562,1354960.257918031 
 12/26  10:00:00,43274284.96576167,1354960.257918031 
 12/26  11:00:00,44618340.95339194,1354960.257918031 
 12/26  12:00:00,43267162.94923999,1354960.257918031 
 12/26  13:00:00,39213876.724167325,1354960.257918031 
 12/26  14:00:00,41910931.52782902,1354960.257918031 
 12/26  15:00:00,42809702.20643998,1354960.257918031 
 12/26  16:00:00,41008903.6630099,1354960.257918031 
 12/26  17:00:00,37408625.826019734,1354960.257918031 
 12/26  18:00:00,37408799.42629209,1354960.257918031 
 12/26  19:00:00,23017369.96049486,1354960.257918031 
 12/26  20:00:00,12216947.386394162,1354960.257918031 
 12/26  21:00:00,7114960.257918031,1354960.257918031 
 12/26  22:00:00,3064960.257918031,1354960.257918031 
 12/26  23:00:00,3065007.017291727,1354960.257918031 
 12/26  24:00:00,3067137.266868237,1354960.257918031 
 12/27  01:00:00,3069619.5036049783,1354960.257918031 
 12/27  02:00:00,3070750.5645106053,1354960.257918031 
 12/27  03:00:00,3071039.580214305,1354960.257918031 
 12/27  04:00:00,3073451.7931811092,1354960.257918031 
 12/27  05:00:00,3075278.221532195,1354960.257918031 
 12/27  06:00:00,3076292.0327086323,1354960.257918031 
 12/27  07:00:00,3161039.6398341293,1354960.257918031 
 12/27  08:00:00,3154766.849172263,1354960.257918031 
 12/27  09:00:00,32981901.97875538,1354960.257918031 
 12/27  10:00:00,43278395.31397842,1354960.257918031 
 12/27  11:00:00,44622297.74392413,1354960.257918031 
 12/27  12:00:00,43269318.98234335,1354960.257918031 
 12/27  13:00:00,39217509.339344196,1354960.257918031 
 12/27  14:00:00,41917437.58251516,1354960.257918031 
 12/27  15:00:00,42816008.928044505,1354960.257918031 
 12/27  16:00:00,41017064.86284061,1354960.257918031 
 12/27  17:00:00,37421043.31360624,1354960.257918031 
 12/27  18:00:00,37429405.72729038,1354960.257918031 
 12/27  19:00:00,23045275.488949463,1354960.257918031 
 12/27  20:00:00,12242741.528653251,1354960.257918031 
 12/27  21:00:00,7114960.257918031,1354960.257918031 
 12/27  22:00:00,3066874.0037196684,1354960.257918031 
 12/27  23:00:00,3071107.141887339,1354960.257918031 
 12/27  24:00:00,3075081.1801289967,1354960.257918031 
 12/28  01:00:00,6314507.768068147,1354960.257918031 
 12/28  02:00:00,6315051.95594383,1354960.257918031 
 12/28  03:00:00,6314705.0985829225,1354960.257918031 
 12/28  04:00:00,6314539.162634497,1354960.257918031 
 12/28  05:00:00,6314734.649291402,1354960.257918031 
 12/28  06:00:00,6314856.615922635,1354960.257918031 
 12/28  07:00:00,6314004.253173414,1354960.257918031 
 12/28  08:00:00,6312830.061069549,1354960.257918031 
 12/28  09:00:00,6310476.076937598,1354960.257918031 
 12/28  10:00:00,6307761.283195957,1354960.257918031 
 12/28  11:00:00,6305526.782771256,1354960.257918031 
 12/28  12:00:00,6304991.495215728,1354960.257918031 
 12/28  13:00:00,6304960.257918031,1354960.257918031 
 12/28  14:00:00,6304960.257918031,1354960.257918031 
 12/28  15:00:00,6304960.257918031,1354960.257918031 
 12/28  16:00:00,6306038.202105948,1354960.257918031 
 12/28  17:00:00,6309691.961279668,1354960.257918031 
 12/28  18:00:00,6313903.58486088,1354960.257918031 
 12/28  19:00:00,6317653.644892391,1354960.257918031 
 12/28  20:00:00,6320896.752679503,1354960.257918031 
 12/28  21:00:00,6321421.411170868,1354960.257918031 
 12/28  22:00:00,6321548.7955781445,1354960.257918031 
 12/28  23:00:00,6322242.059072316,1354960.257918031 
 12/28  24:00:00,6327593.3714934345,1354960.257918031 
 12/29  01:00:00,6330088.773605279,1354960.257918031 
 12/29  02:00:00,6333218.885911625,1354960.257918031 
 12/29  03:00:00,6338474.601179073,1354960.257918031 
 12/29  04:00:00,6338334.173221963,1354960.257918031 
 12/29  05:00:00,6343817.386234873,1354960.257918031 
 12/29  06:00:00,6349184.716206716,1354960.257918031 
 12/29  07:00:00,6352314.535486744,1354960.257918031 
 12/29  08:00:00,6344497.357710209,1354960.257918031 
 12/29  09:00:00,6334806.839459965,1354960.257918031 
 12/29  10:00:00,6325196.705118947,1354960.257918031 
 12/29  11:00:00,6317505.855635265,1354960.257918031 
 12/29  12:00:00,6310511.222808026,1354960.257918031 
 12/29  13:00:00,6307203.95634801,1354960.257918031 
 12/29  14:00:00,6306312.657101175,1354960.257918031 
 12/29  15:00:00,6306413.4368567765,1354960.257918031 
 12/29  16:00:00,6306875.3183897035,1354960.257918031 
 12/29  17:00:00,6308057.835587094,1354960.257918031 
 12/29  18:00:00,6310936.860124597,1354960.257918031 
 12/29  19:00:00,6316850.3117239075,1354960.257918031 
 12/29  20:00:00,6323281.877543343,1354960.257918031 
 12/29  21:00:00,6326870.565227741,1354960.257918031 
 12/29  22:00:00,6329683.7151830755,1354960.257918031 
 12/29  23:00:00,6333777.543134717,1354960.257918031 
 12/29  24:00:00,6334240.810304748,1354960.257918031 
 12/30  01:00:00,3108236.5123633323,1354960.257918031 
 12/30  02:00:00,3117146.8929754207,1354960.257918031 
 12/30  03:00:00,3120348.2043770202,1354960.257918031 
 12/30  04:00:00,3120288.100474598,1354960.257918031 
 12/30  05:00:00,3117546.1937993243,1354960.257918031 
 12/30  06:00:00,3116268.095288712,1354960.257918031 
 12/30  07:00:00,3312619.456921202,1354960.257918031 
 12/30  08:00:00,3303355.6326581906,1354960.257918031 
 12/30  09:00:00,33110188.684006494,1354960.257918031 
 12/30  10:00:00,43364342.284820564,1354960.257918031 
 12/30  11:00:00,44674641.35977588,1354960.257918031 
 12/30  12:00:00,43304536.34389717,1354960.257918031 
 12/30  13:00:00,39245711.15141531,1354960.257918031 
 12/30  14:00:00,41936938.54621038,1354960.257918031 
 12/30  15:00:00,42831678.36339658,1354960.257918031 
 12/30  16:00:00,41029829.44509212,1354960.257918031 
 12/30  17:00:00,37428238.33282283,1354960.257918031 
 12/30  18:00:00,37428366.7689721,1354960.257918031 
 12/30  19:00:00,23043002.976774476,1354960.257918031 
 12/30  20:00:00,12235879.011284858,1354960.257918031 
 12/30  21:00:00,7115133.962402585,1354960.257918031 
 12/30  22:00:00,3069054.017936373,1354960.257918031 
 12/30  23:00:00,3072771.3225623216,1354960.257918031 
 12/30  24:00:00,3076114.5193766747,1354960.257918031 
 12/31  01:00:00,3076709.0144618154,1354960.257918031 
 12/31  02:00:00,3074494.989070709,1354960.257918031 
 12/31  03:00:00,3073956.2967467858,1354960.257918031 
 12/31  04:00:00,3073474.1698029265,1354960.257918031 
 12/31  05:00:00,3073985.4545587553,1354960.257918031 
 12/31  06:00:00,3073721.174777767,1354960.257918031 
 12/31  07:00:00,3147329.1970376456,1354960.257918031 
 12/31  08:00:00,3140316.796472489,1354960.257918031 
 12/31  09:00:00,32964881.048234772,1354960.257918031 
 12/31  10:00:00,43266299.14263644,1354960.257918031 
 12/31  11:00:00,44613046.3966759,1354960.257918031 
 12/31  12:00:00,43261095.20999087,1354960.257918031 
 12/31  13:00:00,39209934.60684802,1354960.257918031 
 12/31  14:00:00,41910165.65470777,1354960.257918031 
 12/31  15:00:00,42809880.33798305,1354960.257918031 
 12/31  16:00:00,41011141.77100798,1354960.257918031 
 12/31  17:00:00,37412034.94178299,1354960.257918031 
 12/31  18:00:00,37412267.24869127,1354960.257918031 
 12/31  19:00:00,23022034.786990464,1354960.257918031 
 12/31  20:00:00,12223578.920786379,1354960.257918031 
 12/31  21:00:00,7115010.009488791,1354960.257918031 
 12/31  22:00:00,3069870.4394975645,1354960.257918031 
 12/31  23:00:00,3074742.9293488786,1354960.257918031 
 12/31  24:00:00,3078697.715697439,1354960.257918031,11937980971.888628,10895940000.0,6855300000.0,1009218245.131812,32822726.75673792,12203956690.869377,12203956690.869377,153608832253.086,128936070000.0,81238950000.0,8559142002.463057,16113620250.611338,49496016131.875374,49496016131.875374,6855300000.0,81238950000.0,10895940000.0,128936070000.0,4040640000.0,47697120000.0 
